symbol,date,open,high,low,close,volume
0005.HK,2021-09-17,39.7,40.4,39.1,40.25,28266370
0700.HK,2021-09-17,445.8,467.6,445.2,461.8,23982628
1810.HK,2021-09-17,22.8,23.15,22.55,23.0,78903856
3690.HK,2021-09-17,230.8,243.8,228.4,240.8,19870460
9988.HK,2021-09-17,150.6,155.7,150.2,154.9,30179321
AAPL.US,2021-09-17,148.82,148.82,145.76,146.06,129868824
BABA.US,2021-09-17,158.48,160.38,158.09,160.05,25543294
JPM.US,2021-09-17,157.38,159.01,157.0,157.68,25608018
KO.US,2021-09-17,55.02,55.19,54.37,54.44,33383192
MSFT.US,2021-09-17,304.17,304.5,299.53,299.87,41372457
XOM.US,2021-09-17,55.34,56.75,55.1,55.16,30034434
0005.HK,2021-09-20,39.9,39.95,38.95,39.0,23796781
0700.HK,2021-09-20,456.6,457.4,448.0,454.2,15513224
1810.HK,2021-09-20,22.9,22.95,21.65,22.8,111749232
3690.HK,2021-09-20,237.0,237.4,230.4,234.6,11665337
9988.HK,2021-09-20,154.2,154.3,150.7,151.5,17981515
AAPL.US,2021-09-20,143.8,144.84,141.27,142.94,123478863
BABA.US,2021-09-20,154.4,155.14,149.09,151.49,36177471
JPM.US,2021-09-20,153.89,154.56,150.49,152.96,15819905
KO.US,2021-09-20,54.11,54.4,53.73,54.06,27542450
MSFT.US,2021-09-20,296.33,298.72,289.52,294.3,38278661
XOM.US,2021-09-20,53.78,54.17,52.96,53.69,27555060
0005.HK,2021-09-21,38.35,39.0,38.3,38.8,18117762
0700.HK,2021-09-21,446.0,453.8,443.2,450.0,16556875
1810.HK,2021-09-21,22.5,23.2,22.1,23.1,64864934
3690.HK,2021-09-21,230.0,232.0,224.8,230.6,18293893
9988.HK,2021-09-21,146.0,149.5,145.5,148.7,23944111
AAPL.US,2021-09-21,143.93,144.6,142.78,143.43,75833962
BABA.US,2021-09-21,151.58,152.58,149.57,150.18,19494706
JPM.US,2021-09-21,153.53,154.55,152.58,152.98,8999860
KO.US,2021-09-21,54.39,54.82,53.94,54.05,16418161
MSFT.US,2021-09-21,295.69,297.54,294.07,294.8,22364103
XOM.US,2021-09-21,54.37,54.51,53.25,53.64,19696793
AAPL.US,2021-09-22,144.45,146.43,143.7,145.85,76404341
BABA.US,2021-09-22,151.47,154.0,151.02,151.89,19832038
JPM.US,2021-09-22,155.2,157.25,155.1,155.91,11236150
KO.US,2021-09-22,54.51,54.56,54.06,54.13,12719723
MSFT.US,2021-09-22,296.73,300.22,294.51,298.58,26626342
XOM.US,2021-09-22,54.43,55.91,54.37,55.21,25690630
0005.HK,2021-09-23,39.3,39.95,39.2,39.75,20518033
0700.HK,2021-09-23,460.2,469.6,456.4,463.2,22210868
1810.HK,2021-09-23,23.4,23.45,21.95,22.5,183811121
3690.HK,2021-09-23,238.0,247.8,237.0,242.6,28399235
9988.HK,2021-09-23,148.0,150.8,146.4,148.4,32529431
AAPL.US,2021-09-23,146.65,147.08,145.64,146.83,64838170
BABA.US,2021-09-23,152.58,152.68,149.61,151.19,24707475
JPM.US,2021-09-23,158.0,161.71,157.67,161.18,12336136
KO.US,2021-09-23,54.26,54.62,54.0,54.04,13836215
MSFT.US,2021-09-23,298.85,300.9,297.53,299.56,18604601
XOM.US,2021-09-23,55.42,57.24,55.28,57.08,23069407
0005.HK,2021-09-24,40.2,40.8,39.7,39.7,19052618
0700.HK,2021-09-24,461.4,473.4,456.2,460.2,16656914
1810.HK,2021-09-24,22.25,22.65,21.95,22.1,112602010
3690.HK,2021-09-24,242.2,252.0,241.2,244.6,23980206
9988.HK,2021-09-24,146.7,148.3,143.8,144.3,30354881
AAPL.US,2021-09-24,145.66,147.47,145.56,146.92,53477869
BABA.US,2021-09-24,147.71,148.0,144.57,145.08,32067359
JPM.US,2021-09-24,161.44,163.59,160.82,163.04,10102432
KO.US,2021-09-24,54.0,54.24,53.86,53.89,9682234
MSFT.US,2021-09-24,298.23,299.8,296.93,299.35,14998978
XOM.US,2021-09-24,56.7,57.82,56.68,57.59,22328565
0005.HK,2021-09-27,40.0,41.1,40.0,40.3,20332913
0700.HK,2021-09-27,459.0,473.0,455.2,464.6,17966998
1810.HK,2021-09-27,21.9,22.15,20.8,21.75,190832787
3690.HK,2021-09-27,243.2,256.8,243.2,248.4,22688044
9988.HK,2021-09-27,142.2,145.5,141.2,141.9,31609172
AAPL.US,2021-09-27,145.47,145.96,143.82,145.37,74150729
BABA.US,2021-09-27,144.92,150.99,144.44,150.18,24287443
JPM.US,2021-09-27,165.0,167.4,164.61,166.98,13220871
KO.US,2021-09-27,53.85,54.25,53.57,53.61,12429466
MSFT.US,2021-09-27,296.14,296.47,292.94,294.17,23571742
XOM.US,2021-09-27,58.85,59.8,58.82,59.3,32972244
0005.HK,2021-09-28,41.25,41.25,40.6,40.85,29545281
0700.HK,2021-09-28,467.0,476.2,464.6,469.8,20947276
1810.HK,2021-09-28,21.8,22.2,21.5,21.9,116485810
3690.HK,2021-09-28,252.0,256.8,249.2,251.8,20017062
9988.HK,2021-09-28,145.4,153.0,144.5,150.9,42597994
AAPL.US,2021-09-28,143.25,144.75,141.69,141.91,108972340
BABA.US,2021-09-28,152.16,153.73,148.86,152.39,26299630
JPM.US,2021-09-28,167.7,169.3,165.66,166.08,13387886
KO.US,2021-09-28,53.46,53.46,52.43,52.64,19926090
MSFT.US,2021-09-28,289.8,290.78,282.75,283.52,43186237
XOM.US,2021-09-28,59.9,60.48,59.51,59.92,37619271
0005.HK,2021-09-29,40.5,41.6,40.3,41.25,30287737
0700.HK,2021-09-29,461.6,465.0,450.2,465.0,18250450
1810.HK,2021-09-29,21.5,22.0,21.1,22.0,67715627
3690.HK,2021-09-29,245.0,250.8,238.0,250.0,13265074
9988.HK,2021-09-29,148.3,149.3,145.5,148.3,24903515
AAPL.US,2021-09-29,142.47,144.45,142.03,142.83,74602044
BABA.US,2021-09-29,150.46,152.1,147.48,147.58,17361309
JPM.US,2021-09-29,166.21,166.9,165.04,165.95,7777078
KO.US,2021-09-29,52.64,53.16,52.56,52.96,13941474
MSFT.US,2021-09-29,285.1,286.77,283.01,284.0,26353696
XOM.US,2021-09-29,59.84,60.19,59.05,59.88,23422802
0005.HK,2021-09-30,41.0,41.3,40.6,40.95,13928675
0700.HK,2021-09-30,456.0,464.6,453.8,461.4,17335451
1810.HK,2021-09-30,21.4,21.55,21.2,21.35,80371264
3690.HK,2021-09-30,243.0,248.4,241.6,246.6,12907162
9988.HK,2021-09-30,144.9,144.9,141.0,142.2,38043224
AAPL.US,2021-09-30,143.66,144.38,141.3,141.5,89057154
BABA.US,2021-09-30,147.03,149.58,146.86,148.05,14291489
JPM.US,2021-09-30,166.92,166.99,162.79,163.69,13168016
KO.US,2021-09-30,53.17,53.33,52.43,52.47,17674372
MSFT.US,2021-09-30,285.71,287.83,281.62,281.92,32343641
XOM.US,2021-09-30,60.12,60.17,58.81,58.82,31289624
AAPL.US,2021-10-01,141.9,142.92,139.11,142.65,94639581
BABA.US,2021-10-01,147.09,148.45,143.34,144.2,20210953
JPM.US,2021-10-01,164.0,168.3,163.6,167.13,11284976
KO.US,2021-10-01,52.78,53.2,52.57,53.02,16277410
MSFT.US,2021-10-01,282.12,289.98,281.29,289.1,30086280
XOM.US,2021-10-01,59.41,60.99,59.41,60.93,24407339
0005.HK,2021-10-04,40.6,40.8,40.05,40.5,21964896
0700.HK,2021-10-04,470.0,470.0,454.4,457.0,11720256
1810.HK,2021-10-04,21.0,21.25,20.45,20.55,103243641
3690.HK,2021-10-04,242.4,246.2,235.4,236.8,14934956
9988.HK,2021-10-04,143.5,143.5,136.4,137.0,41840351
AAPL.US,2021-10-04,141.76,142.21,138.27,139.14,98322008
BABA.US,2021-10-04,141.7,141.9,138.43,139.63,25218515
JPM.US,2021-10-04,166.97,170.44,165.73,166.95,14120044
KO.US,2021-10-04,53.06,53.53,52.4,52.99,18973448
MSFT.US,2021-10-04,287.4,287.75,280.25,283.11,31350747
XOM.US,2021-10-04,61.32,62.07,60.95,61.72,33946677
0005.HK,2021-10-05,40.5,41.2,40.3,41.1,15161212
0700.HK,2021-10-05,446.2,453.6,445.4,450.0,11881767
1810.HK,2021-10-05,20.15,21.15,19.86,20.85,98201609
3690.HK,2021-10-05,231.2,237.0,229.8,233.6,15546940
9988.HK,2021-10-05,132.0,135.9,132.0,135.3,30437300
AAPL.US,2021-10-05,139.49,142.24,139.36,141.11,80861062
BABA.US,2021-10-05,139.38,143.83,139.19,143.14,14032088
JPM.US,2021-10-05,167.21,170.14,166.67,168.66,12292877
KO.US,2021-10-05,53.02,53.47,52.93,53.08,17173137
MSFT.US,2021-10-05,284.05,290.4,284.05,288.76,24993024
XOM.US,2021-10-05,62.52,62.7,61.02,61.62,29641561
0005.HK,2021-10-06,41.6,42.6,41.45,42.45,44032651
0700.HK,2021-10-06,454.0,454.0,445.6,446.4,10847755
1810.HK,2021-10-06,21.05,21.1,20.35,20.55,65766014
3690.HK,2021-10-06,237.0,237.0,228.2,228.6,15286557
9988.HK,2021-10-06,138.6,139.2,135.7,137.3,18712471
AAPL.US,2021-10-06,139.47,142.15,138.37,142.0,83221119
BABA.US,2021-10-06,140.56,144.89,139.96,144.1,14875904
JPM.US,2021-10-06,167.99,169.1,166.0,169.02,8692607
KO.US,2021-10-06,52.77,53.77,52.51,53.71,21284532
MSFT.US,2021-10-06,285.78,293.63,285.51,293.11,28002559
XOM.US,2021-10-06,60.47,61.12,59.75,60.49,25284920
0005.HK,2021-10-07,43.1,43.65,43.05,43.25,28342782
0700.HK,2021-10-07,455.0,472.8,454.2,471.4,14550659
1810.HK,2021-10-07,21.0,21.45,20.75,21.35,79755003
3690.HK,2021-10-07,236.8,252.8,234.6,250.8,22228487
9988.HK,2021-10-07,141.3,147.8,141.1,147.3,32227036
AAPL.US,2021-10-07,143.06,144.22,142.72,143.29,61732656
BABA.US,2021-10-07,151.05,158.29,150.75,156.0,46035862
JPM.US,2021-10-07,171.2,171.51,169.54,170.09,10195443
KO.US,2021-10-07,53.99,54.28,53.81,53.88,13774366
MSFT.US,2021-10-07,295.18,296.64,293.92,294.85,20430471
XOM.US,2021-10-07,60.61,61.08,60.14,60.66,19513600
0005.HK,2021-10-08,44.0,44.2,43.45,43.85,35626937
0700.HK,2021-10-08,490.0,490.0,472.0,481.8,29806385
1810.HK,2021-10-08,21.65,21.65,20.75,21.15,104803997
3690.HK,2021-10-08,258.2,258.2,248.8,256.0,26350580
9988.HK,2021-10-08,154.4,155.5,150.8,155.5,55270783
AAPL.US,2021-10-08,144.03,144.18,142.56,142.9,58773155
BABA.US,2021-10-08,159.86,162.78,157.91,161.52,33499195
JPM.US,2021-10-08,170.02,171.34,169.3,170.22,8190144
KO.US,2021-10-08,54.0,54.39,53.9,54.12,13786820
MSFT.US,2021-10-08,296.22,296.64,293.76,294.85,17685700
XOM.US,2021-10-08,61.25,62.42,61.25,62.18,22186890
0005.HK,2021-10-11,44.5,45.1,44.35,45.0,35485693
0700.HK,2021-10-11,492.6,498.6,489.0,496.0,26204010
1810.HK,2021-10-11,21.3,21.85,21.15,21.65,72014855
3690.HK,2021-10-11,270.0,280.6,265.6,277.4,54578979
9988.HK,2021-10-11,163.0,170.5,162.0,167.8,87174082
AAPL.US,2021-10-11,142.27,144.81,141.81,142.81,64452219
BABA.US,2021-10-11,169.61,169.8,163.95,163.95,42193575
JPM.US,2021-10-11,170.8,171.29,166.46,166.64,12154737
KO.US,2021-10-11,54.21,54.39,54.01,54.23,12378523
MSFT.US,2021-10-11,292.92,297.97,292.75,294.23,19298634
XOM.US,2021-10-11,63.03,63.06,61.5,61.56,22121487
0005.HK,2021-10-12,44.6,45.15,44.5,44.95,18769101
0700.HK,2021-10-12,487.0,490.0,480.2,483.2,16448461
1810.HK,2021-10-12,21.3,21.45,20.85,21.1,79272091
3690.HK,2021-10-12,273.0,277.6,268.0,269.0,27949555
9988.HK,2021-10-12,160.2,163.0,159.0,161.3,51876960
AAPL.US,2021-10-12,143.23,143.25,141.04,141.51,73035862
BABA.US,2021-10-12,163.83,165.73,162.24,163.0,24512652
JPM.US,2021-10-12,165.75,166.69,164.77,165.36,13032633
KO.US,2021-10-12,54.42,54.83,54.22,54.23,19474368
MSFT.US,2021-10-12,295.34,295.44,292.35,292.88,17974143
XOM.US,2021-10-12,61.57,61.98,60.85,61.24,20198556
AAPL.US,2021-10-13,141.24,141.4,139.2,140.91,78762721
BABA.US,2021-10-13,164.38,168.27,163.6,167.4,18595001
JPM.US,2021-10-13,164.07,165.41,160.6,161.0,22753485
KO.US,2021-10-13,54.17,54.43,53.79,54.24,12143664
MSFT.US,2021-10-13,294.91,297.28,293.49,296.31,23424025
XOM.US,2021-10-13,60.78,61.39,60.21,61.07,14991717
AAPL.US,2021-10-14,142.11,143.88,141.51,143.76,69907100
BABA.US,2021-10-14,168.26,168.99,164.46,166.78,17403731
JPM.US,2021-10-14,161.75,164.01,160.06,163.47,15180727
KO.US,2021-10-14,54.39,54.81,54.31,54.61,13704288
MSFT.US,2021-10-14,299.21,303.27,297.83,302.75,27262902
XOM.US,2021-10-14,61.71,62.22,61.17,62.0,18594501
0005.HK,2021-10-15,45.5,46.3,45.05,46.05,36966905
0700.HK,2021-10-15,491.8,500.0,484.4,495.6,29126835
1810.HK,2021-10-15,21.45,21.55,20.85,21.25,75344508
3690.HK,2021-10-15,275.0,281.0,272.8,280.8,45778121
9988.HK,2021-10-15,161.3,162.2,158.8,161.8,41251499
AAPL.US,2021-10-15,143.77,144.9,143.52,144.84,67940389
BABA.US,2021-10-15,166.99,169.8,165.44,168.0,20762753
JPM.US,2021-10-15,165.35,167.17,164.14,166.61,14267441
KO.US,2021-10-15,54.64,54.88,54.29,54.48,17867141
MSFT.US,2021-10-15,302.34,304.45,300.52,304.21,25384803
XOM.US,2021-10-15,62.73,63.07,62.44,62.59,16092605
0005.HK,2021-10-18,46.5,46.5,45.75,46.2,15426145
0700.HK,2021-10-18,499.4,499.4,485.4,497.0,20730047
1810.HK,2021-10-18,21.25,21.35,20.85,21.35,51691748
3690.HK,2021-10-18,280.0,280.6,269.2,280.4,20471250
9988.HK,2021-10-18,162.5,162.9,159.9,162.9,20485496
AAPL.US,2021-10-18,143.45,146.84,143.16,146.55,85590035
BABA.US,2021-10-18,166.58,169.25,166.58,166.82,18945873
JPM.US,2021-10-18,166.48,168.61,165.91,166.55,12672909
KO.US,2021-10-18,54.35,54.39,53.86,53.94,15861788
MSFT.US,2021-10-18,303.57,308.21,302.69,307.29,22729297
XOM.US,2021-10-18,63.09,63.14,62.27,62.56,18282798
0005.HK,2021-10-19,46.2,46.45,45.95,46.15,10380137
0700.HK,2021-10-19,495.4,500.0,490.6,499.0,15427765
1810.HK,2021-10-19,21.5,22.65,21.45,22.5,144193907
3690.HK,2021-10-19,280.4,288.0,278.0,285.6,17509802
9988.HK,2021-10-19,162.7,165.9,162.2,164.8,22621183
AAPL.US,2021-10-19,147.01,149.17,146.55,148.76,76378894
BABA.US,2021-10-19,170.6,177.44,170.45,177.0,33538853
JPM.US,2021-10-19,167.4,168.65,166.58,168.57,8053949
KO.US,2021-10-19,54.04,54.2,53.77,54.15,11068618
MSFT.US,2021-10-19,308.35,309.3,307.22,308.23,17682139
XOM.US,2021-10-19,62.87,63.61,62.67,63.5,18933153
0005.HK,2021-10-20,46.15,46.35,45.5,46.35,19380588
0700.HK,2021-10-20,508.0,515.0,504.5,509.5,32724023
1810.HK,2021-10-20,22.65,23.2,22.3,22.8,115040027
3690.HK,2021-10-20,290.0,297.8,289.0,293.8,38356351
9988.HK,2021-10-20,172.6,179.9,171.0,175.8,73819843
AAPL.US,2021-10-20,148.7,149.75,148.12,149.26,58418788
BABA.US,2021-10-20,180.95,182.09,176.13,177.18,33714430
JPM.US,2021-10-20,168.3,170.87,167.46,170.84,8185565
KO.US,2021-10-20,54.18,54.76,54.11,54.63,12474869
MSFT.US,2021-10-20,309.21,309.7,306.11,307.41,16537069
XOM.US,2021-10-20,62.89,63.87,62.72,63.85,14305157
0005.HK,2021-10-21,46.15,47.15,46.15,46.5,15830987
0700.HK,2021-10-21,509.5,512.5,500.0,505.5,16682945
1810.HK,2021-10-21,22.95,22.95,22.05,22.45,102052284
3690.HK,2021-10-21,295.4,298.0,284.4,288.4,28901998
9988.HK,2021-10-21,173.0,175.5,170.5,173.9,39498418
AAPL.US,2021-10-21,148.81,149.64,147.87,149.48,61420990
BABA.US,2021-10-21,177.0,179.78,176.71,177.42,16443998
JPM.US,2021-10-21,170.76,171.33,168.68,169.5,8415166
KO.US,2021-10-21,54.6,54.67,54.21,54.35,14388305
MSFT.US,2021-10-21,307.17,311.02,306.36,310.76,16918100
XOM.US,2021-10-21,63.47,63.64,62.35,62.69,16564635
0005.HK,2021-10-22,46.75,46.9,46.3,46.5,11023281
0700.HK,2021-10-22,507.5,512.0,502.5,509.5,12743265
1810.HK,2021-10-22,22.55,22.9,22.3,22.6,54510459
3690.HK,2021-10-22,290.0,292.8,283.2,289.2,12113045
9988.HK,2021-10-22,172.6,175.0,171.3,174.4,24304039
AAPL.US,2021-10-22,149.69,150.18,148.64,148.69,58883443
BABA.US,2021-10-22,179.08,182.09,175.81,177.7,20807336
JPM.US,2021-10-22,170.03,172.09,169.7,171.78,8817895
KO.US,2021-10-22,54.39,54.53,54.07,54.45,12828798
MSFT.US,2021-10-22,310.4,311.09,307.8,309.16,17449332
XOM.US,2021-10-22,62.77,63.22,62.35,63.12,14266846
0005.HK,2021-10-25,46.5,47.35,46.2,46.7,24895254
0700.HK,2021-10-25,505.5,510.0,501.0,505.0,12257502
1810.HK,2021-10-25,22.45,22.8,22.35,22.55,43235295
3690.HK,2021-10-25,285.4,294.8,285.0,286.8,15930495
9988.HK,2021-10-25,174.4,176.8,173.3,174.0,22993063
AAPL.US,2021-10-25,148.68,149.37,147.62,148.64,50720561
BABA.US,2021-10-25,177.86,178.28,173.83,176.17,13119711
JPM.US,2021-10-25,172.71,172.96,170.48,170.94,10159202
KO.US,2021-10-25,54.38,54.47,54.02,54.23,11855031
MSFT.US,2021-10-25,309.36,309.4,306.46,308.13,17554469
XOM.US,2021-10-25,63.72,64.42,63.58,64.35,17939771
0005.HK,2021-10-26,47.3,47.5,47.1,47.5,31599646
0700.HK,2021-10-26,507.5,508.0,495.6,502.0,15309144
1810.HK,2021-10-26,22.6,23.0,22.2,22.4,53810811
3690.HK,2021-10-26,286.0,288.0,280.8,283.0,13595769
9988.HK,2021-10-26,173.0,173.0,168.1,169.5,27007684
AAPL.US,2021-10-26,149.33,150.84,149.01,149.32,60893395
BABA.US,2021-10-26,174.48,174.9,167.48,169.99,17576988
JPM.US,2021-10-26,171.0,172.49,170.54,171.4,8015067
KO.US,2021-10-26,54.32,54.58,54.23,54.47,12086749
MSFT.US,2021-10-26,311.0,312.4,308.6,310.11,28107349
XOM.US,2021-10-26,64.49,65.94,64.36,65.84,25585099
0005.HK,2021-10-27,47.55,48.0,47.5,47.85,20701724
0700.HK,2021-10-27,490.8,491.6,482.2,487.0,18715924
1810.HK,2021-10-27,22.15,22.2,21.65,21.9,62247977
3690.HK,2021-10-27,275.0,275.8,267.6,268.6,23823732
9988.HK,2021-10-27,165.3,165.6,163.3,164.5,25552560
AAPL.US,2021-10-27,149.36,149.73,148.49,148.85,56094929
BABA.US,2021-10-27,167.53,172.45,167.34,169.23,11801789
JPM.US,2021-10-27,170.32,170.7,167.34,167.83,9846993
KO.US,2021-10-27,55.97,56.08,55.27,55.52,24019827
MSFT.US,2021-10-27,316.0,326.1,316.0,323.17,52588690
XOM.US,2021-10-27,65.16,65.25,63.98,64.13,21764456
0005.HK,2021-10-28,47.4,47.4,46.5,47.0,27836706
0700.HK,2021-10-28,485.8,494.0,485.8,488.2,13673231
1810.HK,2021-10-28,22.15,22.2,21.65,21.85,56988436
3690.HK,2021-10-28,275.2,277.2,269.8,272.2,13575181
9988.HK,2021-10-28,166.9,169.1,165.0,165.2,26244370
AAPL.US,2021-10-28,149.82,153.17,149.72,152.57,100077888
BABA.US,2021-10-28,168.49,170.35,166.77,169.79,12440142
JPM.US,2021-10-28,168.3,170.51,167.96,170.36,7212937
KO.US,2021-10-28,55.75,56.11,55.62,56.04,15927963
MSFT.US,2021-10-28,324.33,324.87,321.36,324.35,26297943
XOM.US,2021-10-28,63.82,64.47,63.63,64.31,16626405
0005.HK,2021-10-29,47.05,47.15,46.4,47.15,18167634
0700.HK,2021-10-29,486.8,488.4,481.0,481.0,16440521
1810.HK,2021-10-29,21.8,21.85,21.15,21.35,93571949
3690.HK,2021-10-29,271.4,276.0,269.2,269.6,14380080
9988.HK,2021-10-29,165.0,166.2,162.5,163.0,24508214
AAPL.US,2021-10-29,147.22,149.94,146.41,149.8,124953168
BABA.US,2021-10-29,167.07,168.56,162.72,164.94,17155367
JPM.US,2021-10-29,171.18,172.24,169.39,169.89,8140070
KO.US,2021-10-29,55.87,56.47,55.78,56.37,24463737
MSFT.US,2021-10-29,324.13,332.0,323.9,331.62,34765982
XOM.US,2021-10-29,65.05,65.36,64.33,64.47,23966325
0005.HK,2021-11-01,46.55,47.0,46.35,46.95,12419384
0700.HK,2021-11-01,476.4,476.8,465.0,469.6,22649546
1810.HK,2021-11-01,21.1,21.5,20.9,21.25,59219904
3690.HK,2021-11-01,267.0,272.4,263.2,267.4,13360881
9988.HK,2021-11-01,161.1,161.2,158.0,159.5,20955824
AAPL.US,2021-11-01,148.99,149.7,147.8,148.96,74588258
BABA.US,2021-11-01,165.84,171.9,165.8,170.17,17609488
JPM.US,2021-11-01,172.04,172.33,169.01,169.8,7435507
KO.US,2021-11-01,56.39,56.4,55.9,56.17,11651091
MSFT.US,2021-11-01,331.36,331.49,326.37,329.37,27073182
XOM.US,2021-11-01,65.07,66.08,65.02,65.63,19656447
0005.HK,2021-11-02,47.45,47.6,46.95,47.05,10828361
0700.HK,2021-11-02,478.6,482.0,460.2,464.0,33005998
1810.HK,2021-11-02,21.6,21.85,20.9,21.0,61162682
3690.HK,2021-11-02,278.2,285.4,269.4,271.0,20579374
9988.HK,2021-11-02,166.2,166.9,160.1,161.6,28075255
AAPL.US,2021-11-02,148.66,151.57,148.65,150.02,69121987
BABA.US,2021-11-02,167.1,167.1,162.76,162.9,19072886
JPM.US,2021-11-02,169.8,171.69,168.92,170.47,7173754
KO.US,2021-11-02,56.47,56.5,55.97,56.1,11498857
MSFT.US,2021-11-02,330.31,333.45,330.0,333.13,26487109
XOM.US,2021-11-02,65.03,65.45,64.66,64.82,16300049
0005.HK,2021-11-03,46.8,47.1,46.5,46.85,9965448
0700.HK,2021-11-03,462.0,470.0,457.8,469.0,19362664
1810.HK,2021-11-03,20.9,21.25,20.1,20.45,153430240
3690.HK,2021-11-03,277.4,277.6,267.8,277.0,14426808
9988.HK,2021-11-03,159.9,161.0,156.6,160.6,20797548
AAPL.US,2021-11-03,150.39,151.97,149.83,151.49,54511721
BABA.US,2021-11-03,165.36,166.65,163.11,166.24,13569682
JPM.US,2021-11-03,170.13,171.13,169.15,170.53,8402685
KO.US,2021-11-03,56.0,56.33,55.78,56.29,10788276
MSFT.US,2021-11-03,333.9,334.9,330.65,334.0,21500082
XOM.US,2021-11-03,64.04,64.45,63.66,63.93,17372767
0005.HK,2021-11-04,47.05,47.15,46.7,47.15,11599843
0700.HK,2021-11-04,475.2,481.8,473.8,480.8,16440685
1810.HK,2021-11-04,20.55,20.75,20.3,20.75,69581543
3690.HK,2021-11-04,282.0,286.8,280.4,286.0,16494718
9988.HK,2021-11-04,162.9,165.6,162.0,165.6,23357978
AAPL.US,2021-11-04,151.58,152.43,150.64,150.96,60394616
BABA.US,2021-11-04,169.28,169.94,164.5,164.79,16669249
JPM.US,2021-11-04,170.0,170.2,166.49,168.29,9574152
KO.US,2021-11-04,56.11,56.63,56.03,56.6,10820196
MSFT.US,2021-11-04,332.89,336.54,329.51,336.44,23992202
XOM.US,2021-11-04,64.68,64.89,63.83,64.41,17720122
0005.HK,2021-11-05,45.0,45.5,44.6,45.45,32926856
0700.HK,2021-11-05,472.0,474.2,465.2,467.4,20019234
1810.HK,2021-11-05,20.55,20.85,20.3,20.4,64422173
3690.HK,2021-11-05,279.4,282.4,274.0,276.8,14726028
9988.HK,2021-11-05,162.0,162.0,158.4,159.9,26167989
AAPL.US,2021-11-05,151.89,152.2,150.06,151.28,65463883
BABA.US,2021-11-05,164.8,164.8,158.3,158.73,22098218
JPM.US,2021-11-05,168.9,170.09,167.41,168.05,7975570
KO.US,2021-11-05,56.84,57.16,56.59,56.84,12886660
MSFT.US,2021-11-05,338.51,338.79,334.42,336.06,22570098
XOM.US,2021-11-05,65.05,65.33,64.56,65.02,18565134
0005.HK,2021-11-08,45.5,45.9,45.15,45.7,18990314
0700.HK,2021-11-08,460.0,464.0,453.4,463.8,22340751
1810.HK,2021-11-08,20.4,20.6,20.05,20.35,76288436
3690.HK,2021-11-08,274.6,275.8,267.2,271.2,14403163
9988.HK,2021-11-08,156.0,157.7,154.7,157.3,25006375
AAPL.US,2021-11-08,151.41,151.57,150.16,150.44,55020868
BABA.US,2021-11-08,161.77,162.16,159.48,162.16,16223104
JPM.US,2021-11-08,169.05,170.92,168.74,169.06,6413707
KO.US,2021-11-08,56.75,56.89,56.13,56.33,12827968
MSFT.US,2021-11-08,337.3,337.65,334.44,336.99,20897001
XOM.US,2021-11-08,65.55,66.38,65.38,65.72,17696033
0005.HK,2021-11-09,45.7,45.75,45.3,45.55,8190048
0700.HK,2021-11-09,469.0,471.0,459.6,464.0,13607437
1810.HK,2021-11-09,20.5,20.6,20.2,20.35,47569497
3690.HK,2021-11-09,276.4,276.6,268.0,270.4,10236993
9988.HK,2021-11-09,160.3,161.2,156.8,157.1,16113085
AAPL.US,2021-11-09,150.2,151.43,150.06,150.81,56787930
BABA.US,2021-11-09,162.16,164.48,159.54,160.19,14010126
JPM.US,2021-11-09,167.35,168.47,166.6,167.78,7990283
KO.US,2021-11-09,56.41,56.52,56.09,56.49,10155817
MSFT.US,2021-11-09,337.11,338.72,334.53,335.95,21307370
XOM.US,2021-11-09,65.77,66.37,65.31,66.36,18781338
0005.HK,2021-11-10,45.3,45.35,44.6,45.3,18905544
0700.HK,2021-11-10,469.0,486.8,466.0,483.6,30617440
1810.HK,2021-11-10,20.35,20.65,20.05,20.6,83863860
3690.HK,2021-11-10,270.4,277.6,266.8,277.4,12138458
9988.HK,2021-11-10,157.6,161.6,155.7,161.2,17191925
AAPL.US,2021-11-10,150.02,150.13,147.85,147.92,65187092
BABA.US,2021-11-10,163.68,166.48,161.82,163.97,17216798
JPM.US,2021-11-10,167.45,168.95,167.09,167.62,6999214
KO.US,2021-11-10,56.54,56.92,56.29,56.72,8813611
MSFT.US,2021-11-10,334.57,334.63,329.92,330.8,25500938
XOM.US,2021-11-10,65.32,65.65,63.77,64.19,20177215
0005.HK,2021-11-11,45.0,45.8,44.9,45.45,14576796
0700.HK,2021-11-11,478.0,480.2,467.0,477.6,36035177
1810.HK,2021-11-11,20.3,21.25,20.3,21.05,81741335
3690.HK,2021-11-11,275.2,285.8,272.0,282.4,15036145
9988.HK,2021-11-11,158.0,164.2,157.6,163.2,23548938
AAPL.US,2021-11-11,148.96,149.43,147.68,147.87,40999950
BABA.US,2021-11-11,166.56,169.63,166.56,167.85,16747451
JPM.US,2021-11-11,167.52,168.68,166.9,167.61,5815267
KO.US,2021-11-11,56.83,56.88,56.57,56.74,7257681
MSFT.US,2021-11-11,331.25,333.77,330.51,332.43,16849844
XOM.US,2021-11-11,64.2,64.83,64.02,64.31,13319297
0005.HK,2021-11-12,45.45,45.6,45.05,45.3,8890298
0700.HK,2021-11-12,487.8,491.4,481.8,485.2,23829660
1810.HK,2021-11-12,21.3,21.45,20.8,21.15,57035815
3690.HK,2021-11-12,289.8,292.6,287.2,289.8,22694413
9988.HK,2021-11-12,164.8,165.7,159.0,162.4,24265602
AAPL.US,2021-11-12,148.43,150.4,147.48,149.99,63804008
BABA.US,2021-11-12,165.17,167.8,163.4,166.81,13741775
JPM.US,2021-11-12,167.65,167.74,165.72,166.86,8113441
KO.US,2021-11-12,56.75,56.99,56.55,56.61,10162510
MSFT.US,2021-11-12,333.92,337.23,333.79,336.72,23831049
XOM.US,2021-11-12,63.96,64.37,63.58,63.82,18158875
0005.HK,2021-11-15,45.0,45.4,44.9,45.2,7145701
0700.HK,2021-11-15,492.0,494.8,489.0,491.8,19394604
1810.HK,2021-11-15,21.3,21.6,21.15,21.3,44419092
3690.HK,2021-11-15,291.0,293.4,284.2,289.6,11339494
9988.HK,2021-11-15,163.3,164.2,159.6,161.5,19121584
AAPL.US,2021-11-15,150.37,151.88,149.43,150.0,59222803
BABA.US,2021-11-15,167.22,168.46,165.67,166.54,9655711
JPM.US,2021-11-15,167.21,167.79,166.0,166.56,6492463
KO.US,2021-11-15,56.53,56.68,56.27,56.62,10289188
MSFT.US,2021-11-15,337.54,337.88,334.03,336.07,16723009
XOM.US,2021-11-15,63.76,64.77,63.22,64.37,18849164
0005.HK,2021-11-16,45.55,45.95,45.45,45.8,12596153
0700.HK,2021-11-16,497.4,509.0,494.2,502.5,28263210
1810.HK,2021-11-16,21.35,22.0,21.3,21.8,88859170
3690.HK,2021-11-16,289.6,297.6,287.6,297.4,19416943
9988.HK,2021-11-16,162.0,166.0,161.5,165.2,19860348
AAPL.US,2021-11-16,149.94,151.49,149.34,151.0,59256210
BABA.US,2021-11-16,168.6,169.94,166.67,168.43,11887505
JPM.US,2021-11-16,167.06,167.07,165.12,165.36,9706145
KO.US,2021-11-16,56.62,56.94,56.19,56.22,13756461
MSFT.US,2021-11-16,335.68,340.67,335.51,339.51,20886832
XOM.US,2021-11-16,64.34,65.37,64.34,65.02,17028697
0005.HK,2021-11-17,45.7,46.0,45.65,46.0,12386061
0700.HK,2021-11-17,504.0,509.0,498.6,509.0,21444520
1810.HK,2021-11-17,21.8,21.95,21.5,21.75,41554266
3690.HK,2021-11-17,295.0,296.6,290.4,292.6,11680027
9988.HK,2021-11-17,164.9,165.1,163.2,164.8,16275917
AAPL.US,2021-11-17,151.0,155.0,150.99,153.49,88807000
BABA.US,2021-11-17,168.02,168.3,161.14,161.58,18829528
JPM.US,2021-11-17,165.21,165.56,163.39,164.47,9909576
KO.US,2021-11-17,56.04,56.05,55.65,55.91,13288677
MSFT.US,2021-11-17,338.94,342.19,338.0,339.12,19053380
XOM.US,2021-11-17,64.38,65.24,64.18,64.31,15496983
0005.HK,2021-11-18,46.0,46.3,45.8,46.05,8437935
0700.HK,2021-11-18,502.0,503.5,492.8,496.8,19321893
1810.HK,2021-11-18,21.55,21.7,20.9,21.15,94304096
3690.HK,2021-11-18,285.0,286.4,277.6,285.4,15189245
9988.HK,2021-11-18,158.2,158.9,155.3,156.0,39030221
AAPL.US,2021-11-18,153.71,158.67,153.05,157.87,137827673
BABA.US,2021-11-18,146.91,148.5,141.89,143.6,61571451
JPM.US,2021-11-18,164.39,164.85,162.56,163.05,8123567
KO.US,2021-11-18,55.83,55.93,55.14,55.41,15380377
MSFT.US,2021-11-18,338.18,342.45,337.12,341.27,22463533
XOM.US,2021-11-18,64.16,64.53,63.11,63.61,16948183
0005.HK,2021-11-19,46.1,46.1,45.65,46.05,8203492
0700.HK,2021-11-19,486.6,496.6,485.0,496.0,15212834
1810.HK,2021-11-19,20.9,21.2,20.6,21.15,46863434
3690.HK,2021-11-19,279.4,282.2,273.0,280.8,17487510
9988.HK,2021-11-19,140.0,142.2,139.2,139.3,106644709
AAPL.US,2021-11-19,157.65,161.02,156.53,160.55,117305597
BABA.US,2021-11-19,143.04,145.06,140.0,140.34,28575742
JPM.US,2021-11-19,161.3,162.11,159.45,160.92,12193634
KO.US,2021-11-19,55.44,55.49,54.9,55.13,15813660
MSFT.US,2021-11-19,342.64,345.1,342.25,343.11,21963433
XOM.US,2021-11-19,61.89,62.03,60.41,60.67,32035483
0005.HK,2021-11-22,45.4,45.7,45.3,45.55,13158623
0700.HK,2021-11-22,498.0,501.5,491.0,494.4,14686779
1810.HK,2021-11-22,21.1,21.5,20.6,20.9,85143716
3690.HK,2021-11-22,278.0,279.4,268.8,274.0,19704966
9988.HK,2021-11-22,139.0,139.7,137.1,137.1,42684873
AAPL.US,2021-11-22,161.68,165.7,161.0,161.02,117467889
BABA.US,2021-11-22,139.9,140.7,135.21,136.62,26390394
JPM.US,2021-11-22,164.16,165.98,162.99,164.35,14551672
KO.US,2021-11-22,55.1,56.02,55.08,55.47,16906227
MSFT.US,2021-11-22,344.62,349.67,339.55,339.83,31031113
XOM.US,2021-11-22,60.32,62.54,60.32,61.51,21998749
0005.HK,2021-11-23,45.4,45.95,45.35,45.5,7401789
0700.HK,2021-11-23,484.0,485.8,479.0,481.2,18725940
1810.HK,2021-11-23,20.8,21.05,20.5,20.7,66921709
3690.HK,2021-11-23,267.0,268.8,264.6,265.4,15575043
9988.HK,2021-11-23,133.0,133.8,132.5,133.0,46352819
AAPL.US,2021-11-23,161.12,161.8,159.06,161.41,96041899
BABA.US,2021-11-23,136.03,136.85,133.31,133.66,24102862
JPM.US,2021-11-23,165.5,168.56,165.37,168.28,12362344
KO.US,2021-11-23,55.66,56.11,55.5,55.88,13836255
MSFT.US,2021-11-23,337.05,339.45,333.56,337.68,30427563
XOM.US,2021-11-23,62.19,63.38,61.92,63.13,21185932
0005.HK,2021-11-24,46.0,46.45,45.85,46.1,12898992
0700.HK,2021-11-24,473.2,480.8,467.4,472.2,26021973
1810.HK,2021-11-24,20.5,20.6,19.02,19.26,395151127
3690.HK,2021-11-24,265.4,281.8,265.0,273.4,21714997
9988.HK,2021-11-24,131.0,134.8,130.7,131.8,44830998
AAPL.US,2021-11-24,160.75,162.14,159.64,161.94,69464303
BABA.US,2021-11-24,133.1,136.76,131.22,136.52,20010443
JPM.US,2021-11-24,168.46,169.44,166.44,166.96,9629790
KO.US,2021-11-24,55.71,55.84,55.03,55.43,12598975
MSFT.US,2021-11-24,336.28,338.16,333.91,337.91,21661307
XOM.US,2021-11-24,62.58,63.85,62.58,63.48,15869658
0005.HK,2021-11-25,46.1,46.5,45.55,46.15,9840572
0700.HK,2021-11-25,472.2,482.4,471.0,477.8,16939716
1810.HK,2021-11-25,19.26,19.76,19.02,19.58,100291014
3690.HK,2021-11-25,273.4,276.8,268.0,274.2,12784951
9988.HK,2021-11-25,132.0,135.9,132.0,135.4,23796814
0005.HK,2021-11-26,45.65,45.8,44.3,44.35,28426743
0700.HK,2021-11-26,472.6,472.6,460.0,463.4,32885505
1810.HK,2021-11-26,19.48,19.5,19.02,19.06,106126117
3690.HK,2021-11-26,268.0,269.4,260.2,263.6,19649028
9988.HK,2021-11-26,133.2,133.9,129.1,129.1,37945230
AAPL.US,2021-11-26,159.57,160.45,156.36,156.81,76959752
BABA.US,2021-11-26,132.93,133.98,131.22,133.35,14814898
JPM.US,2021-11-26,162.14,162.65,158.82,161.93,13619276
KO.US,2021-11-26,54.59,54.75,53.58,53.73,14754338
MSFT.US,2021-11-26,334.35,337.93,328.12,329.68,24217242
XOM.US,2021-11-26,60.52,61.42,59.54,61.25,24979586
0005.HK,2021-11-29,43.95,44.35,43.55,43.75,25861647
0700.HK,2021-11-29,462.0,471.2,461.4,462.4,19509506
1810.HK,2021-11-29,19.06,19.62,19.04,19.3,87365450
3690.HK,2021-11-29,240.4,248.4,240.4,245.0,55011133
9988.HK,2021-11-29,133.0,133.2,129.8,130.0,29532407
AAPL.US,2021-11-29,159.37,161.19,158.79,160.24,88748217
BABA.US,2021-11-29,134.25,134.55,130.55,131.61,18648852
JPM.US,2021-11-29,163.31,164.78,159.82,161.23,12104369
KO.US,2021-11-29,54.05,54.73,53.93,54.58,22712471
MSFT.US,2021-11-29,334.94,339.03,334.74,336.63,28563481
XOM.US,2021-11-29,62.57,63.14,61.29,61.59,18946364
0005.HK,2021-11-30,43.7,43.8,42.2,42.95,23878442
0700.HK,2021-11-30,457.6,460.2,449.0,459.4,35586276
1810.HK,2021-11-30,19.22,19.6,19.12,19.28,119311914
3690.HK,2021-11-30,242.0,244.0,230.2,238.0,41440947
9988.HK,2021-11-30,129.5,130.1,123.6,127.3,61241018
AAPL.US,2021-11-30,159.99,165.52,159.92,165.3,174048184
BABA.US,2021-11-30,129.9,131.32,126.13,127.53,32625445
JPM.US,2021-11-30,159.16,160.63,158.29,158.83,18922616
KO.US,2021-11-30,53.6,53.63,52.44,52.45,30485169
MSFT.US,2021-11-30,335.32,337.78,328.99,330.59,42885609
XOM.US,2021-11-30,60.46,61.19,59.66,59.84,34979825
0005.HK,2021-12-01,43.3,43.85,43.0,43.5,15516736
0700.HK,2021-12-01,462.6,473.6,461.4,468.8,20341120
1810.HK,2021-12-01,19.4,19.8,19.24,19.56,98818392
3690.HK,2021-12-01,238.0,249.0,237.4,244.6,21863166
9988.HK,2021-12-01,125.0,127.0,124.2,125.7,42728524
AAPL.US,2021-12-01,167.48,170.3,164.53,164.77,152423003
BABA.US,2021-12-01,128.37,129.16,121.9,122.49,29340503
JPM.US,2021-12-01,161.0,163.27,157.8,157.89,12258685
KO.US,2021-12-01,52.98,53.52,52.28,52.3,18724144
MSFT.US,2021-12-01,335.13,339.28,329.39,330.08,33401151
XOM.US,2021-12-01,60.9,62.03,59.75,59.79,30670130
0005.HK,2021-12-02,43.65,44.45,43.5,44.0,14713692
0700.HK,2021-12-02,467.0,473.6,463.6,473.6,17719866
1810.HK,2021-12-02,19.32,19.76,19.32,19.52,67596705
3690.HK,2021-12-02,240.2,252.0,238.2,247.8,17078175
9988.HK,2021-12-02,120.3,123.7,120.1,122.6,63847691
AAPL.US,2021-12-02,158.74,164.2,157.8,163.76,136739174
BABA.US,2021-12-02,123.02,125.0,119.34,122.0,34478644
JPM.US,2021-12-02,159.83,163.25,158.8,161.21,12969926
KO.US,2021-12-02,52.6,53.34,52.51,53.07,17074165
MSFT.US,2021-12-02,330.3,333.49,327.8,329.49,30765980
XOM.US,2021-12-02,59.74,61.58,59.14,61.28,29216045
0005.HK,2021-12-03,44.5,45.3,44.35,44.85,35321341
0700.HK,2021-12-03,468.8,468.8,457.6,462.6,22496991
1810.HK,2021-12-03,19.32,19.82,19.14,19.66,124088389
3690.HK,2021-12-03,243.2,244.6,234.6,241.2,30985281
9988.HK,2021-12-03,120.5,120.5,116.0,119.4,84752440
AAPL.US,2021-12-03,164.02,164.96,159.72,161.84,118023116
BABA.US,2021-12-03,118.0,118.19,108.7,111.96,70266474
JPM.US,2021-12-03,161.5,161.83,157.19,158.29,12681765
KO.US,2021-12-03,53.33,53.61,52.98,53.54,21064353
MSFT.US,2021-12-03,331.99,332.7,318.03,323.01,41779279
XOM.US,2021-12-03,61.92,62.23,60.35,60.89,22014734
0005.HK,2021-12-06,44.5,44.95,44.25,44.85,21997237
0700.HK,2021-12-06,448.8,459.6,447.6,447.8,30958158
1810.HK,2021-12-06,19.3,19.5,19.0,19.12,96454934
3690.HK,2021-12-06,236.2,245.8,231.0,232.4,34298272
9988.HK,2021-12-06,109.9,114.2,109.5,112.7,105384522
AAPL.US,2021-12-06,164.29,167.88,164.28,165.32,107496982
BABA.US,2021-12-06,113.64,123.82,113.43,123.6,43111395
JPM.US,2021-12-06,161.01,162.61,159.46,160.16,11186493
KO.US,2021-12-06,54.31,55.25,54.14,54.91,26624137
MSFT.US,2021-12-06,323.95,327.45,319.23,326.19,30032556
XOM.US,2021-12-06,61.72,62.16,61.42,61.58,19210511
0005.HK,2021-12-07,44.8,45.75,44.4,45.65,15839694
0700.HK,2021-12-07,457.8,464.0,451.6,463.8,23235595
1810.HK,2021-12-07,19.34,19.46,18.62,19.24,140483510
3690.HK,2021-12-07,239.8,246.6,236.4,245.8,26956099
9988.HK,2021-12-07,122.0,126.7,120.7,126.5,82401598
AAPL.US,2021-12-07,169.08,171.58,168.34,171.18,120405354
BABA.US,2021-12-07,129.3,129.45,123.46,125.54,38542808
JPM.US,2021-12-07,161.88,163.39,161.16,162.57,9851554
KO.US,2021-12-07,55.02,55.42,54.85,55.21,23832724
MSFT.US,2021-12-07,331.64,335.8,330.1,334.92,31022336
XOM.US,2021-12-07,62.34,63.03,62.1,62.27,19800377
0005.HK,2021-12-08,45.95,45.95,45.1,45.5,8590654
0700.HK,2021-12-08,467.6,470.4,465.0,467.0,15173269
1810.HK,2021-12-08,19.4,19.48,19.12,19.22,57459015
3690.HK,2021-12-08,250.0,253.4,245.0,245.2,17961861
9988.HK,2021-12-08,122.7,123.0,119.2,120.6,61244054
AAPL.US,2021-12-08,172.13,175.96,170.7,175.08,116998901
BABA.US,2021-12-08,123.21,126.97,121.32,125.08,22275034
JPM.US,2021-12-08,162.66,163.27,160.17,160.71,11705673
KO.US,2021-12-08,55.12,55.35,54.36,55.0,18026446
MSFT.US,2021-12-08,335.31,335.5,330.8,334.97,24760988
XOM.US,2021-12-08,62.61,63.19,62.34,62.45,18214420
0005.HK,2021-12-09,45.45,45.9,45.15,45.3,6908033
0700.HK,2021-12-09,474.4,474.4,471.0,472.6,13353686
1810.HK,2021-12-09,19.12,19.58,19.12,19.4,73800509
3690.HK,2021-12-09,251.2,252.0,245.2,247.0,16500427
9988.HK,2021-12-09,122.6,124.3,122.1,123.4,35851860
AAPL.US,2021-12-09,174.91,176.75,173.92,174.56,108923739
BABA.US,2021-12-09,124.63,127.76,123.21,123.91,23499301
JPM.US,2021-12-09,159.65,160.93,158.65,160.46,11189642
KO.US,2021-12-09,54.75,55.13,54.59,54.86,13846415
MSFT.US,2021-12-09,334.41,336.49,332.12,333.1,22214158
XOM.US,2021-12-09,62.05,62.77,61.81,62.61,16910332
0005.HK,2021-12-10,45.1,45.4,44.95,45.2,6090109
0700.HK,2021-12-10,471.0,474.0,461.6,463.4,15230505
1810.HK,2021-12-10,19.32,19.5,19.16,19.2,52784263
3690.HK,2021-12-10,247.0,251.0,240.2,243.0,22238652
9988.HK,2021-12-10,122.3,123.2,120.3,121.2,41285795
AAPL.US,2021-12-10,175.21,179.63,174.69,179.45,115402748
BABA.US,2021-12-10,123.22,125.21,122.78,125.06,15008280
JPM.US,2021-12-10,161.32,161.7,159.13,159.82,10405374
KO.US,2021-12-10,55.25,56.32,55.07,56.28,23153567
MSFT.US,2021-12-10,334.98,343.0,334.79,342.54,38095694
XOM.US,2021-12-10,63.27,63.35,62.23,63.01,17942383
0005.HK,2021-12-13,45.2,45.25,44.5,45.1,10861423
0700.HK,2021-12-13,470.6,481.0,466.6,466.6,22239831
1810.HK,2021-12-13,19.4,19.66,19.14,19.24,68187761
3690.HK,2021-12-13,246.2,256.6,245.6,248.0,23961728
9988.HK,2021-12-13,124.8,126.7,120.8,121.1,41769452
AAPL.US,2021-12-13,181.12,182.13,175.53,175.74,153237019
BABA.US,2021-12-13,123.0,123.25,119.75,122.24,15820490
JPM.US,2021-12-13,159.5,159.79,157.28,157.92,12068987
KO.US,2021-12-13,56.98,57.93,56.96,57.76,31362827
MSFT.US,2021-12-13,340.68,343.79,339.08,339.4,28899431
XOM.US,2021-12-13,62.47,62.72,61.35,61.63,17793708
0005.HK,2021-12-14,44.15,44.6,44.15,44.5,7998591
0700.HK,2021-12-14,460.0,465.6,457.4,459.8,13651585
1810.HK,2021-12-14,19.02,19.08,18.38,18.44,142698242
3690.HK,2021-12-14,243.0,248.0,242.2,246.2,14275556
9988.HK,2021-12-14,121.0,121.0,117.8,118.7,32130092
AAPL.US,2021-12-14,175.25,177.74,172.21,174.33,139380382
BABA.US,2021-12-14,120.93,127.65,120.3,126.58,17691502
JPM.US,2021-12-14,157.45,160.89,157.3,159.13,12563560
KO.US,2021-12-14,57.4,58.17,57.4,57.8,24806569
MSFT.US,2021-12-14,333.22,334.36,324.11,328.34,44438750
XOM.US,2021-12-14,61.26,62.47,61.22,61.54,22551145
0005.HK,2021-12-15,44.7,45.4,44.45,44.95,11227978
0700.HK,2021-12-15,459.6,464.4,453.2,455.8,13371932
1810.HK,2021-12-15,18.44,18.48,17.68,18.0,141791804
3690.HK,2021-12-15,243.4,246.2,240.2,241.8,12522375
9988.HK,2021-12-15,122.2,123.8,120.0,121.0,35292960
AAPL.US,2021-12-15,175.11,179.5,172.31,179.3,131063497
BABA.US,2021-12-15,122.63,123.59,117.77,122.47,24893463
JPM.US,2021-12-15,159.85,159.85,157.35,157.94,14014167
KO.US,2021-12-15,57.93,58.25,57.65,58.06,24923791
MSFT.US,2021-12-15,328.61,335.19,324.5,334.65,35381122
XOM.US,2021-12-15,61.19,61.5,60.01,61.27,19961862
0005.HK,2021-12-16,44.85,45.15,44.3,45.15,9989350
0700.HK,2021-12-16,452.0,455.2,448.2,452.6,21029463
1810.HK,2021-12-16,17.82,18.2,17.76,18.12,73226397
3690.HK,2021-12-16,238.8,240.2,229.2,238.4,19372057
9988.HK,2021-12-16,119.4,121.3,117.0,120.7,37563320
AAPL.US,2021-12-16,179.28,181.14,170.75,172.26,150185843
BABA.US,2021-12-16,122.32,125.69,118.9,120.25,22533387
JPM.US,2021-12-16,160.39,161.83,158.7,160.41,19542759
KO.US,2021-12-16,57.98,58.88,57.9,58.65,24696859
MSFT.US,2021-12-16,335.71,336.76,323.02,324.9,35034831
XOM.US,2021-12-16,61.44,62.45,61.3,61.37,21187783
0005.HK,2021-12-17,46.3,46.75,46.05,46.4,39799001
0700.HK,2021-12-17,447.0,447.2,438.0,438.0,28284431
1810.HK,2021-12-17,18.1,18.42,18.02,18.22,92181486
3690.HK,2021-12-17,237.0,237.0,225.2,225.8,24909630
9988.HK,2021-12-17,118.0,118.3,115.4,117.0,49369280
AAPL.US,2021-12-17,169.93,173.47,169.69,171.14,195923441
BABA.US,2021-12-17,119.49,122.87,117.81,122.1,19781134
JPM.US,2021-12-17,159.32,159.38,155.18,156.76,28138027
KO.US,2021-12-17,58.49,58.92,57.7,57.73,51899377
MSFT.US,2021-12-17,320.88,324.92,317.25,323.8,47983713
XOM.US,2021-12-17,60.95,61.28,59.69,60.03,44454945
0005.HK,2021-12-20,45.8,46.0,45.35,45.5,16771986
0700.HK,2021-12-20,437.4,439.6,429.0,430.0,20413076
1810.HK,2021-12-20,18.2,18.34,17.5,17.62,91893630
3690.HK,2021-12-20,224.6,228.2,215.2,219.2,19537037
9988.HK,2021-12-20,118.2,118.9,114.3,114.5,33663120
AAPL.US,2021-12-20,168.28,170.58,167.46,169.75,107499114
BABA.US,2021-12-20,118.5,118.83,113.7,115.0,23970493
JPM.US,2021-12-20,154.51,154.7,151.84,153.94,15147982
KO.US,2021-12-20,57.2,57.78,57.0,57.54,20879477
MSFT.US,2021-12-20,320.05,322.8,317.57,319.91,28326532
XOM.US,2021-12-20,58.79,59.25,57.96,59.16,21819305
0005.HK,2021-12-21,45.7,45.75,45.2,45.45,12301373
0700.HK,2021-12-21,430.0,446.8,429.4,440.8,17226545
1810.HK,2021-12-21,17.6,18.54,17.5,18.4,128461190
3690.HK,2021-12-21,216.8,231.8,216.2,229.0,22538844
9988.HK,2021-12-21,112.6,115.5,112.0,113.9,37940314
AAPL.US,2021-12-21,171.56,173.2,169.12,172.99,91185957
BABA.US,2021-12-21,116.85,122.98,116.6,122.98,18036275
JPM.US,2021-12-21,155.41,157.18,155.09,156.09,11291338
KO.US,2021-12-21,57.61,57.97,57.53,57.77,15864885
MSFT.US,2021-12-21,323.29,327.73,319.8,327.29,24740597
XOM.US,2021-12-21,59.75,60.68,59.72,60.5,19798891
0005.HK,2021-12-22,45.6,45.75,45.3,45.7,8541568
0700.HK,2021-12-22,450.0,450.8,440.4,443.0,13839639
1810.HK,2021-12-22,18.48,18.62,18.36,18.5,80064570
3690.HK,2021-12-22,233.0,239.8,228.2,230.4,12951440
9988.HK,2021-12-22,119.9,119.9,113.1,114.9,45188386
AAPL.US,2021-12-22,173.04,175.86,172.15,175.64,92135303
BABA.US,2021-12-22,117.09,118.66,115.15,117.81,24502010
JPM.US,2021-12-22,155.75,157.06,155.24,156.7,7272989
KO.US,2021-12-22,57.71,58.19,57.49,58.18,12447436
MSFT.US,2021-12-22,328.3,333.61,325.75,333.2,24831493
XOM.US,2021-12-22,60.34,61.37,59.97,60.99,14058338
0005.HK,2021-12-23,46.3,46.3,45.9,46.2,9198207
0700.HK,2021-12-23,454.0,468.8,449.2,461.8,32952274
1810.HK,2021-12-23,18.46,18.84,18.4,18.64,79187023
3690.HK,2021-12-23,224.4,228.2,217.8,226.6,21859122
9988.HK,2021-12-23,114.9,115.6,113.0,113.3,25067293
AAPL.US,2021-12-23,175.85,176.85,175.28,176.28,68356867
BABA.US,2021-12-23,116.8,119.59,115.39,118.66,17563254
JPM.US,2021-12-23,157.61,159.12,157.21,157.26,8055154
KO.US,2021-12-23,58.52,58.61,57.94,58.22,11027341
MSFT.US,2021-12-23,332.75,336.39,332.73,334.69,19617848
XOM.US,2021-12-23,61.17,61.84,61.0,61.02,13543291
0005.HK,2021-12-24,46.55,46.6,46.3,46.45,6165831
0700.HK,2021-12-24,468.6,468.6,459.0,460.2,9507329
1810.HK,2021-12-24,18.66,18.8,18.56,18.64,27867442
3690.HK,2021-12-24,229.8,229.8,224.0,226.0,6023974
9988.HK,2021-12-24,113.8,114.8,112.8,113.0,19524988
AAPL.US,2021-12-27,177.09,180.42,177.07,180.33,74919582
BABA.US,2021-12-27,117.8,121.8,116.1,116.59,17864372
JPM.US,2021-12-27,157.6,158.2,156.34,158.16,6189234
KO.US,2021-12-27,58.0,58.69,58.0,58.65,9862192
MSFT.US,2021-12-27,335.46,342.48,335.43,342.45,19947029
XOM.US,2021-12-27,60.93,61.95,60.42,61.89,12596340
0005.HK,2021-12-28,46.5,46.75,46.3,46.6,9461700
0700.HK,2021-12-28,457.8,459.2,445.0,450.4,18949609
1810.HK,2021-12-28,18.66,18.86,18.46,18.78,64115871
3690.HK,2021-12-28,227.6,228.4,217.0,223.4,19511435
9988.HK,2021-12-28,113.3,114.2,112.3,113.5,22985751
AAPL.US,2021-12-28,180.16,181.33,178.53,179.29,79144339
BABA.US,2021-12-28,116.26,116.42,114.47,114.8,17052102
JPM.US,2021-12-28,158.2,160.15,158.08,158.64,6342743
KO.US,2021-12-28,58.4,58.94,58.3,58.88,8982271
MSFT.US,2021-12-28,343.15,343.81,340.32,341.25,15661467
XOM.US,2021-12-28,61.91,62.31,61.4,61.69,12786873
0005.HK,2021-12-29,46.8,46.85,46.5,46.85,10179627
0700.HK,2021-12-29,443.6,445.6,440.4,444.8,9589399
1810.HK,2021-12-29,18.8,18.82,18.36,18.56,48064836
3690.HK,2021-12-29,222.8,222.8,214.8,216.0,14075343
9988.HK,2021-12-29,112.3,112.3,110.1,110.6,19990686
AAPL.US,2021-12-29,179.33,180.63,178.14,179.38,62348932
BABA.US,2021-12-29,113.8,114.2,110.38,112.09,21100463
JPM.US,2021-12-29,158.85,159.63,158.15,158.56,6398927
KO.US,2021-12-29,58.95,59.1,58.66,58.95,9996046
MSFT.US,2021-12-29,341.3,344.3,339.68,341.95,15041956
XOM.US,2021-12-29,61.48,61.6,60.92,61.15,12733601
0005.HK,2021-12-30,46.9,47.05,46.75,46.9,10553516
0700.HK,2021-12-30,446.4,450.8,442.0,443.4,7664650
1810.HK,2021-12-30,18.56,18.86,18.46,18.64,32449849
3690.HK,2021-12-30,215.6,221.8,213.4,218.4,10527641
9988.HK,2021-12-30,110.0,112.2,109.2,109.9,23838394
AAPL.US,2021-12-30,179.47,180.57,178.09,178.2,59773014
BABA.US,2021-12-30,112.63,124.3,112.3,122.99,45437131
JPM.US,2021-12-30,159.11,160.24,158.37,158.48,6948171
KO.US,2021-12-30,59.06,59.23,58.76,58.78,7703896
MSFT.US,2021-12-30,341.91,343.13,338.82,339.32,15994471
XOM.US,2021-12-30,61.22,61.6,60.77,60.79,11940294
0005.HK,2021-12-31,46.95,47.15,46.7,46.9,5190692
0700.HK,2021-12-31,462.0,462.0,455.2,456.8,9875225
1810.HK,2021-12-31,19.1,19.34,18.84,18.9,55703217
3690.HK,2021-12-31,228.8,232.4,225.4,225.4,9609156
9988.HK,2021-12-31,119.5,120.3,118.1,118.9,31837667
AAPL.US,2021-12-31,178.09,179.23,177.26,177.57,64062281
BABA.US,2021-12-31,121.23,122.91,118.59,118.79,24287047
JPM.US,2021-12-31,158.45,159.29,157.96,158.35,5805902
KO.US,2021-12-31,58.75,59.35,58.7,59.21,10021251
MSFT.US,2021-12-31,338.51,339.36,335.85,336.32,18000797
XOM.US,2021-12-31,60.74,61.47,60.7,61.19,14071965
0005.HK,2022-01-03,47.0,47.15,46.65,46.85,6711558
0700.HK,2022-01-03,459.8,463.0,453.0,453.8,6021146
1810.HK,2022-01-03,19.08,19.08,18.52,18.6,34724235
3690.HK,2022-01-03,229.0,232.2,221.2,223.4,6017145
9988.HK,2022-01-03,117.0,117.5,114.0,115.0,22176946
AAPL.US,2022-01-03,177.83,182.88,177.71,182.01,104701220
BABA.US,2022-01-03,119.38,121.95,115.82,120.38,16789353
JPM.US,2022-01-03,159.86,162.64,159.51,161.7,13128118
KO.US,2022-01-03,58.82,59.31,58.38,59.3,20188377
MSFT.US,2022-01-03,335.35,338.0,329.78,334.75,28918013
XOM.US,2022-01-03,61.24,63.6,61.21,63.54,24290187
0005.HK,2022-01-04,47.1,47.8,47.0,47.8,25500155
0700.HK,2022-01-04,455.4,458.0,445.4,450.0,13562081
1810.HK,2022-01-04,18.72,18.8,18.34,18.56,49159666
3690.HK,2022-01-04,222.8,225.8,216.4,219.6,13311694
9988.HK,2022-01-04,118.4,118.9,115.7,116.9,23228903
AAPL.US,2022-01-04,182.63,182.94,179.12,179.7,99310448
BABA.US,2022-01-04,119.53,120.87,115.77,119.56,20824000
JPM.US,2022-01-04,164.31,168.58,164.23,167.83,20195802
KO.US,2022-01-04,59.73,60.54,59.59,60.29,26141584
MSFT.US,2022-01-04,334.83,335.2,326.12,329.01,32674306
XOM.US,2022-01-04,64.13,66.19,64.1,65.93,38584046
0005.HK,2022-01-05,49.35,49.75,48.75,49.15,59292303
0700.HK,2022-01-05,442.4,444.0,429.0,430.6,31926972
1810.HK,2022-01-05,18.44,18.58,17.78,17.92,79869995
3690.HK,2022-01-05,211.0,212.0,193.6,195.1,53165889
9988.HK,2022-01-05,119.0,119.1,113.9,114.5,30717509
AAPL.US,2022-01-05,179.61,180.17,174.64,174.92,94537602
BABA.US,2022-01-05,118.0,126.62,117.7,121.16,36651071
JPM.US,2022-01-05,167.82,168.36,163.73,163.78,17539410
KO.US,2022-01-05,60.09,61.2,60.05,60.79,22507262
MSFT.US,2022-01-05,325.86,326.07,315.98,316.38,40054331
XOM.US,2022-01-05,66.5,67.61,66.48,66.75,34033275
0005.HK,2022-01-06,49.05,49.05,48.35,49.0,24559582
0700.HK,2022-01-06,421.0,437.2,421.0,437.0,22394447
1810.HK,2022-01-06,17.62,18.26,17.6,18.12,69464104
3690.HK,2022-01-06,195.0,203.6,191.8,202.2,29435398
9988.HK,2022-01-06,117.5,121.1,117.3,121.0,47231895
AAPL.US,2022-01-06,172.7,175.3,171.64,172.0,96903955
BABA.US,2022-01-06,124.26,128.4,123.47,126.63,32045782
JPM.US,2022-01-06,166.91,167.37,163.87,165.52,14047498
KO.US,2022-01-06,60.47,61.12,60.44,60.47,17902345
MSFT.US,2022-01-06,313.15,318.7,311.49,313.88,39646152
XOM.US,2022-01-06,68.0,68.48,67.07,68.32,30668514
0005.HK,2022-01-07,50.1,50.15,49.75,50.1,67407695
0700.HK,2022-01-07,445.0,448.4,438.4,443.0,20813417
1810.HK,2022-01-07,18.22,18.28,17.88,18.26,59988309
3690.HK,2022-01-07,208.0,209.2,201.4,204.0,23027044
9988.HK,2022-01-07,126.5,128.8,122.8,128.8,58778943
AAPL.US,2022-01-07,172.89,174.14,171.03,172.17,86709147
BABA.US,2022-01-07,130.24,133.88,128.18,129.81,38113003
JPM.US,2022-01-07,165.67,167.53,165.06,167.16,13913345
KO.US,2022-01-07,60.28,60.72,60.06,60.33,12307896
MSFT.US,2022-01-07,314.15,316.5,310.09,314.04,32720018
XOM.US,2022-01-07,68.52,69.18,67.98,68.88,23985401
0005.HK,2022-01-10,50.8,51.75,50.6,51.7,59640904
0700.HK,2022-01-10,448.0,457.2,442.4,453.2,19560762
1810.HK,2022-01-10,18.16,18.76,18.08,18.52,65618737
3690.HK,2022-01-10,202.0,210.6,198.3,206.6,20952466
9988.HK,2022-01-10,128.8,129.5,125.4,127.6,36814976
AAPL.US,2022-01-10,169.08,172.5,168.17,172.19,106765552
BABA.US,2022-01-10,131.99,132.6,126.23,128.3,23372230
JPM.US,2022-01-10,169.07,169.31,165.53,167.32,12922455
KO.US,2022-01-10,60.55,60.82,60.18,60.43,20954345
MSFT.US,2022-01-10,309.49,314.72,304.69,314.27,44289517
XOM.US,2022-01-10,68.97,69.17,67.95,68.47,22760316
0005.HK,2022-01-11,51.85,51.95,51.35,51.95,40783559
0700.HK,2022-01-11,458.0,462.0,454.2,460.0,16405167
1810.HK,2022-01-11,18.3,18.4,18.02,18.16,57905143
3690.HK,2022-01-11,209.4,211.8,203.4,208.0,15263461
9988.HK,2022-01-11,125.0,126.5,123.9,125.6,31659059
AAPL.US,2022-01-11,172.32,175.18,170.82,175.08,76138322
BABA.US,2022-01-11,129.21,134.23,127.47,132.19,23616430
JPM.US,2022-01-11,168.26,168.52,166.31,167.49,11854115
KO.US,2022-01-11,60.43,60.49,59.84,60.45,19369587
MSFT.US,2022-01-11,313.38,316.61,309.89,314.98,29386774
XOM.US,2022-01-11,68.89,71.4,68.58,71.35,32936140
0005.HK,2022-01-12,52.1,52.75,51.95,52.75,43066390
0700.HK,2022-01-12,471.8,480.8,469.2,480.8,28274536
1810.HK,2022-01-12,18.24,18.88,18.24,18.82,90999239
3690.HK,2022-01-12,216.0,228.4,215.0,227.0,30954151
9988.HK,2022-01-12,128.6,133.1,128.4,133.0,44483108
AAPL.US,2022-01-12,176.12,177.18,174.82,175.53,74805173
BABA.US,2022-01-12,136.02,138.7,135.59,137.41,25961080
JPM.US,2022-01-12,168.46,169.59,167.18,168.44,12568011
KO.US,2022-01-12,60.53,60.69,60.19,60.54,15753809
MSFT.US,2022-01-12,319.67,323.41,317.08,318.27,34372217
XOM.US,2022-01-12,71.14,71.81,70.64,71.14,23045051
0005.HK,2022-01-13,53.05,53.65,52.95,53.65,40548306
0700.HK,2022-01-13,486.0,486.0,472.4,475.2,18308659
1810.HK,2022-01-13,18.84,18.88,18.52,18.68,47981790
3690.HK,2022-01-13,228.0,231.2,221.8,226.2,18464506
9988.HK,2022-01-13,135.0,135.0,130.4,132.2,36032047
AAPL.US,2022-01-13,175.78,176.62,171.79,172.19,84505790
BABA.US,2022-01-13,135.2,135.92,131.3,131.37,19887678
JPM.US,2022-01-13,168.34,169.81,167.89,168.23,13623418
KO.US,2022-01-13,60.54,61.04,60.39,60.9,14317992
MSFT.US,2022-01-13,320.47,320.85,304.0,304.8,45365984
XOM.US,2022-01-13,71.12,71.58,70.31,70.63,21043176
0005.HK,2022-01-14,54.35,54.7,54.2,54.55,46404888
0700.HK,2022-01-14,462.0,474.2,462.0,473.4,13722780
1810.HK,2022-01-14,18.5,18.66,18.2,18.64,36008293
3690.HK,2022-01-14,215.0,221.0,212.2,220.6,23662887
9988.HK,2022-01-14,126.9,129.3,126.6,129.3,28235556
AAPL.US,2022-01-14,171.34,173.78,171.09,173.07,80440790
BABA.US,2022-01-14,132.81,134.36,129.35,131.57,18614915
JPM.US,2022-01-14,160.76,161.03,156.9,157.89,40158362
KO.US,2022-01-14,60.94,61.45,60.36,61.39,19729632
MSFT.US,2022-01-14,304.25,310.8,303.75,310.2,39846454
XOM.US,2022-01-14,70.65,72.15,70.6,71.87,23012866
0005.HK,2022-01-17,54.75,55.0,54.55,55.0,43715487
0700.HK,2022-01-17,472.0,473.8,464.0,465.6,12682742
1810.HK,2022-01-17,18.52,18.68,18.34,18.5,37229089
3690.HK,2022-01-17,219.0,221.0,213.0,216.6,14712314
9988.HK,2022-01-17,129.3,130.1,127.4,128.5,23534494
0005.HK,2022-01-18,55.05,55.1,53.85,54.55,38858826
0700.HK,2022-01-18,467.8,471.0,450.8,452.8,23537795
1810.HK,2022-01-18,18.56,19.06,18.46,18.62,58685931
3690.HK,2022-01-18,216.6,228.0,213.4,215.8,16482922
9988.HK,2022-01-18,129.2,130.9,125.4,126.4,23468279
AAPL.US,2022-01-18,171.51,172.54,169.41,169.8,91168729
BABA.US,2022-01-18,126.27,132.13,124.82,128.6,26141712
JPM.US,2022-01-18,155.78,155.78,150.54,151.27,32348432
KO.US,2022-01-18,61.06,61.19,60.45,60.9,21977600
MSFT.US,2022-01-18,304.07,309.8,301.74,302.65,42434112
XOM.US,2022-01-18,72.82,73.88,72.01,73.08,32862824
0005.HK,2022-01-19,54.5,54.7,54.2,54.7,27759299
0700.HK,2022-01-19,453.0,458.0,450.0,455.8,17490032
1810.HK,2022-01-19,18.56,18.68,18.26,18.32,55582183
3690.HK,2022-01-19,216.8,220.0,210.8,214.4,17405542
9988.HK,2022-01-19,126.2,127.3,123.5,124.2,29730153
AAPL.US,2022-01-19,170.0,171.08,165.94,166.23,94814990
BABA.US,2022-01-19,128.1,130.86,127.13,127.74,14665150
JPM.US,2022-01-19,151.57,152.23,148.55,148.93,22380026
KO.US,2022-01-19,60.66,61.18,60.56,61.0,18654749
MSFT.US,2022-01-19,306.29,313.91,302.7,303.33,45933855
XOM.US,2022-01-19,73.75,73.86,72.55,73.11,26431636
0005.HK,2022-01-20,54.3,54.4,53.5,54.4,30849593
0700.HK,2022-01-20,442.0,472.0,442.0,471.6,29536303
1810.HK,2022-01-20,18.44,18.9,18.34,18.9,77311777
3690.HK,2022-01-20,217.0,241.2,215.2,238.0,43804700
9988.HK,2022-01-20,125.0,132.5,125.0,131.5,44796183
AAPL.US,2022-01-20,166.98,169.68,164.18,164.51,91420515
BABA.US,2022-01-20,135.77,136.75,130.68,131.03,28966440
JPM.US,2022-01-20,148.99,150.61,147.36,147.66,14860843
KO.US,2022-01-20,61.0,61.44,60.72,60.75,23002353
MSFT.US,2022-01-20,309.07,311.65,301.14,301.6,35380675
XOM.US,2022-01-20,72.5,74.37,72.26,73.27,26774550
0005.HK,2022-01-21,53.6,53.8,52.75,53.25,34875504
0700.HK,2022-01-21,468.8,478.4,467.0,474.8,26820113
1810.HK,2022-01-21,18.8,19.08,18.74,18.92,63055065
3690.HK,2022-01-21,235.0,242.4,233.6,238.0,30191207
9988.HK,2022-01-21,126.1,127.5,124.0,127.1,61817387
AAPL.US,2022-01-21,164.42,166.33,162.3,162.41,122848858
BABA.US,2022-01-21,128.23,128.96,122.52,123.23,26341433
JPM.US,2022-01-21,147.5,147.51,144.27,145.08,20705401
KO.US,2022-01-21,61.08,61.3,60.4,60.45,26643161
MSFT.US,2022-01-21,302.69,304.11,295.61,296.03,57984403
XOM.US,2022-01-21,73.18,73.18,71.04,72.17,35120462
0005.HK,2022-01-24,52.65,53.45,52.6,53.3,13579536
0700.HK,2022-01-24,470.0,473.6,465.8,469.6,14677184
1810.HK,2022-01-24,18.68,18.76,18.12,18.2,84491214
3690.HK,2022-01-24,233.2,238.0,226.6,232.8,22769733
9988.HK,2022-01-24,122.0,122.0,118.7,119.1,54758602
AAPL.US,2022-01-24,160.02,162.3,154.7,161.62,162706686
BABA.US,2022-01-24,119.32,120.78,115.32,120.37,28552360
JPM.US,2022-01-24,142.28,145.48,139.57,144.95,28503121
KO.US,2022-01-24,59.9,60.35,58.57,59.96,30207455
MSFT.US,2022-01-24,292.2,297.11,276.05,296.37,86035393
XOM.US,2022-01-24,70.88,73.08,69.81,72.79,41576131
0005.HK,2022-01-25,52.0,52.35,51.65,52.35,24734367
0700.HK,2022-01-25,459.4,468.0,459.4,466.8,24998708
1810.HK,2022-01-25,17.92,18.06,17.42,17.62,104472148
3690.HK,2022-01-25,226.8,230.6,221.0,225.8,25026259
9988.HK,2022-01-25,116.4,118.8,115.1,116.8,41283512
AAPL.US,2022-01-25,158.98,162.76,157.02,159.78,115798367
BABA.US,2022-01-25,119.91,122.46,118.04,119.14,22224075
JPM.US,2022-01-25,143.65,146.85,140.79,146.53,18915869
KO.US,2022-01-25,59.36,60.05,58.69,59.82,19027109
MSFT.US,2022-01-25,291.52,294.99,285.17,288.49,72848638
XOM.US,2022-01-25,72.59,75.24,71.39,74.93,39278417
0005.HK,2022-01-26,53.35,54.0,53.35,53.9,28218489
0700.HK,2022-01-26,470.0,476.6,466.0,473.6,21619270
1810.HK,2022-01-26,17.76,17.82,17.2,17.44,77648864
3690.HK,2022-01-26,224.2,229.8,220.0,225.0,22040731
9988.HK,2022-01-26,116.3,118.7,114.1,116.9,35353738
AAPL.US,2022-01-26,163.5,164.39,157.82,159.69,108275308
BABA.US,2022-01-26,120.93,120.93,112.96,113.37,27513215
JPM.US,2022-01-26,148.72,150.57,145.96,147.92,20709097
KO.US,2022-01-26,59.79,60.35,59.21,59.6,19190239
MSFT.US,2022-01-26,307.99,308.5,293.03,296.71,90428853
XOM.US,2022-01-26,75.43,76.0,73.49,74.17,35252385
0005.HK,2022-01-27,54.35,54.65,53.7,54.65,34398346
0700.HK,2022-01-27,465.0,467.0,457.8,463.0,20507145
1810.HK,2022-01-27,17.24,17.24,16.4,16.48,122127568
3690.HK,2022-01-27,216.4,217.0,203.6,209.4,34183417
9988.HK,2022-01-27,110.5,111.9,108.0,108.5,75467681
AAPL.US,2022-01-27,162.45,163.84,158.28,159.22,121954638
BABA.US,2022-01-27,113.11,114.54,110.27,111.79,21472705
JPM.US,2022-01-27,149.42,150.38,144.13,145.31,17544523
KO.US,2022-01-27,59.88,60.93,59.5,59.65,18898682
MSFT.US,2022-01-27,302.66,307.3,297.93,299.84,53481317
XOM.US,2022-01-27,75.46,76.01,73.99,75.12,29174687
0005.HK,2022-01-28,55.3,55.75,55.15,55.6,54473659
0700.HK,2022-01-28,463.0,464.0,455.6,460.0,15027473
1810.HK,2022-01-28,16.5,16.58,15.88,16.26,84049256
3690.HK,2022-01-28,203.2,210.4,200.4,208.0,22081953
9988.HK,2022-01-28,110.0,111.5,108.6,110.0,43809950
AAPL.US,2022-01-28,165.71,170.35,162.8,170.33,179935660
BABA.US,2022-01-28,113.25,115.32,110.06,115.23,18892421
JPM.US,2022-01-28,144.19,146.76,142.17,146.61,14116969
KO.US,2022-01-28,59.39,60.89,58.94,60.84,19101494
MSFT.US,2022-01-28,300.23,308.48,294.45,308.26,49743698
XOM.US,2022-01-28,74.97,75.62,73.95,75.28,30595660
0005.HK,2022-01-31,55.0,55.3,54.25,55.15,18514629
0700.HK,2022-01-31,461.4,472.4,459.0,472.0,11429491
1810.HK,2022-01-31,16.26,16.46,15.9,16.4,33362649
3690.HK,2022-01-31,212.4,222.4,212.2,219.6,16342741
9988.HK,2022-01-31,112.1,116.2,111.5,114.0,29579311
AAPL.US,2022-01-31,170.16,175.0,169.51,174.78,115541590
BABA.US,2022-01-31,118.17,125.87,117.5,125.79,20346454
JPM.US,2022-01-31,145.64,148.79,144.67,148.6,13985745
KO.US,2022-01-31,60.3,61.14,60.15,61.01,22045321
MSFT.US,2022-01-31,308.95,312.38,306.37,310.98,46444536
XOM.US,2022-01-31,74.97,76.42,74.27,75.96,36085479
AAPL.US,2022-02-01,174.01,174.84,172.31,174.61,86213911
BABA.US,2022-02-01,124.81,128.0,122.97,127.22,15036085
JPM.US,2022-02-01,148.69,151.47,148.3,151.15,14584935
KO.US,2022-02-01,60.91,61.14,60.16,60.56,20841657
MSFT.US,2022-02-01,310.41,310.63,305.13,308.76,40950396
XOM.US,2022-02-01,76.45,81.51,76.27,80.83,61033081
AAPL.US,2022-02-02,174.75,175.88,173.33,175.84,84914256
BABA.US,2022-02-02,127.63,127.63,121.17,122.88,14050109
JPM.US,2022-02-02,150.5,150.94,148.07,149.94,12441136
KO.US,2022-02-02,60.62,61.27,60.56,61.18,20225579
MSFT.US,2022-02-02,309.63,315.12,308.88,313.46,36635989
XOM.US,2022-02-02,80.06,80.81,79.15,80.62,30299322
AAPL.US,2022-02-03,174.48,176.24,172.12,172.9,89418074
BABA.US,2022-02-03,121.55,125.27,120.73,123.47,16651454
JPM.US,2022-02-03,150.0,151.65,148.29,148.7,12474882
KO.US,2022-02-03,60.94,61.78,60.59,61.61,19440490
MSFT.US,2022-02-03,309.49,311.23,299.96,301.25,43729972
XOM.US,2022-02-03,80.09,80.31,79.02,79.68,28529399
0005.HK,2022-02-04,57.3,58.0,57.1,57.9,62749377
0700.HK,2022-02-04,483.0,483.0,471.0,479.0,15930509
1810.HK,2022-02-04,16.78,16.8,16.26,16.58,58116918
3690.HK,2022-02-04,226.6,228.8,221.2,226.8,11967427
9988.HK,2022-02-04,120.0,120.8,118.4,120.4,43293069
AAPL.US,2022-02-04,171.68,174.1,170.68,172.39,82465400
BABA.US,2022-02-04,121.27,123.94,119.66,122.22,13538229
JPM.US,2022-02-04,149.1,153.5,148.77,152.56,16654409
KO.US,2022-02-04,61.49,61.68,60.57,60.96,17403729
MSFT.US,2022-02-04,300.21,308.8,299.97,305.94,35096488
XOM.US,2022-02-04,80.87,82.53,80.87,81.41,32197543
0005.HK,2022-02-07,57.5,57.9,57.1,57.9,22200614
0700.HK,2022-02-07,482.0,482.0,470.2,478.0,15382223
1810.HK,2022-02-07,16.52,16.76,16.18,16.38,67416507
3690.HK,2022-02-07,229.6,229.6,218.2,225.8,15057139
9988.HK,2022-02-07,117.4,118.7,113.6,115.0,54757312
AAPL.US,2022-02-07,172.86,173.95,170.95,171.66,77251204
BABA.US,2022-02-07,116.1,116.55,113.6,114.82,28589202
JPM.US,2022-02-07,153.27,153.62,150.85,153.07,12572283
KO.US,2022-02-07,61.38,61.72,60.86,61.6,17846411
MSFT.US,2022-02-07,306.17,307.84,299.9,300.95,28533286
XOM.US,2022-02-07,81.14,83.08,80.64,82.39,34949215
0005.HK,2022-02-08,58.5,58.8,58.35,58.8,29030418
0700.HK,2022-02-08,474.6,476.0,469.0,470.0,18754239
1810.HK,2022-02-08,16.34,16.42,15.76,15.96,76746236
3690.HK,2022-02-08,225.6,225.6,215.2,221.0,13414299
9988.HK,2022-02-08,112.6,113.5,110.6,111.2,41696354
AAPL.US,2022-02-08,171.73,175.35,171.43,174.83,74829217
BABA.US,2022-02-08,118.16,122.24,116.8,121.9,22340508
JPM.US,2022-02-08,155.0,158.48,154.8,155.95,20411387
KO.US,2022-02-08,61.83,62.33,61.74,62.0,18771748
MSFT.US,2022-02-08,301.25,305.56,299.95,304.56,32421188
XOM.US,2022-02-08,82.27,82.5,79.92,80.26,34356264
0005.HK,2022-02-09,59.0,59.55,58.9,59.3,30908859
0700.HK,2022-02-09,480.0,483.6,476.6,482.8,23365228
1810.HK,2022-02-09,16.16,16.82,16.16,16.72,81663619
3690.HK,2022-02-09,228.8,232.2,227.8,229.2,16036174
9988.HK,2022-02-09,118.0,119.4,117.0,118.8,44480636
AAPL.US,2022-02-09,176.05,176.65,174.9,176.28,71285038
BABA.US,2022-02-09,123.09,126.8,121.94,126.5,18253569
JPM.US,2022-02-09,156.59,157.43,155.82,156.6,9131135
KO.US,2022-02-09,62.17,62.32,60.9,61.04,23595558
MSFT.US,2022-02-09,309.87,311.93,307.39,311.21,31284671
XOM.US,2022-02-09,79.58,80.03,78.71,79.0,40106115
0005.HK,2022-02-10,58.8,58.9,58.0,58.75,18112418
0700.HK,2022-02-10,488.0,488.0,475.8,484.4,18808693
1810.HK,2022-02-10,17.0,17.08,16.62,16.82,54622826
3690.HK,2022-02-10,233.0,235.8,225.4,233.0,13890467
9988.HK,2022-02-10,123.0,123.0,119.4,122.2,32353947
AAPL.US,2022-02-10,174.14,175.48,171.55,172.12,90865899
BABA.US,2022-02-10,124.11,128.34,123.4,123.98,16116607
JPM.US,2022-02-10,156.66,159.03,155.22,155.95,16455635
KO.US,2022-02-10,60.36,62.3,60.2,61.38,23561530
MSFT.US,2022-02-10,304.04,309.12,300.7,302.38,45386199
XOM.US,2022-02-10,78.72,79.68,77.79,78.24,28527663
0005.HK,2022-02-11,59.1,59.1,58.65,59.0,21586802
0700.HK,2022-02-11,478.8,483.6,472.4,477.0,15523403
1810.HK,2022-02-11,16.7,16.8,16.36,16.6,52652480
3690.HK,2022-02-11,228.2,233.0,224.4,227.8,15331337
9988.HK,2022-02-11,120.4,122.9,120.0,122.4,24203787
AAPL.US,2022-02-11,172.33,173.08,168.04,168.64,98670687
BABA.US,2022-02-11,125.34,126.72,121.94,122.25,13889857
JPM.US,2022-02-11,155.61,158.19,152.97,153.92,16830005
KO.US,2022-02-11,61.77,61.98,60.15,60.29,22781387
MSFT.US,2022-02-11,303.19,304.29,294.22,295.04,39175620
XOM.US,2022-02-11,78.62,80.32,78.23,80.21,42002092
0005.HK,2022-02-14,59.45,59.6,59.0,59.0,27627724
0700.HK,2022-02-14,470.2,472.6,465.4,472.0,12861260
1810.HK,2022-02-14,16.34,16.42,16.0,16.34,61759265
3690.HK,2022-02-14,222.8,224.8,216.6,219.6,18413678
9988.HK,2022-02-14,119.0,119.9,118.2,118.7,19512374
AAPL.US,2022-02-14,167.37,169.58,166.56,168.88,86185530
BABA.US,2022-02-14,120.56,122.38,119.37,121.92,13154932
JPM.US,2022-02-14,152.73,153.68,150.32,152.49,17026491
KO.US,2022-02-14,60.16,60.79,59.28,60.68,23641310
MSFT.US,2022-02-14,293.77,296.76,291.35,295.0,36359487
XOM.US,2022-02-14,79.58,79.84,77.05,78.98,34652780
0005.HK,2022-02-15,58.4,58.5,57.5,58.0,30082843
0700.HK,2022-02-15,472.0,474.6,466.4,470.0,13889441
1810.HK,2022-02-15,16.1,16.6,16.1,16.28,49003099
3690.HK,2022-02-15,218.0,220.0,212.2,214.0,15144429
9988.HK,2022-02-15,118.0,120.0,117.4,118.4,16132479
AAPL.US,2022-02-15,170.97,172.95,170.25,172.79,64286320
BABA.US,2022-02-15,123.77,126.81,123.38,126.24,14634690
JPM.US,2022-02-15,154.51,155.94,153.85,154.72,9500867
KO.US,2022-02-15,60.96,61.78,60.63,60.91,13409343
MSFT.US,2022-02-15,300.01,300.8,297.02,300.47,27379488
XOM.US,2022-02-15,76.9,78.19,76.42,77.99,25089507
0005.HK,2022-02-16,58.45,58.65,58.1,58.5,17500241
0700.HK,2022-02-16,477.0,477.0,471.2,476.2,12209598
1810.HK,2022-02-16,16.5,16.84,16.48,16.6,54273604
3690.HK,2022-02-16,219.0,222.0,216.2,219.4,12648841
9988.HK,2022-02-16,122.4,123.0,121.1,122.5,20308833
AAPL.US,2022-02-16,171.85,173.34,170.05,172.55,61177398
BABA.US,2022-02-16,125.61,127.58,124.51,125.56,17993287
JPM.US,2022-02-16,153.74,156.1,153.74,155.0,9076526
KO.US,2022-02-16,60.86,61.4,60.56,60.9,15484660
MSFT.US,2022-02-16,298.37,300.87,293.68,299.5,29982121
XOM.US,2022-02-16,78.79,79.73,78.04,78.35,21733753
0005.HK,2022-02-17,57.85,58.05,57.4,58.0,17562099
0700.HK,2022-02-17,476.2,479.6,472.0,479.0,12923901
1810.HK,2022-02-17,16.66,16.76,16.3,16.54,36337646
3690.HK,2022-02-17,216.0,224.0,216.0,220.8,11182758
9988.HK,2022-02-17,122.0,123.3,120.9,123.0,18965828
AAPL.US,2022-02-17,171.03,171.91,168.47,168.88,69589344
BABA.US,2022-02-17,125.0,129.4,124.06,124.43,15905989
JPM.US,2022-02-17,153.0,153.73,150.67,151.43,11367457
KO.US,2022-02-17,60.55,62.28,60.41,62.12,21468724
MSFT.US,2022-02-17,296.36,296.8,290.0,290.73,32461580
XOM.US,2022-02-17,78.48,79.12,77.95,78.23,23738816
0005.HK,2022-02-18,57.2,58.25,57.15,58.0,17898184
0700.HK,2022-02-18,479.0,482.8,468.0,470.0,24032950
1810.HK,2022-02-18,16.28,16.52,16.02,16.14,61347122
3690.HK,2022-02-18,217.4,221.0,182.0,188.0,82653856
9988.HK,2022-02-18,122.6,124.0,118.7,119.5,36059936
AAPL.US,2022-02-18,169.82,170.54,166.19,167.3,82772674
BABA.US,2022-02-18,120.88,120.88,117.2,118.99,21201449
JPM.US,2022-02-18,152.13,154.14,151.13,152.14,11733315
KO.US,2022-02-18,62.12,62.82,61.99,62.54,21975023
MSFT.US,2022-02-18,293.05,293.86,286.31,287.93,34264008
XOM.US,2022-02-18,77.16,78.17,76.89,77.36,23394776
0005.HK,2022-02-21,58.0,58.55,57.5,58.55,20272291
0700.HK,2022-02-21,464.2,466.8,440.6,445.4,46042457
1810.HK,2022-02-21,16.0,16.26,15.94,16.1,48069644
3690.HK,2022-02-21,178.0,194.1,178.0,180.5,80793669
9988.HK,2022-02-21,115.8,117.1,114.0,114.9,36333556
0005.HK,2022-02-22,57.5,57.75,56.2,56.45,41858089
0700.HK,2022-02-22,432.2,445.2,432.2,444.8,30562929
1810.HK,2022-02-22,15.8,15.9,15.46,15.62,89147153
3690.HK,2022-02-22,176.8,180.3,166.8,171.3,61729725
9988.HK,2022-02-22,109.0,111.9,108.8,111.4,43059975
AAPL.US,2022-02-22,164.98,166.69,162.15,164.32,91162758
BABA.US,2022-02-22,114.0,114.85,112.06,112.93,21755083
JPM.US,2022-02-22,150.6,153.24,150.41,151.87,11333475
KO.US,2022-02-22,62.43,62.64,61.72,62.28,21731388
MSFT.US,2022-02-22,285.0,291.54,284.5,287.72,41736117
XOM.US,2022-02-22,79.67,79.79,75.31,76.46,35947769
0005.HK,2022-02-23,57.85,58.2,57.5,58.1,32126802
0700.HK,2022-02-23,442.4,451.4,442.4,445.0,20241593
1810.HK,2022-02-23,15.76,15.86,15.62,15.76,72254717
3690.HK,2022-02-23,172.2,184.6,171.0,176.6,43212550
9988.HK,2022-02-23,110.0,113.3,110.0,112.4,27244901
AAPL.US,2022-02-23,165.54,166.15,159.75,160.07,90009247
BABA.US,2022-02-23,115.1,115.4,109.6,109.72,24489234
JPM.US,2022-02-23,153.12,153.3,147.97,148.69,11799031
KO.US,2022-02-23,62.24,62.33,61.34,61.59,19248474
MSFT.US,2022-02-23,290.18,291.7,280.1,280.27,37811167
XOM.US,2022-02-23,76.46,77.47,76.13,76.77,25385006
0005.HK,2022-02-24,57.6,57.75,55.7,56.15,40684122
0700.HK,2022-02-24,436.2,439.6,423.6,427.8,33972108
1810.HK,2022-02-24,15.5,15.7,14.86,14.96,108268171
3690.HK,2022-02-24,172.9,177.0,166.4,170.2,38922085
9988.HK,2022-02-24,107.5,108.4,103.6,104.9,64889871
AAPL.US,2022-02-24,152.58,162.85,152.0,162.74,141147540
BABA.US,2022-02-24,100.07,108.95,100.02,108.93,35294738
JPM.US,2022-02-24,142.94,144.99,139.78,144.55,25655100
KO.US,2022-02-24,59.97,60.62,59.22,60.51,27207444
MSFT.US,2022-02-24,272.51,295.16,271.52,294.59,56989686
XOM.US,2022-02-24,79.0,79.03,74.03,75.8,46199851
0005.HK,2022-02-25,54.2,54.75,53.2,54.75,47466421
0700.HK,2022-02-25,432.4,439.0,420.2,424.0,25527592
1810.HK,2022-02-25,14.96,15.14,14.48,14.74,115352246
3690.HK,2022-02-25,174.1,179.2,170.2,170.2,27281680
9988.HK,2022-02-25,107.4,108.2,104.9,105.3,42605788
AAPL.US,2022-02-25,163.84,165.12,160.87,164.85,91974222
BABA.US,2022-02-25,107.89,108.55,104.0,107.94,21428377
JPM.US,2022-02-25,145.25,150.13,144.91,147.97,18367679
KO.US,2022-02-25,60.94,62.9,60.92,62.85,21487796
MSFT.US,2022-02-25,295.14,297.63,291.66,297.31,32546721
XOM.US,2022-02-25,76.69,77.99,76.26,77.84,28310258
0005.HK,2022-02-28,55.7,55.7,53.8,54.1,37535471
0700.HK,2022-02-28,420.0,425.4,414.4,421.2,26849319
1810.HK,2022-02-28,14.82,14.84,14.38,14.66,98704507
3690.HK,2022-02-28,172.0,172.8,165.3,172.2,28598348
9988.HK,2022-02-28,103.3,104.2,100.7,104.2,56081193
AAPL.US,2022-02-28,163.06,165.42,162.43,165.12,95056629
BABA.US,2022-02-28,105.97,107.49,103.64,105.19,23063511
JPM.US,2022-02-28,143.55,145.06,140.88,141.8,31315344
KO.US,2022-02-28,61.65,62.34,61.41,62.24,25879116
MSFT.US,2022-02-28,294.31,299.14,293.0,298.79,34627457
XOM.US,2022-02-28,76.51,78.93,76.2,78.42,32204637
0005.HK,2022-03-01,54.05,54.15,53.2,54.0,16963545
0700.HK,2022-03-01,421.2,439.0,420.4,431.0,19308969
1810.HK,2022-03-01,14.66,14.82,14.5,14.68,49086772
3690.HK,2022-03-01,174.6,178.2,170.6,173.4,27631263
9988.HK,2022-03-01,102.2,104.8,101.9,103.8,30377847
AAPL.US,2022-03-01,164.7,166.6,161.97,163.2,83474425
BABA.US,2022-03-01,105.85,111.25,105.85,107.09,21218503
JPM.US,2022-03-01,140.04,140.48,133.58,136.45,36840448
KO.US,2022-03-01,62.14,62.75,61.51,61.97,15871088
MSFT.US,2022-03-01,296.4,299.97,292.15,294.95,31217778
XOM.US,2022-03-01,78.77,80.65,78.33,79.17,40002342
0005.HK,2022-03-02,52.1,52.3,50.85,51.2,45247755
0700.HK,2022-03-02,427.0,434.8,422.8,423.4,14011686
1810.HK,2022-03-02,14.62,14.96,14.6,14.82,64324653
3690.HK,2022-03-02,177.0,181.9,175.1,176.4,29068743
9988.HK,2022-03-02,103.9,106.6,103.9,103.9,32172998
AAPL.US,2022-03-02,164.39,167.36,162.95,166.56,79724750
BABA.US,2022-03-02,107.39,107.39,103.24,105.42,20791836
JPM.US,2022-03-02,137.29,140.04,136.61,139.28,19405581
KO.US,2022-03-02,62.23,62.88,61.78,62.43,17319120
MSFT.US,2022-03-02,295.36,301.47,293.7,300.19,31873007
XOM.US,2022-03-02,80.6,82.15,79.82,80.53,44321369
0005.HK,2022-03-03,52.6,53.4,52.05,53.3,29710818
0700.HK,2022-03-03,422.8,426.4,415.4,418.8,19870075
1810.HK,2022-03-03,14.96,14.98,14.6,14.72,59181317
3690.HK,2022-03-03,175.6,178.1,169.5,174.2,22115571
9988.HK,2022-03-03,103.5,104.5,103.0,104.4,23582886
AAPL.US,2022-03-03,168.47,168.91,165.55,166.23,76678441
BABA.US,2022-03-03,106.03,106.63,101.07,102.05,21725873
JPM.US,2022-03-03,139.84,140.98,137.06,138.29,16640804
KO.US,2022-03-03,62.61,63.02,62.29,62.47,21262797
MSFT.US,2022-03-03,302.89,303.13,294.05,295.92,27314469
XOM.US,2022-03-03,79.86,81.77,79.63,81.04,30196611
0005.HK,2022-03-04,50.9,51.85,50.9,51.5,63019166
0700.HK,2022-03-04,403.0,406.2,400.0,403.2,41553093
1810.HK,2022-03-04,14.24,14.3,13.7,13.96,172115195
3690.HK,2022-03-04,165.0,167.9,161.2,164.8,48303297
9988.HK,2022-03-04,98.2,100.2,98.2,99.0,67845622
AAPL.US,2022-03-04,164.49,165.55,162.1,163.17,83819592
BABA.US,2022-03-04,100.29,104.39,99.33,100.6,24591664
JPM.US,2022-03-04,134.94,135.42,132.4,134.4,21020675
KO.US,2022-03-04,61.46,62.59,61.2,62.57,17164633
MSFT.US,2022-03-04,294.29,295.66,287.17,289.86,32369655
XOM.US,2022-03-04,81.05,84.28,80.66,84.09,42844527
0005.HK,2022-03-07,48.2,48.7,47.75,47.85,98387101
0700.HK,2022-03-07,389.0,397.2,381.0,388.0,39878587
1810.HK,2022-03-07,13.4,13.92,13.04,13.68,186408382
3690.HK,2022-03-07,157.0,157.8,145.8,146.2,66684818
9988.HK,2022-03-07,96.25,98.0,93.4,96.0,59539428
AAPL.US,2022-03-07,163.36,165.02,159.04,159.3,96418845
BABA.US,2022-03-07,99.56,103.36,98.6,98.66,20679440
JPM.US,2022-03-07,132.17,132.69,128.95,129.21,27560052
KO.US,2022-03-07,62.01,62.07,60.72,61.08,29151418
MSFT.US,2022-03-07,288.53,289.69,278.53,278.91,43157178
XOM.US,2022-03-07,84.92,87.23,83.9,87.12,55207908
0005.HK,2022-03-08,48.35,48.8,47.6,48.0,37056910
0700.HK,2022-03-08,389.0,396.4,380.4,383.2,32260710
1810.HK,2022-03-08,13.7,13.98,12.9,12.94,179112275
3690.HK,2022-03-08,146.0,152.8,144.5,145.5,47995870
9988.HK,2022-03-08,97.55,99.95,95.8,96.9,49195657
AAPL.US,2022-03-08,158.82,162.88,155.8,157.44,131148280
BABA.US,2022-03-08,99.32,100.91,95.57,97.5,23275463
JPM.US,2022-03-08,129.64,131.79,127.27,128.3,19207816
KO.US,2022-03-08,61.45,61.54,58.59,58.66,30242133
MSFT.US,2022-03-08,277.8,283.96,270.0,275.85,48159475
XOM.US,2022-03-08,89.05,91.51,85.43,87.78,72082261
0005.HK,2022-03-09,48.8,49.45,48.15,49.25,40079196
0700.HK,2022-03-09,383.2,390.8,370.0,384.8,33209737
1810.HK,2022-03-09,13.08,13.54,12.74,13.3,168374161
3690.HK,2022-03-09,149.1,151.3,139.3,148.5,40551427
9988.HK,2022-03-09,96.9,97.35,92.6,96.25,60560894
AAPL.US,2022-03-09,161.48,163.41,159.41,162.95,91454905
BABA.US,2022-03-09,100.26,100.97,98.32,100.93,20853630
JPM.US,2022-03-09,132.9,135.24,132.44,133.44,17536202
KO.US,2022-03-09,59.82,59.84,58.66,58.96,23022696
MSFT.US,2022-03-09,283.44,289.6,280.78,288.5,35204480
XOM.US,2022-03-09,84.03,86.57,81.6,82.79,65466651
0005.HK,2022-03-10,49.55,49.65,48.35,49.15,32042021
0700.HK,2022-03-10,395.4,398.8,381.2,385.0,24062703
1810.HK,2022-03-10,13.8,13.9,13.38,13.58,81509483
3690.HK,2022-03-10,155.7,155.8,141.0,144.2,35919402
9988.HK,2022-03-10,99.7,99.7,94.4,96.1,46922499
AAPL.US,2022-03-10,160.2,160.39,155.98,158.52,105342033
BABA.US,2022-03-10,95.19,95.7,90.82,92.92,37671156
JPM.US,2022-03-10,131.86,133.45,130.33,131.86,15604247
KO.US,2022-03-10,58.48,58.66,57.5,57.88,20887284
MSFT.US,2022-03-10,283.02,286.6,280.58,285.59,30628012
XOM.US,2022-03-10,84.01,85.68,82.9,85.36,44644244
0005.HK,2022-03-11,48.5,49.1,47.9,48.85,23734051
0700.HK,2022-03-11,369.0,375.4,360.0,367.8,48435608
1810.HK,2022-03-11,12.98,13.88,12.86,13.66,137860658
3690.HK,2022-03-11,135.0,140.8,126.0,135.4,72625389
9988.HK,2022-03-11,90.55,92.15,88.05,90.8,74997978
AAPL.US,2022-03-11,158.93,159.28,154.5,154.73,96970102
BABA.US,2022-03-11,93.26,93.95,86.68,86.71,39341801
JPM.US,2022-03-11,132.49,134.08,128.42,128.89,20061789
KO.US,2022-03-11,57.96,58.85,57.86,57.92,19855646
MSFT.US,2022-03-11,287.96,289.51,279.43,280.07,27209330
XOM.US,2022-03-11,84.07,86.23,83.97,84.92,35303368
0005.HK,2022-03-14,48.85,49.65,48.6,49.6,30122708
0700.HK,2022-03-14,353.0,359.6,330.0,331.8,66910165
1810.HK,2022-03-14,13.44,13.48,12.36,12.48,169050905
3690.HK,2022-03-14,128.0,129.7,111.4,112.6,103004664
9988.HK,2022-03-14,86.15,86.6,80.25,80.9,99109140
AAPL.US,2022-03-14,151.45,154.12,150.1,150.62,108732111
BABA.US,2022-03-14,80.7,82.45,77.08,77.76,69992642
JPM.US,2022-03-14,129.46,132.92,129.23,130.17,15786898
KO.US,2022-03-14,57.97,59.04,57.97,58.54,17799380
MSFT.US,2022-03-14,280.34,285.4,275.82,276.44,30660747
XOM.US,2022-03-14,83.06,83.45,80.5,81.88,37462621
0005.HK,2022-03-15,49.8,49.8,48.55,49.2,44267673
0700.HK,2022-03-15,305.2,333.2,297.0,298.0,118398276
1810.HK,2022-03-15,11.86,12.92,11.38,11.5,267858299
3690.HK,2022-03-15,104.1,120.7,103.5,106.0,105044140
9988.HK,2022-03-15,73.8,79.35,71.0,71.25,166892058
AAPL.US,2022-03-15,150.9,155.57,150.38,155.09,92964302
BABA.US,2022-03-15,75.1,80.14,73.28,76.76,86209274
JPM.US,2022-03-15,131.8,133.55,131.13,132.48,15096604
KO.US,2022-03-15,59.08,59.89,58.98,59.62,18607191
MSFT.US,2022-03-15,280.35,287.82,278.73,287.15,34245085
XOM.US,2022-03-15,78.82,79.17,76.37,77.22,47957901
0005.HK,2022-03-16,49.7,49.75,48.15,49.2,43856918
0700.HK,2022-03-16,315.2,370.8,310.4,367.0,107736861
1810.HK,2022-03-16,12.02,13.46,11.84,13.4,277546915
3690.HK,2022-03-16,114.3,144.7,110.0,140.0,137116536
9988.HK,2022-03-16,74.5,91.05,73.7,90.7,159307067
AAPL.US,2022-03-16,157.05,160.0,154.46,159.59,102300157
BABA.US,2022-03-16,92.0,105.74,87.12,104.98,159834315
JPM.US,2022-03-16,134.87,138.49,134.43,138.4,20354896
KO.US,2022-03-16,59.78,59.94,58.61,59.46,17347253
MSFT.US,2022-03-16,289.11,294.57,283.2,294.39,37826329
XOM.US,2022-03-16,77.81,78.62,76.25,76.93,37812299
0005.HK,2022-03-17,50.5,51.6,49.75,51.2,41290933
0700.HK,2022-03-17,401.0,401.0,373.6,390.0,69692613
1810.HK,2022-03-17,14.5,14.5,13.42,13.94,209742078
3690.HK,2022-03-17,160.3,166.0,147.2,157.2,112339654
9988.HK,2022-03-17,104.0,104.0,95.3,102.0,147199025
AAPL.US,2022-03-17,158.61,161.0,157.63,160.62,75615376
BABA.US,2022-03-17,99.14,101.89,95.77,100.37,80663212
JPM.US,2022-03-17,136.86,140.19,135.92,140.15,17050454
KO.US,2022-03-17,59.46,60.14,59.23,60.09,15586228
MSFT.US,2022-03-17,293.29,295.61,289.37,295.22,30816633
XOM.US,2022-03-17,78.18,79.15,77.07,78.98,34041918
0005.HK,2022-03-18,51.2,51.75,50.8,51.4,21768112
0700.HK,2022-03-18,380.0,392.8,371.0,381.0,37714558
1810.HK,2022-03-18,13.82,13.82,13.04,13.52,154366597
3690.HK,2022-03-18,150.0,158.0,142.0,153.3,62369007
9988.HK,2022-03-18,97.15,100.2,95.0,98.35,69216323
AAPL.US,2022-03-18,160.51,164.48,159.76,163.98,123511692
BABA.US,2022-03-18,100.5,111.74,99.6,108.3,83781781
JPM.US,2022-03-18,140.19,140.85,138.46,140.1,23656519
KO.US,2022-03-18,60.3,60.3,59.71,60.1,30197775
MSFT.US,2022-03-18,295.37,301.0,292.73,300.43,43390625
XOM.US,2022-03-18,79.06,79.39,78.1,78.67,41461477
0005.HK,2022-03-21,51.55,51.6,50.85,51.35,14342896
0700.HK,2022-03-21,392.2,392.4,370.4,372.4,30703044
1810.HK,2022-03-21,13.88,13.9,13.2,13.38,98820089
3690.HK,2022-03-21,157.7,158.3,140.8,143.9,47464792
9988.HK,2022-03-21,104.8,104.8,97.25,99.1,78145126
AAPL.US,2022-03-21,163.51,166.35,163.02,165.38,95811352
BABA.US,2022-03-21,102.81,105.68,98.7,103.59,58882855
JPM.US,2022-03-21,140.35,140.76,138.73,139.65,12676051
KO.US,2022-03-21,60.5,61.1,60.25,60.58,17440141
MSFT.US,2022-03-21,298.89,300.14,294.9,299.16,28351245
XOM.US,2022-03-21,80.12,82.52,79.74,82.2,33089287
0005.HK,2022-03-22,51.35,52.65,51.35,52.35,21445004
0700.HK,2022-03-22,370.0,389.0,362.0,388.0,31006056
1810.HK,2022-03-22,13.5,14.2,13.36,14.2,119307537
3690.HK,2022-03-22,145.0,154.0,142.6,153.0,29758929
9988.HK,2022-03-22,102.3,111.4,102.1,110.2,82216795
AAPL.US,2022-03-22,165.51,169.42,164.91,168.82,81532007
BABA.US,2022-03-22,114.01,118.24,112.37,114.99,88193397
JPM.US,2022-03-22,142.27,143.93,141.72,142.62,13548587
KO.US,2022-03-22,60.93,60.95,60.06,60.8,17559539
MSFT.US,2022-03-22,299.8,305.0,298.77,304.06,27599689
XOM.US,2022-03-22,81.63,82.2,80.79,81.84,23132202
0005.HK,2022-03-23,53.15,53.5,52.9,53.15,25529261
0700.HK,2022-03-23,399.0,403.6,385.2,389.0,42256861
1810.HK,2022-03-23,15.04,15.48,14.7,14.78,285555532
3690.HK,2022-03-23,158.5,165.0,155.2,156.2,44059464
9988.HK,2022-03-23,114.6,119.4,112.5,117.6,109736384
AAPL.US,2022-03-23,167.99,172.64,167.65,170.21,98062674
BABA.US,2022-03-23,115.7,124.11,112.68,117.24,81605666
JPM.US,2022-03-23,140.98,141.59,139.2,139.78,12093218
KO.US,2022-03-23,60.75,60.98,60.0,60.4,15529244
MSFT.US,2022-03-23,300.51,303.23,297.72,299.49,25715377
XOM.US,2022-03-23,83.34,84.27,83.05,83.13,27716309
0005.HK,2022-03-24,52.65,52.75,52.05,52.7,11682674
0700.HK,2022-03-24,373.0,381.6,365.0,366.0,46931459
1810.HK,2022-03-24,14.82,15.02,14.34,14.5,120935081
3690.HK,2022-03-24,156.2,157.7,144.3,147.0,36791648
9988.HK,2022-03-24,116.4,119.0,113.5,113.8,56175392
AAPL.US,2022-03-24,171.06,174.14,170.21,174.07,90131418
BABA.US,2022-03-24,112.86,116.5,110.82,115.15,55850182
JPM.US,2022-03-24,140.3,140.71,139.11,140.69,10017625
KO.US,2022-03-24,60.64,61.02,60.46,60.98,13151348
MSFT.US,2022-03-24,299.14,304.2,298.32,304.1,24484456
XOM.US,2022-03-24,83.46,84.65,82.75,83.38,19871630
0005.HK,2022-03-25,53.05,53.45,52.7,52.8,14829385
0700.HK,2022-03-25,358.6,368.4,351.0,356.4,38297070
1810.HK,2022-03-25,14.44,14.94,14.26,14.42,136345667
3690.HK,2022-03-25,145.6,149.4,132.6,135.0,45154541
9988.HK,2022-03-25,111.4,113.5,104.8,107.4,59754137
AAPL.US,2022-03-25,173.88,175.28,172.75,174.72,80546156
BABA.US,2022-03-25,110.53,113.86,109.4,112.99,42396477
JPM.US,2022-03-25,141.09,143.18,140.8,141.92,8386416
KO.US,2022-03-25,61.12,61.61,61.05,61.53,12260747
MSFT.US,2022-03-25,305.23,305.5,299.29,303.68,22566453
XOM.US,2022-03-25,82.92,85.49,82.79,85.2,22408177
0005.HK,2022-03-28,53.2,53.85,53.1,53.75,15367982
0700.HK,2022-03-28,358.0,372.6,354.0,366.4,26933320
1810.HK,2022-03-28,14.28,14.62,13.82,14.48,98257431
3690.HK,2022-03-28,143.0,155.9,137.0,150.6,55833698
9988.HK,2022-03-28,107.4,113.5,106.1,111.1,35856686
AAPL.US,2022-03-28,172.17,175.73,172.0,175.6,90371916
BABA.US,2022-03-28,113.86,116.23,111.92,115.09,30168019
JPM.US,2022-03-28,140.0,140.97,137.9,140.87,10818077
KO.US,2022-03-28,61.53,61.94,61.21,61.92,11485219
MSFT.US,2022-03-28,304.33,310.8,304.33,310.7,29578188
XOM.US,2022-03-28,83.17,83.31,82.02,82.81,21552383
0005.HK,2022-03-29,53.3,53.55,52.8,53.5,11940218
0700.HK,2022-03-29,371.0,380.4,370.0,377.2,20901992
1810.HK,2022-03-29,14.48,14.58,13.38,14.12,336743632
3690.HK,2022-03-29,153.1,162.3,152.6,159.3,37739214
9988.HK,2022-03-29,112.7,114.8,112.2,113.5,28129247
AAPL.US,2022-03-29,176.69,179.01,176.34,178.96,100589440
BABA.US,2022-03-29,118.36,119.6,115.74,116.71,28060916
JPM.US,2022-03-29,143.35,143.6,140.24,141.18,11316503
KO.US,2022-03-29,62.21,62.53,61.74,62.16,14720572
MSFT.US,2022-03-29,313.91,315.82,309.05,315.41,30393403
XOM.US,2022-03-29,80.81,82.49,79.76,82.37,27036251
0005.HK,2022-03-30,53.8,54.45,53.75,53.95,20820331
0700.HK,2022-03-30,383.0,388.6,380.2,380.6,26951872
1810.HK,2022-03-30,14.3,14.46,14.0,14.16,123364635
3690.HK,2022-03-30,161.7,165.4,156.8,160.1,35317236
9988.HK,2022-03-30,115.0,115.7,112.6,113.9,43050119
AAPL.US,2022-03-30,178.55,179.61,176.7,177.77,92633154
BABA.US,2022-03-30,115.54,120.1,115.54,116.58,28381709
JPM.US,2022-03-30,141.9,142.12,139.91,140.54,8771027
KO.US,2022-03-30,62.01,62.21,61.56,62.21,13641002
MSFT.US,2022-03-30,313.76,315.95,311.58,313.86,28163555
XOM.US,2022-03-30,83.06,84.01,82.71,83.78,22079009
0005.HK,2022-03-31,53.95,54.3,53.8,54.2,12951991
0700.HK,2022-03-31,382.4,382.4,372.6,374.2,14589554
1810.HK,2022-03-31,14.12,14.2,13.8,13.94,65658906
3690.HK,2022-03-31,160.1,160.3,152.7,155.6,19121653
9988.HK,2022-03-31,114.9,114.9,109.7,112.1,26780152
AAPL.US,2022-03-31,177.84,178.03,174.4,174.61,103049285
BABA.US,2022-03-31,115.03,115.09,108.71,108.8,31240219
JPM.US,2022-03-31,139.83,140.35,136.26,136.32,17353942
KO.US,2022-03-31,62.22,62.64,62.0,62.0,16822902
MSFT.US,2022-03-31,313.9,315.14,307.89,308.31,33422070
XOM.US,2022-03-31,82.87,84.4,82.55,82.59,27861456
0005.HK,2022-04-01,53.7,54.35,53.4,54.35,8177523
0700.HK,2022-04-01,367.0,378.8,362.2,378.8,14496674
1810.HK,2022-04-01,13.64,13.82,13.38,13.78,66987879
3690.HK,2022-04-01,148.4,156.8,145.6,155.5,23095390
9988.HK,2022-04-01,106.8,109.7,105.7,109.7,38709405
AAPL.US,2022-04-01,174.03,174.88,171.94,174.31,78751328
BABA.US,2022-04-01,117.62,118.95,109.75,110.2,55873017
JPM.US,2022-04-01,137.4,137.41,133.8,135.31,15721297
KO.US,2022-04-01,62.33,62.95,62.09,62.87,12644879
MSFT.US,2022-04-01,309.37,310.13,305.54,309.42,27110529
XOM.US,2022-04-01,81.99,84.14,81.99,83.12,18671077
0005.HK,2022-04-04,54.3,54.35,53.8,54.05,10779509
0700.HK,2022-04-04,388.8,391.0,383.8,390.0,15665556
1810.HK,2022-04-04,13.78,14.06,13.72,14.04,60839903
3690.HK,2022-04-04,160.1,167.6,158.6,167.0,30498933
9988.HK,2022-04-04,110.6,114.6,110.0,113.7,41875311
AAPL.US,2022-04-04,174.57,178.49,174.44,178.44,76545983
BABA.US,2022-04-04,115.7,118.22,113.38,117.5,39118587
JPM.US,2022-04-04,134.12,136.94,132.89,135.91,17422937
KO.US,2022-04-04,62.6,62.79,61.72,62.54,11506554
MSFT.US,2022-04-04,310.09,315.11,309.71,314.97,24335868
XOM.US,2022-04-04,83.56,83.66,82.05,83.16,20880035
AAPL.US,2022-04-05,177.5,178.3,174.42,175.06,73401786
BABA.US,2022-04-05,115.0,115.0,110.23,111.0,35226039
JPM.US,2022-04-05,134.07,135.4,133.01,133.34,12110267
KO.US,2022-04-05,62.4,63.24,62.37,62.47,15721234
MSFT.US,2022-04-05,313.27,314.87,309.87,310.88,23156719
XOM.US,2022-04-05,83.5,85.07,82.56,82.73,21753103
0005.HK,2022-04-06,53.9,54.05,53.15,53.7,17097274
0700.HK,2022-04-06,383.0,385.0,380.0,381.0,17127923
1810.HK,2022-04-06,13.92,13.96,13.52,13.66,95404423
3690.HK,2022-04-06,160.0,165.4,158.8,160.9,29819804
9988.HK,2022-04-06,109.1,109.8,107.1,107.6,46638063
AAPL.US,2022-04-06,172.36,173.63,170.13,171.83,89058782
BABA.US,2022-04-06,109.24,109.47,106.12,107.68,23739792
JPM.US,2022-04-06,131.58,132.56,130.96,131.49,12914733
KO.US,2022-04-06,62.77,63.26,62.3,63.1,19267420
MSFT.US,2022-04-06,305.19,307.0,296.71,299.5,40110372
XOM.US,2022-04-06,83.42,84.7,82.94,83.65,24768200
0005.HK,2022-04-07,53.3,53.8,53.3,53.45,11573734
0700.HK,2022-04-07,375.6,383.6,373.8,374.4,15874056
1810.HK,2022-04-07,13.5,13.94,13.42,13.42,65456759
3690.HK,2022-04-07,158.2,172.5,157.6,159.3,36718605
9988.HK,2022-04-07,106.4,108.9,105.2,105.2,35575706
AAPL.US,2022-04-07,171.16,173.36,169.85,172.14,77594650
BABA.US,2022-04-07,106.68,107.53,102.61,104.27,26814264
JPM.US,2022-04-07,130.95,131.92,128.73,131.09,12994231
KO.US,2022-04-07,63.13,63.67,62.71,63.44,13960823
MSFT.US,2022-04-07,296.66,303.65,296.35,301.37,31411155
XOM.US,2022-04-07,83.83,85.44,82.71,85.05,26121980
0005.HK,2022-04-08,53.5,53.95,53.4,53.95,10357713
0700.HK,2022-04-08,370.0,372.2,366.0,369.6,19600870
1810.HK,2022-04-08,13.36,13.54,12.94,13.2,109115951
3690.HK,2022-04-08,154.1,158.1,152.0,156.5,22560050
9988.HK,2022-04-08,102.8,103.8,101.5,103.8,38153586
AAPL.US,2022-04-08,171.78,171.78,169.2,170.09,76575508
BABA.US,2022-04-08,104.48,106.47,103.33,103.53,20814870
JPM.US,2022-04-08,131.67,133.9,131.49,133.49,13126938
KO.US,2022-04-08,63.48,64.04,63.16,63.83,12703466
MSFT.US,2022-04-08,300.44,301.12,296.28,296.97,24361917
XOM.US,2022-04-08,85.17,87.21,85.17,86.84,24866507
0005.HK,2022-04-11,53.6,54.2,53.55,54.05,13750516
0700.HK,2022-04-11,366.0,366.2,353.0,353.6,22788891
1810.HK,2022-04-11,13.1,13.12,12.26,12.36,116988120
3690.HK,2022-04-11,150.1,151.6,146.0,147.5,28364129
9988.HK,2022-04-11,102.8,103.0,97.85,98.5,40131164
AAPL.US,2022-04-11,168.71,169.03,165.5,165.75,72246706
BABA.US,2022-04-11,101.09,103.92,99.16,101.55,23504132
JPM.US,2022-04-11,133.0,134.9,132.57,133.0,10466429
KO.US,2022-04-11,63.91,64.3,63.64,63.81,12720105
MSFT.US,2022-04-11,291.79,292.61,285.0,285.26,34569264
XOM.US,2022-04-11,85.78,85.93,83.5,83.85,21800100
0005.HK,2022-04-12,54.35,54.35,53.25,53.35,14864663
0700.HK,2022-04-12,363.8,372.6,358.6,366.4,26409818
1810.HK,2022-04-12,12.38,12.58,11.98,12.32,115468751
3690.HK,2022-04-12,147.0,159.2,145.2,153.9,36838492
9988.HK,2022-04-12,98.5,100.6,96.35,99.0,39683531
AAPL.US,2022-04-12,168.02,169.87,166.64,167.66,79265181
BABA.US,2022-04-12,101.18,102.33,99.39,99.75,23953624
JPM.US,2022-04-12,132.14,134.58,130.7,131.54,12989862
KO.US,2022-04-12,64.38,64.81,63.89,64.56,18089907
MSFT.US,2022-04-12,289.24,290.74,280.49,282.06,30966721
XOM.US,2022-04-12,85.71,86.82,85.38,85.6,22444175
0005.HK,2022-04-13,52.7,53.4,52.65,53.3,11761552
0700.HK,2022-04-13,366.0,379.0,361.8,373.6,21642119
1810.HK,2022-04-13,12.26,12.46,12.24,12.36,62393559
3690.HK,2022-04-13,150.1,157.5,150.1,154.1,20107516
9988.HK,2022-04-13,98.4,99.5,97.0,98.5,24650087
AAPL.US,2022-04-13,167.39,171.04,166.77,170.4,70618925
BABA.US,2022-04-13,99.24,101.35,98.21,100.03,18330407
JPM.US,2022-04-13,126.94,129.25,126.01,127.3,30838027
KO.US,2022-04-13,64.44,64.87,64.23,64.73,11882991
MSFT.US,2022-04-13,282.73,288.58,281.3,287.62,21907176
XOM.US,2022-04-13,86.61,87.11,85.19,86.81,19306829
0005.HK,2022-04-14,53.2,53.3,52.85,53.25,10408286
0700.HK,2022-04-14,378.8,379.0,372.6,374.4,15160373
1810.HK,2022-04-14,12.48,12.58,12.34,12.48,63457238
3690.HK,2022-04-14,156.5,157.4,153.6,155.2,21940716
9988.HK,2022-04-14,97.65,98.0,93.85,95.5,52348941
AAPL.US,2022-04-14,170.62,171.27,165.04,165.29,75329376
BABA.US,2022-04-14,97.29,99.27,95.31,95.49,20931243
JPM.US,2022-04-14,126.5,128.3,125.02,126.12,18835190
KO.US,2022-04-14,64.96,65.57,64.82,65.02,16388429
MSFT.US,2022-04-14,288.09,288.31,279.32,279.83,28221607
XOM.US,2022-04-14,86.67,88.46,86.23,87.83,24566440
AAPL.US,2022-04-18,163.92,166.6,163.57,165.07,69023941
BABA.US,2022-04-18,93.77,95.28,91.82,94.71,19159168
JPM.US,2022-04-18,125.67,129.24,125.54,128.46,11834444
KO.US,2022-04-18,64.77,65.18,64.18,64.44,11679372
MSFT.US,2022-04-18,278.91,282.46,278.34,280.52,20778000
XOM.US,2022-04-18,88.5,88.89,87.75,88.55,19032299
0005.HK,2022-04-19,52.8,53.5,52.35,53.45,14672531
0700.HK,2022-04-19,365.8,367.6,361.0,364.0,17741106
1810.HK,2022-04-19,12.3,12.44,12.0,12.04,68449463
3690.HK,2022-04-19,146.5,151.7,144.7,146.0,30988940
9988.HK,2022-04-19,92.55,93.45,90.9,91.5,34060706
AAPL.US,2022-04-19,165.02,167.82,163.91,167.4,67723833
BABA.US,2022-04-19,92.29,93.95,90.95,93.5,23869961
JPM.US,2022-04-19,128.45,131.32,128.23,131.12,15015448
KO.US,2022-04-19,64.5,65.25,64.44,65.07,11993775
MSFT.US,2022-04-19,279.38,286.17,278.41,285.3,22297720
XOM.US,2022-04-19,88.01,88.66,87.27,87.76,20382626
0005.HK,2022-04-20,53.45,54.1,53.3,53.95,12920024
0700.HK,2022-04-20,364.6,368.8,361.6,362.0,10853604
1810.HK,2022-04-20,12.02,12.42,11.98,12.02,85137443
3690.HK,2022-04-20,147.4,148.7,144.4,144.9,19599415
9988.HK,2022-04-20,91.1,92.95,90.3,90.7,24190299
AAPL.US,2022-04-20,168.76,168.88,166.1,167.23,67929814
BABA.US,2022-04-20,93.48,93.7,89.27,89.41,20949708
JPM.US,2022-04-20,132.52,133.51,131.34,131.58,13430189
KO.US,2022-04-20,65.44,66.24,65.4,65.96,14827073
MSFT.US,2022-04-20,289.4,289.7,285.37,286.36,22906667
XOM.US,2022-04-20,87.97,88.5,87.3,87.96,20689408
0005.HK,2022-04-21,54.7,55.1,54.55,55.0,24207791
0700.HK,2022-04-21,352.0,356.2,343.0,348.0,25738562
1810.HK,2022-04-21,11.96,12.04,11.42,11.52,123909323
3690.HK,2022-04-21,139.0,140.6,132.8,137.8,46359101
9988.HK,2022-04-21,88.75,89.7,86.5,87.9,37481397
AAPL.US,2022-04-21,168.91,171.53,165.91,166.42,87227768
BABA.US,2022-04-21,89.55,90.01,85.4,85.99,25639027
JPM.US,2022-04-21,132.22,132.81,129.96,130.56,12174182
KO.US,2022-04-21,65.98,67.0,65.72,66.21,15120412
MSFT.US,2022-04-21,288.58,293.3,280.06,280.81,29454587
XOM.US,2022-04-21,88.95,89.8,86.79,87.03,29010859
0005.HK,2022-04-22,54.0,54.35,53.5,54.15,15424898
0700.HK,2022-04-22,334.8,343.0,334.2,340.6,28031299
1810.HK,2022-04-22,11.3,11.76,11.14,11.62,103248009
3690.HK,2022-04-22,130.1,143.3,130.1,141.4,32263734
9988.HK,2022-04-22,83.5,87.35,83.4,86.65,33414007
AAPL.US,2022-04-22,166.46,167.87,161.5,161.79,84882424
BABA.US,2022-04-22,86.5,90.68,86.31,86.49,25130266
JPM.US,2022-04-22,130.28,130.52,126.69,126.81,14318842
KO.US,2022-04-22,66.08,66.34,65.18,65.25,14902199
MSFT.US,2022-04-22,281.68,283.2,273.38,274.03,29405798
XOM.US,2022-04-22,86.66,88.12,85.0,85.13,23591604
0005.HK,2022-04-25,52.6,52.65,50.9,51.65,34714858
0700.HK,2022-04-25,332.2,338.6,325.2,327.4,25788422
1810.HK,2022-04-25,11.46,11.46,10.82,10.92,125362903
3690.HK,2022-04-25,138.3,145.6,135.0,138.6,35712522
9988.HK,2022-04-25,84.8,84.95,81.2,81.85,43001305
AAPL.US,2022-04-25,161.12,163.17,158.46,162.88,96046376
BABA.US,2022-04-25,82.7,86.17,81.8,85.84,24673982
JPM.US,2022-04-25,126.01,127.12,123.11,126.77,17149031
KO.US,2022-04-25,67.0,67.2,64.78,65.94,25082000
MSFT.US,2022-04-25,273.29,281.11,270.77,280.72,35678852
XOM.US,2022-04-25,82.37,82.66,79.29,82.26,37698264
0005.HK,2022-04-26,50.85,51.35,48.8,49.5,44212494
0700.HK,2022-04-26,332.2,341.6,330.6,335.8,27288328
1810.HK,2022-04-26,11.02,11.22,10.78,10.86,95712222
3690.HK,2022-04-26,141.9,150.8,141.9,145.3,35974757
9988.HK,2022-04-26,84.5,87.9,83.75,84.9,38304821
AAPL.US,2022-04-26,162.25,162.34,156.72,156.8,95623240
BABA.US,2022-04-26,85.87,86.24,83.28,83.99,21194574
JPM.US,2022-04-26,124.64,126.41,122.87,123.02,17209535
KO.US,2022-04-26,65.52,66.37,65.04,65.05,21982605
MSFT.US,2022-04-26,277.5,278.36,270.0,270.22,46518445
XOM.US,2022-04-26,82.73,84.72,82.18,82.29,28941487
0005.HK,2022-04-27,47.25,48.7,47.25,48.1,38716435
0700.HK,2022-04-27,332.0,338.6,328.2,334.8,23408627
1810.HK,2022-04-27,10.74,11.34,10.64,11.2,125659368
3690.HK,2022-04-27,144.6,156.0,142.5,147.9,52702988
9988.HK,2022-04-27,84.35,85.45,83.0,84.55,27917828
AAPL.US,2022-04-27,155.91,159.79,155.38,156.57,88063191
BABA.US,2022-04-27,85.32,89.41,84.78,88.32,29351561
JPM.US,2022-04-27,122.33,123.56,121.22,121.42,17215247
KO.US,2022-04-27,65.0,66.28,65.0,65.56,16971010
MSFT.US,2022-04-27,282.1,290.97,279.16,283.22,63477694
XOM.US,2022-04-27,83.39,85.48,82.28,84.64,32773024
0005.HK,2022-04-28,47.85,49.0,47.6,48.85,21296464
0700.HK,2022-04-28,340.6,340.6,331.2,339.8,21233188
1810.HK,2022-04-28,11.2,11.36,11.02,11.36,71601177
3690.HK,2022-04-28,152.1,152.1,144.2,148.9,25114706
9988.HK,2022-04-28,88.0,88.55,86.3,88.25,40675166
AAPL.US,2022-04-28,159.25,164.52,158.93,163.64,130216792
BABA.US,2022-04-28,88.62,90.98,86.94,90.91,17707498
JPM.US,2022-04-28,122.81,123.65,121.14,123.34,13019941
KO.US,2022-04-28,64.66,66.28,64.5,66.19,22020524
MSFT.US,2022-04-28,285.19,290.98,281.46,289.63,33646570
XOM.US,2022-04-28,84.88,88.14,84.07,87.2,33683758
0005.HK,2022-04-29,48.45,48.8,47.85,48.55,25095530
0700.HK,2022-04-29,339.0,388.0,337.4,377.4,47467097
1810.HK,2022-04-29,11.2,12.22,11.2,12.2,124067524
3690.HK,2022-04-29,150.4,177.8,145.5,172.0,88434684
9988.HK,2022-04-29,88.25,103.8,87.15,102.1,102134425
AAPL.US,2022-04-29,161.84,166.2,157.25,157.65,131747571
BABA.US,2022-04-29,101.53,103.52,96.66,97.09,44933353
JPM.US,2022-04-29,123.05,123.61,118.9,119.36,14874811
KO.US,2022-04-29,65.87,66.03,64.49,64.61,20137147
MSFT.US,2022-04-29,288.61,289.88,276.5,277.52,37073923
XOM.US,2022-04-29,88.14,88.14,84.7,85.25,34656462
AAPL.US,2022-05-02,156.71,158.23,153.27,157.96,123055265
BABA.US,2022-05-02,96.41,101.32,95.15,101.21,25479548
JPM.US,2022-05-02,119.88,120.71,118.22,120.45,18544958
KO.US,2022-05-02,65.28,65.31,62.58,63.44,24970311
MSFT.US,2022-05-02,277.71,284.94,276.22,284.47,35151105
XOM.US,2022-05-02,85.01,87.04,84.63,86.41,36335203
0005.HK,2022-05-03,48.55,50.25,48.15,49.8,24035559
0700.HK,2022-05-03,379.0,384.8,365.4,380.0,25571291
1810.HK,2022-05-03,11.58,11.9,11.4,11.66,75537344
3690.HK,2022-05-03,173.9,178.0,165.9,172.4,38798509
9988.HK,2022-05-03,100.0,103.1,92.5,100.3,103238870
AAPL.US,2022-05-03,158.15,160.71,156.32,159.48,88966526
BABA.US,2022-05-03,100.13,102.69,99.43,100.38,15216107
JPM.US,2022-05-03,121.53,124.17,120.78,123.03,15720935
KO.US,2022-05-03,63.72,63.94,62.67,63.08,21686339
MSFT.US,2022-05-03,283.96,284.13,280.15,281.78,25978605
XOM.US,2022-05-03,86.26,88.78,86.12,88.19,33908096
0005.HK,2022-05-04,50.8,51.35,50.5,50.75,16374927
0700.HK,2022-05-04,374.4,375.8,366.2,368.4,14101831
1810.HK,2022-05-04,11.66,11.82,11.3,11.38,55584992
3690.HK,2022-05-04,169.3,169.9,161.6,164.5,22784991
9988.HK,2022-05-04,98.5,98.55,95.85,96.55,29177225
AAPL.US,2022-05-04,159.67,166.48,159.26,166.02,108256503
BABA.US,2022-05-04,97.72,101.57,96.61,101.41,17740624
JPM.US,2022-05-04,122.8,127.4,122.74,127.1,17128535
KO.US,2022-05-04,63.0,65.12,62.94,65.03,19780191
MSFT.US,2022-05-04,282.59,290.88,276.73,289.98,33599320
XOM.US,2022-05-04,89.5,91.88,88.91,91.7,46188367
0005.HK,2022-05-05,51.7,51.8,50.35,50.45,16192094
0700.HK,2022-05-05,375.8,378.0,366.4,366.4,21393922
1810.HK,2022-05-05,11.58,11.84,11.54,11.58,84906330
3690.HK,2022-05-05,170.4,173.4,164.3,164.7,39710521
9988.HK,2022-05-05,99.5,101.1,96.2,96.7,27991225
AAPL.US,2022-05-05,163.85,164.08,154.95,156.77,130525275
BABA.US,2022-05-05,97.94,98.47,94.05,94.64,18673098
JPM.US,2022-05-05,125.25,126.1,122.16,123.92,15055401
KO.US,2022-05-05,64.69,65.03,64.01,64.51,20155236
MSFT.US,2022-05-05,285.54,286.35,274.34,277.35,43260386
XOM.US,2022-05-05,92.04,92.05,88.39,90.31,41013416
0005.HK,2022-05-06,49.0,49.8,48.5,49.0,22019352
0700.HK,2022-05-06,352.6,355.4,347.0,349.2,22923262
1810.HK,2022-05-06,11.1,11.26,10.96,11.1,95199165
3690.HK,2022-05-06,155.0,161.3,153.0,157.0,38554679
9988.HK,2022-05-06,92.05,92.85,89.3,90.35,50887668
AAPL.US,2022-05-06,156.01,159.44,154.18,157.28,116124647
BABA.US,2022-05-06,93.36,93.86,88.71,90.05,18568583
JPM.US,2022-05-06,123.8,124.29,121.18,123.72,14417942
KO.US,2022-05-06,64.2,65.31,64.07,64.74,18984019
MSFT.US,2022-05-06,274.81,279.25,271.27,274.73,37780322
XOM.US,2022-05-06,90.98,91.82,89.35,91.69,29619347
AAPL.US,2022-05-09,154.93,155.83,151.49,152.06,131577921
BABA.US,2022-05-09,86.96,88.6,84.43,84.84,23338572
JPM.US,2022-05-09,122.11,123.33,120.5,121.86,14312300
KO.US,2022-05-09,64.47,65.37,64.04,64.61,20055332
MSFT.US,2022-05-09,270.06,272.36,263.32,264.58,47725952
XOM.US,2022-05-09,89.44,89.56,84.02,84.46,45851625
0005.HK,2022-05-10,47.55,48.7,47.2,48.45,18037551
0700.HK,2022-05-10,332.0,345.4,330.0,341.2,28398736
1810.HK,2022-05-10,10.64,10.98,10.36,10.82,92534305
3690.HK,2022-05-10,146.0,155.4,144.0,151.8,46205079
9988.HK,2022-05-10,83.5,87.2,83.15,86.0,64139439
AAPL.US,2022-05-10,155.52,156.74,152.93,154.51,115366736
BABA.US,2022-05-10,88.64,88.64,83.51,84.57,23400882
JPM.US,2022-05-10,123.11,123.78,117.56,118.89,16382441
KO.US,2022-05-10,64.5,65.32,63.85,64.01,21322216
MSFT.US,2022-05-10,271.69,273.75,265.07,269.5,39336424
XOM.US,2022-05-10,85.64,86.89,83.52,85.02,34483209
0005.HK,2022-05-11,48.2,48.55,47.9,48.4,11727920
0700.HK,2022-05-11,339.6,362.0,339.6,350.4,24348791
1810.HK,2022-05-11,10.72,11.28,10.42,11.0,119990850
3690.HK,2022-05-11,149.4,168.6,149.0,161.4,46522147
9988.HK,2022-05-11,83.7,87.95,83.6,85.65,63211009
AAPL.US,2022-05-11,153.5,155.45,145.81,146.5,142689825
BABA.US,2022-05-11,85.51,87.52,81.47,81.73,24962414
JPM.US,2022-05-11,119.3,122.89,117.94,118.14,14630299
KO.US,2022-05-11,64.33,65.2,63.96,64.31,19648404
MSFT.US,2022-05-11,265.68,271.36,259.3,260.55,48975898
XOM.US,2022-05-11,86.43,88.94,86.28,86.79,33020628
0005.HK,2022-05-12,47.8,47.95,46.5,46.75,28766863
0700.HK,2022-05-12,342.8,352.2,341.8,344.2,20022898
1810.HK,2022-05-12,10.8,10.96,10.3,10.36,132336455
3690.HK,2022-05-12,156.9,166.4,154.3,157.0,47512447
9988.HK,2022-05-12,81.85,82.55,79.9,80.0,69966835
AAPL.US,2022-05-12,142.77,146.2,138.8,142.56,182602041
BABA.US,2022-05-12,80.68,83.12,78.01,81.09,23833077
JPM.US,2022-05-12,117.0,118.32,115.37,118.04,16318801
KO.US,2022-05-12,64.16,64.53,63.21,64.51,22574724
MSFT.US,2022-05-12,257.69,259.88,250.02,255.35,51033802
XOM.US,2022-05-12,85.95,86.38,83.4,86.3,29491522
0005.HK,2022-05-13,46.75,47.85,46.55,47.75,19133351
0700.HK,2022-05-13,350.0,357.2,350.0,354.4,19487577
1810.HK,2022-05-13,10.46,11.06,10.46,11.04,124732458
3690.HK,2022-05-13,161.8,168.2,159.7,167.6,41625770
9988.HK,2022-05-13,82.2,82.85,81.25,82.2,53688518
AAPL.US,2022-05-13,144.59,148.11,143.11,147.11,113990852
BABA.US,2022-05-13,82.12,88.36,82.0,87.99,20078383
JPM.US,2022-05-13,119.41,120.25,117.96,119.09,10443203
KO.US,2022-05-13,64.81,65.8,64.12,65.72,16166956
MSFT.US,2022-05-13,257.35,263.04,255.35,261.12,34925093
XOM.US,2022-05-13,87.36,88.95,86.35,88.86,25798443
0005.HK,2022-05-16,47.6,48.15,47.5,47.9,10970715
0700.HK,2022-05-16,360.0,362.4,347.2,350.0,15558023
1810.HK,2022-05-16,11.18,11.36,10.94,11.12,79669228
3690.HK,2022-05-16,172.3,172.6,159.3,163.5,34701721
9988.HK,2022-05-16,86.0,86.25,83.1,84.6,37186669
AAPL.US,2022-05-16,145.55,147.52,144.18,145.54,86643781
BABA.US,2022-05-16,87.7,89.08,86.34,86.48,19644809
JPM.US,2022-05-16,118.54,119.46,117.23,118.26,10269025
KO.US,2022-05-16,65.44,66.38,65.44,65.96,13223177
MSFT.US,2022-05-16,259.96,265.82,255.78,261.5,32550933
XOM.US,2022-05-16,88.98,91.98,88.97,90.95,26101216
0005.HK,2022-05-17,48.0,48.75,48.0,48.6,15919362
0700.HK,2022-05-17,354.4,369.4,354.4,368.4,30117051
1810.HK,2022-05-17,11.34,11.76,11.24,11.72,120318726
3690.HK,2022-05-17,168.3,175.6,166.0,173.7,46239919
9988.HK,2022-05-17,87.5,91.8,86.65,90.55,65364000
AAPL.US,2022-05-17,148.86,149.77,146.68,149.24,78336254
BABA.US,2022-05-17,92.75,94.48,89.54,91.99,27330326
JPM.US,2022-05-17,121.04,122.97,120.81,122.18,11160151
KO.US,2022-05-17,66.1,66.1,65.01,65.78,21300589
MSFT.US,2022-05-17,266.11,268.33,262.46,266.82,28828799
XOM.US,2022-05-17,91.73,92.45,91.12,92.11,23120664
0005.HK,2022-05-18,48.6,48.9,48.05,48.35,17168449
0700.HK,2022-05-18,375.2,375.2,358.0,365.6,28343560
1810.HK,2022-05-18,11.48,11.78,11.46,11.66,90055588
3690.HK,2022-05-18,174.0,174.9,167.0,172.0,36512734
9988.HK,2022-05-18,90.55,90.55,87.8,90.0,40887159
AAPL.US,2022-05-18,146.85,147.36,139.9,140.82,109742890
BABA.US,2022-05-18,90.0,91.64,87.0,87.31,18991274
JPM.US,2022-05-18,121.3,121.97,119.53,120.09,12664912
KO.US,2022-05-18,65.42,65.52,60.96,61.2,31437307
MSFT.US,2022-05-18,263.0,263.6,252.77,254.08,31355985
XOM.US,2022-05-18,92.51,92.92,89.83,90.65,25451243
0005.HK,2022-05-19,48.0,48.05,47.35,47.55,19941600
0700.HK,2022-05-19,342.0,343.6,334.0,341.8,60149532
1810.HK,2022-05-19,11.16,11.4,11.0,11.08,117817978
3690.HK,2022-05-19,165.0,167.8,160.1,165.5,37890659
9988.HK,2022-05-19,85.0,85.4,82.75,83.35,63967045
AAPL.US,2022-05-19,139.88,141.66,136.6,137.35,136095640
BABA.US,2022-05-19,86.18,90.09,85.74,87.69,20776427
JPM.US,2022-05-19,118.19,119.65,117.63,118.31,12765769
KO.US,2022-05-19,60.96,60.96,59.66,60.0,31493882
MSFT.US,2022-05-19,253.9,257.67,251.88,253.14,32692286
XOM.US,2022-05-19,89.0,92.3,89.0,91.14,24387369
0005.HK,2022-05-20,48.35,48.65,47.85,48.45,23670727
0700.HK,2022-05-20,348.0,354.8,346.0,352.2,28325659
1810.HK,2022-05-20,11.4,11.78,11.34,11.74,132030953
3690.HK,2022-05-20,171.1,174.5,169.1,173.0,28364485
9988.HK,2022-05-20,86.3,88.8,85.6,88.05,37411832
AAPL.US,2022-05-20,139.09,140.7,132.61,137.59,137426125
BABA.US,2022-05-20,88.7,90.17,84.73,86.79,21020833
JPM.US,2022-05-20,119.46,119.67,115.02,117.34,13150099
KO.US,2022-05-20,60.49,61.24,59.66,60.98,29133763
MSFT.US,2022-05-20,257.24,258.54,246.44,252.56,39199279
XOM.US,2022-05-20,91.93,93.59,90.4,91.86,28795031
0005.HK,2022-05-23,48.3,48.65,47.95,48.45,14406943
0700.HK,2022-05-23,349.6,350.6,342.0,346.8,17034672
1810.HK,2022-05-23,11.58,11.78,11.34,11.5,59939662
3690.HK,2022-05-23,172.5,173.7,165.5,167.7,28566571
9988.HK,2022-05-23,86.2,86.55,83.85,85.1,48116001
AAPL.US,2022-05-23,137.79,143.26,137.65,143.11,117726265
BABA.US,2022-05-23,87.06,87.42,84.76,87.23,13998246
JPM.US,2022-05-23,120.46,126.57,120.45,124.6,24376725
KO.US,2022-05-23,61.65,63.1,61.59,62.86,19406880
MSFT.US,2022-05-23,255.49,261.5,253.43,260.65,33175379
XOM.US,2022-05-23,92.66,94.77,92.55,93.89,27239334
0005.HK,2022-05-24,49.15,49.55,48.6,49.4,19894498
0700.HK,2022-05-24,342.8,347.6,336.4,338.0,19699960
1810.HK,2022-05-24,11.36,11.64,11.04,11.16,67194425
3690.HK,2022-05-24,167.5,169.4,156.0,159.6,34499947
9988.HK,2022-05-24,84.8,86.3,82.9,83.6,41592157
AAPL.US,2022-05-24,140.81,141.97,137.33,140.36,104132756
BABA.US,2022-05-24,84.99,85.12,81.54,82.47,15214413
JPM.US,2022-05-24,124.36,127.49,123.11,126.36,19324922
KO.US,2022-05-24,62.88,64.19,62.75,64.02,16154240
MSFT.US,2022-05-24,257.89,261.33,253.5,259.62,29043904
XOM.US,2022-05-24,92.82,94.79,92.32,94.4,24293327
0005.HK,2022-05-25,50.95,51.55,50.75,50.95,36012327
0700.HK,2022-05-25,334.8,339.8,334.0,334.0,21553207
1810.HK,2022-05-25,11.16,11.34,11.08,11.22,55449316
3690.HK,2022-05-25,159.3,163.4,156.2,159.7,23534891
9988.HK,2022-05-25,82.0,84.15,81.35,82.35,39360501
AAPL.US,2022-05-25,138.43,141.79,138.34,140.52,92482716
BABA.US,2022-05-25,83.72,84.07,81.07,82.31,23093704
JPM.US,2022-05-25,126.28,127.86,125.17,127.24,12780385
KO.US,2022-05-25,64.0,64.48,63.6,64.07,15360489
MSFT.US,2022-05-25,258.14,264.58,257.13,262.52,28547947
XOM.US,2022-05-25,94.58,96.53,94.47,96.3,29947847
0005.HK,2022-05-26,51.7,51.7,50.45,51.2,21990168
0700.HK,2022-05-26,335.0,335.8,330.0,334.2,18496371
1810.HK,2022-05-26,11.3,11.46,11.08,11.3,54816444
3690.HK,2022-05-26,161.7,161.8,152.4,158.6,22184712
9988.HK,2022-05-26,82.0,82.0,79.65,81.1,44520428
AAPL.US,2022-05-26,137.39,144.34,137.14,143.78,90601548
BABA.US,2022-05-26,87.3,95.09,86.73,94.48,50825030
JPM.US,2022-05-26,128.37,130.19,128.21,129.44,15990944
KO.US,2022-05-26,64.07,65.1,63.96,64.3,16159829
MSFT.US,2022-05-26,262.27,267.11,261.43,265.9,25002105
XOM.US,2022-05-26,96.6,97.43,96.2,96.64,24314829
0005.HK,2022-05-27,51.5,52.2,51.35,51.95,27962499
0700.HK,2022-05-27,345.6,347.8,338.2,341.8,20760810
1810.HK,2022-05-27,11.68,11.76,11.32,11.6,71705705
3690.HK,2022-05-27,166.5,169.4,160.9,163.9,32424080
9988.HK,2022-05-27,91.0,92.4,89.85,91.0,94943603
AAPL.US,2022-05-27,145.39,149.66,145.26,149.64,90978504
BABA.US,2022-05-27,92.21,94.5,90.37,93.41,26715972
JPM.US,2022-05-27,130.16,131.27,129.14,131.27,11177759
KO.US,2022-05-27,64.26,64.83,64.14,64.68,17708983
MSFT.US,2022-05-27,268.48,273.34,267.56,273.24,26910806
XOM.US,2022-05-27,95.95,97.93,95.3,97.59,25588794
0005.HK,2022-05-30,52.6,52.9,52.4,52.4,26267279
0700.HK,2022-05-30,345.8,351.2,344.4,350.0,22298377
1810.HK,2022-05-30,11.76,12.04,11.62,12.02,106393844
3690.HK,2022-05-30,168.8,176.8,167.9,175.1,44394745
9988.HK,2022-05-30,91.7,94.9,91.3,94.9,58244941
0005.HK,2022-05-31,52.25,52.3,51.6,52.1,17715751
0700.HK,2022-05-31,349.0,363.0,346.4,362.4,64756621
1810.HK,2022-05-31,12.12,12.14,11.82,12.14,170918224
3690.HK,2022-05-31,174.7,187.1,173.7,187.0,52536707
9988.HK,2022-05-31,94.6,97.5,93.1,96.25,87590516
AAPL.US,2022-05-31,149.07,150.66,146.84,148.84,103718805
BABA.US,2022-05-31,98.33,99.32,95.45,96.05,33790023
JPM.US,2022-05-31,130.18,133.15,129.71,132.23,17015042
KO.US,2022-05-31,64.08,64.32,63.05,63.38,43159048
MSFT.US,2022-05-31,272.53,274.77,268.93,271.87,37827695
XOM.US,2022-05-31,98.56,99.78,95.71,96.0,44888128
0005.HK,2022-06-01,52.2,52.75,52.2,52.5,21240457
0700.HK,2022-06-01,362.0,366.2,357.8,360.4,26920272
1810.HK,2022-06-01,12.16,12.24,11.88,12.16,77546267
3690.HK,2022-06-01,184.7,187.3,178.8,182.5,28745719
9988.HK,2022-06-01,96.0,96.2,94.0,94.6,34758451
AAPL.US,2022-06-01,149.9,151.74,147.68,148.71,74286635
BABA.US,2022-06-01,95.9,96.93,91.88,93.38,23730920
JPM.US,2022-06-01,132.87,132.87,128.67,129.91,10768023
KO.US,2022-06-01,63.42,63.68,62.13,63.07,15408313
MSFT.US,2022-06-01,275.2,277.69,270.04,272.42,25292174
XOM.US,2022-06-01,97.02,98.71,96.62,97.84,25815365
0005.HK,2022-06-02,51.95,52.3,51.8,52.3,9859724
0700.HK,2022-06-02,355.0,360.6,353.8,359.0,14182488
1810.HK,2022-06-02,11.92,12.04,11.86,11.96,64232985
3690.HK,2022-06-02,178.5,183.6,175.6,180.2,27650843
9988.HK,2022-06-02,91.75,93.0,91.0,92.3,38921083
AAPL.US,2022-06-02,147.83,151.27,146.86,151.21,72348055
BABA.US,2022-06-02,93.67,97.63,93.4,97.5,23228126
JPM.US,2022-06-02,129.9,132.01,128.67,132.0,8374794
KO.US,2022-06-02,63.18,63.74,62.11,63.73,14585979
MSFT.US,2022-06-02,264.45,274.65,261.6,274.58,44008209
XOM.US,2022-06-02,97.29,98.1,96.79,97.67,19089105
AAPL.US,2022-06-03,146.9,147.97,144.46,145.38,88570289
BABA.US,2022-06-03,95.15,96.0,93.02,93.21,15855929
JPM.US,2022-06-03,131.21,131.77,129.99,130.16,8596022
KO.US,2022-06-03,63.57,63.63,62.81,62.97,13539857
MSFT.US,2022-06-03,270.31,273.45,268.41,270.02,28058958
XOM.US,2022-06-03,97.9,99.66,97.9,99.09,21038164
0005.HK,2022-06-06,52.3,52.7,51.45,52.65,15914549
0700.HK,2022-06-06,362.0,369.4,356.0,367.6,23900121
1810.HK,2022-06-06,11.96,12.34,11.76,12.34,86181852
3690.HK,2022-06-06,192.0,198.1,187.2,198.1,52844539
9988.HK,2022-06-06,92.85,98.6,91.25,96.95,61560025
AAPL.US,2022-06-06,147.03,148.57,144.9,146.14,71598391
BABA.US,2022-06-06,99.64,102.42,97.92,99.01,37287194
JPM.US,2022-06-06,131.09,132.39,129.46,129.73,11323459
KO.US,2022-06-06,63.33,63.77,62.66,62.87,15112806
MSFT.US,2022-06-06,272.06,274.18,267.22,268.75,22400342
XOM.US,2022-06-06,99.18,99.78,98.67,98.84,20682050
0005.HK,2022-06-07,51.8,52.3,51.5,51.75,15184480
0700.HK,2022-06-07,372.0,374.8,363.0,367.6,27086986
1810.HK,2022-06-07,12.1,12.42,11.96,12.14,93985822
3690.HK,2022-06-07,197.6,202.4,193.4,199.0,36520966
9988.HK,2022-06-07,96.95,101.8,96.15,98.8,88847430
AAPL.US,2022-06-07,144.35,149.0,144.1,148.71,67808152
BABA.US,2022-06-07,99.99,104.46,99.42,104.32,35958730
JPM.US,2022-06-07,128.83,130.32,128.62,130.07,6722167
KO.US,2022-06-07,62.38,63.37,62.22,63.25,17886319
MSFT.US,2022-06-07,266.64,273.13,266.03,272.5,22860827
XOM.US,2022-06-07,99.7,103.43,99.49,103.37,37810233
0005.HK,2022-06-08,52.0,52.1,51.0,51.25,20744261
0700.HK,2022-06-08,375.0,391.4,373.2,391.4,47476909
1810.HK,2022-06-08,12.28,12.58,12.16,12.58,140043896
3690.HK,2022-06-08,204.4,210.0,202.4,208.2,49529296
9988.HK,2022-06-08,103.4,110.4,102.5,108.8,116293353
AAPL.US,2022-06-08,148.58,149.87,147.46,147.96,53950201
BABA.US,2022-06-08,108.26,121.06,107.81,119.62,92336977
JPM.US,2022-06-08,129.0,129.45,126.9,128.0,8422110
KO.US,2022-06-08,62.99,63.21,62.56,62.89,10211450
MSFT.US,2022-06-08,271.71,273.0,269.61,270.41,17372341
XOM.US,2022-06-08,103.49,105.57,102.98,104.59,31613155
0005.HK,2022-06-09,50.4,50.85,50.0,50.6,24011935
0700.HK,2022-06-09,404.0,406.8,389.0,394.8,39147100
1810.HK,2022-06-09,12.7,12.9,12.08,12.18,128184142
3690.HK,2022-06-09,209.4,211.6,197.2,201.8,45094591
9988.HK,2022-06-09,116.2,116.3,108.1,111.3,113806634
AAPL.US,2022-06-09,147.08,147.95,142.53,142.64,69473001
BABA.US,2022-06-09,115.0,118.22,109.44,109.9,72637209
JPM.US,2022-06-09,127.37,128.1,125.27,125.31,13565478
KO.US,2022-06-09,62.87,63.35,61.78,61.8,13391880
MSFT.US,2022-06-09,267.78,272.71,264.63,264.79,26439728
XOM.US,2022-06-09,103.42,104.57,102.16,102.33,26634335
0005.HK,2022-06-10,49.95,50.4,49.7,49.95,23082469
0700.HK,2022-06-10,384.4,398.2,383.0,396.4,29755765
1810.HK,2022-06-10,11.92,12.22,11.82,12.18,119036187
3690.HK,2022-06-10,195.3,208.6,195.0,201.2,59757791
9988.HK,2022-06-10,107.6,116.0,107.0,112.8,107826465
AAPL.US,2022-06-10,140.28,140.76,137.06,137.13,91566637
BABA.US,2022-06-10,113.66,114.82,108.24,109.84,49897034
JPM.US,2022-06-10,122.59,123.4,119.32,119.55,12951760
KO.US,2022-06-10,61.01,61.89,60.46,61.41,14973493
MSFT.US,2022-06-10,260.58,260.58,252.53,252.99,31445841
XOM.US,2022-06-10,101.94,103.35,99.79,100.46,30958348
0005.HK,2022-06-13,48.55,49.1,48.2,48.7,36622006
0700.HK,2022-06-13,383.6,386.8,373.6,377.0,24938012
1810.HK,2022-06-13,11.76,11.88,11.62,11.72,118851211
3690.HK,2022-06-13,195.4,199.3,186.8,188.2,47852863
9988.HK,2022-06-13,106.2,108.4,103.5,103.8,85883479
AAPL.US,2022-06-13,132.87,135.2,131.44,131.88,122207099
BABA.US,2022-06-13,103.61,104.53,97.58,98.52,36396684
JPM.US,2022-06-13,116.86,117.95,115.06,115.99,16805564
KO.US,2022-06-13,60.75,62.29,60.67,61.34,23064194
MSFT.US,2022-06-13,245.11,249.02,241.53,242.26,46135788
XOM.US,2022-06-13,97.52,97.77,93.92,95.85,33421049
0005.HK,2022-06-14,48.65,49.75,48.45,49.55,25080542
0700.HK,2022-06-14,367.4,378.4,367.4,376.0,16307664
1810.HK,2022-06-14,11.62,11.72,11.36,11.54,88648708
3690.HK,2022-06-14,186.4,197.4,183.0,194.4,45630900
9988.HK,2022-06-14,98.25,102.4,97.2,101.2,79243938
AAPL.US,2022-06-14,133.13,133.89,131.48,132.76,84784326
BABA.US,2022-06-14,101.99,106.08,100.83,105.23,28567494
JPM.US,2022-06-14,115.55,117.32,113.22,114.06,13357912
KO.US,2022-06-14,60.73,60.89,58.66,59.23,24620023
MSFT.US,2022-06-14,243.86,245.74,241.51,244.49,28651487
XOM.US,2022-06-14,97.41,98.67,95.27,96.1,31264024
0005.HK,2022-06-15,49.3,49.95,48.9,49.9,19637736
0700.HK,2022-06-15,376.0,382.2,375.2,379.8,21242678
1810.HK,2022-06-15,11.54,11.96,11.54,11.88,92454783
3690.HK,2022-06-15,200.2,202.8,196.1,197.0,31702659
9988.HK,2022-06-15,105.0,106.7,104.3,105.6,62840727
AAPL.US,2022-06-15,134.29,137.34,132.16,135.43,91532972
BABA.US,2022-06-15,106.81,108.63,104.38,108.03,24026055
JPM.US,2022-06-15,115.62,116.95,113.17,115.41,14083548
KO.US,2022-06-15,60.0,60.64,58.97,59.67,19684697
MSFT.US,2022-06-15,248.31,255.3,246.42,251.76,33111729
XOM.US,2022-06-15,95.99,96.57,93.27,94.89,29620780
0005.HK,2022-06-16,50.35,50.85,49.65,49.8,23932139
0700.HK,2022-06-16,380.0,382.4,364.0,367.6,22143706
1810.HK,2022-06-16,12.1,12.12,11.34,11.46,95860296
3690.HK,2022-06-16,202.6,202.6,186.6,189.2,30923811
9988.HK,2022-06-16,108.8,109.8,100.4,102.4,51964072
AAPL.US,2022-06-16,132.08,132.39,129.04,130.06,107961508
BABA.US,2022-06-16,102.79,104.91,100.51,101.45,22357761
JPM.US,2022-06-16,113.86,114.26,111.87,113.43,16724855
KO.US,2022-06-16,58.64,59.52,58.25,59.07,15053843
MSFT.US,2022-06-16,245.98,247.42,243.02,244.97,33169160
XOM.US,2022-06-16,92.41,93.13,90.28,91.39,35696748
0005.HK,2022-06-17,50.15,50.2,49.3,49.65,21024667
0700.HK,2022-06-17,361.8,374.6,361.8,369.4,19483010
1810.HK,2022-06-17,11.28,11.82,11.26,11.8,147218129
3690.HK,2022-06-17,189.0,200.0,187.5,199.1,41539099
9988.HK,2022-06-17,100.1,104.8,100.0,104.5,98242313
AAPL.US,2022-06-17,130.07,133.08,129.81,131.56,134520290
BABA.US,2022-06-17,112.54,112.75,101.33,102.24,73019300
JPM.US,2022-06-17,113.54,114.63,112.16,113.03,30919865
KO.US,2022-06-17,59.7,60.13,59.13,59.43,34781917
MSFT.US,2022-06-17,244.7,250.5,244.03,247.65,43084780
XOM.US,2022-06-17,90.96,91.35,85.66,86.12,64610192
0005.HK,2022-06-20,48.85,49.75,48.7,49.55,15568560
0700.HK,2022-06-20,370.0,374.0,364.6,370.8,11639693
1810.HK,2022-06-20,11.78,11.92,11.6,11.8,59166341
3690.HK,2022-06-20,200.0,200.8,194.8,199.4,19567596
9988.HK,2022-06-20,102.0,104.6,99.65,104.4,64777753
0005.HK,2022-06-21,51.1,51.7,50.95,51.4,33493225
0700.HK,2022-06-21,371.8,381.0,370.2,381.0,15013276
1810.HK,2022-06-21,11.8,12.06,11.64,12.0,73853904
3690.HK,2022-06-21,200.0,202.2,195.3,201.2,20084578
9988.HK,2022-06-21,104.5,106.1,103.4,105.8,56377679
AAPL.US,2022-06-21,133.42,137.06,133.32,135.87,81000488
BABA.US,2022-06-21,105.96,107.06,103.87,106.39,33974972
JPM.US,2022-06-21,115.87,117.03,115.04,115.83,11680485
KO.US,2022-06-21,59.49,60.88,59.01,60.7,17705019
MSFT.US,2022-06-21,250.26,254.75,249.51,253.74,29928297
XOM.US,2022-06-21,88.58,92.53,88.52,91.48,35951458
0005.HK,2022-06-22,51.4,51.65,50.5,50.65,19085399
0700.HK,2022-06-22,380.8,380.8,370.0,370.0,13714137
1810.HK,2022-06-22,11.94,12.04,11.58,11.62,68635783
3690.HK,2022-06-22,201.2,201.2,190.3,191.6,24450049
9988.HK,2022-06-22,104.8,105.1,101.5,101.5,56378203
AAPL.US,2022-06-22,134.79,137.76,133.91,135.35,73409234
BABA.US,2022-06-22,104.23,107.1,103.08,105.15,24264479
JPM.US,2022-06-22,114.88,116.2,114.39,115.18,9848572
KO.US,2022-06-22,60.6,61.45,60.32,61.15,15209869
MSFT.US,2022-06-22,251.89,257.17,250.37,253.13,25961215
XOM.US,2022-06-22,87.54,89.76,87.53,87.86,29769627
0005.HK,2022-06-23,51.1,51.6,50.55,50.65,17271976
0700.HK,2022-06-23,371.8,379.4,369.0,375.0,12620777
1810.HK,2022-06-23,11.92,11.92,11.64,11.84,71262931
3690.HK,2022-06-23,193.2,195.5,185.6,192.6,23729076
9988.HK,2022-06-23,104.9,109.9,103.4,108.0,80541807
AAPL.US,2022-06-23,136.82,138.59,135.63,138.27,72433768
BABA.US,2022-06-23,109.96,113.09,108.08,112.11,33228155
JPM.US,2022-06-23,115.01,115.18,111.48,113.92,11851541
KO.US,2022-06-23,61.3,61.91,61.23,61.88,17190869
MSFT.US,2022-06-23,255.57,259.37,253.63,258.86,25861449
XOM.US,2022-06-23,88.66,89.05,83.52,85.21,35757209
0005.HK,2022-06-24,50.65,51.2,50.5,50.8,17225887
0700.HK,2022-06-24,379.4,386.0,374.2,384.2,18197838
1810.HK,2022-06-24,11.82,12.28,11.8,12.22,114828526
3690.HK,2022-06-24,195.1,200.2,188.0,198.1,30535036
9988.HK,2022-06-24,112.6,115.5,111.5,113.9,88759544
AAPL.US,2022-06-24,139.9,141.91,139.77,141.66,89116837
BABA.US,2022-06-24,115.3,118.09,114.3,117.62,27029850
JPM.US,2022-06-24,113.23,117.82,112.83,117.32,14841090
KO.US,2022-06-24,62.11,63.06,62.11,63.04,18147070
MSFT.US,2022-06-24,261.81,267.98,261.72,267.7,33923231
XOM.US,2022-06-24,86.95,88.4,85.81,86.9,26638991
0005.HK,2022-06-27,51.5,52.0,51.4,51.8,28278385
0700.HK,2022-06-27,387.0,400.2,374.6,378.2,57400982
1810.HK,2022-06-27,12.3,13.84,12.28,13.74,387697229
3690.HK,2022-06-27,201.0,210.0,200.0,205.0,40891219
9988.HK,2022-06-27,117.3,120.4,116.1,118.1,98194624
AAPL.US,2022-06-27,142.7,143.49,140.97,141.66,70207908
BABA.US,2022-06-27,119.97,121.38,117.88,118.73,21724327
JPM.US,2022-06-27,118.06,118.5,115.64,116.38,11280485
KO.US,2022-06-27,62.98,63.29,62.63,62.91,12142112
MSFT.US,2022-06-27,268.21,268.3,263.28,264.89,24615114
XOM.US,2022-06-27,87.81,90.04,87.67,89.03,25478683
0005.HK,2022-06-28,51.45,52.2,51.3,52.05,25746710
0700.HK,2022-06-28,372.8,373.4,356.4,365.8,58585070
1810.HK,2022-06-28,13.64,14.54,13.56,14.22,309632718
3690.HK,2022-06-28,205.0,210.8,197.5,207.6,32122986
9988.HK,2022-06-28,117.6,119.1,112.6,118.1,70432843
AAPL.US,2022-06-28,142.13,143.42,137.33,137.44,67315328
BABA.US,2022-06-28,118.98,120.93,116.51,116.76,18678983
JPM.US,2022-06-28,117.67,119.29,115.6,115.82,11615519
KO.US,2022-06-28,63.08,63.76,62.11,62.28,13181559
MSFT.US,2022-06-28,263.98,266.91,256.32,256.48,27380247
XOM.US,2022-06-28,91.12,93.24,90.35,91.5,33123000
0005.HK,2022-06-29,52.05,52.25,51.6,51.9,17777494
0700.HK,2022-06-29,360.0,370.4,356.2,365.0,34975785
1810.HK,2022-06-29,13.82,14.42,13.64,13.8,164915729
3690.HK,2022-06-29,204.6,206.8,198.3,202.8,26639598
9988.HK,2022-06-29,114.5,116.3,113.0,114.5,54735988
AAPL.US,2022-06-29,137.46,140.67,136.67,139.23,66242411
BABA.US,2022-06-29,115.81,117.09,113.71,116.03,13793934
JPM.US,2022-06-29,116.0,116.82,114.73,115.3,9338432
KO.US,2022-06-29,62.54,63.11,62.43,62.73,11795511
MSFT.US,2022-06-29,257.59,261.97,255.76,260.26,20069839
XOM.US,2022-06-29,92.98,93.2,87.76,88.12,25400938
0005.HK,2022-06-30,52.2,52.6,51.55,51.65,19160920
0700.HK,2022-06-30,360.0,363.6,354.0,354.4,33385197
1810.HK,2022-06-30,13.66,14.02,13.36,13.64,115741648
3690.HK,2022-06-30,199.8,204.0,191.9,194.2,32444184
9988.HK,2022-06-30,113.6,114.4,110.7,111.9,47263509
AAPL.US,2022-06-30,137.25,138.37,133.77,136.72,98964467
BABA.US,2022-06-30,113.77,114.6,111.38,113.68,13836210
JPM.US,2022-06-30,113.17,114.08,110.93,112.61,15172611
KO.US,2022-06-30,62.32,63.11,62.16,62.91,15514153
MSFT.US,2022-06-30,257.05,259.53,252.9,256.83,31730868
XOM.US,2022-06-30,86.14,87.6,84.67,85.64,39948066
AAPL.US,2022-07-01,136.04,139.04,135.66,138.93,71051552
BABA.US,2022-07-01,113.63,116.63,112.92,116.0,16679403
JPM.US,2022-07-01,112.65,114.42,111.16,114.05,10573577
KO.US,2022-07-01,63.12,64.45,62.82,64.38,15143204
MSFT.US,2022-07-01,256.39,259.77,254.61,259.58,22837692
XOM.US,2022-07-01,86.74,87.88,84.71,87.55,26327857
0005.HK,2022-07-04,50.9,51.35,50.2,51.25,16993452
0700.HK,2022-07-04,354.4,356.4,344.4,347.0,38455595
1810.HK,2022-07-04,13.62,13.88,13.36,13.84,104120426
3690.HK,2022-07-04,196.0,203.4,193.3,201.2,24212667
9988.HK,2022-07-04,111.6,114.1,109.4,113.2,38788782
0005.HK,2022-07-05,51.4,52.4,50.7,50.9,15237633
0700.HK,2022-07-05,348.0,353.4,347.4,348.8,19486553
1810.HK,2022-07-05,14.04,14.28,13.26,13.36,138584800
3690.HK,2022-07-05,205.0,205.6,196.0,197.7,15618630
9988.HK,2022-07-05,116.3,118.4,114.7,115.2,45974352
AAPL.US,2022-07-05,137.77,141.61,136.93,141.56,73429641
BABA.US,2022-07-05,114.51,120.53,112.14,120.13,21017804
JPM.US,2022-07-05,110.77,112.71,109.3,112.62,12515590
KO.US,2022-07-05,64.18,64.18,62.42,63.28,15925029
MSFT.US,2022-07-05,256.16,262.98,254.74,262.85,22971634
XOM.US,2022-07-05,86.34,86.7,83.01,84.81,34601325
0005.HK,2022-07-06,49.8,49.85,48.6,49.1,42722173
0700.HK,2022-07-06,349.0,353.0,340.8,347.6,24822317
1810.HK,2022-07-06,13.28,13.58,12.82,13.18,117743883
3690.HK,2022-07-06,197.2,199.8,190.1,195.9,18181782
9988.HK,2022-07-06,119.0,119.0,114.6,117.0,52058276
AAPL.US,2022-07-06,141.36,144.12,141.08,142.92,74064254
BABA.US,2022-07-06,118.93,120.0,115.51,119.12,20222716
JPM.US,2022-07-06,111.73,112.99,110.79,111.89,10656197
KO.US,2022-07-06,63.6,64.09,63.19,63.41,13450506
MSFT.US,2022-07-06,263.75,267.99,262.4,266.21,23824419
XOM.US,2022-07-06,83.76,85.23,81.01,83.28,33375726
0005.HK,2022-07-07,48.65,49.7,48.5,49.65,15261907
0700.HK,2022-07-07,343.2,351.6,342.8,351.6,18985683
1810.HK,2022-07-07,13.16,13.48,12.86,13.42,71149190
3690.HK,2022-07-07,192.1,195.3,188.1,194.4,18290219
9988.HK,2022-07-07,115.3,117.5,113.5,116.7,40428095
AAPL.US,2022-07-07,143.29,146.55,143.28,146.35,66253709
BABA.US,2022-07-07,120.63,125.0,120.63,122.39,24202036
JPM.US,2022-07-07,113.5,114.9,113.4,114.72,10347385
KO.US,2022-07-07,63.26,63.58,62.7,62.91,14828434
MSFT.US,2022-07-07,265.12,269.06,265.02,268.4,20859874
XOM.US,2022-07-07,85.38,86.76,85.3,85.94,23817363
0005.HK,2022-07-08,50.4,50.45,49.5,49.8,17324166
0700.HK,2022-07-08,357.2,357.2,348.6,352.6,18754352
1810.HK,2022-07-08,13.68,13.74,13.3,13.46,83286180
3690.HK,2022-07-08,198.0,198.2,190.2,192.3,15029795
9988.HK,2022-07-08,122.0,122.0,119.8,121.0,58168745
AAPL.US,2022-07-08,145.27,147.55,145.0,147.04,64547798
BABA.US,2022-07-08,122.26,125.84,120.7,120.9,27221428
JPM.US,2022-07-08,115.16,115.65,113.61,114.36,8807840
KO.US,2022-07-08,63.03,63.42,62.88,63.14,11311461
MSFT.US,2022-07-08,264.79,268.1,263.29,267.66,19658751
XOM.US,2022-07-08,86.95,87.3,84.93,86.08,17673819
0005.HK,2022-07-11,49.45,49.5,48.85,49.0,15280651
0700.HK,2022-07-11,344.4,346.2,340.2,342.4,20598133
1810.HK,2022-07-11,13.22,13.28,12.8,12.88,95010329
3690.HK,2022-07-11,188.5,188.5,180.0,181.6,30615208
9988.HK,2022-07-11,117.3,117.9,112.0,114.0,59279763
AAPL.US,2022-07-11,145.67,146.64,143.78,144.87,63305113
BABA.US,2022-07-11,115.46,115.58,109.33,109.57,31296867
JPM.US,2022-07-11,113.55,114.23,112.22,112.86,7944573
KO.US,2022-07-11,62.99,63.46,62.59,62.94,12704111
MSFT.US,2022-07-11,265.65,266.53,262.18,264.51,19519108
XOM.US,2022-07-11,85.17,86.12,84.36,85.64,15608348
0005.HK,2022-07-12,48.9,49.35,48.9,49.05,10129745
0700.HK,2022-07-12,338.6,340.8,336.2,337.8,17307064
1810.HK,2022-07-12,12.7,12.84,12.46,12.68,88799595
3690.HK,2022-07-12,179.8,183.1,174.5,178.0,25505508
9988.HK,2022-07-12,108.3,109.6,107.1,107.8,61833006
AAPL.US,2022-07-12,145.76,148.45,145.05,145.86,77588759
BABA.US,2022-07-12,110.86,111.0,107.06,109.21,22318512
JPM.US,2022-07-12,112.58,115.18,112.26,112.97,11250917
KO.US,2022-07-12,63.0,63.45,62.47,62.67,14731072
MSFT.US,2022-07-12,265.88,265.94,252.04,253.67,35868450
XOM.US,2022-07-12,83.78,85.05,82.86,84.5,21013014
0005.HK,2022-07-13,49.05,49.75,49.05,49.1,11194546
0700.HK,2022-07-13,338.6,341.2,335.0,335.4,17134245
1810.HK,2022-07-13,12.68,12.96,12.68,12.8,65175249
3690.HK,2022-07-13,179.0,185.7,179.0,180.5,17343497
9988.HK,2022-07-13,107.5,109.5,107.0,107.4,37018374
AAPL.US,2022-07-13,142.99,146.45,142.12,145.49,71185560
BABA.US,2022-07-13,106.84,110.64,106.75,109.1,16861432
JPM.US,2022-07-13,111.75,112.48,110.38,111.91,12979883
KO.US,2022-07-13,62.33,63.0,61.98,62.38,13145291
MSFT.US,2022-07-13,250.19,253.55,248.11,252.72,29497423
XOM.US,2022-07-13,83.38,86.31,83.3,84.84,19928602
0005.HK,2022-07-14,49.6,49.6,48.75,49.0,15865169
0700.HK,2022-07-14,334.6,337.4,332.0,335.0,16774995
1810.HK,2022-07-14,12.84,13.06,12.64,12.78,66892002
3690.HK,2022-07-14,181.1,185.4,179.7,182.5,16538169
9988.HK,2022-07-14,107.8,110.4,107.5,108.7,39688425
AAPL.US,2022-07-14,144.08,148.95,143.25,148.47,78140744
BABA.US,2022-07-14,107.8,108.54,100.71,103.76,35314898
JPM.US,2022-07-14,107.99,108.23,106.06,108.0,26204846
KO.US,2022-07-14,61.33,62.25,61.3,62.18,14433044
MSFT.US,2022-07-14,250.57,255.14,245.94,254.08,25102823
XOM.US,2022-07-14,81.85,83.31,80.69,83.14,26343031
0005.HK,2022-07-15,47.9,48.15,47.35,47.7,32226807
0700.HK,2022-07-15,330.0,332.4,323.2,325.0,26328504
1810.HK,2022-07-15,12.66,12.82,12.4,12.46,67213878
3690.HK,2022-07-15,180.2,184.0,176.2,179.2,21497378
9988.HK,2022-07-15,102.5,106.1,102.1,102.2,60291037
AAPL.US,2022-07-15,149.78,150.86,148.2,150.17,76259931
BABA.US,2022-07-15,103.49,103.64,97.84,102.44,33572295
JPM.US,2022-07-15,109.16,113.88,107.67,112.95,18863886
KO.US,2022-07-15,62.75,62.97,62.07,62.5,21968418
MSFT.US,2022-07-15,255.72,260.37,254.77,256.72,29774050
XOM.US,2022-07-15,84.8,84.88,82.9,84.54,17243749
0005.HK,2022-07-18,48.4,49.25,47.85,49.15,20015928
0700.HK,2022-07-18,326.4,333.8,321.0,332.6,20372247
1810.HK,2022-07-18,12.56,13.18,12.42,13.16,87456813
3690.HK,2022-07-18,185.0,191.9,183.6,189.7,34638466
9988.HK,2022-07-18,100.8,104.3,99.85,103.9,54210503
AAPL.US,2022-07-18,150.74,151.57,146.7,147.07,81420868
BABA.US,2022-07-18,105.88,106.96,102.95,103.14,20503351
JPM.US,2022-07-18,114.77,115.84,111.29,111.79,13977903
KO.US,2022-07-18,62.52,62.56,61.51,61.65,10780844
MSFT.US,2022-07-18,259.75,260.84,253.3,254.25,20975034
XOM.US,2022-07-18,86.58,87.94,85.75,86.1,19395810
0005.HK,2022-07-19,48.7,49.0,48.2,48.8,10671479
0700.HK,2022-07-19,331.4,338.4,330.0,333.2,12655564
1810.HK,2022-07-19,13.04,13.12,12.8,12.92,37138555
3690.HK,2022-07-19,190.4,192.4,187.2,189.1,15552498
9988.HK,2022-07-19,101.8,102.2,100.1,100.9,40614536
AAPL.US,2022-07-19,147.92,151.23,146.91,151.0,82982367
BABA.US,2022-07-19,103.97,104.82,101.53,104.75,19842524
JPM.US,2022-07-19,113.13,114.94,112.67,114.56,11862269
KO.US,2022-07-19,62.09,62.65,61.93,62.53,10998234
MSFT.US,2022-07-19,257.58,259.72,253.68,259.53,25012562
XOM.US,2022-07-19,86.42,88.52,86.25,88.27,18248903
0005.HK,2022-07-20,49.45,49.55,49.0,49.25,11843210
0700.HK,2022-07-20,342.0,342.8,338.0,338.6,15982772
1810.HK,2022-07-20,13.1,13.22,12.94,12.94,49077588
3690.HK,2022-07-20,193.6,197.8,193.4,194.7,18575240
9988.HK,2022-07-20,104.8,105.7,103.2,103.2,40062258
AAPL.US,2022-07-20,151.12,153.72,150.37,153.04,64823413
BABA.US,2022-07-20,106.24,107.16,102.85,103.96,21897868
JPM.US,2022-07-20,114.1,114.74,113.48,114.54,11667540
KO.US,2022-07-20,62.4,62.58,61.15,61.5,11010454
MSFT.US,2022-07-20,259.9,264.87,258.91,262.27,22788282
XOM.US,2022-07-20,87.58,89.65,87.25,89.24,16584414
0005.HK,2022-07-21,48.9,48.9,48.05,48.2,14349184
0700.HK,2022-07-21,335.0,336.6,329.2,334.0,19107287
1810.HK,2022-07-21,12.88,13.22,12.84,13.0,59604863
3690.HK,2022-07-21,193.7,196.0,189.2,190.4,22373294
9988.HK,2022-07-21,102.8,104.0,101.2,102.0,38969577
AAPL.US,2022-07-21,154.5,155.57,151.94,155.35,65086636
BABA.US,2022-07-21,104.06,106.61,103.68,105.13,17865507
JPM.US,2022-07-21,114.44,115.53,113.37,115.32,11595860
KO.US,2022-07-21,61.26,61.88,60.79,61.36,11959622
MSFT.US,2022-07-21,259.79,264.89,257.03,264.84,22404675
XOM.US,2022-07-21,86.93,87.8,85.21,87.75,21375666
0005.HK,2022-07-22,48.85,49.1,48.6,48.6,15060463
0700.HK,2022-07-22,337.6,339.6,330.0,332.0,15081236
1810.HK,2022-07-22,13.1,13.26,12.82,12.96,39406740
3690.HK,2022-07-22,194.0,194.9,189.6,191.7,15008353
9988.HK,2022-07-22,102.7,103.7,101.7,102.1,25271063
AAPL.US,2022-07-22,155.39,156.28,153.41,154.09,66675408
BABA.US,2022-07-22,104.31,104.7,99.68,100.61,18819831
JPM.US,2022-07-22,115.24,116.25,113.67,114.76,7645542
KO.US,2022-07-22,61.38,61.87,61.32,61.59,11644691
MSFT.US,2022-07-22,265.24,265.33,259.07,260.36,21881290
XOM.US,2022-07-22,87.55,88.47,86.63,87.08,15479475
0005.HK,2022-07-25,48.25,49.05,48.25,48.85,17483734
0700.HK,2022-07-25,329.6,330.0,321.6,326.4,16847756
1810.HK,2022-07-25,12.94,12.98,12.56,12.84,48690437
3690.HK,2022-07-25,190.7,191.5,184.1,188.2,15606282
9988.HK,2022-07-25,100.0,100.7,99.1,99.6,41783554
AAPL.US,2022-07-25,154.01,155.04,152.28,152.95,53623945
BABA.US,2022-07-25,100.5,101.27,98.74,101.06,16604302
JPM.US,2022-07-25,115.84,116.46,114.77,115.22,9394033
KO.US,2022-07-25,61.55,62.3,61.31,62.19,14941652
MSFT.US,2022-07-25,261.0,261.5,256.81,258.83,21055998
XOM.US,2022-07-25,88.16,90.13,87.42,89.98,17536371
0005.HK,2022-07-26,49.65,50.3,49.6,50.1,26198720
0700.HK,2022-07-26,324.6,330.4,323.2,329.4,13863359
1810.HK,2022-07-26,12.72,12.94,12.66,12.92,60121064
3690.HK,2022-07-26,188.7,192.4,185.3,190.7,11205025
9988.HK,2022-07-26,103.0,106.1,102.5,104.4,62335905
AAPL.US,2022-07-26,152.27,153.09,150.8,151.6,55138691
BABA.US,2022-07-26,104.31,105.25,100.81,101.44,28004262
JPM.US,2022-07-26,114.58,115.58,113.03,113.42,10675119
KO.US,2022-07-26,62.75,63.8,62.53,63.21,20117950
MSFT.US,2022-07-26,259.86,259.88,249.57,251.9,39347957
XOM.US,2022-07-26,91.13,91.28,89.0,89.63,15141195
0005.HK,2022-07-27,49.45,50.15,49.4,49.9,14709959
0700.HK,2022-07-27,325.0,327.8,320.0,320.2,19816350
1810.HK,2022-07-27,12.72,12.88,12.6,12.7,43976896
3690.HK,2022-07-27,188.8,192.4,187.8,190.1,9431352
9988.HK,2022-07-27,101.0,101.2,99.9,101.0,59523684
AAPL.US,2022-07-27,152.58,157.33,152.16,156.79,78620688
BABA.US,2022-07-27,102.2,102.97,99.8,102.78,19366620
JPM.US,2022-07-27,114.01,115.74,113.3,115.24,9274454
KO.US,2022-07-27,62.88,63.19,61.79,63.01,12142874
MSFT.US,2022-07-27,261.16,270.05,258.85,268.74,45994049
XOM.US,2022-07-27,90.28,92.0,89.4,91.57,18046956
0005.HK,2022-07-28,50.0,50.15,49.05,49.6,20647880
0700.HK,2022-07-28,324.6,325.8,320.0,320.8,15349399
1810.HK,2022-07-28,12.74,13.32,12.74,13.0,91834844
3690.HK,2022-07-28,191.2,191.6,187.4,188.0,14058776
9988.HK,2022-07-28,100.8,100.8,99.1,99.15,47788609
AAPL.US,2022-07-28,156.98,157.64,154.41,157.35,81378731
BABA.US,2022-07-28,101.92,102.68,95.62,100.55,33875401
JPM.US,2022-07-28,115.25,115.98,113.53,114.81,10384770
KO.US,2022-07-28,62.92,64.25,62.89,64.06,10837003
MSFT.US,2022-07-28,269.75,277.84,267.87,276.41,33459327
XOM.US,2022-07-28,92.18,93.25,91.01,92.64,20353087
0005.HK,2022-07-29,49.45,49.8,49.1,49.4,15931021
0700.HK,2022-07-29,320.8,323.4,305.0,306.8,37194352
1810.HK,2022-07-29,13.16,13.24,12.26,12.34,134654832
3690.HK,2022-07-29,188.9,189.8,173.3,176.3,37161599
9988.HK,2022-07-29,98.7,98.7,91.7,93.1,101884460
AAPL.US,2022-07-29,161.24,163.63,159.5,162.51,101786860
BABA.US,2022-07-29,94.22,94.22,89.11,89.37,59201756
JPM.US,2022-07-29,115.59,116.5,114.79,115.36,12944544
KO.US,2022-07-29,63.71,64.29,63.63,64.17,13734236
MSFT.US,2022-07-29,277.7,282.0,276.63,280.74,32152752
XOM.US,2022-07-29,94.45,97.52,94.1,96.93,29825829
0005.HK,2022-08-01,49.25,52.5,48.7,51.85,47596428
0700.HK,2022-08-01,302.0,304.8,299.6,299.6,39993630
1810.HK,2022-08-01,12.3,12.38,12.02,12.14,82352444
3690.HK,2022-08-01,177.3,181.5,173.7,180.0,17921551
9988.HK,2022-08-01,88.1,91.65,87.8,89.6,90581313
AAPL.US,2022-08-01,161.01,163.59,160.89,161.51,67829379
BABA.US,2022-08-01,89.19,90.54,88.0,90.34,36050925
JPM.US,2022-08-01,114.5,115.11,113.07,114.21,14740406
KO.US,2022-08-01,64.09,65.04,64.03,64.52,12831535
MSFT.US,2022-08-01,277.82,281.28,275.84,278.01,21539580
XOM.US,2022-08-01,94.79,95.35,93.23,94.48,20793152
0005.HK,2022-08-02,52.05,52.1,50.3,51.0,29491697
0700.HK,2022-08-02,295.2,295.8,288.0,295.0,42691346
1810.HK,2022-08-02,11.8,11.8,11.26,11.62,146898728
3690.HK,2022-08-02,175.0,177.3,171.9,176.2,28277651
9988.HK,2022-08-02,89.0,89.0,86.1,87.05,67822076
AAPL.US,2022-08-02,160.1,162.41,159.63,160.01,59907025
BABA.US,2022-08-02,88.2,94.87,88.2,92.62,34430523
JPM.US,2022-08-02,113.92,114.4,112.27,112.43,14942854
KO.US,2022-08-02,64.59,64.6,63.43,63.64,15241904
MSFT.US,2022-08-02,276.0,277.89,272.38,274.82,22754184
XOM.US,2022-08-02,94.69,95.2,93.82,94.07,16722504
0005.HK,2022-08-03,51.45,51.45,50.6,51.0,11339620
0700.HK,2022-08-03,299.0,306.4,298.0,302.6,27403685
1810.HK,2022-08-03,11.82,11.92,11.44,11.6,81892611
3690.HK,2022-08-03,179.1,180.5,175.4,177.1,19046985
9988.HK,2022-08-03,90.85,91.85,89.2,90.35,43309986
AAPL.US,2022-08-03,160.84,166.59,160.75,166.13,82507488
BABA.US,2022-08-03,92.0,96.3,90.92,95.72,23921690
JPM.US,2022-08-03,113.45,114.1,111.71,113.61,14394499
KO.US,2022-08-03,63.55,64.1,63.31,63.92,11316985
MSFT.US,2022-08-03,276.76,283.5,276.61,282.47,23518874
XOM.US,2022-08-03,94.42,94.42,90.79,91.02,23580814
0005.HK,2022-08-04,51.4,51.9,51.15,51.6,16503613
0700.HK,2022-08-04,307.8,312.0,305.2,312.0,19792022
1810.HK,2022-08-04,11.78,12.16,11.76,12.12,87353457
3690.HK,2022-08-04,181.5,184.4,180.3,183.8,15527963
9988.HK,2022-08-04,95.55,96.2,93.35,95.0,52297501
AAPL.US,2022-08-04,166.01,167.19,164.43,165.81,55474144
BABA.US,2022-08-04,101.07,103.0,95.06,97.43,42517833
JPM.US,2022-08-04,112.85,113.32,111.02,112.36,18033854
KO.US,2022-08-04,63.64,63.73,62.92,63.67,11795647
MSFT.US,2022-08-04,281.8,283.8,280.17,283.65,18098668
XOM.US,2022-08-04,90.31,90.34,86.43,87.19,31821467
0005.HK,2022-08-05,51.6,51.7,51.05,51.1,12863717
0700.HK,2022-08-05,313.4,314.0,304.2,307.6,16442481
1810.HK,2022-08-05,12.24,12.36,12.14,12.22,58162034
3690.HK,2022-08-05,186.9,187.0,182.6,183.5,10321784
9988.HK,2022-08-05,95.4,95.65,91.9,92.9,50440861
AAPL.US,2022-08-05,163.21,165.85,163.0,165.35,56696985
BABA.US,2022-08-05,93.07,94.17,90.73,92.56,27206134
JPM.US,2022-08-05,112.53,116.19,112.05,115.76,14174642
KO.US,2022-08-05,63.63,63.63,62.67,63.38,10445393
MSFT.US,2022-08-05,279.15,283.65,278.68,282.91,16774606
XOM.US,2022-08-05,86.36,89.69,86.28,88.45,17408032
0005.HK,2022-08-08,51.1,51.9,51.1,51.8,11248226
0700.HK,2022-08-08,302.4,305.8,298.2,299.4,15046951
1810.HK,2022-08-08,11.94,12.12,11.76,11.78,83929049
3690.HK,2022-08-08,181.1,183.5,178.5,179.6,12690016
9988.HK,2022-08-08,90.0,90.25,88.5,88.8,47770883
AAPL.US,2022-08-08,166.37,167.81,164.2,164.87,60362338
BABA.US,2022-08-08,91.47,92.75,90.34,90.84,16194085
JPM.US,2022-08-08,116.25,116.7,114.18,114.35,10339584
KO.US,2022-08-08,63.5,63.81,62.75,62.97,9166673
MSFT.US,2022-08-08,284.05,285.92,279.32,280.32,18757818
XOM.US,2022-08-08,88.61,89.6,88.22,88.95,14467146
0005.HK,2022-08-09,51.45,52.1,51.3,52.1,11987496
0700.HK,2022-08-09,300.0,304.4,296.4,298.0,14193448
1810.HK,2022-08-09,11.78,11.88,11.48,11.76,70361425
3690.HK,2022-08-09,179.7,180.0,174.2,176.0,15998055
9988.HK,2022-08-09,90.0,91.7,88.45,89.6,44942429
AAPL.US,2022-08-09,164.02,165.82,163.25,164.92,63135503
BABA.US,2022-08-09,91.19,93.12,90.6,91.19,16744908
JPM.US,2022-08-09,114.75,115.99,114.37,115.38,10233754
KO.US,2022-08-09,63.18,63.31,62.85,63.05,7910877
MSFT.US,2022-08-09,279.64,283.08,277.61,282.3,23405238
XOM.US,2022-08-09,90.05,91.61,89.95,90.59,19083427
0005.HK,2022-08-10,52.2,52.35,51.6,51.95,11914995
0700.HK,2022-08-10,299.6,299.8,292.2,295.6,15358607
1810.HK,2022-08-10,11.78,11.82,11.44,11.52,70229202
3690.HK,2022-08-10,174.7,176.5,167.0,169.6,23557035
9988.HK,2022-08-10,89.35,89.65,86.8,87.95,37209371
AAPL.US,2022-08-10,167.68,169.34,166.9,169.24,70170540
BABA.US,2022-08-10,91.17,92.95,88.56,92.43,17855365
JPM.US,2022-08-10,117.96,119.37,117.5,118.39,12847258
KO.US,2022-08-10,63.63,63.79,63.1,63.65,8857253
MSFT.US,2022-08-10,288.17,289.81,286.94,289.16,24687845
XOM.US,2022-08-10,90.68,91.79,89.19,91.45,18301995
0005.HK,2022-08-11,52.25,52.5,51.95,52.5,13064217
0700.HK,2022-08-11,299.2,304.6,298.2,303.6,14861997
1810.HK,2022-08-11,11.74,12.1,11.64,12.06,73512299
3690.HK,2022-08-11,172.0,176.9,171.1,176.4,20644773
9988.HK,2022-08-11,91.0,92.4,89.4,91.75,52998669
AAPL.US,2022-08-11,170.06,170.99,168.19,168.49,57149159
BABA.US,2022-08-11,94.49,97.71,93.63,94.87,17521225
JPM.US,2022-08-11,119.9,121.2,119.31,120.14,11684856
KO.US,2022-08-11,63.69,63.99,63.08,63.22,8507766
MSFT.US,2022-08-11,290.85,291.21,286.51,287.02,20065938
XOM.US,2022-08-11,91.84,94.3,91.44,93.19,18797867
0005.HK,2022-08-12,52.4,52.6,52.05,52.6,8641568
0700.HK,2022-08-12,304.6,304.6,300.2,304.2,10981685
1810.HK,2022-08-12,12.32,12.52,12.02,12.14,101475123
3690.HK,2022-08-12,177.8,179.9,175.9,179.1,14324286
9988.HK,2022-08-12,92.9,93.4,91.25,92.9,26387695
AAPL.US,2022-08-12,169.82,172.17,169.4,172.1,68039382
BABA.US,2022-08-12,91.51,94.8,91.43,94.77,17846425
JPM.US,2022-08-12,120.67,122.25,119.44,122.13,9906716
KO.US,2022-08-12,63.43,63.76,63.09,63.7,9489284
MSFT.US,2022-08-12,288.48,291.91,286.94,291.91,22619675
XOM.US,2022-08-12,92.48,94.02,92.11,94.0,15058217
0005.HK,2022-08-15,52.2,52.5,52.0,52.2,5799376
0700.HK,2022-08-15,301.8,305.8,299.0,300.4,11622138
1810.HK,2022-08-15,12.04,12.28,12.02,12.12,36953492
3690.HK,2022-08-15,179.0,185.0,178.5,180.9,14582497
9988.HK,2022-08-15,91.8,93.8,91.7,91.75,23076972
AAPL.US,2022-08-15,171.52,173.39,171.35,173.19,54091694
BABA.US,2022-08-15,93.2,94.63,92.38,94.2,14425111
JPM.US,2022-08-15,121.14,122.72,120.6,122.46,8456202
KO.US,2022-08-15,63.64,64.69,63.57,64.5,9863332
MSFT.US,2022-08-15,291.0,294.18,290.11,293.47,18085654
XOM.US,2022-08-15,90.53,92.73,89.66,92.32,20755230
0005.HK,2022-08-16,51.9,52.15,51.5,51.85,7770101
0700.HK,2022-08-16,302.0,306.0,292.6,303.0,23529966
1810.HK,2022-08-16,12.14,12.18,11.54,11.68,99439396
3690.HK,2022-08-16,184.3,184.5,159.5,164.5,66970466
9988.HK,2022-08-16,92.0,92.4,88.55,89.95,33043745
AAPL.US,2022-08-16,172.78,173.71,171.66,173.03,56377050
BABA.US,2022-08-16,92.69,93.57,91.4,92.65,12003155
JPM.US,2022-08-16,122.29,124.24,121.87,123.63,9554966
KO.US,2022-08-16,64.57,65.23,64.33,65.03,9569616
MSFT.US,2022-08-16,291.99,294.04,290.42,292.71,18102882
XOM.US,2022-08-16,92.03,92.89,91.29,91.46,14038213
0005.HK,2022-08-17,52.45,52.45,51.7,51.95,7148920
0700.HK,2022-08-17,303.0,305.8,297.0,303.2,17616313
1810.HK,2022-08-17,11.8,11.86,11.62,11.68,38650367
3690.HK,2022-08-17,169.6,173.2,165.7,170.0,38079991
9988.HK,2022-08-17,90.8,91.4,89.65,90.35,24355633
AAPL.US,2022-08-17,172.77,176.15,172.57,174.55,79542037
BABA.US,2022-08-17,91.87,92.39,89.76,89.77,14491455
JPM.US,2022-08-17,122.3,123.16,121.69,122.59,8149335
KO.US,2022-08-17,64.83,65.22,64.76,64.88,8144045
MSFT.US,2022-08-17,289.74,293.35,289.47,291.32,18253358
XOM.US,2022-08-17,91.27,93.21,90.92,92.2,13678045
0005.HK,2022-08-18,51.25,51.3,50.1,50.45,14532056
0700.HK,2022-08-18,316.0,316.0,309.4,312.6,32206273
1810.HK,2022-08-18,11.74,11.8,11.58,11.64,43618846
3690.HK,2022-08-18,173.0,174.9,169.5,171.1,18845951
9988.HK,2022-08-18,89.0,89.05,87.5,88.25,41421479
AAPL.US,2022-08-18,173.75,174.9,173.12,174.15,62290075
BABA.US,2022-08-18,90.05,91.93,88.52,90.74,13418564
JPM.US,2022-08-18,122.24,122.47,120.55,121.64,9531752
KO.US,2022-08-18,64.96,65.35,64.71,65.22,6532028
MSFT.US,2022-08-18,290.19,291.91,289.08,290.17,17186192
XOM.US,2022-08-18,93.15,95.31,93.09,94.38,17770365
0005.HK,2022-08-19,50.45,50.6,50.15,50.35,7398529
0700.HK,2022-08-19,312.6,320.0,312.2,315.0,23266775
1810.HK,2022-08-19,11.52,11.72,11.52,11.66,52921630
3690.HK,2022-08-19,169.4,174.4,165.4,169.9,20464820
9988.HK,2022-08-19,88.0,90.25,87.85,89.5,26850751
AAPL.US,2022-08-19,173.03,173.74,171.31,171.52,70346295
BABA.US,2022-08-19,90.41,91.65,89.18,89.63,12364344
JPM.US,2022-08-19,120.62,120.99,118.11,118.63,13464469
KO.US,2022-08-19,65.21,65.47,64.96,65.17,8921062
MSFT.US,2022-08-19,288.9,289.25,285.56,286.15,20570033
XOM.US,2022-08-19,94.16,95.2,93.8,94.08,16128557
0005.HK,2022-08-22,49.85,49.85,49.15,49.3,13718620
0700.HK,2022-08-22,312.2,315.6,308.2,310.6,14775320
1810.HK,2022-08-22,11.42,11.46,11.02,11.28,113190298
3690.HK,2022-08-22,166.4,175.5,165.7,171.1,18756016
9988.HK,2022-08-22,87.8,89.75,87.7,88.5,34067261
AAPL.US,2022-08-22,169.69,169.86,167.14,167.57,69026809
BABA.US,2022-08-22,89.57,90.88,89.3,90.03,15545032
JPM.US,2022-08-22,116.75,117.16,115.5,116.67,8967607
KO.US,2022-08-22,64.84,64.92,63.99,64.2,9087893
MSFT.US,2022-08-22,282.08,282.46,277.22,277.75,25061070
XOM.US,2022-08-22,93.42,94.49,91.86,94.01,16019928
0005.HK,2022-08-23,49.45,49.75,48.8,49.05,16651782
0700.HK,2022-08-23,312.0,314.0,309.0,312.8,13530189
1810.HK,2022-08-23,11.2,11.26,11.04,11.18,73873317
3690.HK,2022-08-23,171.1,173.4,167.1,168.7,16913154
9988.HK,2022-08-23,89.0,89.3,86.75,88.4,36228033
AAPL.US,2022-08-23,167.08,168.71,166.65,167.23,54147079
BABA.US,2022-08-23,89.17,90.18,86.71,89.83,17345880
JPM.US,2022-08-23,116.69,117.29,115.38,115.52,7607042
KO.US,2022-08-23,63.82,64.37,63.68,64.27,8443752
MSFT.US,2022-08-23,276.44,278.86,275.4,276.44,17527409
XOM.US,2022-08-23,95.55,98.41,95.45,98.0,23764738
0005.HK,2022-08-24,49.05,49.2,48.35,48.55,16394654
0700.HK,2022-08-24,313.8,315.4,307.4,310.0,13050814
1810.HK,2022-08-24,11.18,11.18,10.82,11.02,90824042
3690.HK,2022-08-24,170.9,171.2,163.1,164.1,24176621
9988.HK,2022-08-24,86.85,87.5,85.5,86.25,35976874
AAPL.US,2022-08-24,167.32,168.11,166.25,167.53,53841524
BABA.US,2022-08-24,87.9,94.15,87.55,92.52,22808330
JPM.US,2022-08-24,115.29,116.41,114.45,115.8,9771264
KO.US,2022-08-24,64.24,64.58,64.05,64.36,6844730
MSFT.US,2022-08-24,275.41,277.23,275.11,275.79,18137019
XOM.US,2022-08-24,98.01,98.97,97.36,98.58,17050307
0005.HK,2022-08-25,48.4,49.15,48.0,49.05,10940374
0700.HK,2022-08-25,312.6,325.4,312.6,325.0,19441009
1810.HK,2022-08-25,11.18,11.52,10.94,11.42,77119855
3690.HK,2022-08-25,164.9,179.5,164.9,177.3,27920623
9988.HK,2022-08-25,90.0,95.2,88.9,93.8,66382425
AAPL.US,2022-08-25,168.78,170.14,168.35,170.03,51218209
BABA.US,2022-08-25,96.06,101.03,94.95,99.89,39170608
JPM.US,2022-08-25,116.16,118.74,115.68,118.55,10758870
KO.US,2022-08-25,64.36,64.71,63.9,64.67,7913869
MSFT.US,2022-08-25,277.33,279.02,274.52,278.85,16583407
XOM.US,2022-08-25,98.92,99.86,98.1,99.09,15305729
0005.HK,2022-08-26,48.8,49.15,48.6,49.1,11556488
0700.HK,2022-08-26,330.2,330.8,321.4,324.2,18576228
1810.HK,2022-08-26,11.6,11.84,11.34,11.78,119513324
3690.HK,2022-08-26,180.3,183.8,177.7,181.9,28586308
9988.HK,2022-08-26,97.65,97.65,94.7,95.8,54668306
AAPL.US,2022-08-26,170.57,171.05,163.56,163.62,78960980
BABA.US,2022-08-26,104.84,104.85,97.61,98.0,45773441
JPM.US,2022-08-26,119.46,119.99,114.6,114.67,11276212
KO.US,2022-08-26,64.73,64.8,62.98,63.11,10089513
MSFT.US,2022-08-26,279.08,280.34,267.98,268.09,27549307
XOM.US,2022-08-26,98.77,99.91,97.42,97.87,15531368
0005.HK,2022-08-29,48.1,48.75,48.0,48.75,13021055
0700.HK,2022-08-29,319.0,324.8,316.8,323.0,12394983
1810.HK,2022-08-29,11.48,11.62,11.28,11.4,75681283
3690.HK,2022-08-29,188.0,191.0,184.0,186.7,49828941
9988.HK,2022-08-29,94.75,96.8,93.8,95.15,37070401
AAPL.US,2022-08-29,161.15,162.9,159.82,161.38,73313953
BABA.US,2022-08-29,98.96,100.91,96.48,96.6,18323471
JPM.US,2022-08-29,114.0,114.86,113.46,114.39,8117296
KO.US,2022-08-29,62.69,63.03,62.41,62.73,9115904
MSFT.US,2022-08-29,265.85,267.4,263.85,265.23,20338544
XOM.US,2022-08-29,98.18,101.56,98.14,100.12,23059214
0005.HK,2022-08-30,48.85,49.3,48.05,49.15,20589027
0700.HK,2022-08-30,323.0,323.8,313.8,323.6,14042944
1810.HK,2022-08-30,11.4,11.4,11.02,11.34,68044280
3690.HK,2022-08-30,189.4,189.4,179.7,185.0,26865792
9988.HK,2022-08-30,95.4,95.45,92.7,95.2,35706777
AAPL.US,2022-08-30,162.13,162.56,157.72,158.91,77906197
BABA.US,2022-08-30,95.86,96.97,92.62,93.84,17865794
JPM.US,2022-08-30,115.0,115.58,113.36,114.41,10745404
KO.US,2022-08-30,62.91,62.91,61.99,62.15,8456837
MSFT.US,2022-08-30,266.67,267.05,260.66,262.97,22767071
XOM.US,2022-08-30,98.36,98.62,95.82,96.31,17086838
0005.HK,2022-08-31,48.65,48.95,48.2,48.6,14662946
0700.HK,2022-08-31,315.0,334.6,314.8,327.2,26206525
1810.HK,2022-08-31,11.12,11.78,11.12,11.56,100516040
3690.HK,2022-08-31,181.2,193.6,180.2,189.8,60734926
9988.HK,2022-08-31,91.9,96.9,91.5,94.3,52002425
AAPL.US,2022-08-31,160.31,160.58,157.14,157.22,87991091
BABA.US,2022-08-31,96.66,98.62,94.92,95.41,16169039
JPM.US,2022-08-31,114.48,115.03,113.34,113.73,10738299
KO.US,2022-08-31,62.38,62.53,61.7,61.71,14633568
MSFT.US,2022-08-31,265.39,267.11,261.33,261.47,24791834
XOM.US,2022-08-31,94.03,96.84,93.59,95.59,18340884
0005.HK,2022-09-01,48.4,48.45,48.0,48.25,16433194
0700.HK,2022-09-01,327.0,333.6,324.0,324.6,23932337
1810.HK,2022-09-01,11.48,11.64,11.26,11.38,58724806
3690.HK,2022-09-01,185.0,186.5,177.0,178.7,30511180
9988.HK,2022-09-01,93.85,95.55,91.85,92.2,41471390
AAPL.US,2022-09-01,156.64,158.42,154.67,157.96,74229896
BABA.US,2022-09-01,92.75,94.52,91.67,93.71,11929077
JPM.US,2022-09-01,113.29,114.63,111.91,114.51,9979823
KO.US,2022-09-01,61.58,62.04,61.29,62.0,14939684
MSFT.US,2022-09-01,258.87,260.89,255.41,260.4,23263431
XOM.US,2022-09-01,94.42,95.07,92.29,93.87,16422987
0005.HK,2022-09-02,47.8,48.1,47.6,48.1,23959585
0700.HK,2022-09-02,323.8,330.6,322.2,328.6,25490848
1810.HK,2022-09-02,11.32,11.46,11.04,11.16,130714809
3690.HK,2022-09-02,182.0,182.4,174.2,176.2,19643601
9988.HK,2022-09-02,92.0,92.75,90.2,90.65,40477868
AAPL.US,2022-09-02,159.75,160.36,154.97,155.81,76957768
BABA.US,2022-09-02,91.77,93.67,90.77,91.8,12378935
JPM.US,2022-09-02,115.87,117.45,113.19,113.71,10666594
KO.US,2022-09-02,62.39,62.77,60.9,61.15,11809821
MSFT.US,2022-09-02,261.7,264.74,254.47,256.06,22855380
XOM.US,2022-09-02,96.35,96.79,95.11,95.59,18206807
0005.HK,2022-09-05,48.1,48.1,47.5,47.8,20115672
0700.HK,2022-09-05,324.0,324.8,316.0,319.0,20370608
1810.HK,2022-09-05,11.06,11.08,10.78,10.86,107912829
3690.HK,2022-09-05,174.0,175.6,169.6,173.6,16340553
9988.HK,2022-09-05,89.5,89.5,87.55,88.5,35505940
0005.HK,2022-09-06,48.2,48.9,48.05,48.8,11552789
0700.HK,2022-09-06,319.0,321.6,311.6,314.2,16233176
1810.HK,2022-09-06,10.92,11.04,10.8,10.94,45679521
3690.HK,2022-09-06,175.6,177.7,172.0,173.4,12974024
9988.HK,2022-09-06,88.85,89.5,87.2,88.05,29242315
AAPL.US,2022-09-06,156.47,157.09,153.69,154.53,73714843
BABA.US,2022-09-06,89.32,89.47,87.8,88.45,15573459
JPM.US,2022-09-06,114.33,114.75,112.07,113.74,9751914
KO.US,2022-09-06,61.29,61.97,60.99,61.18,12181823
MSFT.US,2022-09-06,256.2,257.83,251.94,253.25,21328242
XOM.US,2022-09-06,96.16,96.59,94.51,94.95,19201532
0005.HK,2022-09-07,48.2,48.25,47.15,47.8,22008473
0700.HK,2022-09-07,309.2,312.4,306.2,311.6,15178496
1810.HK,2022-09-07,10.72,10.88,10.7,10.8,56397394
3690.HK,2022-09-07,170.4,173.6,167.8,172.1,13830921
9988.HK,2022-09-07,86.1,87.85,85.95,87.4,28479263
AAPL.US,2022-09-07,154.83,156.67,153.61,155.96,87449574
BABA.US,2022-09-07,88.52,90.86,87.76,90.6,12753290
JPM.US,2022-09-07,113.13,116.11,112.76,115.9,10647866
KO.US,2022-09-07,61.32,62.49,61.32,62.31,13290711
MSFT.US,2022-09-07,254.7,258.83,253.22,258.09,24126700
XOM.US,2022-09-07,93.19,94.59,92.3,94.14,16274657
0005.HK,2022-09-08,47.7,47.7,47.3,47.6,8909804
0700.HK,2022-09-08,306.8,310.6,300.2,301.8,23574804
1810.HK,2022-09-08,10.9,10.94,10.46,10.56,72248161
3690.HK,2022-09-08,172.7,175.2,170.4,171.5,9187502
9988.HK,2022-09-08,88.5,89.2,86.75,87.2,33528981
AAPL.US,2022-09-08,154.64,156.36,152.68,154.46,84923847
BABA.US,2022-09-08,88.56,90.18,88.28,89.52,13291754
JPM.US,2022-09-08,115.28,118.79,114.63,118.6,11434984
KO.US,2022-09-08,62.08,62.3,61.34,62.12,17193460
MSFT.US,2022-09-08,257.51,260.43,254.79,258.52,20319911
XOM.US,2022-09-08,94.66,95.42,93.72,94.91,18759208
0005.HK,2022-09-09,47.85,48.35,47.55,48.05,24742392
0700.HK,2022-09-09,299.0,309.4,299.0,307.0,17162625
1810.HK,2022-09-09,10.56,10.9,10.52,10.8,82304510
3690.HK,2022-09-09,172.6,181.1,172.3,179.9,18276352
9988.HK,2022-09-09,87.2,90.35,86.55,89.8,31544613
AAPL.US,2022-09-09,155.47,157.82,154.75,157.37,68081006
BABA.US,2022-09-09,91.05,92.9,90.72,92.14,10759201
JPM.US,2022-09-09,119.14,120.05,118.67,119.17,9302228
KO.US,2022-09-09,62.17,62.88,61.86,62.32,11855886
MSFT.US,2022-09-09,260.5,265.23,260.29,264.46,22093190
XOM.US,2022-09-09,96.52,97.0,95.32,96.5,17161438
AAPL.US,2022-09-12,159.59,164.26,159.3,163.43,104955962
BABA.US,2022-09-12,92.42,94.84,91.81,94.69,15604001
JPM.US,2022-09-12,120.62,121.55,119.79,120.58,8614630
KO.US,2022-09-12,62.43,62.81,62.27,62.5,13026935
MSFT.US,2022-09-12,265.78,267.45,265.16,266.65,18747690
XOM.US,2022-09-12,97.65,99.19,96.88,97.61,16118943
0005.HK,2022-09-13,49.0,49.2,48.7,48.85,15421126
0700.HK,2022-09-13,308.6,308.8,304.4,304.8,17173715
1810.HK,2022-09-13,10.9,10.92,10.76,10.8,49031466
3690.HK,2022-09-13,181.1,181.6,177.4,177.8,13153478
9988.HK,2022-09-13,91.8,92.3,90.8,91.2,41280098
AAPL.US,2022-09-13,159.9,160.54,153.37,153.84,122656614
BABA.US,2022-09-13,90.76,92.18,89.23,89.47,21149823
JPM.US,2022-09-13,118.07,118.92,115.78,116.39,12904575
KO.US,2022-09-13,62.2,62.22,60.28,60.47,18532832
MSFT.US,2022-09-13,258.84,260.4,251.59,251.99,33353318
XOM.US,2022-09-13,96.61,97.78,94.91,95.33,18229124
0005.HK,2022-09-14,47.65,48.0,47.4,47.6,15091877
0700.HK,2022-09-14,300.4,304.2,299.0,299.6,17988979
1810.HK,2022-09-14,10.56,10.6,10.36,10.44,78204299
3690.HK,2022-09-14,173.1,176.2,172.4,173.8,11858668
9988.HK,2022-09-14,87.8,88.3,86.9,87.1,35250138
AAPL.US,2022-09-14,154.79,157.1,153.61,155.31,87965409
BABA.US,2022-09-14,89.46,89.78,88.17,88.92,10843634
JPM.US,2022-09-14,116.7,117.84,114.88,116.12,9345718
KO.US,2022-09-14,60.64,61.08,60.44,60.79,12881592
MSFT.US,2022-09-14,253.53,254.23,249.86,252.22,23912954
XOM.US,2022-09-14,96.19,98.56,96.15,97.67,22655682
0005.HK,2022-09-15,47.75,47.75,47.2,47.4,14038018
0700.HK,2022-09-15,299.2,302.4,299.2,300.0,13321901
1810.HK,2022-09-15,10.38,10.5,10.34,10.42,49082671
3690.HK,2022-09-15,173.8,177.2,173.3,175.4,10370843
9988.HK,2022-09-15,86.9,88.55,86.9,88.1,21920813
AAPL.US,2022-09-15,154.65,155.24,151.38,152.37,90481110
BABA.US,2022-09-15,88.63,91.1,88.2,88.83,12188847
JPM.US,2022-09-15,116.12,119.38,115.76,117.87,10821438
KO.US,2022-09-15,60.4,60.4,59.36,59.53,11451927
MSFT.US,2022-09-15,249.77,251.4,244.02,245.38,31530948
XOM.US,2022-09-15,96.22,96.54,94.05,94.83,21092271
0005.HK,2022-09-16,47.6,47.9,47.35,47.6,12952895
0700.HK,2022-09-16,297.4,299.4,293.2,293.2,24944190
1810.HK,2022-09-16,10.3,10.36,10.02,10.24,126061441
3690.HK,2022-09-16,172.4,175.0,170.0,171.9,15356162
9988.HK,2022-09-16,86.7,87.65,86.05,86.8,39457544
AAPL.US,2022-09-16,151.21,151.35,148.37,150.7,162278841
BABA.US,2022-09-16,87.7,88.25,85.42,86.43,18751507
JPM.US,2022-09-16,117.39,117.4,115.37,117.08,14844136
KO.US,2022-09-16,59.66,59.8,59.11,59.54,20493535
MSFT.US,2022-09-16,244.26,245.3,242.06,244.74,39791768
XOM.US,2022-09-16,95.07,95.34,92.0,93.21,37874705
0005.HK,2022-09-19,47.6,47.8,47.25,47.7,6026762
0700.HK,2022-09-19,292.2,292.8,288.2,289.0,22924233
1810.HK,2022-09-19,10.18,10.18,10.0,10.02,59972669
3690.HK,2022-09-19,172.0,172.0,167.2,169.4,13739607
9988.HK,2022-09-19,85.05,85.5,83.2,83.7,41066371
AAPL.US,2022-09-19,149.31,154.56,149.1,154.48,81474246
BABA.US,2022-09-19,85.1,87.77,85.0,87.66,12822134
JPM.US,2022-09-19,116.0,118.73,115.51,118.16,8201305
KO.US,2022-09-19,59.39,60.1,59.23,59.99,12596248
MSFT.US,2022-09-19,242.47,245.14,240.85,244.52,26826931
XOM.US,2022-09-19,91.01,93.49,91.0,93.2,15342110
0005.HK,2022-09-20,47.85,48.6,47.8,48.35,11088743
0700.HK,2022-09-20,292.4,296.6,292.4,293.4,15136256
1810.HK,2022-09-20,10.12,10.18,10.0,10.04,48361716
3690.HK,2022-09-20,172.0,176.7,171.4,172.6,13838467
9988.HK,2022-09-20,85.3,87.35,85.1,86.2,36089021
AAPL.US,2022-09-20,153.4,158.08,153.08,156.9,107689796
BABA.US,2022-09-20,87.95,88.73,85.01,85.8,19129016
JPM.US,2022-09-20,117.41,117.69,114.64,115.83,9619026
KO.US,2022-09-20,59.68,60.03,59.32,59.9,11984607
MSFT.US,2022-09-20,242.07,243.51,239.64,242.45,26660299
XOM.US,2022-09-20,92.73,92.93,91.64,92.44,14712518
0005.HK,2022-09-21,47.75,48.05,47.25,47.4,15315332
0700.HK,2022-09-21,290.4,291.4,286.0,286.0,16093175
1810.HK,2022-09-21,10.0,10.0,9.71,9.75,88313058
3690.HK,2022-09-21,172.3,172.3,166.1,167.5,15593525
9988.HK,2022-09-21,84.1,84.15,82.6,83.05,37225757
AAPL.US,2022-09-21,157.34,158.74,153.6,153.72,101696790
BABA.US,2022-09-21,85.12,85.16,81.5,81.6,23847345
JPM.US,2022-09-21,116.54,116.6,112.42,112.49,12606281
KO.US,2022-09-21,60.14,60.7,59.39,59.4,14165341
MSFT.US,2022-09-21,244.27,247.66,238.9,238.95,28625557
XOM.US,2022-09-21,93.57,93.88,90.87,90.95,17332419
0005.HK,2022-09-22,46.5,46.6,45.45,45.7,25849690
0700.HK,2022-09-22,282.0,285.4,279.2,283.0,17537491
1810.HK,2022-09-22,9.6,9.83,9.52,9.68,66338067
3690.HK,2022-09-22,163.9,165.0,160.3,164.9,17788120
9988.HK,2022-09-22,80.0,81.0,79.7,80.85,49260960
AAPL.US,2022-09-22,152.38,154.47,150.91,152.74,86652542
BABA.US,2022-09-22,82.63,83.28,80.17,80.71,19141219
JPM.US,2022-09-22,113.38,113.6,111.07,111.21,11684463
KO.US,2022-09-22,59.55,59.73,59.2,59.26,11657595
MSFT.US,2022-09-22,237.87,243.86,237.57,240.98,31061162
XOM.US,2022-09-22,92.2,92.66,90.52,90.57,16139391
0005.HK,2022-09-23,45.7,46.3,45.4,45.7,20582846
0700.HK,2022-09-23,278.6,281.4,275.0,275.0,19674705
1810.HK,2022-09-23,9.61,9.67,9.37,9.46,83389230
3690.HK,2022-09-23,162.4,164.7,160.3,160.3,12682207
9988.HK,2022-09-23,79.15,80.35,78.4,78.4,45213463
AAPL.US,2022-09-23,151.19,151.47,148.56,150.43,96029909
BABA.US,2022-09-23,79.26,79.77,77.6,78.8,20492118
JPM.US,2022-09-23,110.05,110.34,107.16,109.14,18138572
KO.US,2022-09-23,58.96,59.1,58.0,58.6,14824047
MSFT.US,2022-09-23,239.54,241.13,235.2,237.92,34176048
XOM.US,2022-09-23,87.5,87.5,84.85,85.75,27738816
0005.HK,2022-09-26,43.6,43.6,41.7,42.25,71881369
0700.HK,2022-09-26,273.2,287.6,273.2,283.2,24646712
1810.HK,2022-09-26,9.34,9.89,9.31,9.67,87964444
3690.HK,2022-09-26,160.0,170.6,159.4,167.5,20487619
9988.HK,2022-09-26,77.4,80.3,76.7,78.7,47488911
AAPL.US,2022-09-26,149.66,153.77,149.64,150.77,93339409
BABA.US,2022-09-26,79.94,80.99,78.78,78.91,17880572
JPM.US,2022-09-26,108.0,109.61,106.06,106.79,15753581
KO.US,2022-09-26,58.49,58.57,57.69,57.87,18670050
MSFT.US,2022-09-26,237.05,241.45,236.9,237.45,27694190
XOM.US,2022-09-26,84.9,86.22,83.89,83.98,22043356
0005.HK,2022-09-27,42.2,43.1,41.9,42.45,28284128
0700.HK,2022-09-27,282.4,283.2,275.2,280.8,22729235
1810.HK,2022-09-27,9.68,9.73,9.43,9.69,59800557
3690.HK,2022-09-27,168.1,174.8,166.5,174.2,23512367
9988.HK,2022-09-27,78.6,79.2,76.05,77.9,49807775
AAPL.US,2022-09-27,152.74,154.72,149.95,151.76,84442741
BABA.US,2022-09-27,79.43,80.41,77.1,77.87,16975106
JPM.US,2022-09-27,107.75,108.17,104.65,105.85,12793612
KO.US,2022-09-27,58.08,58.37,56.31,56.38,23829348
MSFT.US,2022-09-27,239.98,241.8,234.5,236.41,27018732
XOM.US,2022-09-27,85.61,86.96,84.81,85.74,17307293
0005.HK,2022-09-28,41.8,41.8,39.8,40.0,55402471
0700.HK,2022-09-28,279.8,279.8,273.4,274.0,22159591
1810.HK,2022-09-28,9.48,9.64,9.26,9.33,84950626
3690.HK,2022-09-28,172.0,172.9,167.7,168.8,18959922
9988.HK,2022-09-28,76.55,77.25,74.45,74.7,53790769
AAPL.US,2022-09-28,147.64,150.64,144.84,149.84,146691387
BABA.US,2022-09-28,76.49,81.48,76.28,80.99,20725414
JPM.US,2022-09-28,105.95,108.73,105.64,107.99,12762596
KO.US,2022-09-28,56.66,57.25,55.91,56.98,21480149
MSFT.US,2022-09-28,236.81,242.33,234.73,241.07,29029679
XOM.US,2022-09-28,86.12,89.3,85.92,88.86,19543315
0005.HK,2022-09-29,41.2,41.7,40.0,40.4,35562860
0700.HK,2022-09-29,278.2,283.8,268.2,270.6,20159158
1810.HK,2022-09-29,9.5,9.6,8.71,8.88,136984013
3690.HK,2022-09-29,174.5,174.7,167.5,170.2,17156821
9988.HK,2022-09-29,78.85,79.2,75.85,76.85,62711018
AAPL.US,2022-09-29,146.1,146.72,140.68,142.48,128138237
BABA.US,2022-09-29,78.05,79.19,76.74,79.06,17913631
JPM.US,2022-09-29,106.95,107.28,104.4,106.16,12713926
KO.US,2022-09-29,57.09,57.29,56.0,56.57,14570701
MSFT.US,2022-09-29,238.89,239.95,234.41,237.5,27484233
XOM.US,2022-09-29,88.18,89.36,87.13,88.68,17896011
0005.HK,2022-09-30,40.65,41.4,40.65,41.25,21617792
0700.HK,2022-09-30,266.8,276.4,263.6,266.4,22458387
1810.HK,2022-09-30,8.83,8.99,8.67,8.96,73125303
3690.HK,2022-09-30,171.6,171.6,160.9,165.6,19211935
9988.HK,2022-09-30,77.3,78.75,75.9,77.95,46992673
AAPL.US,2022-09-30,141.28,143.1,138.0,138.2,124925274
BABA.US,2022-09-30,78.74,81.78,78.65,79.99,17116869
JPM.US,2022-09-30,106.06,107.62,104.4,104.5,15973415
KO.US,2022-09-30,56.87,57.13,56.0,56.02,16124618
MSFT.US,2022-09-30,238.29,240.54,232.73,232.9,35694832
XOM.US,2022-09-30,88.17,89.04,87.31,87.31,21357564
0005.HK,2022-10-03,40.2,40.95,39.8,40.35,27252085
0700.HK,2022-10-03,264.0,266.8,259.4,263.8,13987290
1810.HK,2022-10-03,8.71,9.04,8.71,8.79,34713280
3690.HK,2022-10-03,164.4,165.9,159.8,161.7,13299004
9988.HK,2022-10-03,77.9,78.75,76.8,77.65,30742228
AAPL.US,2022-10-03,138.21,143.07,137.69,142.45,114311663
BABA.US,2022-10-03,79.76,80.93,78.05,80.45,13249570
JPM.US,2022-10-03,105.62,108.36,104.46,107.73,12248137
KO.US,2022-10-03,56.36,56.85,56.06,56.65,16277620
MSFT.US,2022-10-03,235.41,241.61,234.66,240.74,28880357
XOM.US,2022-10-03,90.04,92.36,89.72,91.92,23881332
AAPL.US,2022-10-04,145.03,146.22,144.26,146.1,87830064
BABA.US,2022-10-04,83.0,85.03,82.34,84.11,18251994
JPM.US,2022-10-04,110.61,112.99,109.86,112.77,16013586
KO.US,2022-10-04,56.95,57.81,56.46,56.78,18861431
MSFT.US,2022-10-04,245.09,250.36,244.98,248.88,34888416
XOM.US,2022-10-04,93.24,95.36,92.71,95.27,22133711
0005.HK,2022-10-05,42.95,43.2,42.5,42.65,37615359
0700.HK,2022-10-05,274.8,280.0,271.2,279.0,18141455
1810.HK,2022-10-05,9.14,9.49,9.09,9.4,84330774
3690.HK,2022-10-05,168.4,177.0,168.0,174.9,23594372
9988.HK,2022-10-05,82.0,84.6,81.4,84.2,65113124
AAPL.US,2022-10-05,144.08,147.38,143.01,146.4,79470968
BABA.US,2022-10-05,84.1,86.29,83.25,84.39,13193991
JPM.US,2022-10-05,109.75,110.95,108.83,110.39,10943502
KO.US,2022-10-05,56.5,56.65,55.51,56.24,14324851
MSFT.US,2022-10-05,245.99,250.58,244.1,249.2,20347136
XOM.US,2022-10-05,95.75,99.99,95.66,99.12,34857698
0005.HK,2022-10-06,42.4,42.6,41.9,42.25,11803426
0700.HK,2022-10-06,279.0,282.6,275.0,277.8,10374051
1810.HK,2022-10-06,9.43,9.46,9.24,9.39,44029960
3690.HK,2022-10-06,177.5,179.4,173.3,177.1,11941492
9988.HK,2022-10-06,83.0,84.55,82.65,83.15,29151683
AAPL.US,2022-10-06,145.81,147.54,145.22,145.43,68402169
BABA.US,2022-10-06,84.07,85.25,83.52,84.32,11583629
JPM.US,2022-10-06,109.46,110.19,107.94,108.14,11521415
KO.US,2022-10-06,56.0,56.1,54.87,55.03,17192843
MSFT.US,2022-10-06,247.93,250.34,246.08,246.79,20239886
XOM.US,2022-10-06,98.47,102.18,98.33,102.06,29124717
0005.HK,2022-10-07,41.45,41.7,41.15,41.25,12696068
0700.HK,2022-10-07,273.8,274.4,270.0,270.6,9981032
1810.HK,2022-10-07,9.29,9.29,8.99,9.08,43519402
3690.HK,2022-10-07,175.4,177.5,172.8,172.9,6408263
9988.HK,2022-10-07,81.7,82.8,81.2,81.35,27043107
AAPL.US,2022-10-07,142.54,143.1,139.45,140.09,85925559
BABA.US,2022-10-07,82.35,83.71,80.76,81.24,11632448
JPM.US,2022-10-07,107.52,107.71,105.27,105.98,11681088
KO.US,2022-10-07,54.99,55.09,54.25,54.51,11479799
MSFT.US,2022-10-07,240.9,241.32,233.17,234.24,37769602
XOM.US,2022-10-07,102.19,103.32,100.18,101.03,24507647
0005.HK,2022-10-10,40.55,40.6,40.1,40.35,19875821
0700.HK,2022-10-10,266.0,268.4,262.8,263.8,15679704
1810.HK,2022-10-10,8.83,8.98,8.77,8.92,60424156
3690.HK,2022-10-10,168.0,168.0,159.6,161.3,30853484
9988.HK,2022-10-10,79.25,79.55,78.0,78.7,28520208
AAPL.US,2022-10-10,140.42,141.89,138.57,140.42,74899002
BABA.US,2022-10-10,79.77,79.79,77.7,79.24,14070870
JPM.US,2022-10-10,106.73,107.31,104.52,104.99,8931729
KO.US,2022-10-10,54.6,54.96,54.02,54.39,10239123
MSFT.US,2022-10-10,233.05,234.56,226.73,229.25,29743608
XOM.US,2022-10-10,101.49,102.03,98.72,98.84,16786088
0005.HK,2022-10-11,40.45,40.7,39.45,39.7,26670561
0700.HK,2022-10-11,261.6,262.4,254.2,254.6,21324035
1810.HK,2022-10-11,8.92,9.04,8.67,8.74,80383810
3690.HK,2022-10-11,161.3,161.5,146.7,151.4,38209080
9988.HK,2022-10-11,78.15,78.6,75.6,76.0,39298810
AAPL.US,2022-10-11,139.9,141.35,138.22,138.98,77033672
BABA.US,2022-10-11,77.38,77.84,74.14,75.37,18387948
JPM.US,2022-10-11,104.37,104.54,101.85,101.96,12739700
KO.US,2022-10-11,54.46,55.22,54.24,54.48,14303920
MSFT.US,2022-10-11,227.62,229.06,224.11,225.41,30473954
XOM.US,2022-10-11,97.22,99.76,96.75,98.0,17804127
0005.HK,2022-10-12,39.45,39.55,38.5,38.7,41313811
0700.HK,2022-10-12,251.0,264.0,248.0,253.6,32025105
1810.HK,2022-10-12,8.72,8.92,8.31,8.68,120062330
3690.HK,2022-10-12,151.8,158.6,142.0,150.4,42562313
9988.HK,2022-10-12,74.5,77.35,72.3,74.35,56354876
AAPL.US,2022-10-12,139.13,140.36,138.16,138.34,70433744
BABA.US,2022-10-12,74.9,76.68,74.03,75.73,13247869
JPM.US,2022-10-12,101.8,104.73,101.28,103.61,13180960
KO.US,2022-10-12,55.23,56.04,55.04,55.14,18377448
MSFT.US,2022-10-12,225.4,227.86,223.96,225.75,21903937
XOM.US,2022-10-12,97.5,98.91,97.23,98.43,12635769
0005.HK,2022-10-13,38.95,39.25,38.55,38.75,15941289
0700.HK,2022-10-13,254.4,255.0,246.2,246.2,22159044
1810.HK,2022-10-13,8.68,8.93,8.49,8.52,70074062
3690.HK,2022-10-13,149.8,149.8,144.5,146.0,19571364
9988.HK,2022-10-13,74.35,74.95,72.6,72.75,25774888
AAPL.US,2022-10-13,134.99,143.59,134.37,142.99,113223975
BABA.US,2022-10-13,72.24,75.78,71.4,75.01,17563437
JPM.US,2022-10-13,101.98,109.9,101.76,109.37,22398706
KO.US,2022-10-13,54.48,56.08,54.26,55.87,16220718
MSFT.US,2022-10-13,219.85,236.1,219.13,234.24,42551818
XOM.US,2022-10-13,97.55,102.45,97.4,101.87,22019142
0005.HK,2022-10-14,40.65,41.3,40.4,40.55,35918021
0700.HK,2022-10-14,250.0,258.8,248.4,249.2,31457117
1810.HK,2022-10-14,8.66,8.98,8.53,8.62,93032719
3690.HK,2022-10-14,148.7,155.3,148.7,149.0,26274605
9988.HK,2022-10-14,74.0,76.1,72.35,73.25,43037199
AAPL.US,2022-10-14,144.31,144.52,138.19,138.38,88597969
BABA.US,2022-10-14,76.05,76.14,72.78,73.02,13697586
JPM.US,2022-10-14,111.96,115.24,110.72,111.19,33420141
KO.US,2022-10-14,56.29,56.47,54.94,54.98,16001400
MSFT.US,2022-10-14,235.54,237.24,228.34,228.56,30198588
XOM.US,2022-10-14,101.12,102.24,99.04,99.19,15229626
0005.HK,2022-10-17,40.5,41.35,40.35,41.15,18821549
0700.HK,2022-10-17,245.2,250.8,240.8,247.2,26319069
1810.HK,2022-10-17,8.6,8.89,8.5,8.73,79775699
3690.HK,2022-10-17,146.0,153.5,141.6,149.7,24052728
9988.HK,2022-10-17,72.15,74.65,70.9,73.2,45035937
AAPL.US,2022-10-17,141.07,142.9,140.27,142.41,85250939
BABA.US,2022-10-17,75.15,77.87,75.11,76.77,14487400
JPM.US,2022-10-17,115.41,117.01,114.32,115.86,22276272
KO.US,2022-10-17,55.63,56.22,55.57,55.69,13721426
MSFT.US,2022-10-17,235.82,238.96,235.14,237.53,28142268
XOM.US,2022-10-17,101.07,101.97,100.5,100.62,14283231
0005.HK,2022-10-18,42.1,42.35,41.4,42.2,27783943
0700.HK,2022-10-18,252.0,256.6,249.4,254.4,22129580
1810.HK,2022-10-18,8.92,9.19,8.76,9.14,103845201
3690.HK,2022-10-18,153.2,155.8,149.5,154.0,25249963
9988.HK,2022-10-18,75.3,76.4,73.85,76.0,35967664
AAPL.US,2022-10-18,145.49,146.7,140.61,143.75,99136610
BABA.US,2022-10-18,78.01,78.64,75.06,76.34,14970556
JPM.US,2022-10-18,119.66,120.14,116.96,118.84,21539680
KO.US,2022-10-18,56.31,56.78,56.1,56.44,11823119
MSFT.US,2022-10-18,243.24,243.93,235.37,238.5,26329591
XOM.US,2022-10-18,101.54,102.35,99.23,100.8,14065435
0005.HK,2022-10-19,41.7,42.0,41.15,41.65,19941950
0700.HK,2022-10-19,251.6,252.6,243.6,244.0,20957367
1810.HK,2022-10-19,9.14,9.18,8.93,8.94,83039310
3690.HK,2022-10-19,153.4,153.6,144.4,144.5,25715958
9988.HK,2022-10-19,75.1,75.6,72.5,72.7,39088213
AAPL.US,2022-10-19,141.69,144.95,141.5,143.86,61758340
BABA.US,2022-10-19,73.28,74.33,70.52,71.27,23094473
JPM.US,2022-10-19,117.99,118.83,115.67,116.51,17072035
KO.US,2022-10-19,56.31,56.54,55.73,55.96,10182286
MSFT.US,2022-10-19,237.04,239.61,234.29,236.48,19985698
XOM.US,2022-10-19,101.25,103.99,101.23,103.79,20921704
0005.HK,2022-10-20,41.45,41.9,41.05,41.8,15570521
0700.HK,2022-10-20,237.0,239.2,231.0,232.4,49410926
1810.HK,2022-10-20,8.84,9.2,8.66,9.11,113527723
3690.HK,2022-10-20,139.5,141.8,133.7,140.8,50447486
9988.HK,2022-10-20,69.0,71.2,68.0,69.9,63153613
AAPL.US,2022-10-20,143.02,145.89,142.65,143.39,64521989
BABA.US,2022-10-20,71.6,74.94,71.55,72.02,19173394
JPM.US,2022-10-20,117.16,118.71,115.65,116.13,12207437
KO.US,2022-10-20,55.77,55.92,54.96,55.08,16905147
MSFT.US,2022-10-20,235.77,241.31,234.87,236.15,21811015
XOM.US,2022-10-20,104.32,105.0,103.41,103.93,17649025
0005.HK,2022-10-21,41.75,41.9,41.45,41.55,10595052
0700.HK,2022-10-21,232.0,236.4,230.2,232.8,26545936
1810.HK,2022-10-21,9.26,9.31,9.09,9.25,76970263
3690.HK,2022-10-21,141.2,143.8,139.2,141.6,17633947
9988.HK,2022-10-21,70.1,71.1,69.35,69.6,55066786
AAPL.US,2022-10-21,142.87,147.85,142.65,147.27,86548609
BABA.US,2022-10-21,71.2,72.79,69.47,72.18,19526824
JPM.US,2022-10-21,116.46,122.39,116.33,122.23,20593310
KO.US,2022-10-21,55.0,56.11,54.99,55.96,15034054
MSFT.US,2022-10-21,234.74,243.0,234.5,242.12,26299733
XOM.US,2022-10-21,104.45,106.4,103.91,105.86,22814149
0005.HK,2022-10-24,41.55,42.45,41.0,42.1,43396007
0700.HK,2022-10-24,224.0,226.0,205.2,206.2,85067932
1810.HK,2022-10-24,8.94,9.17,8.38,8.45,152588683
3690.HK,2022-10-24,135.0,137.8,119.1,120.6,87427196
9988.HK,2022-10-24,66.0,67.25,60.8,61.65,169668961
AAPL.US,2022-10-24,147.19,150.23,146.0,149.45,75981918
BABA.US,2022-10-24,63.39,64.1,58.01,63.15,101023155
JPM.US,2022-10-24,122.07,123.1,121.33,122.38,12624177
KO.US,2022-10-24,56.64,57.73,56.57,57.57,17416681
MSFT.US,2022-10-24,243.76,247.84,241.3,247.25,24911212
XOM.US,2022-10-24,105.66,107.68,105.12,106.6,17024239
0005.HK,2022-10-25,42.45,43.1,39.75,39.95,49982450
0700.HK,2022-10-25,202.0,215.6,198.6,206.4,73016944
1810.HK,2022-10-25,8.57,9.02,8.32,8.83,155140346
3690.HK,2022-10-25,120.9,127.7,112.8,123.5,78266339
9988.HK,2022-10-25,61.85,65.95,60.25,63.6,102026681
AAPL.US,2022-10-25,150.09,152.49,149.36,152.34,74732290
BABA.US,2022-10-25,65.08,66.18,61.26,63.22,69302372
JPM.US,2022-10-25,121.85,123.27,120.89,122.7,11289101
KO.US,2022-10-25,59.04,59.11,57.75,58.95,28829930
MSFT.US,2022-10-25,247.26,251.04,245.83,250.66,34775505
XOM.US,2022-10-25,106.41,107.33,105.07,105.88,15719805
0005.HK,2022-10-26,39.95,40.7,39.85,40.25,24533934
0700.HK,2022-10-26,204.8,218.4,202.2,211.6,50349233
1810.HK,2022-10-26,8.83,9.29,8.69,9.14,121354827
3690.HK,2022-10-26,121.7,134.6,121.3,129.7,52186329
9988.HK,2022-10-26,61.8,64.65,61.25,62.3,93276020
AAPL.US,2022-10-26,150.96,151.99,148.04,149.35,88436172
BABA.US,2022-10-26,63.36,69.8,62.92,68.51,53063309
JPM.US,2022-10-26,123.0,125.2,122.88,124.11,11671494
KO.US,2022-10-26,59.01,59.78,58.86,59.39,15841374
MSFT.US,2022-10-26,231.17,238.3,230.06,231.32,82684846
XOM.US,2022-10-26,106.26,107.83,106.0,107.14,17390414
0005.HK,2022-10-27,40.6,41.0,40.35,40.7,16940378
0700.HK,2022-10-27,221.2,222.0,211.8,213.2,42717088
1810.HK,2022-10-27,9.43,9.45,9.12,9.19,103257619
3690.HK,2022-10-27,138.4,139.2,131.1,131.8,41077734
9988.HK,2022-10-27,67.55,67.95,64.65,64.85,91203977
AAPL.US,2022-10-27,148.07,149.05,144.13,144.8,109180150
BABA.US,2022-10-27,65.44,67.88,65.42,65.84,25812645
JPM.US,2022-10-27,125.2,126.2,124.21,124.6,10727612
KO.US,2022-10-27,59.77,59.84,59.38,59.53,16026117
MSFT.US,2022-10-27,231.04,233.69,225.78,226.75,40424645
XOM.US,2022-10-27,108.41,109.58,107.42,107.55,18214023
0005.HK,2022-10-28,40.8,41.2,39.85,40.05,19910893
0700.HK,2022-10-28,210.0,211.4,200.0,200.8,40832142
1810.HK,2022-10-28,9.1,9.18,8.63,8.72,102862264
3690.HK,2022-10-28,131.5,131.6,120.2,121.8,45546979
9988.HK,2022-10-28,64.25,64.55,60.9,61.75,69414690
AAPL.US,2022-10-28,148.2,157.5,147.82,155.74,164762371
BABA.US,2022-10-28,63.2,64.15,61.82,63.74,28638002
JPM.US,2022-10-28,125.29,126.28,124.05,126.08,11859472
KO.US,2022-10-28,59.57,60.91,59.47,60.76,12888859
MSFT.US,2022-10-28,226.24,236.6,226.05,235.87,40647724
XOM.US,2022-10-28,109.46,111.21,108.12,110.7,28169441
0005.HK,2022-10-31,40.1,41.15,39.7,40.25,20208298
0700.HK,2022-10-31,201.8,216.6,199.0,205.6,49512538
1810.HK,2022-10-31,8.75,9.14,8.6,8.81,85534884
3690.HK,2022-10-31,122.0,130.8,118.8,124.8,41381680
9988.HK,2022-10-31,61.0,64.55,60.3,61.45,65768272
AAPL.US,2022-10-31,153.16,154.24,151.92,153.34,97943171
BABA.US,2022-10-31,63.49,64.85,63.22,63.58,20645269
JPM.US,2022-10-31,125.7,127.43,125.59,125.88,13295173
KO.US,2022-10-31,60.51,60.57,59.67,59.85,14016378
MSFT.US,2022-10-31,233.76,234.92,231.15,232.13,28357265
XOM.US,2022-10-31,109.5,112.91,109.44,110.81,26401838
0005.HK,2022-11-01,40.7,41.25,40.1,41.05,21132938
0700.HK,2022-11-01,207.8,231.8,207.8,227.4,77842280
1810.HK,2022-11-01,9.0,9.4,8.88,9.25,164245053
3690.HK,2022-11-01,128.0,145.0,127.6,139.6,63316429
9988.HK,2022-11-01,63.05,68.25,62.85,66.1,112728864
AAPL.US,2022-11-01,155.08,155.45,149.13,150.65,80379345
BABA.US,2022-11-01,68.01,68.45,65.64,65.86,27256999
JPM.US,2022-11-01,126.87,128.28,126.33,128.15,13386945
KO.US,2022-11-01,60.03,60.29,59.37,59.64,10659459
MSFT.US,2022-11-01,234.6,235.74,227.33,228.17,30592271
XOM.US,2022-11-01,112.37,112.57,110.65,111.91,22213143
0005.HK,2022-11-02,41.05,41.5,40.7,41.4,10449866
0700.HK,2022-11-02,225.6,232.0,220.0,230.6,35145104
1810.HK,2022-11-02,9.15,9.45,9.09,9.36,80786978
3690.HK,2022-11-02,139.0,149.0,134.7,146.7,40243112
9988.HK,2022-11-02,65.3,68.0,64.15,67.4,44674540
AAPL.US,2022-11-02,148.95,152.17,145.0,145.03,93604623
BABA.US,2022-11-02,66.48,67.67,64.33,64.7,28298088
JPM.US,2022-11-02,127.65,130.36,126.64,126.97,16546085
KO.US,2022-11-02,59.64,60.23,58.77,58.81,14551132
MSFT.US,2022-11-02,229.46,231.3,220.04,220.1,38407008
XOM.US,2022-11-02,111.58,112.1,109.31,109.61,20661778
0005.HK,2022-11-03,40.25,40.95,40.05,40.3,14084935
0700.HK,2022-11-03,226.0,230.2,220.2,221.4,30634922
1810.HK,2022-11-03,9.1,9.27,8.96,9.12,96957108
3690.HK,2022-11-03,141.0,146.0,138.2,141.5,27092886
9988.HK,2022-11-03,63.6,65.0,62.85,63.0,58022487
AAPL.US,2022-11-03,142.06,142.8,138.75,138.88,97918516
BABA.US,2022-11-03,63.42,66.88,63.4,65.21,23360518
JPM.US,2022-11-03,126.31,128.18,125.91,127.2,12474358
KO.US,2022-11-03,58.11,59.0,58.1,58.78,9193970
MSFT.US,2022-11-03,220.09,220.41,213.98,214.25,36633922
XOM.US,2022-11-03,108.58,111.82,108.31,111.1,17103672
0005.HK,2022-11-04,40.3,41.95,40.3,41.45,20058129
0700.HK,2022-11-04,224.4,247.4,224.4,238.6,67156433
1810.HK,2022-11-04,9.12,9.91,9.1,9.7,176327133
3690.HK,2022-11-04,145.0,158.8,144.5,149.5,62912735
9988.HK,2022-11-04,64.0,76.2,64.0,69.9,151997251
AAPL.US,2022-11-04,142.09,142.67,134.38,138.38,140814796
BABA.US,2022-11-04,71.17,71.64,67.45,69.81,50595584
JPM.US,2022-11-04,129.49,130.83,128.46,130.68,14354353
KO.US,2022-11-04,59.3,59.59,58.56,59.26,9726126
MSFT.US,2022-11-04,217.55,221.59,213.43,221.39,36789063
XOM.US,2022-11-04,113.0,113.5,110.8,112.31,17541462
0005.HK,2022-11-07,42.75,44.0,42.4,43.0,40630628
0700.HK,2022-11-07,233.8,249.6,231.6,245.4,43980248
1810.HK,2022-11-07,9.63,10.4,9.52,10.2,158975573
3690.HK,2022-11-07,145.0,157.1,142.2,153.0,36876150
9988.HK,2022-11-07,66.7,71.8,66.3,69.7,99793174
AAPL.US,2022-11-07,137.11,139.15,135.67,138.92,83374628
BABA.US,2022-11-07,71.3,71.88,68.67,69.71,26087638
JPM.US,2022-11-07,131.0,132.29,130.48,131.37,12011157
KO.US,2022-11-07,59.26,59.77,59.24,59.49,8849704
MSFT.US,2022-11-07,221.99,228.41,221.28,227.87,33497979
XOM.US,2022-11-07,112.41,113.99,112.13,113.64,16008044
0005.HK,2022-11-08,43.05,43.4,42.7,43.0,14254116
0700.HK,2022-11-08,243.4,252.0,242.8,245.8,23541345
1810.HK,2022-11-08,10.32,10.42,10.04,10.16,73946560
3690.HK,2022-11-08,153.3,155.9,146.6,148.8,30156050
9988.HK,2022-11-08,68.75,69.0,66.4,67.1,64928791
AAPL.US,2022-11-08,140.41,141.43,137.49,139.5,89908477
BABA.US,2022-11-08,67.62,68.92,66.27,68.13,23870184
JPM.US,2022-11-08,131.24,132.06,130.14,131.45,9884053
KO.US,2022-11-08,59.75,59.79,58.94,59.6,10081649
MSFT.US,2022-11-08,228.7,231.65,225.84,228.87,28192548
XOM.US,2022-11-08,113.48,114.66,112.6,114.0,14661028
0005.HK,2022-11-09,43.05,43.6,42.5,43.0,9781099
0700.HK,2022-11-09,244.0,248.4,233.8,236.8,31658705
1810.HK,2022-11-09,10.34,10.34,9.89,10.08,87401569
3690.HK,2022-11-09,147.0,149.7,141.4,144.3,30446854
9988.HK,2022-11-09,66.7,67.75,65.15,66.0,63076446
AAPL.US,2022-11-09,138.5,138.55,134.59,134.87,74917794
BABA.US,2022-11-09,66.43,66.78,64.8,64.84,22099340
JPM.US,2022-11-09,131.32,131.43,129.22,129.74,9493961
KO.US,2022-11-09,59.59,59.64,58.75,58.77,10115159
MSFT.US,2022-11-09,227.37,228.63,224.33,224.51,27852910
XOM.US,2022-11-09,113.1,113.28,108.57,108.9,19522755
0005.HK,2022-11-10,42.35,42.5,41.8,42.5,8914894
0700.HK,2022-11-10,229.0,234.4,229.0,231.4,23257794
1810.HK,2022-11-10,9.94,9.97,9.81,9.86,60432213
3690.HK,2022-11-10,140.0,143.0,138.7,141.9,21861746
9988.HK,2022-11-10,63.9,64.5,62.6,63.0,58517362
AAPL.US,2022-11-10,141.24,146.87,139.5,146.87,118854028
BABA.US,2022-11-10,68.03,69.99,68.0,69.77,28757183
JPM.US,2022-11-10,132.63,135.25,132.53,135.08,16351589
KO.US,2022-11-10,60.25,61.04,59.68,60.88,16804845
MSFT.US,2022-11-10,235.43,243.33,235.0,242.98,46268021
XOM.US,2022-11-10,110.19,110.7,107.57,110.5,20146732
0005.HK,2022-11-11,43.6,43.7,42.75,43.4,23447735
0700.HK,2022-11-11,253.0,260.8,245.4,258.4,53013204
1810.HK,2022-11-11,10.66,10.66,10.12,10.3,146595991
3690.HK,2022-11-11,160.0,160.7,152.6,159.6,59572296
9988.HK,2022-11-11,68.75,71.45,67.05,70.8,110961720
AAPL.US,2022-11-11,145.82,150.01,144.37,149.7,93979665
BABA.US,2022-11-11,72.32,72.7,69.31,70.77,38723358
JPM.US,2022-11-11,135.19,136.17,133.78,135.3,10704664
KO.US,2022-11-11,61.37,61.45,60.21,61.32,18972078
MSFT.US,2022-11-11,242.99,247.99,241.93,247.11,34620246
XOM.US,2022-11-11,112.58,114.5,112.49,113.95,20518854
0005.HK,2022-11-14,43.4,44.7,43.35,43.65,16908635
0700.HK,2022-11-14,269.2,276.6,257.2,260.6,48396603
1810.HK,2022-11-14,10.88,10.9,10.3,10.38,129556375
3690.HK,2022-11-14,167.0,168.0,155.4,156.5,60532565
9988.HK,2022-11-14,73.0,73.7,70.0,71.05,93784730
AAPL.US,2022-11-14,148.97,150.28,147.43,148.28,73374114
BABA.US,2022-11-14,73.16,74.0,71.32,71.33,30310714
JPM.US,2022-11-14,134.8,135.73,133.91,133.91,11085604
KO.US,2022-11-14,61.32,61.72,60.71,60.73,16361026
MSFT.US,2022-11-14,241.99,243.91,239.21,241.55,31123340
XOM.US,2022-11-14,112.63,114.64,112.49,113.37,20858291
0005.HK,2022-11-15,43.9,44.7,43.8,44.7,20487782
0700.HK,2022-11-15,262.0,288.2,258.2,288.0,63102526
1810.HK,2022-11-15,10.38,10.9,10.18,10.9,159443993
3690.HK,2022-11-15,155.7,170.3,153.6,166.4,51487473
9988.HK,2022-11-15,71.0,80.85,69.75,78.9,187288574
AAPL.US,2022-11-15,152.22,153.59,148.56,150.04,89868332
BABA.US,2022-11-15,78.93,80.37,77.81,79.3,53150492
JPM.US,2022-11-15,134.68,135.71,131.6,132.94,14038346
KO.US,2022-11-15,61.13,61.45,60.0,60.63,13295839
MSFT.US,2022-11-15,245.66,247.0,240.03,241.97,31390117
XOM.US,2022-11-15,113.8,114.53,112.87,114.13,19373750
0005.HK,2022-11-16,44.0,44.65,43.7,44.35,17035542
0700.HK,2022-11-16,285.6,296.8,280.0,294.4,61785142
1810.HK,2022-11-16,10.84,11.0,10.34,10.56,124974253
3690.HK,2022-11-16,164.0,167.8,157.7,162.3,45330585
9988.HK,2022-11-16,77.75,80.8,77.0,78.8,100509510
AAPL.US,2022-11-16,149.13,149.87,147.29,148.79,64218266
BABA.US,2022-11-16,80.32,80.45,77.41,78.16,26637348
JPM.US,2022-11-16,133.0,133.56,132.03,133.12,7893359
KO.US,2022-11-16,60.79,61.03,60.29,60.52,14199486
MSFT.US,2022-11-16,242.79,243.8,240.42,241.73,24093272
XOM.US,2022-11-16,113.44,114.26,111.86,112.91,13590973
0005.HK,2022-11-17,44.15,44.8,43.75,44.35,14543962
0700.HK,2022-11-17,298.6,299.4,281.2,292.0,69820587
1810.HK,2022-11-17,10.36,10.48,10.04,10.3,94151966
3690.HK,2022-11-17,152.0,154.8,149.0,153.0,78316760
9988.HK,2022-11-17,77.0,79.7,74.0,78.25,89532516
AAPL.US,2022-11-17,146.43,151.48,146.15,150.72,80389400
BABA.US,2022-11-17,76.0,85.68,75.76,84.26,62050577
JPM.US,2022-11-17,132.0,132.89,131.28,132.54,8824558
KO.US,2022-11-17,60.19,60.74,60.13,60.71,11220301
MSFT.US,2022-11-17,237.78,243.25,237.63,241.68,23123544
XOM.US,2022-11-17,111.29,113.2,110.75,113.06,12435740
0005.HK,2022-11-18,44.35,44.55,43.85,44.15,11285469
0700.HK,2022-11-18,300.0,302.8,286.4,287.8,44759245
1810.HK,2022-11-18,10.38,10.74,10.2,10.3,106733764
3690.HK,2022-11-18,158.6,167.0,156.9,160.4,49770374
9988.HK,2022-11-18,83.25,83.5,79.25,79.95,110896755
AAPL.US,2022-11-18,152.31,152.7,149.97,151.29,74829573
BABA.US,2022-11-18,82.15,82.52,79.86,80.48,29528331
JPM.US,2022-11-18,134.57,134.67,132.28,133.84,9468537
KO.US,2022-11-18,60.99,61.37,60.8,61.14,10415640
MSFT.US,2022-11-18,243.51,243.74,239.03,241.22,27613523
XOM.US,2022-11-18,110.9,112.48,109.61,112.08,15415025
0005.HK,2022-11-21,44.0,44.55,43.75,44.35,10917359
0700.HK,2022-11-21,282.2,286.6,274.6,283.2,31308860
1810.HK,2022-11-21,10.2,10.2,9.85,10.02,62784463
3690.HK,2022-11-21,153.0,154.4,150.1,152.5,32192357
9988.HK,2022-11-21,77.15,77.3,75.0,76.15,49675006
AAPL.US,2022-11-21,150.16,150.37,147.72,148.01,58724070
BABA.US,2022-11-21,78.69,79.06,76.47,76.93,19005149
JPM.US,2022-11-21,133.74,134.56,132.75,133.05,7800517
KO.US,2022-11-21,61.41,62.21,61.2,62.08,15399353
MSFT.US,2022-11-21,241.43,244.67,241.19,242.05,26394700
XOM.US,2022-11-21,109.99,111.2,107.48,110.97,20972978
0005.HK,2022-11-22,44.35,44.8,44.3,44.75,10577497
0700.HK,2022-11-22,280.2,286.4,274.6,277.4,28461436
1810.HK,2022-11-22,10.0,10.12,9.8,9.87,65788306
3690.HK,2022-11-22,152.0,153.0,137.1,139.9,71799046
9988.HK,2022-11-22,75.2,75.7,72.2,73.1,60909746
AAPL.US,2022-11-22,148.13,150.42,146.93,150.18,51804132
BABA.US,2022-11-22,75.44,76.8,74.58,75.99,20694114
JPM.US,2022-11-22,134.0,135.27,133.69,135.04,9185670
KO.US,2022-11-22,62.47,62.5,62.05,62.35,12319641
MSFT.US,2022-11-22,243.59,245.31,240.71,245.03,19665699
XOM.US,2022-11-22,112.21,114.47,111.43,114.18,17719088
0005.HK,2022-11-23,45.0,45.2,44.8,45.2,9344796
0700.HK,2022-11-23,277.8,284.8,277.4,282.0,23380469
1810.HK,2022-11-23,9.92,9.99,9.7,9.8,51032502
3690.HK,2022-11-23,139.5,142.0,134.1,138.4,37356864
9988.HK,2022-11-23,73.75,76.45,73.05,75.4,54202563
AAPL.US,2022-11-23,149.45,151.83,149.34,151.07,58301395
BABA.US,2022-11-23,78.19,78.85,76.85,78.5,19032677
JPM.US,2022-11-23,134.94,136.5,134.86,136.48,7316204
KO.US,2022-11-23,62.49,62.79,62.3,62.63,8990385
MSFT.US,2022-11-23,245.11,248.28,244.27,247.58,19508462
XOM.US,2022-11-23,112.32,113.95,112.1,113.61,11546685
0005.HK,2022-11-24,45.85,46.15,45.75,46.0,14144526
0700.HK,2022-11-24,286.4,289.4,279.0,280.4,17174522
1810.HK,2022-11-24,9.72,9.86,9.25,9.45,152140052
3690.HK,2022-11-24,140.0,141.7,135.1,138.9,20411741
9988.HK,2022-11-24,76.7,77.2,74.9,76.4,31644335
0005.HK,2022-11-25,46.45,46.45,45.9,46.0,9772075
0700.HK,2022-11-25,277.0,277.8,268.4,273.0,31317632
1810.HK,2022-11-25,9.45,9.68,9.37,9.49,81638273
3690.HK,2022-11-25,137.9,137.9,133.3,136.6,25695319
9988.HK,2022-11-25,75.9,76.0,73.85,74.75,28359869
AAPL.US,2022-11-25,148.31,148.88,147.12,148.11,35082177
BABA.US,2022-11-25,75.5,76.05,74.92,75.5,13036881
JPM.US,2022-11-25,136.48,137.14,136.06,136.74,3220496
KO.US,2022-11-25,62.73,62.81,62.38,62.69,5160174
MSFT.US,2022-11-25,247.31,248.7,246.73,247.49,9200772
XOM.US,2022-11-25,113.88,114.61,113.06,113.21,7136013
0005.HK,2022-11-28,45.95,45.95,44.95,45.6,16162878
0700.HK,2022-11-28,259.0,271.4,259.0,270.0,33498674
1810.HK,2022-11-28,9.03,9.38,8.95,9.34,99190598
3690.HK,2022-11-28,129.0,140.7,128.5,139.4,47477623
9988.HK,2022-11-28,70.6,73.35,69.8,72.2,65982901
AAPL.US,2022-11-28,145.14,146.64,143.38,144.22,69346522
BABA.US,2022-11-28,74.74,77.42,74.68,75.88,19119393
JPM.US,2022-11-28,136.07,136.71,134.19,134.35,9907551
KO.US,2022-11-28,62.69,63.1,62.56,62.7,12268004
MSFT.US,2022-11-28,246.08,246.65,240.8,241.76,24810271
XOM.US,2022-11-28,110.66,111.46,109.62,109.81,23017671
0005.HK,2022-11-29,45.7,46.25,45.6,46.25,21580355
0700.HK,2022-11-29,276.4,286.0,273.8,285.8,33140777
1810.HK,2022-11-29,9.58,9.97,9.46,9.97,139822555
3690.HK,2022-11-29,143.3,156.0,141.3,155.4,68348315
9988.HK,2022-11-29,73.65,78.8,73.2,78.75,94542048
AAPL.US,2022-11-29,144.29,144.81,140.36,141.17,83763803
BABA.US,2022-11-29,80.24,80.89,79.45,79.86,24178076
JPM.US,2022-11-29,134.66,136.64,134.41,136.56,7925322
KO.US,2022-11-29,62.52,62.57,61.98,62.48,10969563
MSFT.US,2022-11-29,241.4,242.79,238.21,240.33,17956313
XOM.US,2022-11-29,110.61,111.8,109.79,110.54,14453174
0005.HK,2022-11-30,47.4,47.65,46.9,47.25,27847858
0700.HK,2022-11-30,283.6,292.6,280.0,287.2,46633723
1810.HK,2022-11-30,9.9,10.36,9.78,10.32,129924182
3690.HK,2022-11-30,152.4,165.9,150.7,163.6,67182966
9988.HK,2022-11-30,77.7,80.9,76.45,79.9,109081005
AAPL.US,2022-11-30,141.4,148.72,140.55,148.03,111380880
BABA.US,2022-11-30,82.74,89.63,82.25,87.56,60169613
JPM.US,2022-11-30,136.09,138.18,133.19,138.18,14761248
KO.US,2022-11-30,62.01,63.68,61.75,63.61,30433938
MSFT.US,2022-11-30,240.57,255.33,239.86,255.14,47594239
XOM.US,2022-11-30,111.54,111.9,109.78,111.34,23158059
0005.HK,2022-12-01,47.6,47.85,46.85,47.3,32156733
0700.HK,2022-12-01,298.0,303.8,292.6,294.4,45550089
1810.HK,2022-12-01,10.58,10.76,10.34,10.46,167597346
3690.HK,2022-12-01,172.0,177.5,161.0,163.0,61192587
9988.HK,2022-12-01,85.6,86.9,82.45,82.8,106301600
AAPL.US,2022-12-01,148.21,149.13,146.61,148.31,71250416
BABA.US,2022-12-01,84.35,87.6,84.26,85.94,20243018
JPM.US,2022-12-01,138.18,138.66,135.43,136.24,8858472
KO.US,2022-12-01,63.61,64.11,63.43,63.79,12001356
MSFT.US,2022-12-01,253.87,256.12,250.92,254.69,26041524
XOM.US,2022-12-01,111.64,112.07,110.18,110.8,14398314
0005.HK,2022-12-02,47.3,47.35,46.7,46.9,23145310
0700.HK,2022-12-02,296.0,299.6,291.6,296.0,25087186
1810.HK,2022-12-02,10.54,10.6,10.06,10.12,138743563
3690.HK,2022-12-02,162.7,171.5,162.0,168.0,43061411
9988.HK,2022-12-02,83.6,85.75,82.95,84.8,74134786
AAPL.US,2022-12-02,145.96,148.0,145.65,147.81,65447446
BABA.US,2022-12-02,86.05,91.85,86.05,90.06,35042629
JPM.US,2022-12-02,134.49,135.35,133.34,135.16,8932057
KO.US,2022-12-02,63.61,64.52,63.4,64.35,13643450
MSFT.US,2022-12-02,249.82,256.06,249.69,255.02,21528520
XOM.US,2022-12-02,109.51,111.71,109.2,109.86,15248385
0005.HK,2022-12-05,47.55,47.65,47.15,47.2,27538208
0700.HK,2022-12-05,310.0,317.0,302.4,314.0,59827141
1810.HK,2022-12-05,10.54,11.52,10.38,11.5,311486969
3690.HK,2022-12-05,175.0,176.0,168.9,174.3,52254576
9988.HK,2022-12-05,88.8,92.85,87.25,92.65,132953207
AAPL.US,2022-12-05,147.77,150.92,145.77,146.63,68826442
BABA.US,2022-12-05,92.9,92.9,89.63,90.52,30929815
JPM.US,2022-12-05,134.24,134.57,130.6,131.37,10154531
KO.US,2022-12-05,63.41,63.8,63.26,63.47,9185090
MSFT.US,2022-12-05,252.01,253.82,248.06,250.2,23435294
XOM.US,2022-12-05,110.7,111.36,105.94,106.85,19287746
0005.HK,2022-12-06,47.0,47.35,46.75,47.35,17804089
0700.HK,2022-12-06,307.8,313.8,307.2,311.8,29059056
1810.HK,2022-12-06,11.2,11.54,11.12,11.28,100038626
3690.HK,2022-12-06,170.0,178.9,169.0,173.8,39055024
9988.HK,2022-12-06,88.15,91.75,88.15,89.85,66889543
AAPL.US,2022-12-06,147.08,147.3,141.92,142.91,64727186
BABA.US,2022-12-06,91.88,92.57,89.2,91.45,26675734
JPM.US,2022-12-06,133.39,135.11,129.87,131.59,13966691
KO.US,2022-12-06,63.52,63.88,63.23,63.44,10099529
MSFT.US,2022-12-06,250.82,251.86,243.78,245.12,22463727
XOM.US,2022-12-06,105.9,107.04,103.15,103.88,21196977
0005.HK,2022-12-07,47.1,47.35,46.35,46.65,24406034
0700.HK,2022-12-07,309.8,318.6,299.0,300.2,41107551
1810.HK,2022-12-07,11.28,11.44,10.64,10.68,147439566
3690.HK,2022-12-07,172.5,182.3,167.0,167.5,47537009
9988.HK,2022-12-07,89.2,92.0,84.8,85.05,83595457
AAPL.US,2022-12-07,142.19,143.37,140.0,140.94,69721094
BABA.US,2022-12-07,87.06,89.26,86.62,88.33,19507404
JPM.US,2022-12-07,131.31,133.08,130.33,131.5,11739425
KO.US,2022-12-07,63.45,63.72,63.25,63.54,12307605
MSFT.US,2022-12-07,244.83,246.16,242.21,244.37,20481522
XOM.US,2022-12-07,103.78,104.85,102.37,103.65,20061729
0005.HK,2022-12-08,46.75,47.1,46.25,47.05,15111896
0700.HK,2022-12-08,304.2,318.0,304.2,317.4,34092432
1810.HK,2022-12-08,10.72,11.1,10.72,11.04,106210501
3690.HK,2022-12-08,171.1,180.0,170.2,178.3,37406352
9988.HK,2022-12-08,86.8,91.1,86.3,89.4,70524387
AAPL.US,2022-12-08,142.36,143.52,141.1,142.65,62128338
BABA.US,2022-12-08,91.97,94.34,91.08,94.17,29241462
JPM.US,2022-12-08,132.33,132.98,131.43,132.88,8907257
KO.US,2022-12-08,63.6,63.85,63.35,63.81,9946173
MSFT.US,2022-12-08,244.84,248.74,243.06,247.4,22611757
XOM.US,2022-12-08,106.28,106.8,103.71,104.42,21128762
0005.HK,2022-12-09,46.7,47.45,46.7,47.2,16333736
0700.HK,2022-12-09,318.8,326.6,314.4,325.6,40400176
1810.HK,2022-12-09,10.9,11.5,10.9,11.48,137851082
3690.HK,2022-12-09,177.5,188.9,175.3,188.5,50368648
9988.HK,2022-12-09,90.65,93.2,88.85,91.85,85186929
AAPL.US,2022-12-09,142.34,145.57,140.9,142.16,76097011
BABA.US,2022-12-09,93.27,93.75,91.23,91.34,15452118
JPM.US,2022-12-09,132.2,133.76,132.0,132.16,7957818
KO.US,2022-12-09,63.61,63.84,63.09,63.14,13914856
MSFT.US,2022-12-09,244.7,248.31,244.16,245.42,20609743
XOM.US,2022-12-09,104.59,105.95,103.3,103.54,21298194
0005.HK,2022-12-12,47.2,47.7,47.1,47.6,14214740
0700.HK,2022-12-12,318.4,324.8,315.4,317.6,20509991
1810.HK,2022-12-12,11.22,11.38,11.06,11.18,83187315
3690.HK,2022-12-12,182.0,187.0,172.6,175.4,37430376
9988.HK,2022-12-12,89.8,90.9,87.6,88.35,48772508
AAPL.US,2022-12-12,142.7,144.5,141.06,144.49,70462654
BABA.US,2022-12-12,90.09,90.89,87.75,89.41,15190207
JPM.US,2022-12-12,132.4,134.65,131.6,134.21,8841631
KO.US,2022-12-12,63.3,64.01,63.01,63.97,11647900
MSFT.US,2022-12-12,247.45,252.54,247.17,252.51,30665069
XOM.US,2022-12-12,103.83,106.24,103.59,106.09,20413173
0005.HK,2022-12-13,47.6,47.7,47.0,47.7,11699746
0700.HK,2022-12-13,316.0,325.0,315.6,318.4,20313254
1810.HK,2022-12-13,11.18,11.48,11.02,11.2,60866444
3690.HK,2022-12-13,175.2,183.9,174.9,179.0,28408770
9988.HK,2022-12-13,87.7,90.25,87.1,88.35,49026085
AAPL.US,2022-12-13,149.5,149.97,144.24,145.47,93886161
BABA.US,2022-12-13,93.45,94.98,90.3,91.41,21150557
JPM.US,2022-12-13,136.89,137.09,133.08,134.08,10025383
KO.US,2022-12-13,64.59,64.7,63.8,63.99,17521554
MSFT.US,2022-12-13,261.69,263.92,253.07,256.92,42196884
XOM.US,2022-12-13,107.8,108.54,107.02,107.25,24305345
0005.HK,2022-12-14,47.9,48.3,47.7,48.05,12802203
0700.HK,2022-12-14,322.2,327.8,318.4,325.0,24238494
1810.HK,2022-12-14,11.4,11.48,11.16,11.24,67103018
3690.HK,2022-12-14,181.9,185.4,179.4,182.8,24871987
9988.HK,2022-12-14,89.7,90.5,88.55,89.5,42497183
AAPL.US,2022-12-14,145.35,146.66,141.16,143.21,82291182
BABA.US,2022-12-14,91.06,91.27,89.5,90.91,15575486
JPM.US,2022-12-14,133.78,135.71,132.76,133.41,9966115
KO.US,2022-12-14,64.19,64.65,63.57,63.99,12826650
MSFT.US,2022-12-14,257.13,262.59,254.31,257.22,35410933
XOM.US,2022-12-14,107.99,108.3,105.75,106.46,17597334
0005.HK,2022-12-15,47.6,47.7,46.9,47.2,11759520
0700.HK,2022-12-15,325.0,326.6,316.0,317.6,18962052
1810.HK,2022-12-15,11.12,11.24,10.84,10.98,53888239
3690.HK,2022-12-15,181.4,181.9,175.3,176.8,18337831
9988.HK,2022-12-15,88.5,88.55,85.2,85.9,46551464
AAPL.US,2022-12-15,141.11,141.8,136.03,136.5,98931907
BABA.US,2022-12-15,93.09,94.08,86.05,86.21,30419400
JPM.US,2022-12-15,131.15,132.08,129.05,130.1,12090286
KO.US,2022-12-15,63.59,63.89,62.49,63.11,12213292
MSFT.US,2022-12-15,253.72,254.2,247.34,249.01,35568093
XOM.US,2022-12-15,105.33,106.17,103.7,105.44,15367888
0005.HK,2022-12-16,46.8,47.2,46.55,47.0,10434561
0700.HK,2022-12-16,314.0,321.4,311.6,316.8,25128603
1810.HK,2022-12-16,11.26,11.28,10.72,10.98,72815755
3690.HK,2022-12-16,174.2,179.1,170.7,175.9,24271580
9988.HK,2022-12-16,84.15,88.75,84.15,86.45,77057783
AAPL.US,2022-12-16,136.69,137.65,133.73,134.51,160156900
BABA.US,2022-12-16,88.8,90.57,86.61,86.79,25084555
JPM.US,2022-12-16,129.15,129.9,128.43,129.29,21133707
KO.US,2022-12-16,62.75,63.14,62.33,62.75,33631530
MSFT.US,2022-12-16,248.55,249.84,243.51,244.69,86101994
XOM.US,2022-12-16,103.69,105.58,103.13,104.7,54596623
0005.HK,2022-12-19,46.75,47.05,46.65,46.95,6030636
0700.HK,2022-12-19,320.4,328.8,316.8,320.4,24897178
1810.HK,2022-12-19,11.0,11.22,10.66,10.78,63254489
3690.HK,2022-12-19,180.0,187.0,177.1,178.8,24976402
9988.HK,2022-12-19,86.9,90.8,86.4,87.05,70038366
AAPL.US,2022-12-19,135.11,135.2,131.32,132.37,79592614
BABA.US,2022-12-19,89.75,89.78,86.5,87.16,20737008
JPM.US,2022-12-19,129.65,131.33,129.09,130.06,9017156
KO.US,2022-12-19,62.83,63.41,62.47,62.84,10919725
MSFT.US,2022-12-19,244.86,245.21,238.71,240.45,29696436
XOM.US,2022-12-19,105.26,106.2,104.38,105.17,13611124
0005.HK,2022-12-20,46.6,47.0,46.4,46.75,5683933
0700.HK,2022-12-20,318.8,318.8,306.4,309.4,29056421
1810.HK,2022-12-20,10.54,10.7,10.42,10.56,50435100
3690.HK,2022-12-20,176.1,178.9,171.8,175.5,18837092
9988.HK,2022-12-20,85.0,85.55,82.5,84.05,57291122
AAPL.US,2022-12-20,131.39,133.25,129.89,132.3,77432819
BABA.US,2022-12-20,85.04,87.2,85.04,85.92,15315427
JPM.US,2022-12-20,130.97,132.05,130.2,130.69,8549927
KO.US,2022-12-20,62.82,63.15,62.75,62.79,10286479
MSFT.US,2022-12-20,239.4,242.91,238.42,241.8,25150802
XOM.US,2022-12-20,105.17,107.51,105.07,106.69,14680004
0005.HK,2022-12-21,47.35,47.7,47.35,47.5,9285861
0700.HK,2022-12-21,311.0,313.2,308.0,311.0,15323874
1810.HK,2022-12-21,10.58,10.68,10.38,10.56,36889916
3690.HK,2022-12-21,176.2,176.8,172.5,174.2,10613803
9988.HK,2022-12-21,84.45,85.4,83.7,84.45,31475853
AAPL.US,2022-12-21,132.98,136.81,132.75,135.45,85927993
BABA.US,2022-12-21,86.01,88.39,85.46,87.81,18212852
JPM.US,2022-12-21,132.18,132.98,131.77,132.16,8051704
KO.US,2022-12-21,63.07,64.05,63.07,63.8,10411288
MSFT.US,2022-12-21,241.69,245.62,240.11,244.43,23690607
XOM.US,2022-12-21,108.29,108.59,107.16,108.06,13565365
0005.HK,2022-12-22,48.1,48.25,47.9,48.2,13931200
0700.HK,2022-12-22,319.0,325.8,316.4,323.8,24251750
1810.HK,2022-12-22,10.78,11.06,10.7,11.02,64839836
3690.HK,2022-12-22,179.7,186.8,178.2,186.2,35630667
9988.HK,2022-12-22,86.5,89.15,86.45,87.9,53772623
AAPL.US,2022-12-22,134.35,134.56,130.3,132.23,77852108
BABA.US,2022-12-22,89.08,89.69,86.67,87.97,16004787
JPM.US,2022-12-22,131.1,131.3,128.41,130.66,8651131
KO.US,2022-12-22,63.42,63.59,62.65,63.34,9668107
MSFT.US,2022-12-22,241.26,241.99,233.87,238.19,28651664
XOM.US,2022-12-22,107.89,108.19,104.1,105.88,13215496
0005.HK,2022-12-23,47.6,48.1,47.6,47.9,4986129
0700.HK,2022-12-23,318.0,326.0,317.2,320.2,15502697
1810.HK,2022-12-23,10.72,10.94,10.68,10.8,39314711
3690.HK,2022-12-23,180.4,185.6,180.4,183.2,17329993
9988.HK,2022-12-23,85.4,87.55,85.4,86.5,34114821
AAPL.US,2022-12-23,130.92,132.42,129.64,131.86,63814893
BABA.US,2022-12-23,87.85,88.65,85.52,85.65,17949298
JPM.US,2022-12-23,130.58,131.44,129.64,131.28,5091905
KO.US,2022-12-23,63.5,63.87,63.2,63.82,6463261
MSFT.US,2022-12-23,236.11,238.87,233.94,238.73,21206982
XOM.US,2022-12-23,106.95,108.74,106.9,108.68,11539448
AAPL.US,2022-12-27,131.38,131.41,128.72,130.03,69007830
BABA.US,2022-12-27,86.55,90.69,86.21,89.86,22959936
JPM.US,2022-12-27,131.57,132.22,130.55,131.74,5410991
KO.US,2022-12-27,63.93,64.29,63.71,64.21,7320717
MSFT.US,2022-12-27,238.7,238.93,235.83,236.96,16688648
XOM.US,2022-12-27,109.27,110.47,108.83,110.19,11962058
0005.HK,2022-12-28,48.0,49.05,47.95,48.5,15937747
0700.HK,2022-12-28,325.0,329.6,321.8,326.2,24188394
1810.HK,2022-12-28,11.06,11.36,10.92,11.22,84432613
3690.HK,2022-12-28,186.2,189.6,182.8,184.2,28927593
9988.HK,2022-12-28,87.3,89.35,87.3,87.7,55669943
AAPL.US,2022-12-28,129.67,131.03,125.87,126.04,85438391
BABA.US,2022-12-28,88.98,90.15,86.46,87.2,16268785
JPM.US,2022-12-28,131.85,133.41,131.01,132.46,8827738
KO.US,2022-12-28,64.46,64.65,63.49,63.57,7159417
MSFT.US,2022-12-28,236.89,239.72,234.17,234.53,17457104
XOM.US,2022-12-28,109.91,110.0,107.9,108.38,10702075
0005.HK,2022-12-29,48.55,48.6,48.2,48.4,11327924
0700.HK,2022-12-29,323.0,336.0,323.0,335.2,30087456
1810.HK,2022-12-29,10.96,11.1,10.72,10.86,70917775
3690.HK,2022-12-29,180.8,185.0,179.9,183.8,17062318
9988.HK,2022-12-29,85.4,85.85,84.65,85.55,44950446
AAPL.US,2022-12-29,127.99,130.48,127.73,129.61,75703710
BABA.US,2022-12-29,87.63,89.52,87.06,89.13,12535405
JPM.US,2022-12-29,132.93,133.27,132.31,133.22,6585228
KO.US,2022-12-29,63.8,64.15,63.7,63.95,7169256
MSFT.US,2022-12-29,235.65,241.92,235.65,241.01,19770693
XOM.US,2022-12-29,107.99,109.72,107.99,109.2,10534028
0005.HK,2022-12-30,48.8,48.85,48.3,48.55,6744518
0700.HK,2022-12-30,339.0,343.8,331.4,334.0,27211337
1810.HK,2022-12-30,11.04,11.08,10.9,10.94,41295012
3690.HK,2022-12-30,188.4,188.5,174.7,174.7,31271880
9988.HK,2022-12-30,87.3,88.3,85.7,86.25,35928445
AAPL.US,2022-12-30,128.41,129.95,127.43,129.93,77034209
BABA.US,2022-12-30,87.45,89.41,87.41,88.09,11926714
JPM.US,2022-12-30,132.81,134.33,132.44,134.1,9292519
KO.US,2022-12-30,63.92,63.92,63.17,63.61,7650228
MSFT.US,2022-12-30,238.21,239.96,236.66,239.82,21938472
XOM.US,2022-12-30,108.61,110.5,108.61,110.3,11799640
0005.HK,2023-01-03,47.8,48.8,47.0,48.7,17994602
0700.HK,2023-01-03,334.0,345.8,328.8,345.2,29957513
1810.HK,2023-01-03,10.94,11.24,10.54,11.22,75716142
3690.HK,2023-01-03,173.0,177.8,164.7,176.8,37814940
9988.HK,2023-01-03,85.7,89.15,84.6,88.65,45393323
AAPL.US,2023-01-03,130.28,130.9,124.17,125.07,112117471
BABA.US,2023-01-03,91.11,94.45,90.75,91.98,27891043
JPM.US,2023-01-03,135.24,136.74,133.89,135.12,11054778
KO.US,2023-01-03,63.56,63.56,62.18,62.95,12180507
MSFT.US,2023-01-03,243.08,245.75,237.4,239.58,25740036
XOM.US,2023-01-03,109.78,110.02,105.49,106.51,15146168
0005.HK,2023-01-04,49.45,50.0,49.35,50.0,20526070
0700.HK,2023-01-04,350.0,361.0,349.0,361.0,37429922
1810.HK,2023-01-04,11.3,11.5,11.2,11.5,84284859
3690.HK,2023-01-04,175.2,184.9,173.6,181.3,42884019
9988.HK,2023-01-04,90.75,96.5,89.5,96.4,118636981
AAPL.US,2023-01-04,126.89,128.66,125.08,126.36,89113633
BABA.US,2023-01-04,98.85,104.52,96.97,103.92,53291751
JPM.US,2023-01-04,135.99,137.68,135.57,136.38,11687643
KO.US,2023-01-04,63.15,63.33,62.51,62.92,13387923
MSFT.US,2023-01-04,232.28,232.87,225.96,229.1,50623394
XOM.US,2023-01-04,104.8,107.16,104.76,106.82,18058396
0005.HK,2023-01-05,51.0,51.4,50.75,51.25,29598352
0700.HK,2023-01-05,358.0,362.2,343.6,347.8,40803927
1810.HK,2023-01-05,11.64,11.82,11.52,11.62,80383189
3690.HK,2023-01-05,188.8,195.6,187.2,190.8,45355119
9988.HK,2023-01-05,102.1,103.8,98.2,99.6,104685426
AAPL.US,2023-01-05,127.13,127.77,124.76,125.02,80962708
BABA.US,2023-01-05,101.4,105.7,100.64,104.58,30400384
JPM.US,2023-01-05,135.66,135.71,133.7,135.35,8381265
KO.US,2023-01-05,62.6,62.8,62.08,62.2,9814674
MSFT.US,2023-01-05,227.2,227.55,221.76,222.31,39585623
XOM.US,2023-01-05,106.34,109.95,106.31,109.21,15946559
0005.HK,2023-01-06,52.45,52.65,51.95,52.2,30945589
0700.HK,2023-01-06,353.6,359.4,346.8,349.4,27092487
1810.HK,2023-01-06,11.78,11.78,11.2,11.24,73556425
3690.HK,2023-01-06,191.0,192.6,181.6,182.7,34445779
9988.HK,2023-01-06,101.5,102.7,99.7,101.6,73315739
AAPL.US,2023-01-06,126.01,130.29,124.89,129.62,87754715
BABA.US,2023-01-06,104.11,108.0,102.46,107.4,21072355
JPM.US,2023-01-06,136.13,138.38,134.49,137.94,10029076
KO.US,2023-01-06,62.91,63.67,62.58,63.4,9989986
MSFT.US,2023-01-06,223.0,225.76,219.35,224.93,43613574
XOM.US,2023-01-06,110.08,111.99,109.67,110.53,16348131
0005.HK,2023-01-09,53.15,53.4,52.8,53.3,25217005
0700.HK,2023-01-09,355.0,362.4,351.6,362.0,28323733
1810.HK,2023-01-09,11.44,12.18,11.36,12.1,153533290
3690.HK,2023-01-09,185.1,186.5,177.2,180.6,43409393
9988.HK,2023-01-09,105.6,110.9,105.0,110.4,123720147
AAPL.US,2023-01-09,130.47,133.41,129.89,130.15,70790813
BABA.US,2023-01-09,111.99,113.11,108.12,110.83,42085274
JPM.US,2023-01-09,138.6,138.88,136.88,137.37,8482297
KO.US,2023-01-09,63.3,63.72,62.58,62.61,9442623
MSFT.US,2023-01-09,226.45,231.24,226.41,227.12,27369784
XOM.US,2023-01-09,111.64,111.64,107.81,108.47,17964591
0005.HK,2023-01-10,53.15,53.35,52.9,53.3,15923846
0700.HK,2023-01-10,365.0,365.8,357.0,362.4,19854116
1810.HK,2023-01-10,12.1,12.16,11.9,11.98,59017961
3690.HK,2023-01-10,178.2,179.1,175.0,178.5,31231825
9988.HK,2023-01-10,109.0,110.0,107.0,109.5,76284815
AAPL.US,2023-01-10,130.26,131.26,128.12,130.73,63896155
BABA.US,2023-01-10,112.97,115.48,111.21,114.88,33478575
JPM.US,2023-01-10,137.79,138.72,137.31,138.6,9048665
KO.US,2023-01-10,62.6,62.73,61.92,62.13,10134605
MSFT.US,2023-01-10,227.76,231.31,227.33,228.85,27033881
XOM.US,2023-01-10,109.79,110.33,108.01,110.09,15104595
0005.HK,2023-01-11,53.5,53.9,53.3,53.65,19895897
0700.HK,2023-01-11,369.8,378.8,366.6,373.8,35722217
1810.HK,2023-01-11,12.12,12.18,11.64,11.74,87323242
3690.HK,2023-01-11,179.8,181.9,172.2,174.0,48156549
9988.HK,2023-01-11,112.2,115.0,110.5,112.9,108863653
AAPL.US,2023-01-11,131.25,133.51,130.46,133.49,69458949
BABA.US,2023-01-11,114.6,115.21,112.31,115.02,22804411
JPM.US,2023-01-11,138.9,139.75,138.1,139.63,8703698
KO.US,2023-01-11,62.38,62.56,61.41,62.01,10822997
MSFT.US,2023-01-11,231.29,235.95,231.11,235.77,28669331
XOM.US,2023-01-11,110.99,111.45,109.09,111.37,16710366
0005.HK,2023-01-12,53.8,54.1,53.65,54.1,18594710
0700.HK,2023-01-12,379.0,379.6,356.4,364.0,40547528
1810.HK,2023-01-12,11.74,11.92,11.52,11.78,55226443
3690.HK,2023-01-12,175.7,177.8,169.4,173.0,36223970
9988.HK,2023-01-12,113.1,113.1,107.8,110.8,91858342
AAPL.US,2023-01-12,133.88,134.26,131.44,133.41,71379648
BABA.US,2023-01-12,113.66,113.79,111.45,113.15,16590604
JPM.US,2023-01-12,140.0,140.86,139.22,139.49,11001666
KO.US,2023-01-12,62.11,62.18,60.97,61.21,13907327
MSFT.US,2023-01-12,235.26,239.9,233.56,238.51,27269486
XOM.US,2023-01-12,111.82,113.74,111.74,113.22,15357321
0005.HK,2023-01-13,55.0,55.5,54.95,55.5,31176673
0700.HK,2023-01-13,364.6,372.4,356.2,371.4,20970696
1810.HK,2023-01-13,11.78,12.0,11.64,11.96,47427580
3690.HK,2023-01-13,173.0,173.2,168.0,171.2,37740104
9988.HK,2023-01-13,110.8,113.0,109.0,112.7,72120768
AAPL.US,2023-01-13,132.03,134.92,131.66,134.76,57809719
BABA.US,2023-01-13,114.52,117.98,114.09,117.01,25615105
JPM.US,2023-01-13,135.6,143.49,134.8,143.01,20200047
KO.US,2023-01-13,60.7,61.46,60.59,61.43,13986356
MSFT.US,2023-01-13,237.0,239.37,234.92,239.23,21333265
XOM.US,2023-01-13,113.11,113.49,112.16,113.15,12011358
0005.HK,2023-01-16,56.2,56.65,56.05,56.65,28381653
0700.HK,2023-01-16,372.2,376.4,364.0,370.2,19986153
1810.HK,2023-01-16,12.04,12.24,11.78,11.88,77872795
3690.HK,2023-01-16,171.6,172.6,161.6,165.6,58214816
9988.HK,2023-01-16,114.2,115.4,110.9,113.4,65734884
0005.HK,2023-01-17,56.6,56.7,56.15,56.65,20157061
0700.HK,2023-01-17,370.6,375.6,366.0,373.8,16103837
1810.HK,2023-01-17,11.82,12.0,11.6,11.72,46066888
3690.HK,2023-01-17,165.8,169.8,162.3,164.8,34147894
9988.HK,2023-01-17,114.0,116.8,112.8,114.5,62173474
AAPL.US,2023-01-17,134.83,137.29,134.13,135.94,63646627
BABA.US,2023-01-17,115.52,117.01,114.34,115.19,16945555
JPM.US,2023-01-17,141.17,141.54,139.23,140.8,14292881
KO.US,2023-01-17,61.73,62.38,61.56,61.68,18327779
MSFT.US,2023-01-17,237.97,240.91,237.09,240.35,29831257
XOM.US,2023-01-17,113.41,114.08,112.67,112.93,16542201
0005.HK,2023-01-18,56.45,56.8,56.35,56.8,17906414
0700.HK,2023-01-18,380.0,381.0,371.0,380.0,27122730
1810.HK,2023-01-18,11.7,12.0,11.62,11.9,61959126
3690.HK,2023-01-18,162.1,165.8,161.0,163.6,32337925
9988.HK,2023-01-18,112.9,114.9,110.7,114.1,55425698
AAPL.US,2023-01-18,136.82,138.61,135.03,135.21,69672800
BABA.US,2023-01-18,116.75,116.75,113.04,113.22,15347918
JPM.US,2023-01-18,138.92,140.73,136.41,136.57,13392601
KO.US,2023-01-18,61.51,61.59,59.68,59.81,19679436
MSFT.US,2023-01-18,241.57,242.38,235.52,235.81,30028692
XOM.US,2023-01-18,113.26,114.12,110.4,110.61,16399690
0005.HK,2023-01-19,56.5,56.85,56.3,56.65,17779500
0700.HK,2023-01-19,377.0,385.0,374.6,382.8,17351698
1810.HK,2023-01-19,11.7,11.8,11.52,11.58,40628591
3690.HK,2023-01-19,161.0,162.0,159.0,160.2,20979883
9988.HK,2023-01-19,111.0,113.6,110.3,112.2,55515129
AAPL.US,2023-01-19,134.08,136.25,133.77,135.27,58280413
BABA.US,2023-01-19,114.02,117.0,113.97,116.58,18489927
JPM.US,2023-01-19,135.32,135.9,133.59,134.75,13303371
KO.US,2023-01-19,59.73,60.64,59.71,59.72,14894455
MSFT.US,2023-01-19,233.78,235.52,230.68,231.93,28623033
XOM.US,2023-01-19,110.07,112.13,109.58,111.32,12928021
0005.HK,2023-01-20,56.75,56.9,56.5,56.9,16911185
0700.HK,2023-01-20,390.0,392.2,385.0,391.8,16863710
1810.HK,2023-01-20,11.56,11.9,11.56,11.86,35943876
3690.HK,2023-01-20,163.9,168.9,163.8,168.1,27743295
9988.HK,2023-01-20,114.8,117.0,114.3,116.3,64593525
AAPL.US,2023-01-20,135.28,138.02,134.22,137.87,80223626
BABA.US,2023-01-20,118.3,120.06,117.8,119.86,18342688
JPM.US,2023-01-20,135.16,135.49,133.55,135.08,13092492
KO.US,2023-01-20,59.72,60.09,59.4,60.08,14237702
MSFT.US,2023-01-20,234.86,240.74,234.51,240.22,35389809
XOM.US,2023-01-20,111.36,113.44,110.61,113.35,16515614
AAPL.US,2023-01-23,138.12,143.32,137.9,141.11,81760313
BABA.US,2023-01-23,120.0,120.3,118.14,119.53,13590219
JPM.US,2023-01-23,135.12,137.96,134.82,137.27,10487128
KO.US,2023-01-23,60.28,60.57,60.05,60.23,12613428
MSFT.US,2023-01-23,241.1,245.17,239.65,242.58,31933951
XOM.US,2023-01-23,113.64,114.59,112.64,112.76,16584422
AAPL.US,2023-01-24,140.31,143.16,140.3,142.53,66435142
BABA.US,2023-01-24,115.0,120.0,115.0,119.44,7807114
JPM.US,2023-01-24,140.29,140.29,135.0,138.45,6944991
KO.US,2023-01-24,60.08,63.26,59.8,60.55,10103314
MSFT.US,2023-01-24,242.5,243.95,240.44,242.04,40234444
XOM.US,2023-01-24,109.16,114.02,99.23,113.81,13583025
AAPL.US,2023-01-25,140.89,142.43,138.81,141.86,65799349
BABA.US,2023-01-25,118.51,120.32,117.5,120.25,9704954
JPM.US,2023-01-25,138.05,139.12,137.25,139.12,8967007
KO.US,2023-01-25,60.2,60.94,59.89,60.93,11265844
MSFT.US,2023-01-25,234.48,243.3,230.9,240.61,66526641
XOM.US,2023-01-25,113.23,113.65,111.39,113.21,11914727
0005.HK,2023-01-26,57.6,58.0,57.6,57.9,24201338
0700.HK,2023-01-26,400.0,406.8,398.4,406.8,23729091
1810.HK,2023-01-26,12.1,13.4,12.0,13.34,154903684
3690.HK,2023-01-26,171.1,173.4,169.5,172.4,29899068
9988.HK,2023-01-26,117.8,118.5,116.3,117.5,54550091
AAPL.US,2023-01-26,143.17,144.25,141.9,143.96,54105068
BABA.US,2023-01-26,121.0,121.3,118.76,120.57,11170977
JPM.US,2023-01-26,139.42,140.06,138.36,139.98,7487631
KO.US,2023-01-26,60.81,61.1,60.57,60.81,11884834
MSFT.US,2023-01-26,243.65,248.31,242.0,248.0,33454491
XOM.US,2023-01-26,114.72,117.78,114.34,117.76,21019678
0005.HK,2023-01-27,58.2,58.25,57.8,57.95,16938553
0700.HK,2023-01-27,410.2,416.6,409.0,415.0,18625209
1810.HK,2023-01-27,13.26,13.78,13.26,13.46,109472891
3690.HK,2023-01-27,173.0,175.2,171.0,174.9,19439756
9988.HK,2023-01-27,117.7,118.2,115.8,117.3,49008508
AAPL.US,2023-01-27,143.16,147.23,143.08,145.93,70555843
BABA.US,2023-01-27,119.69,119.71,116.81,118.38,18027374
JPM.US,2023-01-27,140.61,141.26,139.75,140.32,7489946
KO.US,2023-01-27,60.84,60.96,60.37,60.49,14087038
MSFT.US,2023-01-27,248.99,249.83,246.83,248.16,26498939
XOM.US,2023-01-27,116.95,117.67,115.39,115.61,15179207
0005.HK,2023-01-30,58.0,58.5,57.6,57.85,30251584
0700.HK,2023-01-30,407.6,411.0,384.0,387.2,53626689
1810.HK,2023-01-30,13.42,13.46,12.62,12.7,161324229
3690.HK,2023-01-30,172.0,181.1,172.0,173.5,55331550
9988.HK,2023-01-30,114.5,115.4,107.8,109.0,131046567
AAPL.US,2023-01-30,144.96,145.55,142.85,143.0,64015274
BABA.US,2023-01-30,111.69,113.15,109.78,111.2,21918217
JPM.US,2023-01-30,139.23,140.09,138.91,139.13,6729255
KO.US,2023-01-30,60.54,61.17,60.46,60.64,15632006
MSFT.US,2023-01-30,244.51,245.6,242.2,242.71,25867365
XOM.US,2023-01-30,115.09,115.49,113.15,113.56,18672053
0005.HK,2023-01-31,58.05,58.15,57.5,57.95,23734615
0700.HK,2023-01-31,390.0,397.0,373.8,382.2,55756238
1810.HK,2023-01-31,12.72,13.08,12.7,12.92,117950802
3690.HK,2023-01-31,175.8,178.5,170.3,174.6,32516625
9988.HK,2023-01-31,109.6,110.5,105.5,107.6,94863420
AAPL.US,2023-01-31,142.7,144.34,142.28,144.29,65874459
BABA.US,2023-01-31,109.42,112.08,108.81,110.2,15329975
JPM.US,2023-01-31,139.88,140.07,138.25,139.96,9188738
KO.US,2023-01-31,60.98,61.34,60.51,61.32,14344379
MSFT.US,2023-01-31,243.45,247.95,242.95,247.81,26541072
XOM.US,2023-01-31,112.1,116.4,110.43,116.01,27861849
0005.HK,2023-02-01,57.5,57.5,56.1,57.05,23434279
0700.HK,2023-02-01,385.6,387.0,373.6,385.0,31418879
1810.HK,2023-02-01,12.96,13.5,12.86,13.5,131222555
3690.HK,2023-02-01,176.6,182.4,174.1,180.1,35916222
9988.HK,2023-02-01,109.0,110.5,107.2,110.0,55654697
AAPL.US,2023-02-01,143.97,146.61,141.32,145.43,77663633
BABA.US,2023-02-01,111.86,113.95,110.15,112.82,16622999
JPM.US,2023-02-01,138.21,140.88,138.12,139.59,8841846
KO.US,2023-02-01,61.14,61.58,60.62,61.33,12535439
MSFT.US,2023-02-01,248.0,255.18,245.47,252.75,31259912
XOM.US,2023-02-01,115.83,117.38,113.34,114.74,19464873
0005.HK,2023-02-02,57.7,57.85,57.3,57.65,18001990
0700.HK,2023-02-02,389.0,392.0,381.2,383.0,23755405
1810.HK,2023-02-02,13.56,14.1,13.56,13.68,155840025
3690.HK,2023-02-02,183.1,185.0,176.0,176.6,26580738
9988.HK,2023-02-02,111.4,112.3,108.7,109.0,39931077
AAPL.US,2023-02-02,148.9,151.18,148.17,150.82,118338980
BABA.US,2023-02-02,112.5,112.53,107.81,109.74,23396932
JPM.US,2023-02-02,140.0,140.46,138.0,138.94,11822064
KO.US,2023-02-02,60.8,61.02,59.91,60.28,16947223
MSFT.US,2023-02-02,258.82,264.69,257.25,264.6,39940437
XOM.US,2023-02-02,114.85,115.07,109.83,111.15,24562123
0005.HK,2023-02-03,56.65,56.65,55.5,55.9,29078788
0700.HK,2023-02-03,381.6,386.6,375.4,385.0,25941959
1810.HK,2023-02-03,13.62,13.68,13.32,13.48,63211494
3690.HK,2023-02-03,173.2,174.8,169.0,172.8,28869669
9988.HK,2023-02-03,107.2,107.7,105.3,106.1,55271792
AAPL.US,2023-02-03,148.03,157.38,147.83,154.5,154357337
BABA.US,2023-02-03,108.05,109.53,105.81,106.33,15982156
JPM.US,2023-02-03,138.18,142.33,138.13,141.09,11501232
KO.US,2023-02-03,60.35,60.42,59.23,59.83,15404440
MSFT.US,2023-02-03,259.54,264.2,257.1,258.35,29077256
XOM.US,2023-02-03,111.9,114.11,111.56,111.92,20226609
0005.HK,2023-02-06,56.0,56.8,55.9,56.6,18785420
0700.HK,2023-02-06,375.2,380.0,368.6,376.8,25591052
1810.HK,2023-02-06,13.2,13.3,12.72,12.82,108018475
3690.HK,2023-02-06,167.8,170.0,160.4,164.1,43310208
9988.HK,2023-02-06,102.2,103.8,101.5,103.2,53151968
AAPL.US,2023-02-06,152.58,153.1,150.78,151.73,69858306
BABA.US,2023-02-06,103.82,106.28,103.22,105.45,15337475
JPM.US,2023-02-06,140.23,142.24,140.03,141.92,8406231
KO.US,2023-02-06,59.79,60.34,59.72,60.17,11330897
MSFT.US,2023-02-06,257.44,258.3,254.78,256.77,22517997
XOM.US,2023-02-06,112.36,113.09,110.32,111.73,13855205
0005.HK,2023-02-07,56.6,57.0,56.6,56.6,9938412
0700.HK,2023-02-07,381.0,386.0,377.4,380.0,19801656
1810.HK,2023-02-07,12.9,13.1,12.7,12.84,58909026
3690.HK,2023-02-07,165.0,166.5,162.4,163.7,22939843
9988.HK,2023-02-07,103.5,106.7,103.5,104.8,38073535
AAPL.US,2023-02-07,150.64,155.23,150.64,154.65,83322551
BABA.US,2023-02-07,106.84,107.35,103.72,105.5,16861658
JPM.US,2023-02-07,141.38,144.34,141.18,143.65,10447888
KO.US,2023-02-07,59.67,60.24,59.54,60.07,14922741
MSFT.US,2023-02-07,260.53,268.78,260.08,267.56,50841365
XOM.US,2023-02-07,112.39,115.31,112.02,114.92,16013314
0005.HK,2023-02-08,56.9,58.1,56.9,57.8,21470580
0700.HK,2023-02-08,383.8,386.8,377.8,382.2,17269537
1810.HK,2023-02-08,12.82,13.06,12.4,12.46,94201792
3690.HK,2023-02-08,159.0,159.0,148.3,153.1,105815798
9988.HK,2023-02-08,104.4,104.8,102.1,103.5,39292294
AAPL.US,2023-02-08,153.88,154.58,151.17,151.92,64120079
BABA.US,2023-02-08,107.1,107.14,103.55,105.11,14329488
JPM.US,2023-02-08,142.65,144.04,142.28,142.64,6957965
KO.US,2023-02-08,59.92,59.92,59.59,59.72,11012019
MSFT.US,2023-02-08,273.2,276.76,266.21,266.73,54686049
XOM.US,2023-02-08,115.05,115.83,113.85,113.92,18459678
0005.HK,2023-02-09,57.6,58.0,57.35,58.0,11986027
0700.HK,2023-02-09,381.2,397.0,380.0,395.6,26660695
1810.HK,2023-02-09,12.44,13.68,12.42,13.52,175278492
3690.HK,2023-02-09,149.0,155.0,148.5,153.5,42178820
9988.HK,2023-02-09,103.5,108.5,103.1,107.6,60791720
AAPL.US,2023-02-09,153.78,154.33,150.42,150.87,56007143
BABA.US,2023-02-09,108.5,109.81,107.75,108.46,16281295
JPM.US,2023-02-09,143.12,143.34,139.87,140.42,6443109
KO.US,2023-02-09,60.15,60.32,59.6,59.62,12515309
MSFT.US,2023-02-09,273.8,273.98,262.8,263.62,42375102
XOM.US,2023-02-09,114.62,116.24,114.18,114.35,17439311
0005.HK,2023-02-10,58.4,58.45,57.85,58.0,16892115
0700.HK,2023-02-10,395.0,397.2,382.6,383.4,24606130
1810.HK,2023-02-10,13.32,13.58,12.96,13.08,144568255
3690.HK,2023-02-10,152.5,153.4,145.0,148.1,46144143
9988.HK,2023-02-10,107.3,107.6,103.4,104.1,44532345
AAPL.US,2023-02-10,149.46,151.34,149.22,151.01,57450708
BABA.US,2023-02-10,105.8,106.64,102.79,103.65,18776035
JPM.US,2023-02-10,139.78,141.28,138.59,141.04,6582853
KO.US,2023-02-10,59.72,59.9,58.88,59.62,14420655
MSFT.US,2023-02-10,261.53,264.09,260.66,263.1,25818489
XOM.US,2023-02-10,116.51,119.63,116.16,119.17,24918616
0005.HK,2023-02-13,57.0,57.9,57.0,57.75,8538615
0700.HK,2023-02-13,379.2,388.6,376.6,386.6,20355691
1810.HK,2023-02-13,12.8,13.4,12.7,13.14,94004353
3690.HK,2023-02-13,145.0,151.2,143.6,148.2,36985397
9988.HK,2023-02-13,101.1,104.9,100.7,104.0,41478273
AAPL.US,2023-02-13,150.95,154.26,150.92,153.85,62199013
BABA.US,2023-02-13,105.99,106.35,104.15,104.79,17577825
JPM.US,2023-02-13,141.3,142.73,140.74,142.57,7134607
KO.US,2023-02-13,59.9,60.76,59.73,60.6,16191786
MSFT.US,2023-02-13,267.64,274.6,267.15,271.32,44630921
XOM.US,2023-02-13,117.72,118.18,115.9,117.8,14536241
0005.HK,2023-02-14,58.2,58.2,57.8,58.2,16289619
0700.HK,2023-02-14,387.0,387.6,378.0,378.6,17932457
1810.HK,2023-02-14,13.2,13.24,12.98,13.02,35257461
3690.HK,2023-02-14,149.0,150.1,146.7,147.7,26961707
9988.HK,2023-02-14,103.6,103.9,102.3,102.5,39436631
AAPL.US,2023-02-14,152.12,153.77,150.86,153.2,61707573
BABA.US,2023-02-14,103.55,104.48,101.85,104.22,12978395
JPM.US,2023-02-14,142.5,143.81,141.6,143.2,9249399
KO.US,2023-02-14,60.21,60.9,59.56,59.59,20505679
MSFT.US,2023-02-14,272.67,274.97,269.28,272.17,37047924
XOM.US,2023-02-14,117.01,117.81,116.02,116.42,12078992
0005.HK,2023-02-15,58.2,58.2,57.15,57.55,16059738
0700.HK,2023-02-15,382.2,382.2,372.4,377.0,16498472
1810.HK,2023-02-15,13.02,13.32,12.8,13.04,64885344
3690.HK,2023-02-15,148.6,148.6,143.3,145.9,31980470
9988.HK,2023-02-15,102.3,102.5,100.1,100.9,46755321
AAPL.US,2023-02-15,153.11,155.5,152.88,155.33,65669252
BABA.US,2023-02-15,102.39,103.44,102.0,103.08,18910236
JPM.US,2023-02-15,141.61,143.89,141.3,143.8,6731172
KO.US,2023-02-15,59.9,59.93,59.23,59.59,13172697
MSFT.US,2023-02-15,268.32,270.73,266.18,269.32,28962163
XOM.US,2023-02-15,115.72,116.09,114.14,116.07,13673360
0005.HK,2023-02-16,57.95,58.15,57.7,58.1,12427999
0700.HK,2023-02-16,380.8,392.8,379.0,382.6,21914350
1810.HK,2023-02-16,13.12,13.48,13.02,13.14,74662669
3690.HK,2023-02-16,144.5,151.7,144.2,148.3,34797292
9988.HK,2023-02-16,102.0,105.4,101.5,102.1,43292397
AAPL.US,2023-02-16,153.51,156.33,153.35,153.71,68167942
BABA.US,2023-02-16,102.71,104.52,102.03,103.11,21747094
JPM.US,2023-02-16,142.91,143.39,141.68,141.82,8165306
KO.US,2023-02-16,59.23,59.82,58.95,59.22,16538284
MSFT.US,2023-02-16,264.02,266.74,261.9,262.15,29603616
XOM.US,2023-02-16,115.31,116.78,114.8,115.73,11360604
0005.HK,2023-02-17,58.0,58.3,58.0,58.2,15946227
0700.HK,2023-02-17,385.2,387.4,373.0,373.8,17721575
1810.HK,2023-02-17,13.1,13.22,12.66,12.7,75713458
3690.HK,2023-02-17,147.9,149.8,144.1,144.2,25463180
9988.HK,2023-02-17,102.1,102.9,99.45,99.45,37616027
AAPL.US,2023-02-17,152.35,153.0,150.85,152.55,59144118
BABA.US,2023-02-17,101.0,101.09,99.25,100.01,18121644
JPM.US,2023-02-17,140.98,142.83,140.07,142.24,7948829
KO.US,2023-02-17,59.5,60.23,59.38,60.12,16814652
MSFT.US,2023-02-17,259.39,260.09,256.0,258.06,30000055
XOM.US,2023-02-17,114.19,114.19,110.98,111.28,20758331
0005.HK,2023-02-20,58.4,58.9,58.2,58.75,18946483
0700.HK,2023-02-20,371.6,378.8,369.2,377.0,12312675
1810.HK,2023-02-20,12.64,13.08,12.64,12.84,46286725
3690.HK,2023-02-20,144.7,147.6,142.2,145.8,19909280
9988.HK,2023-02-20,98.8,100.5,98.0,99.4,38508675
0005.HK,2023-02-21,58.35,59.45,57.1,57.6,39165969
0700.HK,2023-02-21,375.2,375.4,358.2,361.8,29313236
1810.HK,2023-02-21,12.9,13.02,12.5,12.56,62268840
3690.HK,2023-02-21,146.1,146.8,139.3,139.8,34114924
9988.HK,2023-02-21,99.5,99.5,95.0,95.2,58373987
AAPL.US,2023-02-21,150.2,151.3,148.41,148.48,58867230
BABA.US,2023-02-21,96.5,97.63,94.7,95.1,27172733
JPM.US,2023-02-21,140.69,141.34,138.75,139.63,9996283
KO.US,2023-02-21,59.99,60.23,59.72,59.8,14278307
MSFT.US,2023-02-21,254.48,255.49,251.59,252.67,28397444
XOM.US,2023-02-21,110.81,112.38,110.81,111.17,14469431
0005.HK,2023-02-22,60.8,60.85,59.9,60.65,69340438
0700.HK,2023-02-22,355.6,363.0,347.6,356.0,33151555
1810.HK,2023-02-22,12.56,12.66,12.08,12.24,86113597
3690.HK,2023-02-22,138.8,143.4,137.1,140.0,26855616
9988.HK,2023-02-22,92.1,94.8,92.1,92.95,59459217
AAPL.US,2023-02-22,148.87,149.95,147.16,148.91,51011305
BABA.US,2023-02-22,95.58,95.89,93.55,94.78,24484024
JPM.US,2023-02-22,138.92,139.43,137.44,138.56,11107501
KO.US,2023-02-22,59.85,60.36,59.75,59.98,12409562
MSFT.US,2023-02-22,254.09,254.34,250.34,251.51,22491056
XOM.US,2023-02-22,110.48,110.97,108.64,109.73,13973841
0005.HK,2023-02-23,60.15,60.15,59.3,59.35,22181124
0700.HK,2023-02-23,350.8,363.4,348.4,356.0,19433112
1810.HK,2023-02-23,12.42,12.44,12.1,12.14,53332904
3690.HK,2023-02-23,138.7,142.2,138.5,139.1,21932466
9988.HK,2023-02-23,92.75,96.25,92.6,95.15,48408447
AAPL.US,2023-02-23,150.09,150.34,147.24,149.4,48394249
BABA.US,2023-02-23,100.1,100.47,92.13,94.16,40482949
JPM.US,2023-02-23,138.73,140.17,137.94,139.67,8068010
KO.US,2023-02-23,60.01,60.42,59.81,60.09,12222827
MSFT.US,2023-02-23,255.56,256.84,250.48,254.77,29219095
XOM.US,2023-02-23,110.73,111.83,109.9,110.74,11289402
0005.HK,2023-02-24,59.2,59.75,59.05,59.55,16073982
0700.HK,2023-02-24,351.0,355.2,347.4,349.4,24415893
1810.HK,2023-02-24,12.06,12.34,11.96,12.0,76140115
3690.HK,2023-02-24,137.9,138.1,133.8,134.4,34832905
9988.HK,2023-02-24,93.25,93.25,90.0,90.05,81538617
AAPL.US,2023-02-24,147.11,147.19,145.72,146.71,55469606
BABA.US,2023-02-24,90.07,91.68,88.03,89.0,36174519
JPM.US,2023-02-24,139.11,141.36,138.93,140.93,9126888
KO.US,2023-02-24,59.68,59.91,59.39,59.84,9736249
MSFT.US,2023-02-24,249.96,251.0,248.1,249.22,24990905
XOM.US,2023-02-24,109.33,110.96,109.02,110.75,14351036
0005.HK,2023-02-27,59.3,59.45,58.15,59.05,29332684
0700.HK,2023-02-27,345.0,354.4,342.8,349.4,20480043
1810.HK,2023-02-27,11.86,12.0,11.64,11.86,78381408
3690.HK,2023-02-27,132.3,138.8,132.1,136.2,28234666
9988.HK,2023-02-27,88.0,92.15,87.75,89.4,77371929
AAPL.US,2023-02-27,147.71,149.17,147.45,147.92,44998470
BABA.US,2023-02-27,90.85,91.24,88.9,89.25,25839998
JPM.US,2023-02-27,142.11,143.31,141.72,142.16,10014654
KO.US,2023-02-27,60.18,60.3,59.74,59.82,8849821
MSFT.US,2023-02-27,252.46,252.82,249.39,250.16,21190042
XOM.US,2023-02-27,110.8,111.26,109.96,110.55,11710453
0005.HK,2023-02-28,59.45,60.05,59.15,59.3,26878211
0700.HK,2023-02-28,352.2,357.6,343.6,343.6,26006206
1810.HK,2023-02-28,11.94,12.2,11.76,11.86,67656036
3690.HK,2023-02-28,138.3,140.4,135.1,136.1,31464557
9988.HK,2023-02-28,88.25,89.25,86.05,86.5,82590338
AAPL.US,2023-02-28,147.05,149.08,146.83,147.41,50546998
BABA.US,2023-02-28,88.46,89.34,87.27,87.79,24597162
JPM.US,2023-02-28,142.94,143.76,141.9,143.35,11019757
KO.US,2023-02-28,59.7,59.7,59.14,59.51,16082218
MSFT.US,2023-02-28,249.07,251.49,248.73,249.42,22490950
XOM.US,2023-02-28,111.24,111.36,109.22,109.91,18107031
0005.HK,2023-03-01,59.85,60.4,59.65,60.25,26492998
0700.HK,2023-03-01,347.4,370.8,346.0,368.8,35607254
1810.HK,2023-03-01,11.88,12.68,11.86,12.6,85423517
3690.HK,2023-03-01,135.3,143.6,135.3,142.8,35180578
9988.HK,2023-03-01,86.7,92.15,86.6,91.9,76906503
AAPL.US,2023-03-01,146.83,147.23,145.01,145.31,55478991
BABA.US,2023-03-01,92.92,92.92,89.73,89.95,35434898
JPM.US,2023-03-01,142.1,143.46,141.8,142.55,7139155
KO.US,2023-03-01,59.13,59.18,58.37,58.86,13275810
MSFT.US,2023-03-01,250.76,250.93,245.79,246.27,27565259
XOM.US,2023-03-01,109.31,111.86,109.24,110.89,13199955
0005.HK,2023-03-02,58.05,58.7,57.95,58.25,13428384
0700.HK,2023-03-02,368.2,369.0,362.4,362.8,14796574
1810.HK,2023-03-02,12.36,12.72,12.36,12.52,59850698
3690.HK,2023-03-02,140.6,142.5,139.7,141.3,17983015
9988.HK,2023-03-02,88.6,89.0,87.45,87.6,79258745
AAPL.US,2023-03-02,144.38,146.71,143.9,145.91,52279761
BABA.US,2023-03-02,88.96,90.92,87.97,89.75,25691768
JPM.US,2023-03-02,142.24,142.43,139.54,141.07,11107549
KO.US,2023-03-02,58.84,59.78,58.8,59.72,11772110
MSFT.US,2023-03-02,246.55,251.4,245.61,251.11,24833646
XOM.US,2023-03-02,110.62,111.7,110.17,111.4,10343084
0005.HK,2023-03-03,58.25,58.25,57.7,58.0,12017318
0700.HK,2023-03-03,372.2,374.8,364.4,367.6,17784504
1810.HK,2023-03-03,12.84,12.84,12.44,12.62,42967550
3690.HK,2023-03-03,145.3,146.0,141.8,142.3,22071347
9988.HK,2023-03-03,89.5,89.5,87.3,88.0,50893726
AAPL.US,2023-03-03,148.05,151.11,147.33,151.03,70732297
BABA.US,2023-03-03,90.11,90.46,88.4,89.7,25834349
JPM.US,2023-03-03,141.51,143.74,141.08,143.66,9513063
KO.US,2023-03-03,59.55,59.68,59.21,59.44,13101766
MSFT.US,2023-03-03,252.19,255.62,251.39,255.29,30760136
XOM.US,2023-03-03,110.05,113.37,109.95,112.81,13006713
0005.HK,2023-03-06,57.7,58.3,57.55,58.15,12814531
0700.HK,2023-03-06,364.0,368.6,360.6,363.0,12628083
1810.HK,2023-03-06,12.42,12.66,12.36,12.5,51800047
3690.HK,2023-03-06,141.0,146.5,140.8,142.9,20474166
9988.HK,2023-03-06,87.35,88.25,86.55,87.25,53347406
AAPL.US,2023-03-06,153.79,156.3,153.46,153.83,87558028
BABA.US,2023-03-06,89.59,91.3,88.03,89.62,16983867
JPM.US,2023-03-06,143.44,144.04,142.66,142.82,9261255
KO.US,2023-03-06,59.26,60.38,59.22,60.36,16282678
MSFT.US,2023-03-06,256.43,260.12,255.98,256.87,24109849
XOM.US,2023-03-06,111.99,113.84,111.87,113.81,14347410
0005.HK,2023-03-07,58.15,59.05,57.9,58.4,14361617
0700.HK,2023-03-07,362.8,368.8,355.0,357.0,17037998
1810.HK,2023-03-07,12.42,12.8,12.3,12.52,49693351
3690.HK,2023-03-07,141.1,144.0,135.7,137.9,33805962
9988.HK,2023-03-07,89.0,91.65,87.8,88.6,62222775
AAPL.US,2023-03-07,153.7,154.03,151.13,151.6,56182028
BABA.US,2023-03-07,89.52,90.05,88.2,88.73,14514657
JPM.US,2023-03-07,142.01,142.31,137.81,138.62,11747620
KO.US,2023-03-07,60.49,60.57,59.75,60.01,13961203
MSFT.US,2023-03-07,256.3,257.69,253.39,254.15,21473179
XOM.US,2023-03-07,112.81,113.17,111.17,111.61,11525289
0005.HK,2023-03-08,58.0,58.05,57.5,57.95,14742132
0700.HK,2023-03-08,350.0,351.6,345.0,349.6,21208344
1810.HK,2023-03-08,12.36,12.36,11.82,12.0,95668955
3690.HK,2023-03-08,135.1,136.3,130.3,131.9,39112924
9988.HK,2023-03-08,87.0,87.1,85.1,85.75,51977469
AAPL.US,2023-03-08,152.81,153.47,151.83,152.87,47204791
BABA.US,2023-03-08,87.39,87.77,86.45,86.95,14721537
JPM.US,2023-03-08,138.0,138.59,136.89,137.8,10002548
KO.US,2023-03-08,60.04,60.33,59.73,60.04,10851578
MSFT.US,2023-03-08,254.04,254.54,250.81,253.7,17340217
XOM.US,2023-03-08,111.23,112.42,109.07,109.98,13509818
0005.HK,2023-03-09,58.35,58.7,58.2,58.55,13939829
0700.HK,2023-03-09,348.0,349.2,340.2,340.2,17274863
1810.HK,2023-03-09,12.0,12.08,11.78,11.8,43262911
3690.HK,2023-03-09,131.1,132.0,129.2,129.4,27384196
9988.HK,2023-03-09,86.3,86.5,84.5,84.5,43587344
AAPL.US,2023-03-09,153.56,154.54,150.23,150.59,53833582
BABA.US,2023-03-09,85.12,85.69,82.88,83.37,24327736
JPM.US,2023-03-09,136.76,137.35,129.22,130.34,25888097
KO.US,2023-03-09,60.54,60.54,59.28,59.46,13900858
MSFT.US,2023-03-09,255.82,259.56,251.58,252.32,26653387
XOM.US,2023-03-09,110.87,112.23,109.03,109.13,12961244
0005.HK,2023-03-10,57.4,57.65,56.4,56.4,55393924
0700.HK,2023-03-10,333.0,338.2,330.6,331.6,37596411
1810.HK,2023-03-10,11.56,11.7,11.22,11.36,174828294
3690.HK,2023-03-10,125.9,127.4,122.1,127.4,69948713
9988.HK,2023-03-10,81.5,82.2,81.0,81.15,77303637
AAPL.US,2023-03-10,150.21,150.94,147.61,148.5,68572400
BABA.US,2023-03-10,82.64,84.52,82.33,82.96,18123069
JPM.US,2023-03-10,128.96,135.26,127.82,133.65,37599655
KO.US,2023-03-10,59.7,60.14,58.99,59.21,13745841
MSFT.US,2023-03-10,251.08,252.79,247.6,248.59,28333930
XOM.US,2023-03-10,109.56,111.04,107.15,107.78,15795666
0005.HK,2023-03-13,55.45,56.85,55.25,56.3,45567389
0700.HK,2023-03-13,340.4,351.6,337.4,344.8,27127633
1810.HK,2023-03-13,11.42,11.76,11.42,11.54,84770834
3690.HK,2023-03-13,129.1,131.4,127.0,129.0,31670535
9988.HK,2023-03-13,82.4,84.95,81.45,83.25,64694323
AAPL.US,2023-03-13,147.81,153.14,147.7,150.47,84457122
BABA.US,2023-03-13,83.01,83.76,81.97,82.9,17848336
JPM.US,2023-03-13,131.21,133.88,129.41,131.25,42901132
KO.US,2023-03-13,59.29,60.87,59.25,59.81,21956014
MSFT.US,2023-03-13,247.4,257.91,245.73,253.92,33339721
XOM.US,2023-03-13,105.34,107.86,103.72,106.54,20745625
0005.HK,2023-03-14,54.3,54.6,52.75,53.65,45329786
0700.HK,2023-03-14,341.4,352.6,339.0,341.6,21324692
1810.HK,2023-03-14,11.5,11.5,10.94,11.0,93481420
3690.HK,2023-03-14,127.7,130.9,124.5,125.4,24599054
9988.HK,2023-03-14,81.5,82.05,79.5,80.0,73040873
AAPL.US,2023-03-14,151.28,153.4,150.1,152.59,73695893
BABA.US,2023-03-14,82.86,83.91,82.16,83.85,20126118
JPM.US,2023-03-14,135.28,135.53,131.29,134.62,29648116
KO.US,2023-03-14,60.0,60.46,59.35,60.03,19496899
MSFT.US,2023-03-14,256.75,261.07,255.86,260.79,33620293
XOM.US,2023-03-14,106.35,109.01,104.96,106.94,18263512
0005.HK,2023-03-15,54.65,55.65,54.65,55.2,30271600
0700.HK,2023-03-15,350.4,353.8,344.2,344.6,16570551
1810.HK,2023-03-15,11.2,11.34,10.86,10.92,111444518
3690.HK,2023-03-15,127.9,130.3,125.6,126.7,20973761
9988.HK,2023-03-15,82.7,83.7,81.55,82.05,46739487
AAPL.US,2023-03-15,151.19,153.25,149.92,152.99,77167866
BABA.US,2023-03-15,81.55,82.54,80.15,81.51,21025307
JPM.US,2023-03-15,130.98,130.99,126.73,128.26,34280607
KO.US,2023-03-15,59.43,60.48,59.24,60.43,21089906
MSFT.US,2023-03-15,259.98,266.48,259.21,265.44,46028047
XOM.US,2023-03-15,102.82,104.2,100.22,101.62,25733781
0005.HK,2023-03-16,53.4,54.05,53.3,53.9,26622653
0700.HK,2023-03-16,340.4,345.0,333.8,336.0,23728825
1810.HK,2023-03-16,10.82,11.08,10.76,10.9,59238657
3690.HK,2023-03-16,124.5,129.5,124.2,126.3,21703846
9988.HK,2023-03-16,80.2,81.45,79.8,80.5,45643767
AAPL.US,2023-03-16,152.16,156.46,151.64,155.85,76254419
BABA.US,2023-03-16,81.46,82.48,80.66,82.22,22922965
JPM.US,2023-03-16,128.01,131.95,126.02,130.75,24570587
KO.US,2023-03-16,60.09,60.34,59.7,60.3,15658974
MSFT.US,2023-03-16,265.21,276.56,263.28,276.2,54832140
XOM.US,2023-03-16,99.11,101.68,98.02,101.03,27476133
0005.HK,2023-03-17,54.0,54.0,53.1,53.8,19300748
0700.HK,2023-03-17,340.8,346.6,339.4,339.4,29033159
1810.HK,2023-03-17,11.08,11.44,11.0,11.34,96516397
3690.HK,2023-03-17,128.7,131.4,127.8,130.4,36936345
9988.HK,2023-03-17,81.4,82.2,80.55,81.5,67317247
AAPL.US,2023-03-17,156.08,156.74,154.28,155.0,98944633
BABA.US,2023-03-17,84.0,84.16,80.62,81.67,23711136
JPM.US,2023-03-17,128.38,128.48,125.45,125.81,38395982
KO.US,2023-03-17,60.31,60.35,59.64,60.02,27351227
MSFT.US,2023-03-17,278.26,283.33,276.32,279.43,69527371
XOM.US,2023-03-17,100.6,101.61,99.14,99.84,43199470
0005.HK,2023-03-20,52.7,52.8,49.7,50.45,56886469
0700.HK,2023-03-20,337.0,339.4,331.0,334.8,20437066
1810.HK,2023-03-20,11.22,11.32,10.86,11.02,79733626
3690.HK,2023-03-20,129.2,130.8,126.4,128.9,20529878
9988.HK,2023-03-20,80.95,81.15,78.1,79.2,52567854
AAPL.US,2023-03-20,155.07,157.82,154.15,157.4,73641415
BABA.US,2023-03-20,80.15,81.9,79.48,81.0,19536496
JPM.US,2023-03-20,126.99,129.47,126.01,127.14,22875505
KO.US,2023-03-20,60.16,60.6,59.97,60.6,12904123
MSFT.US,2023-03-20,276.98,277.48,269.85,272.23,43466649
XOM.US,2023-03-20,99.63,102.48,99.5,102.45,32042106
0005.HK,2023-03-21,52.0,52.05,51.25,51.9,36238398
0700.HK,2023-03-21,334.8,347.0,330.4,343.6,21276362
1810.HK,2023-03-21,11.06,11.28,10.94,11.2,51454131
3690.HK,2023-03-21,129.6,130.5,125.6,130.1,18879916
9988.HK,2023-03-21,79.35,80.65,78.7,80.5,36073232
AAPL.US,2023-03-21,157.32,159.4,156.54,159.28,73938285
BABA.US,2023-03-21,82.46,84.09,82.0,83.7,16529397
JPM.US,2023-03-21,130.59,131.73,130.19,130.55,17807808
KO.US,2023-03-21,60.57,60.75,59.88,60.32,13716475
MSFT.US,2023-03-21,274.88,275.0,269.52,273.78,34558704
XOM.US,2023-03-21,104.17,107.28,104.13,107.04,31592310
0005.HK,2023-03-22,52.9,54.0,52.85,53.5,29346962
0700.HK,2023-03-22,347.0,353.6,346.2,347.2,19654793
1810.HK,2023-03-22,11.32,11.6,11.3,11.4,54716717
3690.HK,2023-03-22,131.4,132.9,128.4,130.3,27442623
9988.HK,2023-03-22,82.2,84.4,82.1,82.85,44553051
AAPL.US,2023-03-22,159.3,162.14,157.81,157.83,75701811
BABA.US,2023-03-22,84.84,85.39,83.51,83.65,21204671
JPM.US,2023-03-22,130.56,130.66,127.08,127.18,17250168
KO.US,2023-03-22,60.4,60.87,60.03,60.05,10494213
MSFT.US,2023-03-22,273.4,281.04,272.18,272.29,34873330
XOM.US,2023-03-22,106.8,107.18,104.56,104.59,14952666
0005.HK,2023-03-23,53.7,53.9,52.45,53.7,21677907
0700.HK,2023-03-23,353.6,375.8,352.4,375.6,46850205
1810.HK,2023-03-23,11.42,12.28,11.36,12.22,148255361
3690.HK,2023-03-23,130.7,142.0,129.3,141.1,55356860
9988.HK,2023-03-23,82.55,86.7,82.35,86.2,67377220
AAPL.US,2023-03-23,158.83,161.55,157.68,158.93,67622060
BABA.US,2023-03-23,87.68,88.38,85.26,86.52,26861427
JPM.US,2023-03-23,127.9,129.53,126.02,126.84,16677640
KO.US,2023-03-23,60.09,60.39,59.72,59.92,15478995
MSFT.US,2023-03-23,277.94,281.06,275.2,277.66,36610879
XOM.US,2023-03-23,105.36,106.34,102.44,103.41,14385865
0005.HK,2023-03-24,52.2,52.6,51.55,52.15,20512834
0700.HK,2023-03-24,380.0,387.4,374.8,376.8,33215505
1810.HK,2023-03-24,12.22,12.56,12.14,12.44,100223599
3690.HK,2023-03-24,140.8,143.7,136.9,140.2,43628145
9988.HK,2023-03-24,85.45,86.6,84.5,85.3,48345392
AAPL.US,2023-03-24,158.86,160.34,157.85,160.25,59256343
BABA.US,2023-03-24,85.87,88.11,85.63,86.9,20349646
JPM.US,2023-03-24,125.63,125.68,123.11,124.91,22326916
KO.US,2023-03-24,60.25,61.02,59.91,60.9,12977607
MSFT.US,2023-03-24,277.24,280.63,275.28,280.57,28199962
XOM.US,2023-03-24,101.47,103.85,100.91,103.53,13405812
0005.HK,2023-03-27,51.95,52.3,51.2,51.65,12900561
0700.HK,2023-03-27,374.6,378.0,362.6,362.8,25798653
1810.HK,2023-03-27,12.12,12.2,11.74,12.0,77946657
3690.HK,2023-03-27,138.0,139.7,130.5,131.4,95718074
9988.HK,2023-03-27,86.35,89.95,83.8,85.25,100519321
AAPL.US,2023-03-27,159.94,160.77,157.87,158.28,52390266
BABA.US,2023-03-27,87.13,88.22,85.5,86.12,18258302
JPM.US,2023-03-27,126.79,129.38,126.29,128.49,18853935
KO.US,2023-03-27,61.14,61.48,60.95,61.35,12777402
MSFT.US,2023-03-27,280.5,281.46,275.52,276.38,26840212
XOM.US,2023-03-27,104.74,106.48,103.91,105.8,14805911
0005.HK,2023-03-28,52.6,53.05,52.0,52.65,13137239
0700.HK,2023-03-28,366.8,381.0,366.8,378.2,31337657
1810.HK,2023-03-28,12.0,12.22,11.8,12.14,62345310
3690.HK,2023-03-28,128.0,136.6,128.0,134.6,50100100
9988.HK,2023-03-28,85.1,85.65,83.3,84.25,53162509
AAPL.US,2023-03-28,157.97,158.49,155.98,157.65,45992152
BABA.US,2023-03-28,95.35,99.51,92.06,98.4,118875179
JPM.US,2023-03-28,128.71,129.34,127.74,128.88,10820466
KO.US,2023-03-28,61.39,61.74,61.27,61.42,10925739
MSFT.US,2023-03-28,275.79,276.14,272.05,275.23,21878647
XOM.US,2023-03-28,105.44,107.65,105.19,107.12,11047587
0005.HK,2023-03-29,52.95,53.15,52.3,52.95,9542860
0700.HK,2023-03-29,397.0,397.6,382.0,384.8,36095299
1810.HK,2023-03-29,12.5,12.56,12.0,12.1,77274033
3690.HK,2023-03-29,140.0,144.4,138.0,140.0,76240940
9988.HK,2023-03-29,96.85,98.0,94.35,94.55,163130347
AAPL.US,2023-03-29,159.37,161.05,159.35,160.77,51305691
BABA.US,2023-03-29,97.59,101.33,96.28,99.92,53695033
JPM.US,2023-03-29,130.1,130.22,127.77,129.14,14595260
KO.US,2023-03-29,61.72,61.95,61.59,61.86,9441019
MSFT.US,2023-03-29,278.96,281.14,278.41,280.51,25087032
XOM.US,2023-03-29,108.06,109.16,107.49,108.96,14219122
0005.HK,2023-03-30,52.95,53.95,52.9,53.8,14352833
0700.HK,2023-03-30,389.8,389.8,380.2,385.0,25243232
1810.HK,2023-03-30,12.04,12.26,11.88,12.14,67483886
3690.HK,2023-03-30,140.2,142.4,138.0,142.0,34864662
9988.HK,2023-03-30,97.1,97.2,94.65,96.9,88453938
AAPL.US,2023-03-30,161.53,162.47,161.27,162.36,49501689
BABA.US,2023-03-30,101.34,105.05,100.5,103.38,57780699
JPM.US,2023-03-30,129.95,130.12,127.65,128.75,12134675
KO.US,2023-03-30,61.88,62.09,61.66,61.85,9870659
MSFT.US,2023-03-30,284.23,284.46,281.48,284.05,25053410
XOM.US,2023-03-30,109.55,109.57,108.52,109.49,11578171
0005.HK,2023-03-31,53.8,54.1,53.2,53.2,15641697
0700.HK,2023-03-31,390.0,394.0,384.0,385.8,25957481
1810.HK,2023-03-31,12.3,12.42,12.02,12.1,61240948
3690.HK,2023-03-31,144.8,148.0,143.3,143.5,47423368
9988.HK,2023-03-31,101.2,102.0,99.6,100.4,89687911
AAPL.US,2023-03-31,162.44,165.0,161.91,164.9,68749792
BABA.US,2023-03-31,102.86,103.6,101.13,102.18,28382576
JPM.US,2023-03-31,129.66,130.34,128.85,130.31,13105215
KO.US,2023-03-31,62.06,62.25,61.87,62.03,14440888
MSFT.US,2023-03-31,283.73,289.27,283.0,288.3,32765976
XOM.US,2023-03-31,109.68,110.17,109.05,109.66,14417961
0005.HK,2023-04-03,52.85,54.3,52.8,54.2,16680765
0700.HK,2023-04-03,389.0,391.0,385.0,388.2,18773494
1810.HK,2023-04-03,12.04,12.2,11.9,12.16,55819222
3690.HK,2023-04-03,140.6,142.5,139.1,140.0,32056637
9988.HK,2023-04-03,99.0,99.95,97.6,98.55,53752683
AAPL.US,2023-04-03,164.27,166.29,164.22,166.17,56976187
BABA.US,2023-04-03,100.89,101.75,97.61,98.39,26888141
JPM.US,2023-04-03,129.91,131.44,129.41,130.16,11775388
KO.US,2023-04-03,62.3,62.52,61.86,62.4,12300660
MSFT.US,2023-04-03,286.52,288.27,283.95,287.23,24883342
XOM.US,2023-04-03,113.39,116.85,113.12,116.13,28087681
0005.HK,2023-04-04,54.2,54.8,53.8,54.65,10109231
0700.HK,2023-04-04,383.2,388.6,382.2,385.0,14254252
1810.HK,2023-04-04,12.18,12.18,11.74,11.98,60026517
3690.HK,2023-04-04,136.3,137.7,132.0,133.9,41379452
9988.HK,2023-04-04,96.15,96.45,93.7,95.65,53862168
AAPL.US,2023-04-04,166.6,166.84,165.11,165.63,46278295
BABA.US,2023-04-04,98.94,101.47,97.26,100.72,26868408
JPM.US,2023-04-04,130.5,130.59,127.41,128.42,11579916
KO.US,2023-04-04,62.39,62.74,62.08,62.21,11433404
MSFT.US,2023-04-04,287.23,290.45,285.67,287.18,25824299
XOM.US,2023-04-04,116.26,116.7,114.17,115.02,16365489
AAPL.US,2023-04-05,164.74,165.05,161.8,163.76,51511744
BABA.US,2023-04-05,99.24,100.45,97.66,98.55,20117745
JPM.US,2023-04-05,126.8,128.15,126.46,127.61,9614692
KO.US,2023-04-05,62.53,63.02,62.5,62.8,12789554
MSFT.US,2023-04-05,285.85,287.15,282.92,284.34,22064770
XOM.US,2023-04-05,115.35,117.0,114.31,116.99,16479469
0005.HK,2023-04-06,53.6,54.35,53.55,54.2,9725790
0700.HK,2023-04-06,384.0,387.6,380.6,385.4,14945689
1810.HK,2023-04-06,11.8,12.16,11.78,12.08,55095054
3690.HK,2023-04-06,131.0,133.9,129.2,133.8,28511889
9988.HK,2023-04-06,96.2,98.0,95.9,97.75,40751702
AAPL.US,2023-04-06,162.43,164.96,162.0,164.66,45390123
BABA.US,2023-04-06,98.53,103.24,98.27,102.74,26849216
JPM.US,2023-04-06,127.0,128.08,126.86,127.47,8760220
KO.US,2023-04-06,62.86,63.04,62.38,62.84,9644204
MSFT.US,2023-04-06,283.21,292.08,282.03,291.6,29770334
XOM.US,2023-04-06,116.86,117.18,114.77,115.05,15777957
AAPL.US,2023-04-10,161.42,162.03,160.08,162.03,47716882
BABA.US,2023-04-10,100.62,102.83,100.59,101.54,16308327
JPM.US,2023-04-10,126.54,128.23,126.22,127.89,9477292
KO.US,2023-04-10,62.49,62.69,62.02,62.69,7952575
MSFT.US,2023-04-10,289.21,289.6,284.71,289.39,23102994
XOM.US,2023-04-10,114.78,116.18,114.17,114.54,13006552
0005.HK,2023-04-11,54.8,55.5,54.5,54.8,12895492
0700.HK,2023-04-11,389.0,390.0,371.4,376.6,21931068
1810.HK,2023-04-11,12.18,12.34,12.02,12.28,52108705
3690.HK,2023-04-11,134.2,137.2,132.7,135.4,23521030
9988.HK,2023-04-11,100.2,101.5,98.1,99.3,60954920
AAPL.US,2023-04-11,162.35,162.36,160.51,160.8,47644217
BABA.US,2023-04-11,102.46,102.54,99.2,99.76,19017682
JPM.US,2023-04-11,128.3,128.94,127.54,128.52,10516267
KO.US,2023-04-11,62.65,62.71,62.4,62.58,9913049
MSFT.US,2023-04-11,285.75,285.98,281.64,282.83,27276589
XOM.US,2023-04-11,114.96,116.2,114.38,115.35,11758461
0005.HK,2023-04-12,54.7,54.9,54.3,54.75,8779804
0700.HK,2023-04-12,371.0,371.6,354.2,357.2,40470596
1810.HK,2023-04-12,12.28,12.36,12.06,12.14,41027945
3690.HK,2023-04-12,134.8,137.6,130.3,131.0,24250489
9988.HK,2023-04-12,97.65,98.15,95.7,96.05,38659231
AAPL.US,2023-04-12,161.22,162.06,159.78,160.1,50133062
BABA.US,2023-04-12,97.82,98.89,93.58,93.84,35515995
JPM.US,2023-04-12,129.18,130.43,128.06,128.5,11820995
KO.US,2023-04-12,62.48,63.03,62.31,62.69,9593704
MSFT.US,2023-04-12,284.79,287.01,281.96,283.49,27403432
XOM.US,2023-04-12,116.16,116.59,114.93,115.23,10919022
0005.HK,2023-04-13,54.4,55.25,54.3,55.25,10343596
0700.HK,2023-04-13,350.0,364.0,347.4,363.2,24956481
1810.HK,2023-04-13,12.02,12.18,11.82,12.18,43513614
3690.HK,2023-04-13,128.0,130.9,126.5,130.9,27623109
9988.HK,2023-04-13,91.6,94.35,91.1,94.15,65547652
AAPL.US,2023-04-13,161.63,165.8,161.42,165.56,68445649
BABA.US,2023-04-13,95.88,97.19,95.1,96.17,24231741
JPM.US,2023-04-13,128.46,129.04,126.83,128.99,12450242
KO.US,2023-04-13,62.76,63.16,62.48,63.15,9871424
MSFT.US,2023-04-13,283.59,289.9,283.17,289.84,24222678
XOM.US,2023-04-13,114.6,115.89,114.13,115.77,12399652
0005.HK,2023-04-14,55.65,55.85,55.35,55.6,11370730
0700.HK,2023-04-14,366.4,368.2,359.0,365.4,12744724
1810.HK,2023-04-14,12.2,12.5,12.16,12.22,56409308
3690.HK,2023-04-14,131.3,131.9,127.6,129.5,23135639
9988.HK,2023-04-14,94.5,95.15,93.75,94.5,26025094
AAPL.US,2023-04-14,164.59,166.32,163.82,165.21,49386480
BABA.US,2023-04-14,95.63,96.12,93.84,94.55,14098698
JPM.US,2023-04-14,135.15,139.12,134.9,138.73,43931328
KO.US,2023-04-14,63.05,63.15,62.78,63.05,8946011
MSFT.US,2023-04-14,287.0,288.48,283.69,286.14,20987917
XOM.US,2023-04-14,115.9,116.66,115.12,116.05,11530828
0005.HK,2023-04-17,56.75,57.55,56.7,56.9,25821123
0700.HK,2023-04-17,364.6,372.0,360.4,371.0,15710199
1810.HK,2023-04-17,12.12,12.76,12.06,12.66,76153354
3690.HK,2023-04-17,128.5,136.7,128.0,135.6,30802735
9988.HK,2023-04-17,93.2,96.35,92.8,95.4,37951973
AAPL.US,2023-04-17,165.09,165.39,164.03,165.23,41516217
BABA.US,2023-04-17,96.74,97.23,95.49,96.42,15714118
JPM.US,2023-04-17,139.95,140.06,137.66,139.83,16050486
KO.US,2023-04-17,63.32,63.53,63.14,63.46,9452394
MSFT.US,2023-04-17,289.93,291.6,286.16,288.8,23836223
XOM.US,2023-04-17,115.49,116.51,114.42,114.7,13260352
0005.HK,2023-04-18,56.1,56.4,55.7,56.35,10445994
0700.HK,2023-04-18,371.0,371.0,361.0,365.4,13686354
1810.HK,2023-04-18,12.54,12.6,12.38,12.44,47058837
3690.HK,2023-04-18,133.3,136.6,133.3,135.3,15484880
9988.HK,2023-04-18,94.1,95.6,94.1,94.8,26770456
AAPL.US,2023-04-18,166.1,167.41,165.65,166.47,49923008
BABA.US,2023-04-18,99.02,99.17,95.18,95.49,20672320
JPM.US,2023-04-18,140.27,141.78,139.03,141.4,13760139
KO.US,2023-04-18,63.51,63.6,63.19,63.56,9035679
MSFT.US,2023-04-18,291.57,291.76,287.01,288.37,20161845
XOM.US,2023-04-18,114.39,117.21,114.3,116.94,17436140
0005.HK,2023-04-19,56.0,56.3,55.65,55.85,11782166
0700.HK,2023-04-19,363.0,363.0,355.0,357.2,16279391
1810.HK,2023-04-19,12.5,12.5,11.84,11.9,68144926
3690.HK,2023-04-19,135.6,138.6,133.9,135.6,24319557
9988.HK,2023-04-19,94.5,94.5,91.95,92.25,35119559
AAPL.US,2023-04-19,165.8,168.16,165.54,167.63,47720166
BABA.US,2023-04-19,94.6,94.82,92.95,93.49,18985229
JPM.US,2023-04-19,141.23,141.5,140.4,141.22,9158112
KO.US,2023-04-19,63.73,63.83,63.43,63.68,9769543
MSFT.US,2023-04-19,285.99,289.05,284.54,288.45,17150271
XOM.US,2023-04-19,116.08,116.9,115.77,116.57,10682605
0005.HK,2023-04-20,55.55,56.65,55.55,56.35,11617813
0700.HK,2023-04-20,357.2,361.6,355.6,357.0,10530854
1810.HK,2023-04-20,11.92,12.02,11.76,11.96,53134376
3690.HK,2023-04-20,135.8,142.2,135.8,140.4,35146544
9988.HK,2023-04-20,92.2,92.95,91.45,91.75,29866001
AAPL.US,2023-04-20,166.09,167.87,165.56,166.65,52456377
BABA.US,2023-04-20,93.35,93.79,90.05,90.74,25533867
JPM.US,2023-04-20,139.91,141.43,139.84,140.81,10586245
KO.US,2023-04-20,63.63,64.0,63.44,63.96,10706385
MSFT.US,2023-04-20,285.25,289.03,285.08,286.11,23244363
XOM.US,2023-04-20,115.13,115.68,113.23,115.64,17038747
0005.HK,2023-04-21,56.35,56.7,55.7,55.95,11605424
0700.HK,2023-04-21,353.2,355.6,346.0,349.2,16523648
1810.HK,2023-04-21,11.9,11.94,11.46,11.54,73509272
3690.HK,2023-04-21,140.0,140.6,136.4,137.7,22543597
9988.HK,2023-04-21,89.35,89.85,87.3,87.95,62592264
AAPL.US,2023-04-21,165.05,166.45,164.49,165.02,58337341
BABA.US,2023-04-21,89.96,90.19,88.3,89.13,23097341
JPM.US,2023-04-21,139.74,141.11,138.78,140.54,11842537
KO.US,2023-04-21,64.0,64.27,63.8,64.05,12931095
MSFT.US,2023-04-21,285.01,286.27,283.06,285.76,21676387
XOM.US,2023-04-21,116.49,116.88,115.26,116.01,14315329
0005.HK,2023-04-24,55.95,56.0,55.35,55.95,9366356
0700.HK,2023-04-24,347.2,350.8,338.0,345.0,20470625
1810.HK,2023-04-24,11.54,11.54,11.16,11.38,68513619
3690.HK,2023-04-24,137.7,141.0,134.9,137.6,17718915
9988.HK,2023-04-24,87.45,88.5,86.0,86.9,35872549
AAPL.US,2023-04-24,165.0,165.6,163.89,165.33,41949581
BABA.US,2023-04-24,88.4,88.48,86.04,86.89,22757093
JPM.US,2023-04-24,140.46,141.1,140.04,140.73,7567666
KO.US,2023-04-24,64.75,64.99,63.62,63.95,15532266
MSFT.US,2023-04-24,282.09,284.95,278.72,281.77,26611014
XOM.US,2023-04-24,115.92,118.89,115.88,118.2,15831314
0005.HK,2023-04-25,56.0,56.0,55.1,55.5,10560183
0700.HK,2023-04-25,341.6,341.6,333.0,338.4,20949955
1810.HK,2023-04-25,11.32,11.34,10.8,10.94,91436900
3690.HK,2023-04-25,136.7,136.8,129.5,131.6,31004357
9988.HK,2023-04-25,85.7,85.95,83.3,84.1,56529023
AAPL.US,2023-04-25,165.19,166.31,163.73,163.77,48714063
BABA.US,2023-04-25,85.32,85.7,82.21,82.92,36441347
JPM.US,2023-04-25,139.6,139.96,137.63,137.67,10629325
KO.US,2023-04-25,64.17,64.17,63.63,63.85,12818860
MSFT.US,2023-04-25,279.51,281.6,275.37,275.42,45772236
XOM.US,2023-04-25,117.55,117.74,115.63,116.52,12179825
0005.HK,2023-04-26,55.0,55.8,55.0,55.25,10216093
0700.HK,2023-04-26,335.8,352.2,335.4,348.2,25018346
1810.HK,2023-04-26,10.86,11.24,10.86,11.04,53680228
3690.HK,2023-04-26,130.8,135.7,130.4,133.1,18835502
9988.HK,2023-04-26,81.6,84.7,81.25,83.3,72936666
AAPL.US,2023-04-26,163.06,165.28,162.8,163.76,45498796
BABA.US,2023-04-26,85.04,85.22,82.76,82.82,24983000
JPM.US,2023-04-26,137.62,137.81,134.0,135.23,14416145
KO.US,2023-04-26,63.56,63.77,63.39,63.55,13179560
MSFT.US,2023-04-26,296.7,299.57,292.73,295.37,64599182
XOM.US,2023-04-26,116.03,117.09,114.68,115.45,15566086
0005.HK,2023-04-27,55.85,56.6,55.65,56.25,15025467
0700.HK,2023-04-27,347.0,348.0,340.2,345.0,14757831
1810.HK,2023-04-27,11.0,11.08,10.88,11.06,46155383
3690.HK,2023-04-27,132.3,134.2,131.4,134.0,15864433
9988.HK,2023-04-27,81.8,82.2,80.8,81.8,63401706
AAPL.US,2023-04-27,165.19,168.56,165.19,168.41,64902329
BABA.US,2023-04-27,83.07,84.64,82.64,84.47,24506825
JPM.US,2023-04-27,136.0,137.91,135.66,137.05,9041092
KO.US,2023-04-27,63.53,63.76,63.11,63.68,13795824
MSFT.US,2023-04-27,295.97,305.2,295.25,304.83,46462638
XOM.US,2023-04-27,115.62,117.01,114.88,116.83,16279188
0005.HK,2023-04-28,56.5,57.1,56.15,56.15,9558057
0700.HK,2023-04-28,348.0,354.8,343.8,344.4,15394102
1810.HK,2023-04-28,11.06,11.3,11.0,11.06,46222658
3690.HK,2023-04-28,134.1,136.6,132.6,133.0,15047849
9988.HK,2023-04-28,82.85,83.9,81.65,82.05,46940162
AAPL.US,2023-04-28,168.49,169.85,167.88,169.68,55275851
BABA.US,2023-04-28,84.18,85.08,83.87,84.69,18109260
JPM.US,2023-04-28,136.56,138.32,135.67,138.24,9887262
KO.US,2023-04-28,63.61,64.16,63.48,64.15,13687621
MSFT.US,2023-04-28,304.01,308.93,303.31,307.26,36469613
XOM.US,2023-04-28,117.25,119.92,116.83,118.34,24381946
AAPL.US,2023-05-01,169.28,170.45,168.64,169.59,52472936
BABA.US,2023-05-01,84.15,85.28,83.77,84.16,12909246
JPM.US,2023-05-01,142.26,143.37,140.83,141.2,20415762
KO.US,2023-05-01,64.15,64.69,64.06,64.3,9091540
MSFT.US,2023-05-01,306.97,308.6,305.15,305.56,21294115
XOM.US,2023-05-01,115.99,117.3,114.45,114.67,17354987
0005.HK,2023-05-02,56.4,58.95,56.25,58.65,32380257
0700.HK,2023-05-02,352.0,354.4,342.2,345.8,8648798
1810.HK,2023-05-02,11.18,11.38,10.86,11.02,28750297
3690.HK,2023-05-02,135.9,137.4,131.5,132.5,10384370
9988.HK,2023-05-02,83.65,84.1,81.5,82.3,26572826
AAPL.US,2023-05-02,170.09,170.35,167.54,168.54,48425696
BABA.US,2023-05-02,83.15,83.28,80.65,81.53,20689482
JPM.US,2023-05-02,141.4,142.41,138.43,138.92,14113447
KO.US,2023-05-02,64.14,64.14,63.27,64.01,10948420
MSFT.US,2023-05-02,307.76,309.18,303.91,305.41,26404431
XOM.US,2023-05-02,113.94,113.94,109.29,110.1,24324102
0005.HK,2023-05-03,58.15,59.0,57.85,58.85,24424313
0700.HK,2023-05-03,339.6,343.0,336.2,339.4,10551544
1810.HK,2023-05-03,11.0,11.02,10.64,10.84,39040498
3690.HK,2023-05-03,130.0,131.4,128.9,131.3,9248479
9988.HK,2023-05-03,80.1,80.6,79.7,80.35,39306160
AAPL.US,2023-05-03,169.5,170.92,167.16,167.45,65136018
BABA.US,2023-05-03,81.31,82.0,80.49,81.48,17759399
JPM.US,2023-05-03,138.44,138.67,135.76,135.98,12930906
KO.US,2023-05-03,64.02,64.18,63.58,63.65,11084594
MSFT.US,2023-05-03,306.62,308.61,304.09,304.4,22360754
XOM.US,2023-05-03,109.08,109.81,107.76,107.93,16212343
0005.HK,2023-05-04,58.65,59.05,58.2,58.65,14217519
0700.HK,2023-05-04,340.6,343.6,333.0,337.8,17579228
1810.HK,2023-05-04,10.94,11.14,10.82,10.94,46929937
3690.HK,2023-05-04,131.9,133.5,130.4,132.0,14987634
9988.HK,2023-05-04,80.5,81.45,80.35,80.7,34428742
AAPL.US,2023-05-04,164.89,167.04,164.31,165.79,81235427
BABA.US,2023-05-04,82.39,83.13,81.8,82.49,23773830
JPM.US,2023-05-04,134.96,135.72,131.81,134.12,17089164
KO.US,2023-05-04,63.74,63.93,63.51,63.72,11938308
MSFT.US,2023-05-04,306.24,307.76,303.4,305.41,22519907
XOM.US,2023-05-04,107.9,108.75,105.91,106.04,17177150
0005.HK,2023-05-05,58.2,58.65,57.75,58.45,15278134
0700.HK,2023-05-05,343.4,347.0,338.2,342.8,14814925
1810.HK,2023-05-05,11.0,11.28,10.96,11.16,54652158
3690.HK,2023-05-05,134.0,137.0,132.8,135.6,19031107
9988.HK,2023-05-05,82.0,82.45,81.1,81.65,33666492
AAPL.US,2023-05-05,170.98,174.3,170.76,173.57,113453171
BABA.US,2023-05-05,82.75,83.38,82.03,83.22,17527620
JPM.US,2023-05-05,136.44,137.88,135.91,136.74,11261394
KO.US,2023-05-05,63.64,64.21,63.63,64.02,9039023
MSFT.US,2023-05-05,305.72,311.97,304.27,310.65,28197052
XOM.US,2023-05-05,108.55,109.43,107.53,108.68,14968197
0005.HK,2023-05-08,59.1,59.5,58.85,59.5,15952396
0700.HK,2023-05-08,344.0,347.6,337.6,340.8,10715881
1810.HK,2023-05-08,11.3,11.56,11.2,11.52,80207601
3690.HK,2023-05-08,135.7,137.7,132.7,134.2,13434802
9988.HK,2023-05-08,81.65,82.4,81.4,81.95,40005891
AAPL.US,2023-05-08,172.48,173.85,172.11,173.5,55962793
BABA.US,2023-05-08,83.63,83.7,82.34,83.31,17392861
JPM.US,2023-05-08,137.49,137.97,136.48,137.07,7484872
KO.US,2023-05-08,63.81,64.06,63.61,63.92,7240719
MSFT.US,2023-05-08,310.13,310.2,306.09,308.65,21318613
XOM.US,2023-05-08,110.5,110.97,109.04,109.11,11187752
0005.HK,2023-05-09,59.5,59.85,59.1,59.3,20261236
0700.HK,2023-05-09,338.2,339.2,328.2,328.4,23541440
1810.HK,2023-05-09,11.58,11.6,11.26,11.32,50509669
3690.HK,2023-05-09,133.0,135.3,129.8,130.3,21017532
9988.HK,2023-05-09,81.95,81.95,78.9,79.45,53328129
AAPL.US,2023-05-09,173.05,173.54,171.6,171.77,45326874
BABA.US,2023-05-09,80.55,82.66,80.15,82.22,13457351
JPM.US,2023-05-09,135.93,136.95,135.21,136.41,7343573
KO.US,2023-05-09,63.64,63.75,63.28,63.39,9067653
MSFT.US,2023-05-09,308.0,310.04,306.31,307.0,21340829
XOM.US,2023-05-09,108.34,110.23,108.21,109.14,11370769
0005.HK,2023-05-10,59.5,59.75,59.05,59.35,17019704
0700.HK,2023-05-10,327.0,331.4,325.4,329.6,15572919
1810.HK,2023-05-10,11.3,11.4,11.16,11.3,33805521
3690.HK,2023-05-10,129.3,130.0,126.6,129.0,22057043
9988.HK,2023-05-10,80.05,80.7,78.8,80.2,41918692
AAPL.US,2023-05-10,173.02,174.03,171.9,173.56,53724501
BABA.US,2023-05-10,82.14,84.5,81.77,82.95,16868062
JPM.US,2023-05-10,137.95,138.06,134.87,136.48,8133416
KO.US,2023-05-10,63.32,63.64,62.99,63.5,10134026
MSFT.US,2023-05-10,308.62,313.0,307.67,312.31,30078044
XOM.US,2023-05-10,109.74,110.01,106.71,107.74,14884793
0005.HK,2023-05-11,58.95,59.15,58.35,58.95,13994249
0700.HK,2023-05-11,332.6,333.6,323.2,326.4,17571687
1810.HK,2023-05-11,11.36,11.52,11.04,11.22,44549242
3690.HK,2023-05-11,128.6,129.9,126.2,128.5,21665041
9988.HK,2023-05-11,81.8,82.75,80.8,82.65,45547433
AAPL.US,2023-05-11,173.85,174.59,172.17,173.75,49514676
BABA.US,2023-05-11,85.43,88.48,84.82,87.89,28104158
JPM.US,2023-05-11,135.0,136.81,134.9,136.05,7057277
KO.US,2023-05-11,63.58,63.93,63.01,63.86,9581525
MSFT.US,2023-05-11,310.1,311.12,306.26,310.11,31680179
XOM.US,2023-05-11,106.49,106.82,104.93,105.79,17165897
0005.HK,2023-05-12,58.5,58.85,57.9,58.75,12547552
0700.HK,2023-05-12,331.8,334.4,327.0,328.2,17991214
1810.HK,2023-05-12,11.2,11.22,10.98,11.02,44999422
3690.HK,2023-05-12,130.8,134.6,130.0,131.8,30262695
9988.HK,2023-05-12,85.15,85.5,83.8,84.65,60973363
AAPL.US,2023-05-12,173.62,174.06,171.0,172.57,45533138
BABA.US,2023-05-12,86.71,86.71,84.76,85.34,19042794
JPM.US,2023-05-12,136.82,136.99,133.13,134.1,9988598
KO.US,2023-05-12,63.86,64.19,63.7,64.11,8740752
MSFT.US,2023-05-12,310.55,310.65,306.6,308.97,19774696
XOM.US,2023-05-12,106.31,107.01,104.78,105.78,12613254
0005.HK,2023-05-15,57.5,59.4,57.5,59.25,15001506
0700.HK,2023-05-15,325.0,344.4,325.0,341.0,23740493
1810.HK,2023-05-15,10.86,11.18,10.86,11.12,46322771
3690.HK,2023-05-15,131.8,139.2,131.2,136.3,32892977
9988.HK,2023-05-15,84.0,86.5,83.0,85.45,41392670
AAPL.US,2023-05-15,173.16,173.21,171.47,172.07,37266659
BABA.US,2023-05-15,87.13,88.4,85.83,88.34,23691178
JPM.US,2023-05-15,134.27,135.67,133.96,135.23,7639451
KO.US,2023-05-15,64.22,64.25,63.71,63.94,8149993
MSFT.US,2023-05-15,309.1,309.91,307.59,309.46,16336547
XOM.US,2023-05-15,105.51,105.93,104.58,105.07,13715576
0005.HK,2023-05-16,59.9,60.0,59.5,59.7,17372230
0700.HK,2023-05-16,348.0,348.0,342.8,344.8,14121222
1810.HK,2023-05-16,11.2,11.32,11.1,11.22,37665723
3690.HK,2023-05-16,138.9,139.8,137.0,137.4,17895478
9988.HK,2023-05-16,86.8,86.8,84.95,85.75,26388517
AAPL.US,2023-05-16,171.99,173.14,171.8,172.07,42110293
BABA.US,2023-05-16,87.11,89.37,87.06,88.76,18177862
JPM.US,2023-05-16,135.46,135.94,133.96,134.32,6483267
KO.US,2023-05-16,63.9,63.9,63.16,63.22,9130361
MSFT.US,2023-05-16,309.83,313.71,309.83,311.74,26730347
XOM.US,2023-05-16,104.63,104.81,102.02,102.52,14800200
0005.HK,2023-05-17,58.85,59.3,58.5,58.65,13889094
0700.HK,2023-05-17,346.0,349.8,341.2,342.8,19562717
1810.HK,2023-05-17,11.1,11.22,10.82,10.84,35051967
3690.HK,2023-05-17,137.4,139.0,132.8,133.0,16045180
9988.HK,2023-05-17,87.35,87.5,85.0,85.45,43307971
AAPL.US,2023-05-17,171.71,172.93,170.42,172.69,57951604
BABA.US,2023-05-17,88.46,91.43,88.01,90.68,27670688
JPM.US,2023-05-17,135.9,138.59,135.46,138.45,12711522
KO.US,2023-05-17,63.4,63.42,62.73,63.15,11582953
MSFT.US,2023-05-17,312.29,314.43,310.74,314.0,24315012
XOM.US,2023-05-17,103.39,105.23,102.85,104.82,14064742
0005.HK,2023-05-18,58.9,59.65,58.85,59.45,16393412
0700.HK,2023-05-18,341.2,343.0,329.4,339.8,34412000
1810.HK,2023-05-18,10.9,11.26,10.9,10.98,41337058
3690.HK,2023-05-18,133.5,135.3,131.7,133.5,15303929
9988.HK,2023-05-18,88.2,89.2,87.25,87.75,72221529
AAPL.US,2023-05-18,173.0,175.24,172.58,175.05,65496657
BABA.US,2023-05-18,90.81,91.0,85.0,85.77,60258607
JPM.US,2023-05-18,138.27,139.73,137.76,139.5,10999607
KO.US,2023-05-18,63.01,63.04,62.57,62.8,13595053
MSFT.US,2023-05-18,314.53,319.04,313.72,318.52,27275991
XOM.US,2023-05-18,104.55,105.91,104.13,105.77,12005609
0005.HK,2023-05-19,59.5,59.65,58.9,59.45,12742038
0700.HK,2023-05-19,333.0,335.8,329.0,333.2,22685856
1810.HK,2023-05-19,10.9,11.04,10.84,10.86,36400641
3690.HK,2023-05-19,130.7,131.1,127.6,128.6,29496414
9988.HK,2023-05-19,83.45,84.35,82.0,82.45,92873084
AAPL.US,2023-05-19,176.39,176.39,174.94,175.16,55809475
BABA.US,2023-05-19,83.85,85.2,83.48,83.98,21571832
JPM.US,2023-05-19,139.79,140.49,138.13,139.18,13492239
KO.US,2023-05-19,63.04,63.1,62.61,62.83,14251355
MSFT.US,2023-05-19,316.74,318.75,316.37,318.34,27546701
XOM.US,2023-05-19,106.57,107.05,105.82,106.26,13359630
0005.HK,2023-05-22,59.45,59.95,59.45,59.75,13193373
0700.HK,2023-05-22,331.8,344.4,328.2,340.2,20042131
1810.HK,2023-05-22,10.86,11.16,10.84,10.96,41131393
3690.HK,2023-05-22,129.7,134.0,127.5,132.6,24354632
9988.HK,2023-05-22,82.45,85.1,81.4,83.6,54249146
AAPL.US,2023-05-22,173.98,174.71,173.45,174.2,43570932
BABA.US,2023-05-22,85.67,87.48,85.65,86.1,16951329
JPM.US,2023-05-22,141.0,141.64,137.66,138.03,11402476
KO.US,2023-05-22,62.79,62.87,61.44,61.51,15055371
MSFT.US,2023-05-22,318.6,322.59,318.01,321.18,24115664
XOM.US,2023-05-22,105.84,107.04,104.88,104.97,12882000
0005.HK,2023-05-23,59.9,60.0,59.5,59.6,13747666
0700.HK,2023-05-23,345.2,345.6,334.0,335.6,15019611
1810.HK,2023-05-23,10.96,11.06,10.68,10.76,57178065
3690.HK,2023-05-23,132.7,135.7,132.0,132.8,18896202
9988.HK,2023-05-23,83.6,84.65,82.35,83.0,32115656
AAPL.US,2023-05-23,173.13,173.38,171.28,171.56,50747263
BABA.US,2023-05-23,84.16,84.98,82.7,82.88,19917788
JPM.US,2023-05-23,137.54,139.03,136.46,136.59,9514897
KO.US,2023-05-23,61.51,61.67,61.17,61.4,13932724
MSFT.US,2023-05-23,320.03,322.72,315.25,315.26,30797173
XOM.US,2023-05-23,105.99,108.22,105.75,106.4,14394440
0005.HK,2023-05-24,59.8,59.8,58.95,59.25,14260724
0700.HK,2023-05-24,331.2,336.8,330.6,332.4,13547979
1810.HK,2023-05-24,10.7,10.7,10.38,10.4,59005592
3690.HK,2023-05-24,130.8,131.9,129.6,130.4,15450737
9988.HK,2023-05-24,81.05,81.9,80.6,81.05,39045036
AAPL.US,2023-05-24,171.09,172.42,170.52,171.84,45143488
BABA.US,2023-05-24,82.17,82.6,80.88,81.21,17045795
JPM.US,2023-05-24,135.4,136.35,135.08,135.34,8577997
KO.US,2023-05-24,61.38,61.43,60.72,60.88,11090129
MSFT.US,2023-05-24,314.73,316.5,312.61,313.85,23384887
XOM.US,2023-05-24,107.38,108.51,106.73,107.59,16340293
0005.HK,2023-05-25,57.95,58.4,57.85,58.35,18267454
0700.HK,2023-05-25,329.8,330.6,318.4,322.4,26028377
1810.HK,2023-05-25,10.44,10.94,10.32,10.5,128060617
3690.HK,2023-05-25,128.9,129.6,123.3,126.0,34594015
9988.HK,2023-05-25,80.0,80.3,77.6,78.65,75187196
AAPL.US,2023-05-25,172.41,173.9,171.69,172.99,56058258
BABA.US,2023-05-25,80.59,80.71,78.12,78.78,21811561
JPM.US,2023-05-25,134.82,136.27,134.58,135.67,8472505
KO.US,2023-05-25,60.47,60.73,60.15,60.41,14463630
MSFT.US,2023-05-25,323.24,326.9,320.0,325.92,43301743
XOM.US,2023-05-25,105.94,106.43,104.71,105.66,14316463
AAPL.US,2023-05-26,173.32,175.77,173.11,175.43,54834975
BABA.US,2023-05-26,79.9,81.57,78.4,80.97,16419963
JPM.US,2023-05-26,136.11,137.6,135.63,136.94,8579941
KO.US,2023-05-26,60.45,60.64,60.11,60.26,12570281
MSFT.US,2023-05-26,324.02,333.4,323.88,332.89,36630633
XOM.US,2023-05-26,106.47,106.95,104.83,104.97,12370326
0005.HK,2023-05-29,58.65,59.15,58.5,58.75,14821414
0700.HK,2023-05-29,327.2,327.2,311.2,313.2,28838839
1810.HK,2023-05-29,10.54,10.74,10.4,10.48,56740130
3690.HK,2023-05-29,126.0,126.0,115.3,115.8,93174015
9988.HK,2023-05-29,78.95,79.55,77.6,77.8,48515697
0005.HK,2023-05-30,58.75,59.1,58.5,58.85,16572996
0700.HK,2023-05-30,311.8,318.2,307.6,316.2,21736553
1810.HK,2023-05-30,10.48,10.6,10.36,10.5,53065128
3690.HK,2023-05-30,116.5,117.6,113.0,116.4,45855807
9988.HK,2023-05-30,78.9,79.35,77.55,78.8,40606239
AAPL.US,2023-05-30,176.96,178.99,176.57,177.3,55964401
BABA.US,2023-05-30,80.12,80.7,78.17,78.67,21209566
JPM.US,2023-05-30,136.8,137.72,136.02,137.46,7399867
KO.US,2023-05-30,60.09,60.2,59.52,59.78,15634206
MSFT.US,2023-05-30,335.23,335.74,330.52,331.21,29503070
XOM.US,2023-05-30,103.29,104.12,102.61,104.04,11938025
0005.HK,2023-05-31,58.45,58.45,57.15,57.7,18895287
0700.HK,2023-05-31,314.6,314.6,306.0,310.6,32131907
1810.HK,2023-05-31,10.38,10.44,10.14,10.34,93057851
3690.HK,2023-05-31,112.1,113.4,109.2,110.2,87568473
9988.HK,2023-05-31,77.95,77.95,75.8,77.9,177424030
AAPL.US,2023-05-31,177.33,179.35,176.76,177.25,99625288
BABA.US,2023-05-31,79.58,79.67,77.77,79.55,16206283
JPM.US,2023-05-31,136.73,136.84,134.4,135.71,14219906
KO.US,2023-05-31,59.92,60.28,59.37,59.66,59432166
MSFT.US,2023-05-31,332.29,335.94,327.33,328.39,45950553
XOM.US,2023-05-31,102.29,103.04,101.74,102.18,24926117
0005.HK,2023-06-01,57.4,57.65,57.05,57.35,18088327
0700.HK,2023-06-01,312.6,323.4,311.2,315.4,22951704
1810.HK,2023-06-01,10.18,10.54,10.18,10.26,61542516
3690.HK,2023-06-01,110.9,117.0,110.8,112.8,45431448
9988.HK,2023-06-01,77.05,79.7,76.9,77.3,76088679
AAPL.US,2023-06-01,177.7,180.12,176.93,180.09,68901809
BABA.US,2023-06-01,79.35,84.0,79.35,83.0,23217608
JPM.US,2023-06-01,136.52,138.23,135.45,137.58,12248094
KO.US,2023-06-01,59.94,60.17,59.77,60.0,13402678
MSFT.US,2023-06-01,325.93,333.53,324.72,332.58,26773851
XOM.US,2023-06-01,101.75,105.58,101.26,103.36,13551936
0005.HK,2023-06-02,58.1,58.7,57.95,58.2,47210302
0700.HK,2023-06-02,327.6,334.2,323.4,334.2,32055423
1810.HK,2023-06-02,10.34,10.82,10.34,10.74,123072680
3690.HK,2023-06-02,116.8,122.0,115.5,121.6,63586477
9988.HK,2023-06-02,80.75,82.85,80.1,82.5,69157566
AAPL.US,2023-06-02,181.03,181.78,179.26,180.95,61996913
BABA.US,2023-06-02,85.08,86.03,84.14,84.27,17616090
JPM.US,2023-06-02,139.56,141.48,139.34,140.47,12922471
KO.US,2023-06-02,60.27,61.32,60.08,61.16,15259845
MSFT.US,2023-06-02,334.25,337.5,332.55,335.4,25873769
XOM.US,2023-06-02,105.16,106.13,104.53,105.76,14112041
0005.HK,2023-06-05,58.8,59.35,58.65,59.15,32260761
0700.HK,2023-06-05,336.0,338.8,330.0,338.2,19890895
1810.HK,2023-06-05,10.68,10.96,10.66,10.92,52384088
3690.HK,2023-06-05,120.1,122.4,118.7,121.6,29492833
9988.HK,2023-06-05,82.8,83.35,81.75,82.75,34970258
AAPL.US,2023-06-05,182.63,184.95,178.04,179.58,121946497
BABA.US,2023-06-05,83.99,84.57,83.24,84.4,8204016
JPM.US,2023-06-05,140.11,140.11,138.13,139.09,8511902
KO.US,2023-06-05,61.0,61.44,60.55,60.75,12915645
MSFT.US,2023-06-05,335.22,338.56,334.66,335.94,21307053
XOM.US,2023-06-05,107.19,107.19,105.09,105.29,10628001
0005.HK,2023-06-06,58.9,59.25,58.7,59.05,9945586
0700.HK,2023-06-06,338.0,339.2,329.0,331.2,16700158
1810.HK,2023-06-06,10.92,11.06,10.74,10.86,36488457
3690.HK,2023-06-06,122.0,125.3,120.4,121.8,23872365
9988.HK,2023-06-06,83.0,84.2,81.8,82.35,32679498
AAPL.US,2023-06-06,179.97,180.12,177.43,179.21,64848374
BABA.US,2023-06-06,83.5,87.06,83.37,86.7,18451961
JPM.US,2023-06-06,138.68,140.1,138.21,139.34,9329541
KO.US,2023-06-06,60.95,60.99,60.12,60.31,10943523
MSFT.US,2023-06-06,335.33,335.37,332.17,333.68,20396223
XOM.US,2023-06-06,104.15,106.27,103.98,106.15,12209768
0005.HK,2023-06-07,59.35,59.85,59.35,59.65,19947534
0700.HK,2023-06-07,340.0,340.0,334.6,335.6,18254900
1810.HK,2023-06-07,10.94,11.08,10.92,11.06,43826349
3690.HK,2023-06-07,125.2,126.5,123.2,123.5,20229163
9988.HK,2023-06-07,84.6,84.9,83.3,84.05,33719527
AAPL.US,2023-06-07,178.44,181.21,177.32,177.82,61944615
BABA.US,2023-06-07,85.72,86.95,85.09,85.28,12886683
JPM.US,2023-06-07,139.55,141.27,138.83,140.69,9281389
KO.US,2023-06-07,60.01,60.36,59.82,60.22,16817908
MSFT.US,2023-06-07,331.65,334.49,322.5,323.38,40717129
XOM.US,2023-06-07,106.79,108.89,106.73,108.53,16027086
0005.HK,2023-06-08,59.95,60.2,59.8,59.95,22549082
0700.HK,2023-06-08,332.8,335.2,328.2,334.8,13133723
1810.HK,2023-06-08,11.04,11.08,10.72,10.88,47078257
3690.HK,2023-06-08,124.0,124.8,120.2,124.4,20637994
9988.HK,2023-06-08,83.4,83.9,82.05,83.35,30975757
AAPL.US,2023-06-08,177.9,180.84,177.46,180.57,50214881
BABA.US,2023-06-08,85.17,86.95,85.17,86.14,11280953
JPM.US,2023-06-08,140.67,140.89,139.48,140.73,7370043
KO.US,2023-06-08,60.13,60.41,59.98,60.37,15589981
MSFT.US,2023-06-08,323.94,326.64,323.35,325.26,23277708
XOM.US,2023-06-08,108.77,109.14,105.9,108.19,13517919
0005.HK,2023-06-09,59.95,60.15,59.75,60.0,12770239
0700.HK,2023-06-09,336.4,340.0,333.8,336.0,16184167
1810.HK,2023-06-09,10.9,10.98,10.7,10.84,45289854
3690.HK,2023-06-09,126.2,128.0,124.5,127.1,27792192
9988.HK,2023-06-09,83.8,84.35,83.0,83.9,32630311
AAPL.US,2023-06-09,181.5,182.23,180.63,180.96,48899973
BABA.US,2023-06-09,86.06,86.84,85.07,85.5,12903414
JPM.US,2023-06-09,140.35,141.8,140.21,141.01,7253946
KO.US,2023-06-09,60.27,60.67,60.17,60.47,12582572
MSFT.US,2023-06-09,324.99,329.99,324.41,326.79,22528950
XOM.US,2023-06-09,108.46,108.61,107.16,107.39,12252531
0005.HK,2023-06-12,59.75,60.1,59.75,60.0,10128424
0700.HK,2023-06-12,340.0,340.0,334.2,338.4,13488760
1810.HK,2023-06-12,10.82,10.84,10.54,10.66,55855012
3690.HK,2023-06-12,128.6,128.8,125.2,127.6,17065634
9988.HK,2023-06-12,84.5,84.5,83.0,84.0,21072194
AAPL.US,2023-06-12,181.27,183.89,180.97,183.79,54754995
BABA.US,2023-06-12,86.01,87.29,85.63,85.86,11575889
JPM.US,2023-06-12,141.07,141.32,139.76,141.0,7600196
KO.US,2023-06-12,60.59,60.65,60.02,60.21,14220955
MSFT.US,2023-06-12,328.58,332.1,325.16,331.85,24306753
XOM.US,2023-06-12,105.81,107.06,105.56,106.42,14115160
0005.HK,2023-06-13,59.5,60.1,59.35,59.9,12746561
0700.HK,2023-06-13,339.6,348.4,338.0,344.8,23119808
1810.HK,2023-06-13,10.6,11.04,10.58,10.94,70037515
3690.HK,2023-06-13,127.6,129.5,126.2,128.0,24358052
9988.HK,2023-06-13,83.55,86.5,83.5,85.7,44562105
AAPL.US,2023-06-13,182.8,184.15,182.44,183.31,54929129
BABA.US,2023-06-13,87.96,89.22,87.25,87.51,16814142
JPM.US,2023-06-13,140.48,142.87,140.14,142.02,7701567
KO.US,2023-06-13,60.21,60.67,60.04,60.45,13397782
MSFT.US,2023-06-13,334.47,336.98,330.39,334.29,22951279
XOM.US,2023-06-13,107.38,108.34,106.28,106.44,13533780
0005.HK,2023-06-14,59.85,60.15,59.6,60.05,10876838
0700.HK,2023-06-14,346.6,353.4,344.0,345.6,22081967
1810.HK,2023-06-14,10.9,11.04,10.8,10.86,53239286
3690.HK,2023-06-14,129.2,130.4,125.6,127.3,18064760
9988.HK,2023-06-14,85.9,86.45,84.45,85.15,36808428
AAPL.US,2023-06-14,183.37,184.39,182.02,183.95,57462882
BABA.US,2023-06-14,87.97,90.12,87.71,89.36,21519342
JPM.US,2023-06-14,143.0,143.61,140.7,141.49,9068729
KO.US,2023-06-14,60.73,61.08,60.6,60.86,14099675
MSFT.US,2023-06-14,334.34,339.04,332.81,337.34,26003791
XOM.US,2023-06-14,107.45,108.11,104.39,105.16,16627681
0005.HK,2023-06-15,60.2,60.3,60.0,60.05,15810769
0700.HK,2023-06-15,353.0,355.0,348.0,355.0,25008358
1810.HK,2023-06-15,11.02,11.06,10.8,11.06,69380544
3690.HK,2023-06-15,130.2,137.3,128.9,137.2,52675219
9988.HK,2023-06-15,87.3,89.15,86.65,89.0,58981505
AAPL.US,2023-06-15,183.96,186.52,183.78,186.01,65433166
BABA.US,2023-06-15,91.46,92.77,90.6,92.2,26570478
JPM.US,2023-06-15,140.59,143.4,140.03,143.09,9343096
KO.US,2023-06-15,60.61,61.3,60.34,61.23,15271390
MSFT.US,2023-06-15,337.48,349.84,337.2,348.1,38899075
XOM.US,2023-06-15,105.5,107.03,105.44,105.89,16224117
0005.HK,2023-06-16,60.5,61.0,60.4,61.0,25741559
0700.HK,2023-06-16,359.0,364.4,355.8,363.0,35853943
1810.HK,2023-06-16,11.1,11.2,10.9,11.08,96858038
3690.HK,2023-06-16,139.0,139.8,136.0,138.0,71956565
9988.HK,2023-06-16,90.6,92.7,89.5,91.6,176510302
AAPL.US,2023-06-16,186.73,186.99,184.27,184.92,101256225
BABA.US,2023-06-16,94.0,94.29,91.52,92.1,25087713
JPM.US,2023-06-16,143.05,143.97,142.5,143.26,13813512
KO.US,2023-06-16,61.6,62.17,61.48,61.67,26737982
MSFT.US,2023-06-16,351.32,351.47,341.95,342.33,46551985
XOM.US,2023-06-16,106.36,106.77,104.96,105.13,43128871
0005.HK,2023-06-19,61.0,61.5,60.75,61.4,19363313
0700.HK,2023-06-19,359.6,360.0,350.4,357.2,20273905
1810.HK,2023-06-19,11.0,11.08,10.72,10.92,62563818
3690.HK,2023-06-19,136.7,137.5,132.9,137.0,23414744
9988.HK,2023-06-19,90.4,91.1,87.9,89.7,54103067
0005.HK,2023-06-20,61.1,61.55,61.05,61.5,17901535
0700.HK,2023-06-20,354.0,359.2,347.2,350.0,16283873
1810.HK,2023-06-20,10.88,10.88,10.5,10.6,72426672
3690.HK,2023-06-20,137.2,137.2,130.8,132.3,21691469
9988.HK,2023-06-20,89.5,89.75,87.95,88.35,37315367
AAPL.US,2023-06-20,184.41,186.1,184.41,185.01,49799092
BABA.US,2023-06-20,89.83,90.2,87.32,87.93,23382865
JPM.US,2023-06-20,142.61,143.0,141.04,142.53,8431008
KO.US,2023-06-20,61.59,61.96,61.24,61.26,13973440
MSFT.US,2023-06-20,339.31,342.08,335.86,338.05,26375407
XOM.US,2023-06-20,104.68,104.77,102.12,102.72,17519379
0005.HK,2023-06-21,60.7,61.5,60.7,61.3,15040945
0700.HK,2023-06-21,341.6,346.0,337.0,340.4,19304438
1810.HK,2023-06-21,10.42,10.54,10.24,10.28,75818523
3690.HK,2023-06-21,129.0,129.5,126.0,127.6,25298667
9988.HK,2023-06-21,85.3,86.15,84.5,84.7,43362403
AAPL.US,2023-06-21,184.9,185.41,182.59,183.96,49515697
BABA.US,2023-06-21,87.38,89.16,86.62,86.77,15159909
JPM.US,2023-06-21,142.9,144.02,141.69,142.32,9926459
KO.US,2023-06-21,61.31,61.72,60.98,61.43,13948672
MSFT.US,2023-06-21,336.37,337.73,332.07,333.56,25117799
XOM.US,2023-06-21,102.5,104.63,102.33,103.87,13285741
AAPL.US,2023-06-22,183.74,187.05,183.67,187.0,51245327
BABA.US,2023-06-22,86.78,87.32,85.32,86.89,10272698
JPM.US,2023-06-22,142.31,142.6,138.95,139.58,10076325
KO.US,2023-06-22,61.81,62.1,61.59,61.85,15194155
MSFT.US,2023-06-22,334.12,340.12,333.34,339.71,23556764
XOM.US,2023-06-22,102.84,103.89,102.65,103.3,12458807
0005.HK,2023-06-23,60.6,60.6,59.5,59.75,19401650
0700.HK,2023-06-23,340.0,340.8,333.0,337.0,13898721
1810.HK,2023-06-23,10.2,10.26,9.86,9.99,56294874
3690.HK,2023-06-23,125.7,126.0,122.6,124.7,16208306
9988.HK,2023-06-23,85.0,85.1,83.1,84.05,29149129
AAPL.US,2023-06-23,185.55,187.56,185.01,186.68,53116996
BABA.US,2023-06-23,85.81,85.94,84.37,84.92,14907127
JPM.US,2023-06-23,138.54,139.18,137.62,138.85,9919539
KO.US,2023-06-23,61.94,61.97,61.18,61.2,25112061
MSFT.US,2023-06-23,334.36,337.96,333.45,335.02,23146901
XOM.US,2023-06-23,102.59,102.82,101.62,102.4,17933599
0005.HK,2023-06-26,60.0,60.0,59.35,59.6,14064455
0700.HK,2023-06-26,335.6,339.4,330.2,332.8,18157220
1810.HK,2023-06-26,10.0,10.6,10.0,10.42,111054264
3690.HK,2023-06-26,124.5,126.6,122.9,124.0,18021336
9988.HK,2023-06-26,83.1,84.75,83.1,83.25,31955957
AAPL.US,2023-06-26,186.83,188.05,185.23,185.27,48088661
BABA.US,2023-06-26,85.32,86.71,85.21,85.47,10808685
JPM.US,2023-06-26,138.87,140.01,137.69,139.19,8429727
KO.US,2023-06-26,61.21,61.29,60.39,61.22,12856073
MSFT.US,2023-06-26,333.72,336.11,328.49,328.6,21520582
XOM.US,2023-06-26,102.2,104.91,102.2,104.29,14283407
0005.HK,2023-06-27,60.0,60.95,60.0,60.5,12725963
0700.HK,2023-06-27,332.8,344.4,332.8,341.4,17490624
1810.HK,2023-06-27,10.5,10.78,10.46,10.6,59155194
3690.HK,2023-06-27,123.4,127.5,123.1,126.2,16670910
9988.HK,2023-06-27,84.25,85.75,83.65,85.45,33586916
AAPL.US,2023-06-27,185.89,188.39,185.67,188.06,50730846
BABA.US,2023-06-27,86.82,87.62,86.72,87.13,13994520
JPM.US,2023-06-27,139.0,139.84,138.54,139.2,8154024
KO.US,2023-06-27,61.22,61.36,60.98,61.09,9068545
MSFT.US,2023-06-27,331.86,336.15,329.3,334.57,24354110
XOM.US,2023-06-27,104.05,104.61,103.27,104.55,13227486
0005.HK,2023-06-28,60.6,61.1,60.55,60.85,14504354
0700.HK,2023-06-28,340.0,341.0,333.8,336.2,15887756
1810.HK,2023-06-28,10.44,10.92,10.44,10.84,67928193
3690.HK,2023-06-28,125.3,128.0,124.7,127.1,16886084
9988.HK,2023-06-28,84.65,84.95,83.55,84.35,36259869
AAPL.US,2023-06-28,187.93,189.9,187.6,189.25,51216801
BABA.US,2023-06-28,85.75,85.75,84.38,84.59,14113822
JPM.US,2023-06-28,139.16,139.21,137.96,138.59,7558644
KO.US,2023-06-28,60.88,61.04,60.4,60.52,11173182
MSFT.US,2023-06-28,334.66,337.98,333.81,335.85,20259523
XOM.US,2023-06-28,104.31,105.82,103.2,105.4,13084062
0005.HK,2023-06-29,60.85,61.0,60.2,60.85,11694201
0700.HK,2023-06-29,339.0,339.0,331.2,333.6,13517437
1810.HK,2023-06-29,10.8,10.9,10.76,10.86,68557766
3690.HK,2023-06-29,126.8,128.1,123.2,124.7,18153464
9988.HK,2023-06-29,83.35,83.95,81.6,82.2,36238490
AAPL.US,2023-06-29,189.08,190.07,188.94,189.59,46347308
BABA.US,2023-06-29,83.39,83.99,83.0,83.55,13362547
JPM.US,2023-06-29,140.07,143.56,139.85,143.43,15423230
KO.US,2023-06-29,60.22,60.35,59.77,60.02,17142305
MSFT.US,2023-06-29,334.71,336.11,332.62,335.05,16997042
XOM.US,2023-06-29,105.66,106.73,105.13,106.7,11364436
0005.HK,2023-06-30,61.1,61.4,60.85,61.0,20004150
0700.HK,2023-06-30,331.0,333.8,329.4,331.6,16197039
1810.HK,2023-06-30,10.86,10.9,10.66,10.72,52166419
3690.HK,2023-06-30,123.4,124.4,121.6,122.3,22205599
9988.HK,2023-06-30,81.4,81.95,80.8,81.2,51987596
AAPL.US,2023-06-30,191.63,194.48,191.26,193.97,85213216
BABA.US,2023-06-30,83.23,84.23,83.01,83.35,12174290
JPM.US,2023-06-30,144.6,146.0,143.66,145.44,14212816
KO.US,2023-06-30,60.0,60.35,59.87,60.22,19739193
MSFT.US,2023-06-30,337.75,342.73,337.2,340.54,26832756
XOM.US,2023-06-30,107.32,107.88,106.81,107.25,13544664
0005.HK,2023-07-03,61.5,62.0,61.4,61.95,21881542
0700.HK,2023-07-03,331.8,340.0,331.8,338.0,14198462
1810.HK,2023-07-03,10.76,11.06,10.76,10.98,59905978
3690.HK,2023-07-03,123.9,127.2,123.3,126.4,18128687
9988.HK,2023-07-03,82.0,84.0,82.0,83.55,27847744
AAPL.US,2023-07-03,193.78,193.88,191.76,192.46,31458198
BABA.US,2023-07-03,84.87,85.64,84.0,84.07,11514390
JPM.US,2023-07-03,146.19,147.48,146.0,146.61,8021622
KO.US,2023-07-03,60.2,60.63,60.03,60.58,9694520
MSFT.US,2023-07-03,339.19,340.9,336.57,337.99,12508692
XOM.US,2023-07-03,107.49,108.46,107.07,107.46,7396992
0005.HK,2023-07-04,62.0,62.45,61.9,62.25,19450082
0700.HK,2023-07-04,336.4,341.2,336.2,339.2,9439642
1810.HK,2023-07-04,10.86,11.22,10.86,11.12,60927043
3690.HK,2023-07-04,126.6,128.8,124.9,127.6,12694880
9988.HK,2023-07-04,83.15,84.0,82.6,84.0,19606487
0005.HK,2023-07-05,61.8,62.05,61.5,61.65,11365203
0700.HK,2023-07-05,339.8,341.0,333.2,335.4,9861945
1810.HK,2023-07-05,11.04,11.18,11.02,11.12,46064834
3690.HK,2023-07-05,127.1,127.9,123.6,124.5,12203478
9988.HK,2023-07-05,84.45,84.45,82.2,82.65,23226533
AAPL.US,2023-07-05,191.57,192.98,190.62,191.33,46920261
BABA.US,2023-07-05,83.98,84.69,82.82,84.3,11203853
JPM.US,2023-07-05,144.94,145.43,144.36,144.64,8935519
KO.US,2023-07-05,60.28,61.1,60.16,61.03,14717678
MSFT.US,2023-07-05,335.09,341.65,334.73,338.15,18172378
XOM.US,2023-07-05,107.63,107.92,106.1,106.91,12491205
0005.HK,2023-07-06,61.8,61.85,60.9,61.0,15490357
0700.HK,2023-07-06,332.2,337.0,325.4,326.8,19781825
1810.HK,2023-07-06,11.0,11.42,11.0,11.14,82888187
3690.HK,2023-07-06,123.0,124.6,119.7,120.6,22254934
9988.HK,2023-07-06,81.75,83.7,80.5,81.5,33922544
AAPL.US,2023-07-06,189.84,192.02,189.2,191.81,45156009
BABA.US,2023-07-06,83.12,83.95,82.64,83.84,12943666
JPM.US,2023-07-06,143.02,143.39,141.44,143.21,9714100
KO.US,2023-07-06,60.73,61.02,60.5,60.56,12604354
MSFT.US,2023-07-06,337.3,342.99,335.5,341.27,28195534
XOM.US,2023-07-06,105.09,105.72,102.43,102.92,17964883
0005.HK,2023-07-07,60.55,60.85,60.25,60.65,15137716
0700.HK,2023-07-07,323.2,331.6,320.0,326.6,21595356
1810.HK,2023-07-07,11.06,11.1,10.8,10.8,65980986
3690.HK,2023-07-07,119.0,121.2,117.3,119.1,19381215
9988.HK,2023-07-07,82.3,86.7,81.5,84.3,69003665
AAPL.US,2023-07-07,191.41,192.67,190.24,190.68,46814998
BABA.US,2023-07-07,86.76,91.57,86.63,90.55,46992145
JPM.US,2023-07-07,143.91,145.84,143.0,144.34,8981456
KO.US,2023-07-07,60.31,60.5,59.73,59.76,14573961
MSFT.US,2023-07-07,339.32,341.79,337.0,337.22,21214824
XOM.US,2023-07-07,101.92,104.0,101.56,103.16,21929158
0005.HK,2023-07-10,61.35,61.7,60.85,60.95,13510916
0700.HK,2023-07-10,333.8,335.8,327.4,328.8,17287899
1810.HK,2023-07-10,11.04,11.06,10.62,10.66,55472209
3690.HK,2023-07-10,122.7,123.9,120.6,121.1,14335857
9988.HK,2023-07-10,88.95,89.0,86.0,87.0,67683238
AAPL.US,2023-07-10,189.26,189.99,187.04,188.61,59922163
BABA.US,2023-07-10,90.05,92.04,89.6,90.56,25401783
JPM.US,2023-07-10,144.5,145.99,144.5,145.15,9100060
KO.US,2023-07-10,59.97,60.15,59.14,59.31,15480649
MSFT.US,2023-07-10,334.6,335.23,327.59,331.83,32791449
XOM.US,2023-07-10,102.97,104.75,102.75,104.69,14877615
0005.HK,2023-07-11,60.95,61.45,60.75,60.75,10478212
0700.HK,2023-07-11,332.6,335.6,330.2,333.8,12361269
1810.HK,2023-07-11,10.78,11.0,10.74,10.88,41502779
3690.HK,2023-07-11,124.0,124.0,121.5,122.0,12052968
9988.HK,2023-07-11,88.5,89.25,87.7,88.75,51083010
AAPL.US,2023-07-11,189.16,189.3,186.6,188.08,46638119
BABA.US,2023-07-11,91.02,92.32,89.01,91.79,20768841
JPM.US,2023-07-11,146.34,147.82,145.71,147.42,11265592
KO.US,2023-07-11,59.46,59.56,58.84,59.52,15970131
MSFT.US,2023-07-11,331.06,332.86,327.0,332.47,26698218
XOM.US,2023-07-11,105.26,106.16,104.81,105.97,12581080
0005.HK,2023-07-12,60.75,61.45,60.55,61.4,11194182
0700.HK,2023-07-12,338.6,341.0,335.8,340.0,16847310
1810.HK,2023-07-12,10.9,11.1,10.9,11.1,50530800
3690.HK,2023-07-12,124.0,128.2,123.1,127.3,26018894
9988.HK,2023-07-12,89.9,90.95,89.05,89.85,47490900
AAPL.US,2023-07-12,189.68,191.7,188.47,189.77,60750248
BABA.US,2023-07-12,94.11,95.03,92.55,94.0,24161384
JPM.US,2023-07-12,147.45,149.87,147.0,148.15,11323228
KO.US,2023-07-12,59.75,60.05,59.45,59.84,14241274
MSFT.US,2023-07-12,336.6,341.65,335.67,337.2,29995262
XOM.US,2023-07-12,107.0,107.65,106.13,106.49,13238236
0005.HK,2023-07-13,62.15,62.4,61.8,62.15,25838350
0700.HK,2023-07-13,350.0,350.6,347.0,349.8,27315463
1810.HK,2023-07-13,11.2,11.56,11.12,11.54,98641098
3690.HK,2023-07-13,131.5,135.4,131.1,134.6,46811946
9988.HK,2023-07-13,92.0,92.75,91.55,92.75,61069223
AAPL.US,2023-07-13,190.5,191.19,189.78,190.54,41342338
BABA.US,2023-07-13,95.03,97.01,94.6,96.61,24021402
JPM.US,2023-07-13,148.7,149.37,147.75,148.87,11234925
KO.US,2023-07-13,60.12,60.46,59.98,60.35,11269754
MSFT.US,2023-07-13,339.56,343.74,339.02,342.66,20567159
XOM.US,2023-07-13,105.97,106.23,103.32,104.54,26826838
0005.HK,2023-07-14,62.7,62.9,62.6,62.8,27166492
0700.HK,2023-07-14,354.8,354.8,348.8,352.6,21213481
1810.HK,2023-07-14,11.6,11.64,11.38,11.48,64236224
3690.HK,2023-07-14,137.3,137.4,131.5,132.5,25152849
9988.HK,2023-07-14,95.0,95.0,92.0,92.95,48280964
AAPL.US,2023-07-14,190.23,191.18,189.63,190.69,41616242
BABA.US,2023-07-14,95.22,96.09,94.24,94.56,18897112
JPM.US,2023-07-14,151.55,152.89,148.41,149.77,27028429
KO.US,2023-07-14,60.14,61.04,60.09,60.9,11634211
MSFT.US,2023-07-14,347.59,351.43,344.31,345.24,28352729
XOM.US,2023-07-14,104.05,104.05,100.53,100.94,28181920
0005.HK,2023-07-17,62.8,62.8,62.8,62.8,0
0700.HK,2023-07-17,352.6,352.6,352.6,352.6,0
1810.HK,2023-07-17,11.48,11.48,11.48,11.48,0
3690.HK,2023-07-17,132.5,132.5,132.5,132.5,0
9988.HK,2023-07-17,92.95,92.95,92.95,92.95,0
AAPL.US,2023-07-17,191.9,194.32,191.81,193.99,50520159
BABA.US,2023-07-17,92.25,93.55,91.04,93.41,17317289
JPM.US,2023-07-17,150.35,153.75,150.35,153.38,17262394
KO.US,2023-07-17,60.76,61.1,60.49,60.81,10015422
MSFT.US,2023-07-17,345.68,346.99,342.2,345.73,20363927
XOM.US,2023-07-17,100.72,101.67,100.22,101.38,18055849
0005.HK,2023-07-18,63.05,63.05,62.6,62.95,17114770
0700.HK,2023-07-18,351.8,351.8,335.0,336.4,29147987
1810.HK,2023-07-18,11.4,11.44,11.14,11.2,37108329
3690.HK,2023-07-18,131.2,132.0,128.1,129.1,17254666
9988.HK,2023-07-18,91.45,91.5,89.55,89.7,44406679
AAPL.US,2023-07-18,193.35,194.33,192.42,193.73,48353774
BABA.US,2023-07-18,91.54,92.21,90.15,91.2,20249720
JPM.US,2023-07-18,153.38,154.4,152.82,153.66,13491725
KO.US,2023-07-18,60.96,61.25,60.41,60.57,11152930
MSFT.US,2023-07-18,345.83,366.78,342.17,359.49,64872705
XOM.US,2023-07-18,100.92,102.2,100.34,100.92,24617795
0005.HK,2023-07-19,63.2,63.4,62.95,63.25,22893272
0700.HK,2023-07-19,330.6,333.8,327.0,333.0,21913296
1810.HK,2023-07-19,10.92,11.22,10.92,11.16,38985346
3690.HK,2023-07-19,125.5,128.3,125.2,127.7,21572134
9988.HK,2023-07-19,88.5,91.15,87.5,90.35,46154569
AAPL.US,2023-07-19,193.1,198.23,192.65,195.1,80507323
BABA.US,2023-07-19,93.57,94.71,92.09,92.09,17228055
JPM.US,2023-07-19,152.75,155.21,152.22,154.25,12510000
KO.US,2023-07-19,60.77,61.79,60.68,61.64,12936044
MSFT.US,2023-07-19,361.75,362.46,352.44,355.08,39732901
XOM.US,2023-07-19,101.05,102.4,100.8,101.62,15556541
0005.HK,2023-07-20,63.5,63.85,63.25,63.8,17076354
0700.HK,2023-07-20,336.0,341.8,330.6,332.8,16564481
1810.HK,2023-07-20,11.3,11.38,11.04,11.06,33473401
3690.HK,2023-07-20,128.8,131.9,126.2,126.7,15235978
9988.HK,2023-07-20,90.4,92.15,89.2,89.5,27696550
AAPL.US,2023-07-20,195.09,196.47,192.5,193.13,59581196
BABA.US,2023-07-20,91.69,93.12,91.35,91.9,14752965
JPM.US,2023-07-20,154.53,156.59,154.41,156.15,9935907
KO.US,2023-07-20,61.68,62.41,61.67,62.39,11563020
MSFT.US,2023-07-20,353.57,357.97,345.37,346.87,33778395
XOM.US,2023-07-20,102.54,103.66,102.36,103.41,15740202
0005.HK,2023-07-21,64.0,64.4,63.9,64.3,23169698
0700.HK,2023-07-21,332.8,337.4,331.0,333.0,11843920
1810.HK,2023-07-21,11.2,11.36,11.06,11.28,37258049
3690.HK,2023-07-21,126.0,129.2,126.0,128.2,14407358
9988.HK,2023-07-21,89.5,91.4,89.5,91.3,32113785
AAPL.US,2023-07-21,194.1,194.97,191.23,191.94,71951683
BABA.US,2023-07-21,92.89,93.23,91.54,92.17,13899064
JPM.US,2023-07-21,155.8,156.14,154.69,154.95,10636378
KO.US,2023-07-21,62.46,62.68,62.24,62.44,12815069
MSFT.US,2023-07-21,349.15,350.3,339.83,343.77,69405382
XOM.US,2023-07-21,104.16,104.38,103.26,103.89,17121487
0005.HK,2023-07-24,64.0,64.3,63.5,63.7,19026075
0700.HK,2023-07-24,328.6,331.0,323.8,325.0,17451591
1810.HK,2023-07-24,11.02,11.16,10.94,11.02,34364229
3690.HK,2023-07-24,125.6,127.4,123.7,125.0,16798364
9988.HK,2023-07-24,90.0,90.75,88.75,89.55,29727637
AAPL.US,2023-07-24,193.41,194.91,192.25,192.75,45505097
BABA.US,2023-07-24,92.07,97.47,91.3,96.35,33376076
JPM.US,2023-07-24,154.97,158.79,154.73,158.0,14381425
KO.US,2023-07-24,62.42,62.81,62.4,62.46,10251135
MSFT.US,2023-07-24,345.85,346.92,342.31,345.11,26719207
XOM.US,2023-07-24,104.36,106.16,103.96,105.52,15090856
0005.HK,2023-07-25,64.35,64.8,64.15,64.5,18522279
0700.HK,2023-07-25,337.0,345.6,335.0,345.0,29203653
1810.HK,2023-07-25,11.46,11.5,11.24,11.48,68662590
3690.HK,2023-07-25,131.0,135.2,129.8,134.8,41601348
9988.HK,2023-07-25,94.05,95.15,92.95,95.15,69490852
AAPL.US,2023-07-25,193.33,194.44,192.92,193.62,37283201
BABA.US,2023-07-25,98.17,98.49,94.61,94.98,25827317
JPM.US,2023-07-25,157.3,157.72,155.96,156.82,9944679
KO.US,2023-07-25,62.3,62.39,62.05,62.25,13422655
MSFT.US,2023-07-25,347.11,351.89,345.07,350.98,41637739
XOM.US,2023-07-25,105.06,106.09,104.54,105.68,14116084
0005.HK,2023-07-26,64.5,64.85,64.45,64.65,12819307
0700.HK,2023-07-26,344.8,344.8,338.2,341.0,14941840
1810.HK,2023-07-26,11.44,11.48,11.32,11.4,29656225
3690.HK,2023-07-26,133.0,135.5,131.8,134.9,17449621
9988.HK,2023-07-26,93.0,94.2,92.65,93.85,38602996
AAPL.US,2023-07-26,193.67,195.64,193.32,194.5,47471868
BABA.US,2023-07-26,94.95,97.55,94.84,97.14,15833421
JPM.US,2023-07-26,156.71,158.25,156.28,157.76,8728593
KO.US,2023-07-26,61.86,63.17,61.39,63.05,17145517
MSFT.US,2023-07-26,341.44,344.67,333.11,337.77,58383702
XOM.US,2023-07-26,105.11,105.72,104.64,105.09,15159624
0005.HK,2023-07-27,64.9,65.0,64.7,64.95,20863856
0700.HK,2023-07-27,346.0,346.4,340.4,343.8,13651548
1810.HK,2023-07-27,11.52,12.12,11.48,12.04,143620772
3690.HK,2023-07-27,136.7,138.2,135.7,136.6,23954776
9988.HK,2023-07-27,94.85,95.7,94.35,95.45,42983693
AAPL.US,2023-07-27,196.02,197.2,192.55,193.22,47460180
BABA.US,2023-07-27,97.75,97.99,95.16,95.44,18685523
JPM.US,2023-07-27,157.77,158.78,155.55,156.02,10778406
KO.US,2023-07-27,63.05,63.27,62.38,62.44,11517112
MSFT.US,2023-07-27,340.48,341.33,329.05,330.72,39635262
XOM.US,2023-07-27,106.0,106.99,104.74,105.42,17677887
0005.HK,2023-07-28,64.0,64.8,63.55,64.8,19853327
0700.HK,2023-07-28,343.8,352.0,338.6,350.4,22244305
1810.HK,2023-07-28,11.92,12.22,11.86,12.18,101554772
3690.HK,2023-07-28,134.2,143.0,133.9,142.4,40948029
9988.HK,2023-07-28,93.4,96.5,93.3,95.9,46062057
AAPL.US,2023-07-28,194.67,196.63,194.14,195.83,48291443
BABA.US,2023-07-28,98.07,101.22,97.96,100.55,31956520
JPM.US,2023-07-28,157.28,157.6,156.44,156.91,9105974
KO.US,2023-07-28,62.59,62.77,62.22,62.48,9723263
MSFT.US,2023-07-28,333.67,340.01,333.17,338.37,28484868
XOM.US,2023-07-28,105.11,105.16,102.32,104.16,17571675
0005.HK,2023-07-31,65.0,65.35,64.5,65.2,25565126
0700.HK,2023-07-31,360.0,363.0,350.8,354.4,36796567
1810.HK,2023-07-31,12.34,12.7,12.2,12.28,120117443
3690.HK,2023-07-31,149.3,150.0,145.4,146.3,48528755
9988.HK,2023-07-31,99.0,99.75,96.8,97.5,74290881
AAPL.US,2023-07-31,196.06,196.49,195.26,196.45,38824113
BABA.US,2023-07-31,99.79,102.5,99.72,102.16,17726466
JPM.US,2023-07-31,157.18,159.38,157.15,157.96,8894353
KO.US,2023-07-31,62.45,62.45,61.73,61.93,15584503
MSFT.US,2023-07-31,336.92,337.7,333.36,335.92,25446022
XOM.US,2023-07-31,105.19,107.86,105.19,107.24,24200295
0005.HK,2023-08-01,65.0,66.7,65.0,66.3,34927301
0700.HK,2023-08-01,356.0,361.0,347.2,354.0,23436211
1810.HK,2023-08-01,12.44,12.5,12.04,12.16,77805242
3690.HK,2023-08-01,149.0,150.0,143.5,145.5,26924963
9988.HK,2023-08-01,99.7,100.0,96.9,97.85,53949339
AAPL.US,2023-08-01,196.24,196.73,195.28,195.61,35281426
BABA.US,2023-08-01,99.87,101.16,99.3,100.1,14418435
JPM.US,2023-08-01,157.43,158.0,156.15,157.18,6855682
KO.US,2023-08-01,62.09,62.36,61.62,61.77,9283438
MSFT.US,2023-08-01,335.19,338.54,333.7,336.34,18381253
XOM.US,2023-08-01,106.95,107.32,105.53,106.62,14212939
0005.HK,2023-08-02,65.55,65.75,64.05,64.2,33092746
0700.HK,2023-08-02,351.6,352.4,340.2,343.4,21038298
1810.HK,2023-08-02,12.1,12.4,11.94,11.96,63719154
3690.HK,2023-08-02,143.9,144.7,138.8,140.7,25201177
9988.HK,2023-08-02,97.65,98.6,94.6,95.15,37885551
AAPL.US,2023-08-02,195.04,195.18,191.85,192.58,50389327
BABA.US,2023-08-02,97.72,97.74,94.56,95.07,19452332
JPM.US,2023-08-02,155.56,155.69,153.94,155.4,8303708
KO.US,2023-08-02,61.56,62.59,61.56,61.96,11061082
MSFT.US,2023-08-02,333.63,333.63,326.36,327.5,27761257
XOM.US,2023-08-02,106.26,106.38,104.57,105.29,13489809
0005.HK,2023-08-03,63.35,63.95,62.7,62.9,35635555
0700.HK,2023-08-03,342.0,347.8,339.0,342.2,16661383
1810.HK,2023-08-03,11.96,12.24,11.92,12.06,68851250
3690.HK,2023-08-03,140.3,142.8,139.3,140.2,13772924
9988.HK,2023-08-03,93.7,94.75,93.05,93.15,50021614
AAPL.US,2023-08-03,191.57,192.37,190.69,191.17,62243282
BABA.US,2023-08-03,96.71,98.49,96.58,97.58,15462655
JPM.US,2023-08-03,155.0,156.92,154.35,156.35,6087542
KO.US,2023-08-03,61.87,62.12,61.53,61.64,8039062
MSFT.US,2023-08-03,326.0,329.88,325.95,326.66,18360352
XOM.US,2023-08-03,105.89,107.88,105.3,107.12,16283107
0005.HK,2023-08-04,63.8,64.2,63.3,63.85,20719174
0700.HK,2023-08-04,348.6,350.6,339.2,343.4,19099499
1810.HK,2023-08-04,12.32,12.46,12.14,12.22,58405984
3690.HK,2023-08-04,144.0,146.9,142.0,144.0,19915828
9988.HK,2023-08-04,95.25,96.6,94.4,95.15,32949492
AAPL.US,2023-08-04,185.52,187.38,181.92,181.99,115956841
BABA.US,2023-08-04,97.74,98.49,96.69,96.9,13477295
JPM.US,2023-08-04,156.4,157.8,155.7,156.02,6209397
KO.US,2023-08-04,61.68,61.89,60.62,60.71,9359298
MSFT.US,2023-08-04,331.88,335.14,327.24,327.78,23741484
XOM.US,2023-08-04,107.96,109.24,107.33,107.42,14279634
0005.HK,2023-08-07,63.4,64.1,63.1,63.95,16477479
0700.HK,2023-08-07,340.2,341.8,338.0,341.2,9480118
1810.HK,2023-08-07,12.16,12.36,12.04,12.32,50108937
3690.HK,2023-08-07,144.8,146.2,141.4,144.7,11552859
9988.HK,2023-08-07,94.35,96.05,93.6,95.6,22359341
AAPL.US,2023-08-07,182.13,183.13,177.35,178.85,97576069
BABA.US,2023-08-07,97.78,97.8,95.03,96.56,13893855
JPM.US,2023-08-07,156.6,157.7,156.6,156.76,7251832
KO.US,2023-08-07,60.79,61.33,60.74,61.19,6982647
MSFT.US,2023-08-07,328.37,331.11,327.52,330.11,17741526
XOM.US,2023-08-07,107.9,108.42,106.51,107.2,12410827
0005.HK,2023-08-08,64.0,64.65,63.8,64.0,25694945
0700.HK,2023-08-08,334.4,337.2,333.4,334.8,15381749
1810.HK,2023-08-08,12.02,12.3,12.02,12.06,57693569
3690.HK,2023-08-08,141.1,142.5,138.7,140.1,20110425
9988.HK,2023-08-08,94.1,94.3,92.7,93.05,35528837
AAPL.US,2023-08-08,179.69,180.27,177.58,179.8,67823003
BABA.US,2023-08-08,93.51,94.48,92.92,94.22,13504738
JPM.US,2023-08-08,154.32,155.98,152.59,155.88,8623379
KO.US,2023-08-08,61.19,61.35,60.62,60.92,7956064
MSFT.US,2023-08-08,326.96,328.75,323.0,326.05,22327574
XOM.US,2023-08-08,106.04,107.75,104.84,107.73,14065573
0005.HK,2023-08-09,63.45,63.9,63.1,63.85,17569650
0700.HK,2023-08-09,333.0,338.2,332.0,337.2,11917732
1810.HK,2023-08-09,12.02,12.18,11.92,12.14,30895968
3690.HK,2023-08-09,137.6,141.4,137.6,140.9,10966324
9988.HK,2023-08-09,92.35,94.4,92.05,94.1,30298227
AAPL.US,2023-08-09,180.87,180.93,177.01,178.19,60378492
BABA.US,2023-08-09,96.03,96.3,94.08,94.85,18640070
JPM.US,2023-08-09,155.32,155.52,153.47,153.79,6277813
KO.US,2023-08-09,60.91,61.63,60.75,61.06,7904067
MSFT.US,2023-08-09,326.47,327.11,321.05,322.23,22373268
XOM.US,2023-08-09,108.71,110.42,108.31,109.56,19919601
0005.HK,2023-08-10,62.85,63.15,62.05,62.6,22127406
0700.HK,2023-08-10,337.2,341.6,335.6,339.8,11185881
1810.HK,2023-08-10,12.12,12.2,11.9,12.08,35641014
3690.HK,2023-08-10,139.4,142.0,137.6,141.0,12527662
9988.HK,2023-08-10,93.8,94.7,92.35,94.3,34598900
AAPL.US,2023-08-10,179.48,180.75,177.6,177.97,54686851
BABA.US,2023-08-10,98.31,101.84,97.12,99.21,53193104
JPM.US,2023-08-10,154.38,155.44,153.09,153.56,5995076
KO.US,2023-08-10,61.35,61.73,60.79,60.92,7870314
MSFT.US,2023-08-10,326.02,328.26,321.18,322.93,20113725
XOM.US,2023-08-10,110.19,111.63,109.44,110.12,15837170
0005.HK,2023-08-11,62.6,62.95,62.45,62.6,12140542
0700.HK,2023-08-11,338.8,341.6,334.6,335.8,12303930
1810.HK,2023-08-11,12.18,12.18,11.82,11.86,53706668
3690.HK,2023-08-11,141.2,141.5,136.9,137.2,17193808
9988.HK,2023-08-11,97.15,97.95,95.3,95.3,61924422
AAPL.US,2023-08-11,177.32,178.62,176.55,177.79,52036672
BABA.US,2023-08-11,97.34,97.65,94.34,95.72,25222754
JPM.US,2023-08-11,153.03,154.52,152.63,154.45,5180690
KO.US,2023-08-11,60.84,61.2,60.69,61.17,8483912
MSFT.US,2023-08-11,320.26,322.41,319.21,321.01,24355491
XOM.US,2023-08-11,110.37,112.07,110.05,111.83,14047044
0005.HK,2023-08-14,61.7,62.35,61.5,62.35,17680943
0700.HK,2023-08-14,328.0,334.4,327.8,333.2,15754526
1810.HK,2023-08-14,11.6,11.84,11.5,11.78,53845667
3690.HK,2023-08-14,133.0,135.9,131.6,135.4,16180085
9988.HK,2023-08-14,92.3,93.35,91.45,92.8,41572767
AAPL.US,2023-08-14,177.97,179.69,177.31,179.46,43675627
BABA.US,2023-08-14,94.24,94.45,92.53,93.46,17580971
JPM.US,2023-08-14,153.61,154.92,152.92,154.77,5044282
KO.US,2023-08-14,61.32,61.48,60.75,60.88,7176291
MSFT.US,2023-08-14,321.39,324.06,320.08,324.04,18836139
XOM.US,2023-08-14,111.68,111.98,110.78,111.92,12973383
0005.HK,2023-08-15,61.75,61.9,61.1,61.2,19704854
0700.HK,2023-08-15,331.2,335.0,330.6,332.6,10787439
1810.HK,2023-08-15,11.66,11.98,11.66,11.86,72271125
3690.HK,2023-08-15,134.0,135.8,132.8,133.9,11024207
9988.HK,2023-08-15,91.1,92.7,90.85,91.2,27712822
AAPL.US,2023-08-15,178.88,179.48,177.05,177.45,43622593
BABA.US,2023-08-15,93.0,93.01,90.74,91.59,14756289
JPM.US,2023-08-15,152.85,153.27,150.23,150.83,10300303
KO.US,2023-08-15,60.69,60.9,60.37,60.47,7187444
MSFT.US,2023-08-15,323.0,325.09,320.9,321.86,16966285
XOM.US,2023-08-15,110.75,110.86,107.97,108.16,14909578
0005.HK,2023-08-16,59.8,60.1,59.4,59.95,25542450
0700.HK,2023-08-16,329.8,331.0,327.6,328.8,16484843
1810.HK,2023-08-16,11.62,12.06,11.62,11.78,56914563
3690.HK,2023-08-16,131.0,133.7,130.9,132.4,10505315
9988.HK,2023-08-16,90.0,90.65,88.9,89.25,42124798
AAPL.US,2023-08-16,177.13,178.54,176.5,176.57,46964857
BABA.US,2023-08-16,89.63,90.5,88.29,89.12,23292415
JPM.US,2023-08-16,150.6,150.96,149.68,150.19,6978235
KO.US,2023-08-16,60.54,60.82,60.4,60.48,8372266
MSFT.US,2023-08-16,320.8,324.42,319.8,320.4,20698864
XOM.US,2023-08-16,108.28,109.33,106.28,106.34,13695121
0005.HK,2023-08-17,59.05,59.45,58.5,59.3,23638105
0700.HK,2023-08-17,320.6,335.8,320.6,332.8,28817958
1810.HK,2023-08-17,11.6,12.1,11.58,11.96,71444851
3690.HK,2023-08-17,129.7,135.0,129.1,133.6,16806999
9988.HK,2023-08-17,86.6,90.6,86.2,90.1,55171505
AAPL.US,2023-08-17,177.14,177.51,173.48,174.0,66062882
BABA.US,2023-08-17,91.94,91.95,90.26,90.65,15732323
JPM.US,2023-08-17,150.88,151.26,148.4,148.63,9953912
KO.US,2023-08-17,60.58,61.02,60.45,60.61,12873497
MSFT.US,2023-08-17,320.54,321.87,316.21,316.88,21257161
XOM.US,2023-08-17,107.42,110.15,107.42,108.4,16709544
0005.HK,2023-08-18,59.25,59.5,58.3,58.65,15871784
0700.HK,2023-08-18,329.4,332.8,325.0,325.0,18108794
1810.HK,2023-08-18,11.9,12.08,11.7,11.74,62354458
3690.HK,2023-08-18,131.8,133.8,129.4,129.9,17637567
9988.HK,2023-08-18,89.25,89.85,86.8,87.0,42258149
AAPL.US,2023-08-18,172.3,175.1,171.96,174.49,61172150
BABA.US,2023-08-18,87.78,88.36,86.86,88.03,20424821
JPM.US,2023-08-18,147.65,149.5,147.44,148.97,8517460
KO.US,2023-08-18,60.54,61.09,60.37,60.95,11083770
MSFT.US,2023-08-18,314.49,318.38,311.55,316.48,24755012
XOM.US,2023-08-18,107.64,110.2,107.62,110.04,16223953
0005.HK,2023-08-21,58.5,58.75,57.95,58.5,16042510
0700.HK,2023-08-21,321.0,325.8,318.0,318.0,25696855
1810.HK,2023-08-21,11.64,11.66,11.28,11.32,72825809
3690.HK,2023-08-21,128.2,129.9,125.6,127.0,21050493
9988.HK,2023-08-21,85.7,87.55,85.15,85.7,39147534
AAPL.US,2023-08-21,175.07,176.13,173.74,175.84,46311879
BABA.US,2023-08-21,87.6,88.82,87.22,88.57,14167291
JPM.US,2023-08-21,149.65,150.11,148.02,149.48,8327018
KO.US,2023-08-21,60.86,60.93,60.32,60.43,8648519
MSFT.US,2023-08-21,317.93,322.77,317.04,321.88,24039956
XOM.US,2023-08-21,110.36,110.98,108.14,108.71,11092380
0005.HK,2023-08-22,58.4,58.95,58.4,58.55,10519877
0700.HK,2023-08-22,318.2,324.6,314.4,319.0,24679965
1810.HK,2023-08-22,11.38,11.64,11.22,11.48,53543733
3690.HK,2023-08-22,128.0,131.6,125.7,129.2,23483185
9988.HK,2023-08-22,86.35,88.7,85.4,87.35,37262451
AAPL.US,2023-08-22,177.06,177.68,176.25,177.23,42084245
BABA.US,2023-08-22,89.28,89.49,87.86,88.08,11611582
JPM.US,2023-08-22,149.26,149.64,145.85,146.38,9681972
KO.US,2023-08-22,60.34,60.58,59.98,60.06,9412208
MSFT.US,2023-08-22,325.5,326.08,321.46,322.46,16102024
XOM.US,2023-08-22,109.17,109.72,107.95,108.1,10520842
0005.HK,2023-08-23,58.25,58.65,58.1,58.4,12276700
0700.HK,2023-08-23,320.0,321.4,317.0,318.0,17244848
1810.HK,2023-08-23,11.42,11.82,11.38,11.74,76713639
3690.HK,2023-08-23,129.7,133.2,127.3,130.3,16176065
9988.HK,2023-08-23,86.6,88.2,86.1,87.3,32126401
AAPL.US,2023-08-23,178.52,181.55,178.33,181.12,52722752
BABA.US,2023-08-23,88.37,90.59,88.31,89.84,12185729
JPM.US,2023-08-23,146.35,147.59,145.46,147.37,7858021
KO.US,2023-08-23,60.2,60.44,60.16,60.27,7749490
MSFT.US,2023-08-23,323.82,329.2,323.46,327.0,21166382
XOM.US,2023-08-23,107.04,107.3,105.72,107.15,11435553
0005.HK,2023-08-24,58.5,59.0,58.3,58.85,10247144
0700.HK,2023-08-24,321.0,328.0,321.0,325.2,22340826
1810.HK,2023-08-24,11.98,12.3,11.86,12.14,84641753
3690.HK,2023-08-24,131.9,140.4,131.3,140.0,42613537
9988.HK,2023-08-24,88.1,90.3,87.7,89.55,39372255
AAPL.US,2023-08-24,180.67,181.1,176.01,176.38,54945798
BABA.US,2023-08-24,90.49,90.92,89.04,89.11,10684541
JPM.US,2023-08-24,147.5,149.41,146.99,147.23,6534026
KO.US,2023-08-24,60.27,60.88,60.09,60.11,8955130
MSFT.US,2023-08-24,332.85,332.98,319.96,319.97,23281434
XOM.US,2023-08-24,106.42,107.77,106.07,106.35,10818478
0005.HK,2023-08-25,58.55,58.7,58.2,58.4,8557081
0700.HK,2023-08-25,322.6,323.8,320.0,320.0,12542511
1810.HK,2023-08-25,12.1,12.28,12.04,12.1,43383467
3690.HK,2023-08-25,135.2,135.8,130.2,132.2,43410345
9988.HK,2023-08-25,87.8,88.5,87.3,87.5,23103924
AAPL.US,2023-08-25,177.38,179.15,175.82,178.61,51449594
BABA.US,2023-08-25,89.25,90.04,88.27,89.82,11382199
JPM.US,2023-08-25,147.28,148.62,145.85,147.05,6695537
KO.US,2023-08-25,60.41,60.57,60.01,60.39,7629222
MSFT.US,2023-08-25,321.47,325.36,318.8,322.98,21684104
XOM.US,2023-08-25,107.43,108.93,106.62,108.25,13579304
0005.HK,2023-08-28,58.9,59.3,58.5,58.75,7808863
0700.HK,2023-08-28,330.6,333.6,324.8,325.2,19402834
1810.HK,2023-08-28,12.56,12.64,12.14,12.2,66031713
3690.HK,2023-08-28,138.0,139.3,134.2,134.7,24644805
9988.HK,2023-08-28,91.85,91.9,88.7,88.9,30525112
AAPL.US,2023-08-28,180.09,180.59,178.55,180.19,43820697
BABA.US,2023-08-28,91.5,92.77,91.29,92.24,14613754
JPM.US,2023-08-28,147.57,148.61,147.13,147.56,5094201
KO.US,2023-08-28,60.55,60.73,60.37,60.56,6254255
MSFT.US,2023-08-28,325.66,326.15,321.72,323.7,14808482
XOM.US,2023-08-28,108.45,110.04,108.44,109.16,10382122
0005.HK,2023-08-29,58.95,59.45,58.25,58.5,21207219
0700.HK,2023-08-29,325.4,332.0,325.4,329.4,15382479
1810.HK,2023-08-29,12.2,12.48,12.14,12.38,66423181
3690.HK,2023-08-29,136.6,138.9,135.0,137.3,20565514
9988.HK,2023-08-29,90.05,91.5,89.65,90.9,33359481
AAPL.US,2023-08-29,179.7,184.9,179.5,184.12,53003948
BABA.US,2023-08-29,93.45,94.1,92.34,94.03,16927977
JPM.US,2023-08-29,147.71,148.85,147.18,148.76,6336962
KO.US,2023-08-29,60.56,60.63,60.15,60.5,8189592
MSFT.US,2023-08-29,321.88,328.98,321.88,328.41,19284590
XOM.US,2023-08-29,109.66,110.02,108.42,109.81,9665010
0005.HK,2023-08-30,59.0,59.65,58.95,59.35,18177757
0700.HK,2023-08-30,333.8,334.0,325.0,325.8,15190035
1810.HK,2023-08-30,12.6,12.88,12.38,12.46,145583131
3690.HK,2023-08-30,138.8,140.0,133.4,134.2,24450563
9988.HK,2023-08-30,92.0,92.0,89.85,90.35,39173999
AAPL.US,2023-08-30,184.94,187.85,184.74,187.65,60813888
BABA.US,2023-08-30,92.55,94.25,92.47,93.65,13779899
JPM.US,2023-08-30,148.62,149.15,147.19,148.16,6277318
KO.US,2023-08-30,60.64,60.74,60.29,60.47,9447912
MSFT.US,2023-08-30,328.67,329.81,326.45,328.79,15222110
XOM.US,2023-08-30,110.44,111.14,109.98,110.88,11922060
0005.HK,2023-08-31,59.2,59.35,58.85,58.85,11247245
0700.HK,2023-08-31,331.0,331.8,322.0,325.0,49737237
1810.HK,2023-08-31,12.52,12.58,12.24,12.36,101008498
3690.HK,2023-08-31,134.1,134.2,128.3,128.5,42183417
9988.HK,2023-08-31,91.25,91.7,89.6,90.2,68704748
AAPL.US,2023-08-31,187.84,189.12,187.48,187.87,60794467
BABA.US,2023-08-31,92.98,93.36,92.16,92.9,13332433
JPM.US,2023-08-31,148.26,148.35,145.96,146.33,10933938
KO.US,2023-08-31,60.3,60.47,59.81,59.83,14663458
MSFT.US,2023-08-31,329.2,330.91,326.78,327.76,26410954
XOM.US,2023-08-31,111.12,111.42,110.62,111.19,17479834
0005.HK,2023-09-01,58.85,58.85,58.85,58.85,0
0700.HK,2023-09-01,325.0,325.0,325.0,325.0,0
1810.HK,2023-09-01,12.36,12.36,12.36,12.36,0
3690.HK,2023-09-01,128.5,128.5,128.5,128.5,0
9988.HK,2023-09-01,90.2,90.2,90.2,90.2,0
AAPL.US,2023-09-01,189.49,189.92,188.28,189.46,45766503
BABA.US,2023-09-01,94.55,96.68,94.52,95.01,17470363
JPM.US,2023-09-01,146.09,148.08,145.7,146.82,7903496
KO.US,2023-09-01,60.0,60.13,59.12,59.31,11262277
MSFT.US,2023-09-01,331.31,331.99,326.78,328.66,14942024
XOM.US,2023-09-01,112.2,113.82,112.2,113.52,14843482
0005.HK,2023-09-04,58.6,59.05,58.3,58.75,21068021
0700.HK,2023-09-04,330.0,334.6,328.4,333.4,30748869
1810.HK,2023-09-04,12.52,12.6,12.22,12.42,123292187
3690.HK,2023-09-04,131.9,134.9,130.5,132.7,42270768
9988.HK,2023-09-04,92.95,94.0,92.0,93.15,85600311
0005.HK,2023-09-05,58.25,58.35,57.25,57.65,23570447
0700.HK,2023-09-05,332.0,335.0,327.4,329.0,13250752
1810.HK,2023-09-05,12.3,12.3,11.56,11.6,149734406
3690.HK,2023-09-05,132.3,132.5,128.3,128.6,20179605
9988.HK,2023-09-05,93.0,93.95,91.75,92.35,54564801
AAPL.US,2023-09-05,188.28,189.98,187.61,189.7,45280027
BABA.US,2023-09-05,94.53,95.39,94.07,94.65,10097585
JPM.US,2023-09-05,147.16,148.21,145.01,145.2,7854739
KO.US,2023-09-05,59.25,59.32,58.67,58.82,12474644
MSFT.US,2023-09-05,329.0,334.85,328.66,333.55,18553859
XOM.US,2023-09-05,114.1,115.83,113.5,113.53,18304013
0005.HK,2023-09-06,58.0,58.05,57.65,57.75,9056740
0700.HK,2023-09-06,329.0,329.0,323.2,327.6,16488562
1810.HK,2023-09-06,11.52,11.8,11.32,11.76,99746238
3690.HK,2023-09-06,128.0,129.0,125.2,128.3,20503896
9988.HK,2023-09-06,92.1,92.95,91.15,92.25,26538431
AAPL.US,2023-09-06,188.4,188.85,181.47,182.91,81755816
BABA.US,2023-09-06,94.15,95.8,94.13,94.45,10123603
JPM.US,2023-09-06,144.7,145.54,144.11,144.96,8629164
KO.US,2023-09-06,58.62,58.83,58.42,58.78,13923548
MSFT.US,2023-09-06,333.38,334.46,330.18,332.88,17535773
XOM.US,2023-09-06,113.48,114.59,113.23,114.51,13325542
0005.HK,2023-09-07,57.65,57.75,57.1,57.3,14755000
0700.HK,2023-09-07,326.6,327.2,320.2,321.6,16724228
1810.HK,2023-09-07,11.8,12.02,11.54,11.9,81913109
3690.HK,2023-09-07,129.0,129.0,124.2,125.0,24107147
9988.HK,2023-09-07,93.05,93.05,90.5,90.8,26196625
AAPL.US,2023-09-07,175.18,178.21,173.54,177.56,112488803
BABA.US,2023-09-07,91.64,91.76,88.96,89.97,18667208
JPM.US,2023-09-07,144.13,145.27,143.39,143.72,8373738
KO.US,2023-09-07,58.95,59.16,58.3,58.33,17628594
MSFT.US,2023-09-07,331.29,333.08,329.03,329.91,18380995
XOM.US,2023-09-07,114.65,115.85,113.7,113.95,13248541
0005.HK,2023-09-08,57.3,57.3,57.3,57.3,0
0700.HK,2023-09-08,321.6,321.6,321.6,321.6,0
1810.HK,2023-09-08,11.9,11.9,11.9,11.9,0
3690.HK,2023-09-08,125.0,125.0,125.0,125.0,0
9988.HK,2023-09-08,90.8,90.8,90.8,90.8,0
AAPL.US,2023-09-08,178.35,180.24,177.79,178.18,65602066
BABA.US,2023-09-08,89.6,90.3,88.73,90.05,10343582
JPM.US,2023-09-08,143.37,144.12,142.65,143.83,7110254
KO.US,2023-09-08,58.3,58.41,58.01,58.33,14332807
MSFT.US,2023-09-08,330.09,336.16,329.46,334.27,19548165
XOM.US,2023-09-08,114.53,116.05,114.32,115.61,14286483
0005.HK,2023-09-11,56.95,57.9,56.85,57.65,18224467
0700.HK,2023-09-11,315.4,325.4,315.4,324.0,18808064
1810.HK,2023-09-11,11.78,11.8,11.26,11.7,134256350
3690.HK,2023-09-11,122.4,127.1,122.0,125.7,23497040
9988.HK,2023-09-11,87.95,88.8,86.85,88.05,64101748
AAPL.US,2023-09-11,180.07,180.3,177.34,179.36,58953052
BABA.US,2023-09-11,89.73,90.35,87.71,88.71,15773514
JPM.US,2023-09-11,144.75,145.05,143.69,144.46,6854220
KO.US,2023-09-11,58.4,58.99,58.23,58.88,14767420
MSFT.US,2023-09-11,337.24,338.42,335.43,337.94,16583324
XOM.US,2023-09-11,116.18,116.68,113.57,114.16,14383562
0005.HK,2023-09-12,57.65,58.35,57.5,57.95,12161641
0700.HK,2023-09-12,328.0,328.0,319.8,322.0,10399333
1810.HK,2023-09-12,11.56,11.98,11.56,11.88,79622506
3690.HK,2023-09-12,124.6,126.0,122.7,124.8,15824406
9988.HK,2023-09-12,86.7,87.15,85.9,86.3,33461787
AAPL.US,2023-09-12,179.49,180.13,174.82,176.3,90370192
BABA.US,2023-09-12,88.19,89.96,88.18,88.3,10262471
JPM.US,2023-09-12,144.5,147.32,144.05,146.34,8363165
KO.US,2023-09-12,58.99,59.0,58.19,58.3,12292724
MSFT.US,2023-09-12,335.82,336.79,331.48,331.77,17565482
XOM.US,2023-09-12,115.34,117.67,115.27,117.49,20145761
0005.HK,2023-09-13,58.7,59.2,58.45,59.0,18229949
0700.HK,2023-09-13,326.0,326.0,319.0,320.2,10662703
1810.HK,2023-09-13,11.86,11.98,11.74,11.92,54092771
3690.HK,2023-09-13,124.6,125.2,122.5,123.1,13579391
9988.HK,2023-09-13,86.85,87.1,85.3,85.55,31205429
AAPL.US,2023-09-13,176.51,177.3,173.98,174.21,84267928
BABA.US,2023-09-13,87.94,88.29,87.38,87.64,10634898
JPM.US,2023-09-13,147.34,147.7,145.82,146.41,8325914
KO.US,2023-09-13,58.4,58.68,58.34,58.44,12641370
MSFT.US,2023-09-13,331.31,336.85,331.17,336.06,16544412
XOM.US,2023-09-13,117.41,117.96,115.9,116.44,13472800
0005.HK,2023-09-14,59.7,60.3,59.65,59.75,21058231
0700.HK,2023-09-14,322.4,322.6,318.4,319.8,10153112
1810.HK,2023-09-14,12.04,12.36,12.0,12.24,81192176
3690.HK,2023-09-14,123.5,124.3,121.6,123.0,14635798
9988.HK,2023-09-14,85.8,86.55,85.1,85.9,32653822
AAPL.US,2023-09-14,174.0,176.1,173.58,175.74,60895757
BABA.US,2023-09-14,88.55,88.6,87.44,88.0,8643075
JPM.US,2023-09-14,147.84,149.9,147.52,149.25,10034931
KO.US,2023-09-14,58.24,58.59,58.19,58.46,12311576
MSFT.US,2023-09-14,339.15,340.86,336.57,338.7,20267048
XOM.US,2023-09-14,117.55,118.66,117.33,118.52,15210701
0005.HK,2023-09-15,60.85,61.25,60.4,60.85,24158736
0700.HK,2023-09-15,320.0,321.8,317.0,317.2,19218155
1810.HK,2023-09-15,12.4,12.44,12.18,12.22,69536968
3690.HK,2023-09-15,124.5,126.3,122.2,124.3,22337043
9988.HK,2023-09-15,86.0,87.45,85.2,86.25,53342662
AAPL.US,2023-09-15,176.48,176.5,173.82,175.01,109259461
BABA.US,2023-09-15,87.77,88.22,86.82,87.07,10147651
JPM.US,2023-09-15,148.92,149.73,148.31,148.81,19863383
KO.US,2023-09-15,58.41,58.64,57.75,57.94,55727509
MSFT.US,2023-09-15,336.92,337.4,329.65,330.22,37679792
XOM.US,2023-09-15,117.9,118.51,116.5,116.7,34568393
0005.HK,2023-09-18,60.15,60.95,59.85,60.75,14648363
0700.HK,2023-09-18,317.2,319.0,312.2,312.2,14736625
1810.HK,2023-09-18,12.04,12.16,11.92,11.92,45023516
3690.HK,2023-09-18,122.2,123.6,121.3,122.0,13494852
9988.HK,2023-09-18,85.1,85.75,84.2,84.2,31917296
AAPL.US,2023-09-18,176.48,179.38,176.17,177.97,67257573
BABA.US,2023-09-18,86.15,87.17,85.4,87.02,9291628
JPM.US,2023-09-18,148.16,149.14,147.75,149.12,6512360
KO.US,2023-09-18,57.98,58.35,57.63,58.3,13617370
MSFT.US,2023-09-18,327.8,330.4,326.36,329.06,16834208
XOM.US,2023-09-18,117.53,118.24,116.7,117.64,14045311
0005.HK,2023-09-19,60.7,60.75,60.2,60.7,9428702
0700.HK,2023-09-19,312.8,314.8,308.8,312.4,15579978
1810.HK,2023-09-19,11.92,11.98,11.84,11.94,29536286
3690.HK,2023-09-19,121.4,122.4,118.7,121.7,21026601
9988.HK,2023-09-19,84.8,85.15,84.05,84.8,21904464
AAPL.US,2023-09-19,177.52,179.63,177.13,179.07,51826941
BABA.US,2023-09-19,86.12,87.88,86.08,87.11,9247017
JPM.US,2023-09-19,149.5,149.72,147.21,148.93,7945606
KO.US,2023-09-19,58.26,58.39,57.92,58.18,12000086
MSFT.US,2023-09-19,326.17,329.39,324.51,328.65,16514487
XOM.US,2023-09-19,118.62,118.84,116.61,117.33,12569724
0005.HK,2023-09-20,60.85,61.3,60.6,61.1,12011457
0700.HK,2023-09-20,312.6,312.6,308.0,309.2,13663748
1810.HK,2023-09-20,11.84,11.92,11.66,11.8,48861190
3690.HK,2023-09-20,120.7,121.3,118.6,119.2,18468116
9988.HK,2023-09-20,84.85,85.5,84.45,84.5,21150734
AAPL.US,2023-09-20,179.26,179.7,175.4,175.49,58436181
BABA.US,2023-09-20,86.97,87.5,85.65,85.74,9228231
JPM.US,2023-09-20,149.65,150.25,148.14,148.3,7334257
KO.US,2023-09-20,58.3,58.83,58.08,58.44,14767923
MSFT.US,2023-09-20,329.51,329.59,320.51,320.77,21436525
XOM.US,2023-09-20,116.54,118.02,116.32,116.4,11883207
0005.HK,2023-09-21,60.7,61.0,60.55,60.8,10864491
0700.HK,2023-09-21,306.8,308.4,302.0,303.0,19116385
1810.HK,2023-09-21,11.72,11.82,11.52,11.68,46865077
3690.HK,2023-09-21,117.5,117.8,115.2,116.3,25261260
9988.HK,2023-09-21,84.25,84.3,82.35,82.65,33742916
AAPL.US,2023-09-21,174.55,176.3,173.86,173.93,63149116
BABA.US,2023-09-21,83.86,84.78,83.76,84.11,10638859
JPM.US,2023-09-21,147.58,148.86,146.63,147.14,8053410
KO.US,2023-09-21,58.37,58.42,57.42,57.54,15945821
MSFT.US,2023-09-21,319.26,325.35,315.0,319.53,35560362
XOM.US,2023-09-21,116.98,117.37,114.6,114.76,14409635
0005.HK,2023-09-22,60.9,61.45,60.9,61.4,14515122
0700.HK,2023-09-22,302.0,314.0,300.2,313.6,21236877
1810.HK,2023-09-22,11.52,12.1,11.52,12.06,50724271
3690.HK,2023-09-22,114.8,121.5,114.8,120.8,24610941
9988.HK,2023-09-22,82.65,86.3,82.15,85.9,40153148
AAPL.US,2023-09-22,174.67,177.08,174.05,174.79,56725385
BABA.US,2023-09-22,87.37,88.88,87.11,88.3,22469600
JPM.US,2023-09-22,147.29,147.51,145.19,145.73,7071975
KO.US,2023-09-22,57.85,57.97,57.5,57.6,14645394
MSFT.US,2023-09-22,321.32,321.45,316.15,317.01,21447887
XOM.US,2023-09-22,115.71,116.68,114.81,114.94,13200212
0005.HK,2023-09-25,61.4,61.65,60.9,61.05,12727154
0700.HK,2023-09-25,311.4,311.6,303.2,304.4,18307015
1810.HK,2023-09-25,12.08,12.08,11.82,11.84,34412095
3690.HK,2023-09-25,119.9,120.0,116.6,117.2,19533949
9988.HK,2023-09-25,86.2,86.5,84.25,84.35,20742680
AAPL.US,2023-09-25,174.2,176.97,174.15,176.08,46172740
BABA.US,2023-09-25,85.88,87.27,85.77,87.22,9897193
JPM.US,2023-09-25,145.35,146.52,143.7,146.45,7044672
KO.US,2023-09-25,57.4,57.49,56.74,57.0,12358824
MSFT.US,2023-09-25,316.59,317.67,315.0,317.54,17835964
XOM.US,2023-09-25,115.09,116.65,114.83,116.23,11316012
0005.HK,2023-09-26,60.7,61.15,60.15,60.4,11446244
0700.HK,2023-09-26,301.0,303.6,298.2,300.0,15924558
1810.HK,2023-09-26,11.82,11.96,11.6,11.66,43912124
3690.HK,2023-09-26,116.4,118.4,115.9,116.3,18430577
9988.HK,2023-09-26,84.45,84.95,83.4,83.95,27428051
AAPL.US,2023-09-26,174.82,175.2,171.66,171.96,64588945
BABA.US,2023-09-26,86.46,87.07,85.7,85.91,9666610
JPM.US,2023-09-26,144.6,145.84,144.23,144.93,7468405
KO.US,2023-09-26,56.73,56.9,56.4,56.53,11194700
MSFT.US,2023-09-26,315.13,315.88,310.02,312.14,26297573
XOM.US,2023-09-26,115.5,116.73,115.37,116.41,11805429
0005.HK,2023-09-27,60.75,61.1,60.55,60.85,11067915
0700.HK,2023-09-27,298.0,304.2,298.0,302.0,14203461
1810.HK,2023-09-27,11.78,12.02,11.74,11.84,65245278
3690.HK,2023-09-27,115.5,117.2,113.7,114.8,32223497
9988.HK,2023-09-27,83.9,85.65,83.9,84.5,27246265
AAPL.US,2023-09-27,172.62,173.04,169.05,170.43,66921808
BABA.US,2023-09-27,86.38,86.55,85.3,86.19,7233891
JPM.US,2023-09-27,145.19,146.09,144.51,145.78,6717822
KO.US,2023-09-27,56.42,56.53,55.68,55.95,13766301
MSFT.US,2023-09-27,312.3,314.3,309.69,312.79,19410082
XOM.US,2023-09-27,117.89,120.5,117.4,120.2,23976160
0005.HK,2023-09-28,60.6,60.95,60.4,60.6,13270015
0700.HK,2023-09-28,301.8,302.6,296.4,297.4,15604031
1810.HK,2023-09-28,11.94,11.98,11.62,11.72,53805707
3690.HK,2023-09-28,113.1,114.3,110.2,110.8,45106314
9988.HK,2023-09-28,84.85,84.85,82.85,83.0,27187837
AAPL.US,2023-09-28,169.34,172.03,167.62,170.69,56294419
BABA.US,2023-09-28,84.89,85.89,84.31,85.54,10093639
JPM.US,2023-09-28,146.28,148.87,146.01,147.59,8868063
KO.US,2023-09-28,56.23,56.32,55.7,55.81,12484769
MSFT.US,2023-09-28,310.99,315.48,309.45,313.64,19683564
XOM.US,2023-09-28,119.98,120.7,118.19,119.47,16808116
0005.HK,2023-09-29,61.45,62.2,61.45,61.7,22185709
0700.HK,2023-09-29,297.6,308.4,297.2,306.2,11252646
1810.HK,2023-09-29,11.9,12.4,11.82,12.34,78531382
3690.HK,2023-09-29,112.3,115.7,111.3,114.6,19167952
9988.HK,2023-09-29,84.0,86.65,83.6,85.6,34608437
AAPL.US,2023-09-29,172.02,173.07,170.34,171.21,51861083
BABA.US,2023-09-29,87.29,87.95,86.61,86.74,9654824
JPM.US,2023-09-29,148.6,148.76,144.86,145.02,11917826
KO.US,2023-09-29,56.14,56.27,55.62,55.98,12271561
MSFT.US,2023-09-29,317.75,319.47,314.98,315.75,24147298
XOM.US,2023-09-29,119.1,119.18,116.73,117.58,18813565
AAPL.US,2023-10-02,171.22,174.3,170.93,173.75,52164535
BABA.US,2023-10-02,86.75,87.11,85.89,86.53,8209831
JPM.US,2023-10-02,144.83,145.62,142.63,143.77,9170644
KO.US,2023-10-02,55.91,56.01,55.08,55.48,11792502
MSFT.US,2023-10-02,316.28,321.89,315.18,321.8,20570006
XOM.US,2023-10-02,117.53,117.79,114.55,115.63,14394999
0005.HK,2023-10-03,60.6,60.9,59.95,60.9,17629591
0700.HK,2023-10-03,302.0,302.0,296.4,300.6,15122710
1810.HK,2023-10-03,12.1,12.18,11.9,11.98,34551749
3690.HK,2023-10-03,111.5,111.9,107.6,110.0,25231513
9988.HK,2023-10-03,84.15,84.25,82.35,83.1,36631880
AAPL.US,2023-10-03,172.26,173.63,170.82,172.4,49594613
BABA.US,2023-10-03,84.5,85.0,83.95,84.54,11448823
JPM.US,2023-10-03,143.2,143.59,142.36,142.71,9431118
KO.US,2023-10-03,55.16,55.43,54.78,54.88,13604197
MSFT.US,2023-10-03,320.83,321.39,311.22,313.39,21033492
XOM.US,2023-10-03,115.44,116.44,115.03,115.83,13297056
0005.HK,2023-10-04,60.9,61.0,60.35,60.85,11660413
0700.HK,2023-10-04,299.8,300.0,295.4,297.6,10942209
1810.HK,2023-10-04,11.88,11.98,11.76,11.86,29326117
3690.HK,2023-10-04,109.0,109.8,105.7,106.9,22890772
9988.HK,2023-10-04,82.1,82.9,81.2,81.75,25898508
AAPL.US,2023-10-04,171.09,174.21,170.97,173.66,53020286
BABA.US,2023-10-04,84.28,84.54,83.65,84.08,8904691
JPM.US,2023-10-04,143.19,143.47,141.93,143.35,8128748
KO.US,2023-10-04,54.89,55.28,54.71,55.04,12100517
MSFT.US,2023-10-04,314.03,320.04,314.0,318.96,20720144
XOM.US,2023-10-04,114.05,114.09,110.5,111.5,19622226
0005.HK,2023-10-05,60.85,61.05,60.65,60.95,8374101
0700.HK,2023-10-05,299.8,303.6,298.6,299.8,10801914
1810.HK,2023-10-05,11.96,11.98,11.6,11.68,34395661
3690.HK,2023-10-05,108.0,108.8,105.5,105.9,16875152
9988.HK,2023-10-05,82.15,82.8,81.35,81.35,21793205
AAPL.US,2023-10-05,173.79,175.45,172.68,174.91,48527918
BABA.US,2023-10-05,83.52,83.71,82.45,83.67,10334535
JPM.US,2023-10-05,142.04,143.1,140.83,142.9,8576237
KO.US,2023-10-05,54.74,54.95,52.24,52.38,29878072
MSFT.US,2023-10-05,319.09,319.98,314.9,319.36,16965629
XOM.US,2023-10-05,109.8,110.9,108.7,108.99,20128783
0005.HK,2023-10-06,61.7,62.2,61.55,62.05,15669740
0700.HK,2023-10-06,303.8,307.4,301.8,305.2,11076858
1810.HK,2023-10-06,11.7,11.98,11.7,11.88,20332229
3690.HK,2023-10-06,107.8,109.5,107.3,108.3,14467080
9988.HK,2023-10-06,82.0,83.35,82.0,82.9,15175175
AAPL.US,2023-10-06,173.8,177.99,173.18,177.49,57266675
BABA.US,2023-10-06,84.25,86.52,84.0,86.06,13423653
JPM.US,2023-10-06,142.91,145.88,142.14,145.1,10270621
KO.US,2023-10-06,52.04,53.29,51.55,53.14,30298866
MSFT.US,2023-10-06,316.55,329.19,316.3,327.26,25673630
XOM.US,2023-10-06,105.73,108.27,105.11,107.17,25367466
0005.HK,2023-10-09,62.4,62.65,61.7,62.0,8766123
0700.HK,2023-10-09,305.4,308.8,302.0,307.0,11396304
1810.HK,2023-10-09,12.0,12.12,11.56,11.94,26946882
3690.HK,2023-10-09,108.8,110.6,106.0,108.9,18733292
9988.HK,2023-10-09,83.2,83.45,81.55,82.1,24082283
AAPL.US,2023-10-09,176.81,179.05,175.8,178.99,42390772
BABA.US,2023-10-09,83.91,85.21,83.57,84.85,10880041
JPM.US,2023-10-09,143.66,145.4,143.5,144.77,6964907
KO.US,2023-10-09,52.96,53.15,52.11,52.88,15704749
MSFT.US,2023-10-09,324.75,330.3,323.18,329.82,19891180
XOM.US,2023-10-09,110.44,112.07,109.52,110.92,22369887
0005.HK,2023-10-10,62.0,62.8,61.75,62.2,17611242
0700.HK,2023-10-10,308.0,314.8,306.0,308.2,16445252
1810.HK,2023-10-10,12.2,12.38,12.06,12.28,83964556
3690.HK,2023-10-10,111.9,115.2,111.0,112.3,32929871
9988.HK,2023-10-10,83.9,85.3,83.25,83.4,29317215
AAPL.US,2023-10-10,178.1,179.72,177.95,178.39,43698019
BABA.US,2023-10-10,85.67,87.74,85.57,87.17,13557779
JPM.US,2023-10-10,145.42,146.77,145.28,145.65,11288769
KO.US,2023-10-10,54.13,54.33,53.56,54.03,20909684
MSFT.US,2023-10-10,330.96,331.1,327.67,328.39,20557094
XOM.US,2023-10-10,111.02,111.45,110.12,110.45,13891952
0005.HK,2023-10-11,62.95,63.15,62.65,62.8,22109361
0700.HK,2023-10-11,314.0,314.6,310.4,311.0,16424531
1810.HK,2023-10-11,12.48,12.52,12.3,12.3,78874600
3690.HK,2023-10-11,115.5,118.3,115.1,116.5,35533689
9988.HK,2023-10-11,85.35,85.55,84.3,84.6,31718059
AAPL.US,2023-10-11,178.2,179.85,177.6,179.8,47551098
BABA.US,2023-10-11,88.01,88.8,87.15,87.78,11111515
JPM.US,2023-10-11,146.51,147.23,145.02,146.15,8698175
KO.US,2023-10-11,54.22,54.28,53.02,53.71,21138929
MSFT.US,2023-10-11,331.21,332.82,329.14,332.42,20063246
XOM.US,2023-10-11,106.96,107.17,104.83,106.49,57939024
0005.HK,2023-10-12,63.6,63.7,63.05,63.2,18785947
0700.HK,2023-10-12,316.6,317.2,314.8,316.6,13451541
1810.HK,2023-10-12,12.56,12.78,12.42,12.66,94611842
3690.HK,2023-10-12,120.0,120.0,118.0,118.4,23289955
9988.HK,2023-10-12,86.9,86.9,85.65,85.85,26037608
AAPL.US,2023-10-12,180.07,182.34,179.04,180.71,56743119
BABA.US,2023-10-12,87.58,87.67,84.2,84.51,16158058
JPM.US,2023-10-12,146.3,146.96,145.13,145.81,10484436
KO.US,2023-10-12,53.76,53.83,52.43,52.81,19330363
MSFT.US,2023-10-12,330.57,333.63,328.72,331.16,19313098
XOM.US,2023-10-12,107.59,107.84,106.09,106.47,31182957
0005.HK,2023-10-13,62.95,62.95,62.1,62.5,16410253
0700.HK,2023-10-13,312.8,313.0,305.4,306.8,13367440
1810.HK,2023-10-13,12.4,12.76,12.4,12.6,81339936
3690.HK,2023-10-13,114.5,115.8,113.3,114.6,24256165
9988.HK,2023-10-13,83.25,83.9,82.5,82.6,28548643
AAPL.US,2023-10-13,181.42,181.93,178.14,178.85,51456082
BABA.US,2023-10-13,84.06,85.49,83.75,84.02,10333073
JPM.US,2023-10-13,148.5,153.11,147.84,148.0,29487199
KO.US,2023-10-13,52.74,53.42,52.64,52.89,14526994
MSFT.US,2023-10-13,332.38,333.83,326.36,327.73,21085695
XOM.US,2023-10-13,108.03,110.2,107.84,109.87,30290328
0005.HK,2023-10-16,62.1,62.25,61.7,61.8,10515741
0700.HK,2023-10-16,308.8,308.8,300.2,301.2,12452816
1810.HK,2023-10-16,12.6,12.78,12.46,12.54,68730078
3690.HK,2023-10-16,113.5,114.7,112.5,113.7,17292685
9988.HK,2023-10-16,82.2,82.8,81.1,81.3,22249354
AAPL.US,2023-10-16,176.75,179.08,176.51,178.72,52516984
BABA.US,2023-10-16,83.7,84.97,82.63,84.31,10075338
JPM.US,2023-10-16,149.45,149.52,146.72,147.85,12663461
KO.US,2023-10-16,53.02,53.56,52.84,53.43,12816818
MSFT.US,2023-10-16,331.05,336.14,330.6,332.64,22158048
XOM.US,2023-10-16,110.5,110.68,109.13,109.95,18451996
0005.HK,2023-10-17,62.4,62.55,61.55,61.85,12092434
0700.HK,2023-10-17,304.6,304.6,300.0,302.2,9202480
1810.HK,2023-10-17,12.72,13.12,12.62,13.04,118831878
3690.HK,2023-10-17,115.6,116.1,114.0,114.5,11089439
9988.HK,2023-10-17,81.85,82.2,81.35,82.0,17701849
AAPL.US,2023-10-17,176.65,178.42,174.8,177.15,57549350
BABA.US,2023-10-17,82.75,84.36,82.56,83.91,8270035
JPM.US,2023-10-17,147.57,149.31,146.79,147.53,11482739
KO.US,2023-10-17,53.31,54.1,53.21,54.07,16457191
MSFT.US,2023-10-17,329.59,333.46,327.41,332.06,18338523
XOM.US,2023-10-17,109.73,111.8,109.68,111.39,19775440
0005.HK,2023-10-18,62.05,62.4,61.9,62.25,11305490
0700.HK,2023-10-18,300.2,301.6,297.4,300.0,12001017
1810.HK,2023-10-18,13.04,13.24,12.94,13.18,98780782
3690.HK,2023-10-18,113.4,115.1,111.6,113.7,18746586
9988.HK,2023-10-18,81.9,82.7,81.0,81.45,21876252
AAPL.US,2023-10-18,175.58,177.58,175.11,175.84,54764375
BABA.US,2023-10-18,82.96,83.73,82.76,83.01,9321627
JPM.US,2023-10-18,146.59,147.48,145.37,145.91,9620257
KO.US,2023-10-18,54.1,54.53,53.92,54.05,12809451
MSFT.US,2023-10-18,332.49,335.59,328.3,330.11,23153602
XOM.US,2023-10-18,111.82,113.39,111.7,112.95,23380266
0005.HK,2023-10-19,61.2,61.55,60.55,60.75,18903186
0700.HK,2023-10-19,295.4,297.6,291.2,291.2,17216427
1810.HK,2023-10-19,13.18,13.64,13.04,13.58,177275255
3690.HK,2023-10-19,111.8,112.0,109.4,110.4,23721099
9988.HK,2023-10-19,80.9,81.15,79.05,79.15,41786984
AAPL.US,2023-10-19,176.04,177.84,175.19,175.46,59302863
BABA.US,2023-10-19,81.48,82.4,81.12,81.61,12624124
JPM.US,2023-10-19,145.48,147.02,144.88,145.29,11143631
KO.US,2023-10-19,54.16,54.76,53.86,54.35,16202187
MSFT.US,2023-10-19,332.15,336.88,330.91,331.32,25052071
XOM.US,2023-10-19,112.72,113.97,111.33,113.02,20972488
0005.HK,2023-10-20,60.05,60.5,59.4,59.8,20125779
0700.HK,2023-10-20,287.4,290.2,286.2,289.0,19212180
1810.HK,2023-10-20,13.42,13.82,13.26,13.3,139281025
3690.HK,2023-10-20,108.5,109.5,107.3,107.8,26300972
9988.HK,2023-10-20,78.2,79.15,78.1,78.5,35074847
AAPL.US,2023-10-20,175.31,175.42,172.64,172.88,64244028
BABA.US,2023-10-20,80.23,80.86,79.78,79.94,14636224
JPM.US,2023-10-20,144.57,145.14,142.12,142.95,13332867
KO.US,2023-10-20,54.53,55.02,54.44,54.57,15686351
MSFT.US,2023-10-20,331.72,331.92,325.45,326.67,25027715
XOM.US,2023-10-20,112.92,113.32,110.79,111.08,22445269
AAPL.US,2023-10-23,170.91,174.01,169.93,173.0,55980109
BABA.US,2023-10-23,79.42,80.93,79.02,80.51,12715187
JPM.US,2023-10-23,142.94,143.68,140.73,141.0,10133410
KO.US,2023-10-23,54.38,54.89,54.05,54.08,21212650
MSFT.US,2023-10-23,325.47,332.73,324.39,329.32,24374748
XOM.US,2023-10-23,110.63,110.96,108.68,109.45,18184950
0005.HK,2023-10-24,58.65,59.0,58.2,58.6,16859993
0700.HK,2023-10-24,287.0,289.8,282.6,283.0,21619960
1810.HK,2023-10-24,13.28,13.4,12.9,12.96,117605001
3690.HK,2023-10-24,107.0,109.0,104.6,107.5,32208971
9988.HK,2023-10-24,78.0,78.55,77.05,77.2,38345055
AAPL.US,2023-10-24,173.05,173.67,171.45,173.44,43816644
BABA.US,2023-10-24,80.45,83.32,80.44,82.87,17925847
JPM.US,2023-10-24,141.19,141.73,140.36,141.17,8881354
KO.US,2023-10-24,55.65,56.17,55.3,55.64,25290849
MSFT.US,2023-10-24,331.3,331.84,327.6,330.53,31153571
XOM.US,2023-10-24,109.7,109.82,108.12,108.39,16786108
0005.HK,2023-10-25,59.25,59.25,58.2,58.45,16606417
0700.HK,2023-10-25,292.4,296.4,285.2,287.8,17506229
1810.HK,2023-10-25,13.5,13.76,13.04,13.2,129285123
3690.HK,2023-10-25,112.8,113.5,108.2,109.6,28410868
9988.HK,2023-10-25,80.8,81.4,79.0,79.3,45615979
AAPL.US,2023-10-25,171.88,173.06,170.65,171.1,57156962
BABA.US,2023-10-25,81.3,82.0,80.78,81.03,11390178
JPM.US,2023-10-25,140.57,141.18,139.51,140.4,8242565
KO.US,2023-10-25,55.76,56.22,55.56,56.12,16701024
MSFT.US,2023-10-25,345.02,346.2,337.62,340.67,55053828
XOM.US,2023-10-25,108.52,109.5,108.13,108.59,22047319
0005.HK,2023-10-26,58.2,58.7,56.6,57.1,25151693
0700.HK,2023-10-26,286.8,290.2,283.0,287.6,11446711
1810.HK,2023-10-26,13.28,13.64,13.2,13.36,86798824
3690.HK,2023-10-26,109.5,110.4,107.5,109.8,17363252
9988.HK,2023-10-26,79.2,80.3,79.0,79.75,23719270
AAPL.US,2023-10-26,170.37,171.38,165.67,166.89,70625258
BABA.US,2023-10-26,81.27,83.09,81.2,82.51,13010368
JPM.US,2023-10-26,139.76,141.67,139.43,140.76,9109431
KO.US,2023-10-26,56.37,56.63,55.72,55.78,16228386
MSFT.US,2023-10-26,340.54,341.63,326.94,327.89,37828543
XOM.US,2023-10-26,107.45,108.34,106.5,107.6,18768285
0005.HK,2023-10-27,58.2,58.85,57.8,58.05,14679632
0700.HK,2023-10-27,287.6,294.6,287.0,292.8,16455031
1810.HK,2023-10-27,13.38,13.64,13.28,13.52,105734369
3690.HK,2023-10-27,110.0,113.9,109.0,113.0,21965604
9988.HK,2023-10-27,80.45,82.8,80.25,82.4,42806617
AAPL.US,2023-10-27,166.91,168.96,166.83,168.22,58494563
BABA.US,2023-10-27,83.87,84.12,82.48,82.82,10793605
JPM.US,2023-10-27,138.95,139.1,135.19,135.69,17434567
KO.US,2023-10-27,55.55,56.14,55.1,55.24,13625727
MSFT.US,2023-10-27,330.43,336.72,328.4,329.81,29849269
XOM.US,2023-10-27,108.89,109.86,104.96,105.55,23089954
0005.HK,2023-10-30,57.35,58.75,56.8,57.2,27716476
0700.HK,2023-10-30,291.6,297.8,290.8,295.4,14357754
1810.HK,2023-10-30,13.46,14.36,13.42,14.32,194405364
3690.HK,2023-10-30,111.1,115.5,111.1,114.0,20470904
9988.HK,2023-10-30,80.75,82.0,80.7,81.85,31881265
AAPL.US,2023-10-30,169.02,171.17,168.87,170.29,51130955
BABA.US,2023-10-30,83.63,84.24,83.01,83.14,8980455
JPM.US,2023-10-30,136.44,138.04,136.04,137.42,9855540
KO.US,2023-10-30,55.43,56.28,55.42,56.15,15014293
MSFT.US,2023-10-30,333.41,339.45,331.83,337.31,22828082
XOM.US,2023-10-30,105.74,106.42,105.21,105.88,19379917
0005.HK,2023-10-31,56.3,56.3,55.5,56.15,31013853
0700.HK,2023-10-31,295.4,295.4,288.0,289.2,13727382
1810.HK,2023-10-31,14.24,14.4,13.98,14.02,93634298
3690.HK,2023-10-31,113.0,113.6,110.3,110.6,17728879
9988.HK,2023-10-31,81.3,81.3,79.9,80.05,27394938
AAPL.US,2023-10-31,169.35,170.9,167.9,170.77,44846017
BABA.US,2023-10-31,81.94,82.54,80.88,82.54,12094312
JPM.US,2023-10-31,137.71,139.24,137.47,139.06,9672460
KO.US,2023-10-31,56.57,56.72,56.15,56.49,16639375
MSFT.US,2023-10-31,338.85,339.0,334.69,338.11,20265282
XOM.US,2023-10-31,105.58,106.16,104.54,105.85,22185150
0005.HK,2023-11-01,56.6,57.1,56.3,56.9,15357195
0700.HK,2023-11-01,288.8,290.0,284.4,287.0,11006036
1810.HK,2023-11-01,14.16,14.44,13.94,14.22,98673756
3690.HK,2023-11-01,111.1,112.2,107.7,109.0,15437450
9988.HK,2023-11-01,80.1,80.7,79.1,79.6,20894177
AAPL.US,2023-11-01,171.0,174.23,170.12,173.97,56934906
BABA.US,2023-11-01,81.71,82.49,81.21,82.48,9549988
JPM.US,2023-11-01,139.25,140.53,138.47,138.94,9432048
KO.US,2023-11-01,56.8,56.88,56.26,56.44,14110797
MSFT.US,2023-11-01,339.79,347.42,339.65,346.07,28158819
XOM.US,2023-11-01,106.53,107.17,105.46,105.64,28984865
0005.HK,2023-11-02,56.75,57.15,56.65,57.0,13553898
0700.HK,2023-11-02,290.0,294.2,286.8,288.6,10477412
1810.HK,2023-11-02,14.4,15.2,14.4,15.08,200581937
3690.HK,2023-11-02,110.7,112.0,106.6,108.0,23363522
9988.HK,2023-11-02,81.2,82.2,80.3,80.5,17414151
AAPL.US,2023-11-02,175.52,177.78,175.46,177.57,77334752
BABA.US,2023-11-02,83.65,83.98,83.03,83.41,10606319
JPM.US,2023-11-02,140.09,141.48,139.23,141.42,10186175
KO.US,2023-11-02,56.5,57.15,56.36,57.09,13087237
MSFT.US,2023-11-02,347.24,348.83,344.77,348.32,24348072
XOM.US,2023-11-02,105.88,109.19,105.5,109.11,25212686
0005.HK,2023-11-03,57.55,58.7,57.55,58.2,19685040
0700.HK,2023-11-03,292.2,304.2,291.4,302.6,21575201
1810.HK,2023-11-03,15.28,15.34,14.84,15.24,144753242
3690.HK,2023-11-03,109.0,111.7,108.1,111.0,27757555
9988.HK,2023-11-03,81.9,83.1,81.05,82.85,26892338
AAPL.US,2023-11-03,174.24,176.82,173.35,176.65,79829246
BABA.US,2023-11-03,84.94,86.08,84.5,85.31,15148303
JPM.US,2023-11-03,142.19,143.77,141.85,143.0,9538719
KO.US,2023-11-03,57.4,57.59,56.7,56.74,13958733
MSFT.US,2023-11-03,349.63,354.39,347.33,352.8,23637673
XOM.US,2023-11-03,108.4,108.78,106.54,107.78,30555554
0005.HK,2023-11-06,58.6,58.8,58.0,58.55,14725743
0700.HK,2023-11-06,309.8,314.2,307.2,312.6,26863379
1810.HK,2023-11-06,15.46,15.86,15.28,15.54,144345254
3690.HK,2023-11-06,114.3,118.3,113.8,117.2,39276922
9988.HK,2023-11-06,84.3,84.95,83.55,84.85,30546035
AAPL.US,2023-11-06,176.38,179.43,176.21,179.23,63841310
BABA.US,2023-11-06,86.55,86.72,85.23,85.36,9786396
JPM.US,2023-11-06,143.17,144.19,142.79,144.08,7625063
KO.US,2023-11-06,56.78,57.28,56.74,56.97,12673192
MSFT.US,2023-11-06,353.45,357.54,353.35,356.53,23828301
XOM.US,2023-11-06,108.17,108.27,105.77,105.87,19097267
0005.HK,2023-11-07,58.85,59.2,58.6,58.65,9599836
0700.HK,2023-11-07,312.6,314.0,306.2,308.6,13397743
1810.HK,2023-11-07,15.3,15.96,15.3,15.82,100277922
3690.HK,2023-11-07,116.3,118.1,114.8,115.5,18753172
9988.HK,2023-11-07,84.4,84.75,82.75,83.15,24603820
AAPL.US,2023-11-07,179.18,182.44,178.97,181.82,70529966
BABA.US,2023-11-07,84.86,85.66,84.11,85.41,8829376
JPM.US,2023-11-07,143.51,144.26,142.82,144.01,6297915
KO.US,2023-11-07,56.92,57.4,56.73,57.18,10449304
MSFT.US,2023-11-07,359.4,362.46,357.63,360.53,25833931
XOM.US,2023-11-07,104.47,104.86,103.29,104.21,20272486
0005.HK,2023-11-08,58.95,59.1,58.3,58.3,13438041
0700.HK,2023-11-08,309.4,314.6,307.4,308.4,12879809
1810.HK,2023-11-08,15.88,16.4,15.76,16.14,141748758
3690.HK,2023-11-08,115.8,117.3,114.3,115.0,18691337
9988.HK,2023-11-08,83.0,84.15,82.3,82.5,22210760
AAPL.US,2023-11-08,182.35,183.45,181.59,182.89,49340282
BABA.US,2023-11-08,84.62,85.73,84.48,84.8,8154582
JPM.US,2023-11-08,144.11,144.84,143.62,144.72,7618169
KO.US,2023-11-08,57.32,57.47,56.92,57.09,13744014
MSFT.US,2023-11-08,361.68,363.87,360.55,363.2,26767828
XOM.US,2023-11-08,103.73,104.9,102.89,102.93,19184067
0005.HK,2023-11-09,57.85,57.85,57.35,57.5,6722950
0700.HK,2023-11-09,305.0,308.8,305.0,306.8,10272208
1810.HK,2023-11-09,16.32,16.94,16.26,16.52,162320904
3690.HK,2023-11-09,114.5,116.2,114.2,115.0,11629715
9988.HK,2023-11-09,82.5,82.8,81.4,82.15,18303691
AAPL.US,2023-11-09,182.96,184.12,181.81,182.41,53763540
BABA.US,2023-11-09,84.58,84.69,82.48,82.73,10885073
JPM.US,2023-11-09,145.44,145.65,143.7,144.29,7992477
KO.US,2023-11-09,57.03,57.14,56.37,56.66,12021092
MSFT.US,2023-11-09,362.3,364.79,360.36,360.69,24847331
XOM.US,2023-11-09,103.67,103.97,102.86,102.96,18380538
0005.HK,2023-11-10,57.0,57.4,56.95,57.3,7946832
0700.HK,2023-11-10,304.6,304.6,301.2,302.8,9871831
1810.HK,2023-11-10,16.22,16.72,15.94,16.04,166672948
3690.HK,2023-11-10,113.2,113.4,110.3,110.7,20602660
9988.HK,2023-11-10,80.9,81.0,79.55,79.6,34168743
AAPL.US,2023-11-10,183.97,186.57,183.53,186.4,66177922
BABA.US,2023-11-10,82.41,82.87,81.66,82.75,9797571
JPM.US,2023-11-10,144.94,146.48,144.08,146.43,7983935
KO.US,2023-11-10,56.87,56.93,56.06,56.72,11680428
MSFT.US,2023-11-10,361.49,370.1,361.07,369.67,28065164
XOM.US,2023-11-10,103.93,104.41,102.91,103.75,17831341
0005.HK,2023-11-13,57.7,57.9,57.3,57.75,6965723
0700.HK,2023-11-13,302.2,311.8,300.2,309.8,13586029
1810.HK,2023-11-13,16.42,16.62,15.92,16.22,151924036
3690.HK,2023-11-13,111.1,112.8,107.6,111.6,24889362
9988.HK,2023-11-13,80.0,81.1,79.1,80.65,31021604
AAPL.US,2023-11-13,185.82,186.03,184.21,184.8,43627519
BABA.US,2023-11-13,82.75,83.32,82.08,82.26,11236852
JPM.US,2023-11-13,145.7,146.25,145.16,145.78,6676364
KO.US,2023-11-13,56.62,57.1,56.6,56.93,12798181
MSFT.US,2023-11-13,368.22,368.47,365.9,366.68,19986506
XOM.US,2023-11-13,104.05,105.14,103.81,104.84,15308382
0005.HK,2023-11-14,58.2,58.8,58.0,58.35,10246301
0700.HK,2023-11-14,311.8,312.0,305.6,307.8,12477388
1810.HK,2023-11-14,16.22,16.38,15.7,15.86,121612690
3690.HK,2023-11-14,111.2,111.4,108.1,108.3,21343531
9988.HK,2023-11-14,80.25,80.45,79.1,79.2,28959042
AAPL.US,2023-11-14,187.7,188.11,186.3,187.44,60108378
BABA.US,2023-11-14,82.76,84.54,82.32,83.87,20897615
JPM.US,2023-11-14,146.68,149.25,146.52,148.44,9927723
KO.US,2023-11-14,57.02,57.24,56.81,57.1,12697066
MSFT.US,2023-11-14,371.01,371.95,367.35,370.27,27683862
XOM.US,2023-11-14,104.3,104.82,103.87,104.29,18260516
0005.HK,2023-11-15,59.15,60.15,58.8,59.9,25082391
0700.HK,2023-11-15,316.6,323.6,314.0,322.6,32454690
1810.HK,2023-11-15,16.22,16.86,15.94,16.8,180686655
3690.HK,2023-11-15,112.1,113.9,110.9,113.3,33797257
9988.HK,2023-11-15,82.15,83.25,81.25,83.2,50397502
AAPL.US,2023-11-15,187.85,189.5,187.78,188.01,53790499
BABA.US,2023-11-15,86.96,87.83,85.89,87.07,28991019
JPM.US,2023-11-15,148.46,150.16,148.46,149.74,8365296
KO.US,2023-11-15,57.3,57.34,56.75,57.21,10201861
MSFT.US,2023-11-15,371.28,373.13,367.11,369.67,26860095
XOM.US,2023-11-15,103.96,105.15,103.5,103.66,20137561
0005.HK,2023-11-16,60.0,60.0,59.15,59.4,9045181
0700.HK,2023-11-16,330.0,330.0,316.2,324.8,35296026
1810.HK,2023-11-16,16.94,16.98,15.54,15.7,274424480
3690.HK,2023-11-16,114.8,114.8,110.0,111.7,25049103
9988.HK,2023-11-16,84.2,84.2,81.0,81.35,58203453
AAPL.US,2023-11-16,189.57,190.96,188.65,189.71,54412915
BABA.US,2023-11-16,79.52,80.77,78.23,79.11,63008526
JPM.US,2023-11-16,150.09,151.53,150.09,151.45,8126188
KO.US,2023-11-16,57.25,57.53,56.81,57.15,16010449
MSFT.US,2023-11-16,370.96,376.35,370.18,376.17,27182315
XOM.US,2023-11-16,102.9,103.27,101.15,102.46,22469073
0005.HK,2023-11-17,59.2,59.45,58.8,59.05,7644476
0700.HK,2023-11-17,323.6,323.6,313.2,315.2,21970164
1810.HK,2023-11-17,15.7,16.14,15.52,15.94,137007416
3690.HK,2023-11-17,108.9,110.5,106.8,107.3,28968535
9988.HK,2023-11-17,75.0,76.65,72.9,73.25,190538032
AAPL.US,2023-11-17,190.25,190.38,188.57,189.69,50941404
BABA.US,2023-11-17,77.02,78.47,76.75,77.6,35580411
JPM.US,2023-11-17,152.2,152.86,151.54,152.82,7814064
KO.US,2023-11-17,57.19,57.34,56.7,57.26,14476629
MSFT.US,2023-11-17,373.61,374.37,367.0,369.85,40325371
XOM.US,2023-11-17,103.06,105.43,102.75,104.96,22991823
0005.HK,2023-11-20,59.9,60.45,59.5,60.2,16866031
0700.HK,2023-11-20,316.2,328.8,316.2,326.6,27782719
1810.HK,2023-11-20,16.08,16.26,15.42,16.18,136253912
3690.HK,2023-11-20,109.7,109.7,106.5,109.0,31587831
9988.HK,2023-11-20,74.8,75.25,73.6,74.45,109101660
AAPL.US,2023-11-20,189.89,191.91,189.88,191.45,46538614
BABA.US,2023-11-20,76.91,78.75,76.56,78.46,31564894
JPM.US,2023-11-20,152.08,153.75,151.92,153.29,7020349
KO.US,2023-11-20,57.05,57.58,56.96,57.4,13053919
MSFT.US,2023-11-20,371.22,378.87,371.0,377.44,52528964
XOM.US,2023-11-20,105.38,105.88,104.43,104.5,17464016
0005.HK,2023-11-21,60.35,60.7,59.8,59.95,15554005
0700.HK,2023-11-21,330.4,332.6,323.6,324.8,24188659
1810.HK,2023-11-21,16.32,16.44,15.24,15.38,245013470
3690.HK,2023-11-21,111.8,114.0,109.6,110.5,34164065
9988.HK,2023-11-21,76.0,77.5,75.75,76.0,86788578
AAPL.US,2023-11-21,191.41,191.52,189.74,190.64,38134485
BABA.US,2023-11-21,77.85,79.28,77.6,78.94,20525451
JPM.US,2023-11-21,153.2,153.63,152.57,152.97,7083506
KO.US,2023-11-21,57.46,58.04,57.33,58.03,13891646
MSFT.US,2023-11-21,375.67,376.22,371.12,373.07,28423145
XOM.US,2023-11-21,104.21,104.7,103.22,104.46,14988984
0005.HK,2023-11-22,59.95,60.15,59.7,59.75,12191378
0700.HK,2023-11-22,328.0,330.0,322.0,324.4,14169841
1810.HK,2023-11-22,15.3,15.44,14.8,15.12,192073449
3690.HK,2023-11-22,110.2,113.0,110.1,111.4,18106009
9988.HK,2023-11-22,76.55,77.2,76.1,76.85,47284218
AAPL.US,2023-11-22,191.49,192.93,190.83,191.31,39630011
BABA.US,2023-11-22,79.28,79.71,78.13,78.96,18982123
JPM.US,2023-11-22,153.41,153.88,152.9,153.33,5175135
KO.US,2023-11-22,58.26,58.54,58.13,58.42,11327148
MSFT.US,2023-11-22,378.0,379.79,374.97,377.85,23361184
XOM.US,2023-11-22,102.58,104.12,101.94,104.01,18073240
0005.HK,2023-11-23,59.2,60.0,58.9,59.9,15937712
0700.HK,2023-11-23,326.6,329.6,323.6,329.2,14531153
1810.HK,2023-11-23,15.08,15.46,14.76,15.44,114048365
3690.HK,2023-11-23,111.3,112.5,109.3,112.2,20531919
9988.HK,2023-11-23,76.45,77.5,76.0,77.25,39544273
0005.HK,2023-11-24,59.0,59.8,59.0,59.45,8027566
0700.HK,2023-11-24,329.6,329.6,320.0,321.2,15236522
1810.HK,2023-11-24,15.12,15.38,14.92,15.0,88383132
3690.HK,2023-11-24,111.0,111.5,108.9,109.1,17937066
9988.HK,2023-11-24,77.1,77.35,75.9,76.2,29509755
AAPL.US,2023-11-24,190.87,190.9,189.25,189.97,24048344
BABA.US,2023-11-24,78.27,79.07,78.21,78.49,12251659
JPM.US,2023-11-24,153.59,154.44,153.28,153.54,3496941
KO.US,2023-11-24,58.46,58.75,58.34,58.57,4816024
MSFT.US,2023-11-24,377.33,377.97,375.14,377.43,10176649
XOM.US,2023-11-24,104.02,105.47,103.91,104.57,9480768
0005.HK,2023-11-27,60.0,60.0,59.4,59.85,8173994
0700.HK,2023-11-27,325.0,325.0,318.0,322.8,12232068
1810.HK,2023-11-27,15.12,15.22,14.9,15.14,76059066
3690.HK,2023-11-27,111.0,111.0,107.6,108.6,19162668
9988.HK,2023-11-27,75.95,76.25,74.7,76.1,36613788
AAPL.US,2023-11-27,189.92,190.67,188.9,189.79,40552609
BABA.US,2023-11-27,77.56,79.25,77.09,77.53,18248172
JPM.US,2023-11-27,153.43,153.53,152.71,153.19,6259116
KO.US,2023-11-27,58.54,58.69,58.27,58.46,16246507
MSFT.US,2023-11-27,376.78,380.64,376.2,378.61,22179228
XOM.US,2023-11-27,104.1,104.4,103.18,103.96,18013518
0005.HK,2023-11-28,60.15,60.15,59.65,59.65,6150302
0700.HK,2023-11-28,324.4,324.4,317.0,319.6,15153725
1810.HK,2023-11-28,15.3,15.8,15.12,15.52,148605750
3690.HK,2023-11-28,109.3,109.3,100.7,103.0,70295663
9988.HK,2023-11-28,75.0,75.45,74.0,74.35,56690172
AAPL.US,2023-11-28,189.78,191.08,189.4,190.4,38415419
BABA.US,2023-11-28,76.56,76.84,75.26,76.74,23682173
JPM.US,2023-11-28,153.22,153.87,152.72,153.54,6582937
KO.US,2023-11-28,58.4,58.83,58.36,58.58,13739613
MSFT.US,2023-11-28,378.35,383.0,378.16,382.7,20453112
XOM.US,2023-11-28,104.24,104.91,103.88,103.9,20629512
0005.HK,2023-11-29,59.6,59.9,59.1,59.5,20137432
0700.HK,2023-11-29,323.0,324.0,313.6,317.0,16856744
1810.HK,2023-11-29,15.6,15.78,15.3,15.48,129395706
3690.HK,2023-11-29,95.0,96.55,90.1,90.45,207480684
9988.HK,2023-11-29,73.95,74.15,71.9,72.7,91555012
AAPL.US,2023-11-29,190.9,192.09,188.97,189.37,43014224
BABA.US,2023-11-29,75.0,75.46,74.43,74.67,30969099
JPM.US,2023-11-29,154.17,155.63,154.0,154.32,9126053
KO.US,2023-11-29,58.58,58.67,58.1,58.23,11263632
MSFT.US,2023-11-29,383.76,384.3,377.44,378.85,28963399
XOM.US,2023-11-29,104.27,104.58,101.64,102.34,26802092
0005.HK,2023-11-30,59.3,59.4,58.6,59.2,16677662
0700.HK,2023-11-30,317.4,327.0,317.0,327.0,30308092
1810.HK,2023-11-30,15.48,15.76,15.44,15.62,131529758
3690.HK,2023-11-30,88.0,92.3,88.0,90.6,64543444
9988.HK,2023-11-30,72.5,73.0,71.65,72.75,85244702
AAPL.US,2023-11-30,189.84,190.32,188.19,189.95,48794366
BABA.US,2023-11-30,74.7,74.94,74.01,74.88,17884211
JPM.US,2023-11-30,154.91,156.13,154.38,156.08,9869790
KO.US,2023-11-30,57.96,58.46,57.6,58.44,22727487
MSFT.US,2023-11-30,378.49,380.09,375.47,378.91,30554415
XOM.US,2023-11-30,103.11,104.48,101.81,102.74,29254687
0005.HK,2023-12-01,59.2,59.8,59.1,59.2,31106972
0700.HK,2023-12-01,324.8,325.8,319.0,319.0,15149684
1810.HK,2023-12-01,15.62,15.68,15.02,15.16,226992234
3690.HK,2023-12-01,90.15,90.5,85.35,87.9,101718394
9988.HK,2023-12-01,72.6,73.05,71.65,71.85,93686293
AAPL.US,2023-12-01,190.33,191.56,189.23,191.24,45704823
BABA.US,2023-12-01,73.12,74.14,72.12,73.99,27998595
JPM.US,2023-12-01,155.82,157.86,155.82,156.84,8916001
KO.US,2023-12-01,58.27,58.69,58.24,58.64,15371153
MSFT.US,2023-12-01,376.76,378.16,371.31,374.51,33040472
XOM.US,2023-12-01,102.5,104.22,102.22,102.99,17845276
0005.HK,2023-12-04,60.5,60.55,59.6,59.7,23403110
0700.HK,2023-12-04,323.0,324.2,315.2,316.8,14907238
1810.HK,2023-12-04,15.4,15.5,15.16,15.22,106138626
3690.HK,2023-12-04,88.65,88.9,85.8,86.45,54326852
9988.HK,2023-12-04,72.35,72.55,70.55,70.8,78421903
AAPL.US,2023-12-04,189.98,190.05,187.45,189.43,43389519
BABA.US,2023-12-04,72.67,73.58,72.48,73.03,21074948
JPM.US,2023-12-04,156.02,158.05,155.88,157.99,9607465
KO.US,2023-12-04,58.59,58.96,58.44,58.57,14942247
MSFT.US,2023-12-04,369.1,369.52,362.9,369.14,32063305
XOM.US,2023-12-04,102.13,103.36,101.59,102.43,21523942
0005.HK,2023-12-05,59.8,60.05,59.15,59.2,11738909
0700.HK,2023-12-05,321.0,321.0,305.0,308.8,23730039
1810.HK,2023-12-05,15.22,15.22,14.5,14.78,135975691
3690.HK,2023-12-05,85.65,86.0,83.7,84.65,56576963
9988.HK,2023-12-05,70.8,71.05,69.9,70.5,56325918
AAPL.US,2023-12-05,190.21,194.4,190.18,193.42,66628398
BABA.US,2023-12-05,72.04,72.7,71.92,72.38,19128982
JPM.US,2023-12-05,157.26,158.5,156.97,157.97,9135597
KO.US,2023-12-05,58.55,58.83,58.42,58.66,11891513
MSFT.US,2023-12-05,366.45,373.08,365.62,372.52,23065035
XOM.US,2023-12-05,102.27,102.34,100.29,100.44,22250251
0005.HK,2023-12-06,59.55,59.95,59.2,59.55,8571346
0700.HK,2023-12-06,306.6,314.8,302.4,311.6,15896242
1810.HK,2023-12-06,14.88,15.06,14.72,14.88,77127748
3690.HK,2023-12-06,84.5,88.1,83.7,86.4,37426397
9988.HK,2023-12-06,70.0,70.85,69.4,70.15,74529931
AAPL.US,2023-12-06,194.45,194.76,192.11,192.32,41089737
BABA.US,2023-12-06,72.36,72.95,71.49,71.49,30394396
JPM.US,2023-12-06,158.84,159.22,156.0,156.31,9366004
KO.US,2023-12-06,58.56,58.73,58.21,58.6,14868549
MSFT.US,2023-12-06,373.54,374.18,368.03,368.8,21182072
XOM.US,2023-12-06,100.0,100.72,98.34,99.11,31154792
0005.HK,2023-12-07,59.95,60.0,59.65,59.85,11192408
0700.HK,2023-12-07,309.0,311.2,304.0,307.8,13703651
1810.HK,2023-12-07,14.74,14.78,14.38,14.68,85960796
3690.HK,2023-12-07,84.2,86.45,83.15,86.1,42729794
9988.HK,2023-12-07,69.4,69.95,68.65,69.7,39815379
AAPL.US,2023-12-07,193.63,195.0,193.59,194.27,47477655
BABA.US,2023-12-07,71.55,72.37,71.44,72.33,18966685
JPM.US,2023-12-07,156.69,157.31,156.15,156.79,8130874
KO.US,2023-12-07,58.67,58.89,58.39,58.74,11587865
MSFT.US,2023-12-07,368.23,371.45,366.32,370.95,23118864
XOM.US,2023-12-07,99.86,100.84,98.09,98.42,29990727
0005.HK,2023-12-08,60.2,60.3,59.6,60.0,9904620
0700.HK,2023-12-08,307.4,309.2,301.0,305.6,16600566
1810.HK,2023-12-08,14.76,14.82,14.4,14.62,94540322
3690.HK,2023-12-08,86.35,87.55,84.2,86.65,49376170
9988.HK,2023-12-08,69.7,71.0,69.3,70.5,52123073
AAPL.US,2023-12-08,194.2,195.99,193.67,195.71,53406358
BABA.US,2023-12-08,72.02,72.44,71.83,72.14,16914758
JPM.US,2023-12-08,157.26,158.78,156.98,158.52,7369370
KO.US,2023-12-08,58.74,58.75,58.37,58.61,11178670
MSFT.US,2023-12-08,369.2,374.46,368.23,374.23,20154366
XOM.US,2023-12-08,99.02,99.79,98.75,99.55,22074945
0005.HK,2023-12-11,60.25,60.5,60.0,60.3,16117472
0700.HK,2023-12-11,300.8,308.6,298.4,307.2,18402157
1810.HK,2023-12-11,14.34,14.62,14.16,14.56,98399725
3690.HK,2023-12-11,84.8,85.15,82.6,83.5,39284636
9988.HK,2023-12-11,69.25,69.5,67.8,68.8,70139100
AAPL.US,2023-12-11,193.11,193.49,191.42,193.18,60943699
BABA.US,2023-12-11,70.49,71.61,70.08,71.37,19719315
JPM.US,2023-12-11,158.52,159.3,158.15,159.1,8093908
KO.US,2023-12-11,58.83,59.09,58.5,59.04,14524767
MSFT.US,2023-12-11,368.48,371.6,366.1,371.3,27708757
XOM.US,2023-12-11,99.8,99.86,98.58,99.62,22252250
0005.HK,2023-12-12,60.5,60.95,60.1,60.65,11979047
0700.HK,2023-12-12,307.0,311.8,306.2,311.4,12995914
1810.HK,2023-12-12,14.58,15.26,14.44,15.16,97354343
3690.HK,2023-12-12,83.15,85.55,82.7,84.6,26096513
9988.HK,2023-12-12,69.05,70.2,68.85,70.1,37921483
AAPL.US,2023-12-12,193.08,194.72,191.72,194.71,52696900
BABA.US,2023-12-12,71.38,71.96,70.93,71.39,14725908
JPM.US,2023-12-12,159.23,160.65,158.88,160.52,10222978
KO.US,2023-12-12,59.2,59.42,58.9,59.42,12899014
MSFT.US,2023-12-12,370.85,374.42,370.46,374.38,24838253
XOM.US,2023-12-12,98.68,98.68,97.48,98.05,26083964
0005.HK,2023-12-13,60.75,60.8,60.35,60.55,8482830
0700.HK,2023-12-13,309.6,310.8,304.4,307.0,14145125
1810.HK,2023-12-13,15.08,15.64,15.08,15.54,114075094
3690.HK,2023-12-13,84.55,84.6,80.9,82.2,36705341
9988.HK,2023-12-13,69.0,69.8,68.85,69.4,27833190
AAPL.US,2023-12-13,195.09,198.0,194.85,197.96,70404183
BABA.US,2023-12-13,70.91,71.48,70.12,71.46,21721644
JPM.US,2023-12-13,160.52,162.03,159.77,161.06,12379098
KO.US,2023-12-13,59.45,60.02,59.26,59.93,16196752
MSFT.US,2023-12-13,376.02,377.64,370.77,374.37,30955531
XOM.US,2023-12-13,98.04,99.03,97.66,98.92,19915444
0005.HK,2023-12-14,61.0,61.35,60.7,61.0,15025329
0700.HK,2023-12-14,310.0,314.0,304.6,306.4,17198776
1810.HK,2023-12-14,15.7,16.34,15.7,15.96,136139527
3690.HK,2023-12-14,83.8,84.5,81.2,81.75,26137737
9988.HK,2023-12-14,69.55,70.6,68.6,69.1,44998398
AAPL.US,2023-12-14,198.02,199.62,196.16,198.11,66831572
BABA.US,2023-12-14,71.47,73.24,71.42,72.51,25199289
JPM.US,2023-12-14,161.83,164.84,161.71,163.99,13642990
KO.US,2023-12-14,59.97,60.04,58.77,59.04,22478308
MSFT.US,2023-12-14,373.31,373.76,364.13,365.93,43277461
XOM.US,2023-12-14,99.85,102.14,99.72,101.58,26165653
0005.HK,2023-12-15,61.0,61.6,60.9,61.35,18382310
0700.HK,2023-12-15,311.0,319.4,309.0,314.4,30917917
1810.HK,2023-12-15,16.0,16.28,15.86,15.98,106577327
3690.HK,2023-12-15,82.45,87.5,82.4,84.95,61429877
9988.HK,2023-12-15,70.4,72.95,70.4,71.65,62228683
AAPL.US,2023-12-15,197.53,198.4,197.0,197.57,128538401
BABA.US,2023-12-15,74.0,75.55,73.32,74.51,31327519
JPM.US,2023-12-15,163.08,165.28,162.39,165.23,20309348
KO.US,2023-12-15,58.83,59.17,57.8,58.6,65177382
MSFT.US,2023-12-15,366.85,372.4,366.28,370.73,78502324
XOM.US,2023-12-15,100.59,101.0,100.31,100.9,55527018
0005.HK,2023-12-18,60.5,60.5,60.0,60.35,15270566
0700.HK,2023-12-18,309.6,312.6,309.6,311.6,12094993
1810.HK,2023-12-18,15.98,16.32,15.76,15.9,60185771
3690.HK,2023-12-18,83.65,84.4,82.6,83.15,28002417
9988.HK,2023-12-18,71.9,72.8,71.7,72.1,37723193
AAPL.US,2023-12-18,196.09,196.63,194.39,195.89,55751861
BABA.US,2023-12-18,74.05,74.23,73.21,73.84,17233510
JPM.US,2023-12-18,165.92,167.13,165.63,166.23,8469608
KO.US,2023-12-18,58.8,59.49,58.62,59.02,16717657
MSFT.US,2023-12-18,369.45,373.0,368.68,372.65,21802878
XOM.US,2023-12-18,102.13,103.11,101.52,101.65,21610428
0005.HK,2023-12-19,60.15,60.5,59.9,60.3,6039241
0700.HK,2023-12-19,311.0,314.4,306.6,311.8,12530326
1810.HK,2023-12-19,15.88,16.32,15.84,16.14,77957733
3690.HK,2023-12-19,81.65,82.15,76.2,78.45,93956024
9988.HK,2023-12-19,71.85,72.15,71.15,71.65,31969362
AAPL.US,2023-12-19,196.16,196.95,195.89,196.94,40714051
BABA.US,2023-12-19,74.4,76.01,74.22,75.39,20939297
JPM.US,2023-12-19,166.0,168.47,165.55,168.45,10345691
KO.US,2023-12-19,59.0,59.2,58.64,58.83,14612202
MSFT.US,2023-12-19,371.49,373.26,369.84,373.26,20603658
XOM.US,2023-12-19,102.0,103.19,101.79,102.99,18904662
0005.HK,2023-12-20,60.6,61.35,60.6,61.2,14560834
0700.HK,2023-12-20,316.2,318.2,312.2,314.2,14187408
1810.HK,2023-12-20,16.26,16.36,16.0,16.12,62375549
3690.HK,2023-12-20,79.6,79.9,77.9,78.8,41943164
9988.HK,2023-12-20,72.65,73.7,72.25,72.55,44579808
AAPL.US,2023-12-20,196.9,197.68,194.83,194.83,52242815
BABA.US,2023-12-20,74.58,75.3,73.33,73.35,27540228
JPM.US,2023-12-20,167.99,169.41,166.45,166.55,10734709
KO.US,2023-12-20,58.5,58.67,57.57,57.61,17700996
MSFT.US,2023-12-20,375.0,376.03,370.53,370.62,26316650
XOM.US,2023-12-20,103.5,103.94,101.13,101.27,20988863
0005.HK,2023-12-21,60.5,61.3,60.5,61.25,7873148
0700.HK,2023-12-21,309.2,313.6,309.0,312.6,10167030
1810.HK,2023-12-21,15.9,16.0,15.6,15.96,64563507
3690.HK,2023-12-21,76.7,80.75,76.2,79.7,35084557
9988.HK,2023-12-21,72.25,73.55,72.0,73.35,34236257
AAPL.US,2023-12-21,196.1,197.08,193.5,194.68,46482549
BABA.US,2023-12-21,74.86,76.29,74.35,76.26,20812090
JPM.US,2023-12-21,166.84,168.09,165.68,167.5,7601678
KO.US,2023-12-21,57.85,58.07,57.47,57.99,11725123
MSFT.US,2023-12-21,372.56,374.41,370.04,373.54,17708006
XOM.US,2023-12-21,101.47,102.01,100.81,101.73,19250933
0005.HK,2023-12-22,61.4,62.0,61.25,61.8,18340964
0700.HK,2023-12-22,317.0,317.0,263.6,274.0,147014902
1810.HK,2023-12-22,15.98,16.1,15.52,15.68,91757167
3690.HK,2023-12-22,79.6,80.4,76.0,76.6,48774861
9988.HK,2023-12-22,74.2,74.8,71.65,71.85,59400452
AAPL.US,2023-12-22,195.18,195.41,192.97,193.6,37149570
BABA.US,2023-12-22,74.5,75.68,74.44,75.28,20004348
JPM.US,2023-12-22,167.5,168.23,167.23,167.4,6576322
KO.US,2023-12-22,58.12,58.46,58.02,58.32,9029440
MSFT.US,2023-12-22,373.68,375.18,372.71,374.58,17107484
XOM.US,2023-12-22,102.31,102.94,101.82,101.91,12927831
AAPL.US,2023-12-26,193.61,193.89,192.83,193.05,28919310
BABA.US,2023-12-26,76.16,76.97,75.73,75.85,13121280
JPM.US,2023-12-26,167.46,168.77,167.18,168.39,4683605
KO.US,2023-12-26,58.06,58.71,58.06,58.56,6422531
MSFT.US,2023-12-26,375.0,376.94,373.5,374.66,12673050
XOM.US,2023-12-26,102.74,103.03,102.12,102.14,16835144
0005.HK,2023-12-27,62.5,62.8,62.05,62.55,17552636
0700.HK,2023-12-27,282.2,291.0,282.2,285.0,64471032
1810.HK,2023-12-27,15.96,16.54,15.68,16.32,127850403
3690.HK,2023-12-27,78.5,78.95,76.35,78.3,27957023
9988.HK,2023-12-27,73.5,74.3,72.85,73.8,36876901
AAPL.US,2023-12-27,192.49,193.5,191.09,193.15,48087681
BABA.US,2023-12-27,76.28,76.45,75.41,76.11,14904479
JPM.US,2023-12-27,167.84,169.47,167.58,169.4,6428643
KO.US,2023-12-27,58.64,58.77,58.4,58.71,8560060
MSFT.US,2023-12-27,373.69,375.06,372.81,374.07,14905412
XOM.US,2023-12-27,102.04,102.55,101.34,101.66,14558830
0005.HK,2023-12-28,63.0,63.3,62.85,63.15,23679787
0700.HK,2023-12-28,285.0,295.6,284.8,293.0,37840686
1810.HK,2023-12-28,16.4,16.7,16.04,16.28,155342841
3690.HK,2023-12-28,78.45,84.15,78.15,82.35,49732197
9988.HK,2023-12-28,73.8,76.15,73.65,75.85,49312462
AAPL.US,2023-12-28,194.14,194.66,193.17,193.58,34049898
BABA.US,2023-12-28,77.23,77.79,76.98,77.24,18937893
JPM.US,2023-12-28,169.35,170.66,169.0,170.3,6320129
KO.US,2023-12-28,58.65,58.87,58.53,58.75,8400138
MSFT.US,2023-12-28,375.37,376.46,374.16,375.28,14327013
XOM.US,2023-12-28,101.39,101.61,100.13,100.19,16329252
0005.HK,2023-12-29,63.0,63.3,62.75,63.0,11249734
0700.HK,2023-12-29,295.0,295.8,289.6,293.6,19624685
1810.HK,2023-12-29,16.36,16.36,15.28,15.6,184891499
3690.HK,2023-12-29,84.0,84.25,81.6,81.9,24613929
9988.HK,2023-12-29,76.0,76.05,75.05,75.6,26301974
AAPL.US,2023-12-29,193.9,194.4,191.73,192.53,42672148
BABA.US,2023-12-29,77.06,77.64,76.82,77.51,14094635
JPM.US,2023-12-29,170.0,170.69,169.63,170.1,6435102
KO.US,2023-12-29,58.74,58.98,58.63,58.93,9244339
MSFT.US,2023-12-29,376.0,377.16,373.48,376.04,18730838
XOM.US,2023-12-29,100.37,100.59,99.62,99.98,17746408
0005.HK,2024-01-02,63.4,63.4,62.55,62.95,11300472
0700.HK,2024-01-02,300.0,305.0,294.4,296.6,23354069
1810.HK,2024-01-02,15.6,15.6,15.24,15.48,60637820
3690.HK,2024-01-02,82.75,83.2,78.65,79.4,22897005
9988.HK,2024-01-02,76.1,76.2,74.15,74.7,28567849
AAPL.US,2024-01-02,187.15,188.44,183.89,185.64,82488674
BABA.US,2024-01-02,76.05,76.08,74.51,74.76,21739596
JPM.US,2024-01-02,169.09,172.17,168.91,172.08,9977424
KO.US,2024-01-02,58.8,59.88,58.67,59.82,16322593
MSFT.US,2024-01-02,373.86,375.9,366.77,370.87,25258633
XOM.US,2024-01-02,100.92,103.1,100.85,102.36,23483049
0005.HK,2024-01-03,62.15,62.7,61.85,62.7,11954042
0700.HK,2024-01-03,294.0,301.6,292.4,300.6,20391718
1810.HK,2024-01-03,15.28,15.46,14.76,14.98,113158917
3690.HK,2024-01-03,77.45,78.5,77.45,78.0,21074008
9988.HK,2024-01-03,73.4,73.4,72.6,73.3,37529342
AAPL.US,2024-01-03,184.22,185.88,183.43,184.25,58414460
BABA.US,2024-01-03,74.33,76.69,74.07,76.59,24444642
JPM.US,2024-01-03,171.86,172.04,170.37,171.33,9852335
KO.US,2024-01-03,59.93,60.2,59.76,59.96,14830634
MSFT.US,2024-01-03,369.01,373.26,368.51,370.6,23083465
XOM.US,2024-01-03,102.27,103.62,101.66,103.22,23490779
0005.HK,2024-01-04,62.05,62.4,61.75,62.2,15352782
0700.HK,2024-01-04,304.4,304.4,298.0,298.8,20217430
1810.HK,2024-01-04,14.9,15.14,14.74,15.08,53881228
3690.HK,2024-01-04,78.0,78.45,76.05,77.5,24609222
9988.HK,2024-01-04,74.0,74.2,73.3,74.05,37563294
AAPL.US,2024-01-04,182.15,183.09,180.88,181.91,71983570
BABA.US,2024-01-04,75.56,75.73,74.44,74.66,18454887
JPM.US,2024-01-04,170.64,173.35,170.54,171.41,11972545
KO.US,2024-01-04,60.05,60.26,59.66,59.76,12912926
MSFT.US,2024-01-04,370.67,373.1,367.17,367.94,20901502
XOM.US,2024-01-04,104.08,104.57,102.05,102.32,19395154
0005.HK,2024-01-05,62.0,62.8,61.9,62.35,9448999
0700.HK,2024-01-05,295.4,296.6,289.6,292.2,23745017
1810.HK,2024-01-05,14.86,15.12,14.82,14.94,55909939
3690.HK,2024-01-05,76.8,79.6,76.2,77.75,19320699
9988.HK,2024-01-05,73.05,73.05,71.4,71.65,52087626
AAPL.US,2024-01-05,181.99,182.76,180.17,181.18,62379661
BABA.US,2024-01-05,74.0,74.0,72.86,73.01,21725165
JPM.US,2024-01-05,171.47,173.38,171.47,172.27,10066029
KO.US,2024-01-05,59.8,59.95,59.09,59.67,10412798
MSFT.US,2024-01-05,368.97,372.06,366.5,367.75,21004575
XOM.US,2024-01-05,103.17,103.4,102.13,102.63,15827392
0005.HK,2024-01-08,63.0,63.4,62.3,62.65,18366385
0700.HK,2024-01-08,294.4,294.6,285.2,288.0,16718452
1810.HK,2024-01-08,14.9,14.96,14.04,14.36,125148672
3690.HK,2024-01-08,77.75,77.75,73.55,73.95,32722832
9988.HK,2024-01-08,71.3,71.35,69.65,70.35,34239253
AAPL.US,2024-01-08,182.09,185.6,181.5,185.56,59144470
BABA.US,2024-01-08,71.25,73.06,70.92,72.88,21999986
JPM.US,2024-01-08,172.02,172.36,169.49,172.02,11229916
KO.US,2024-01-08,59.68,60.18,59.42,60.11,11554634
MSFT.US,2024-01-08,369.3,375.2,369.01,374.69,23133967
XOM.US,2024-01-08,100.73,101.04,98.9,100.92,23370127
0005.HK,2024-01-09,63.55,63.85,63.4,63.45,22773093
0700.HK,2024-01-09,286.0,289.2,283.4,283.6,16927478
1810.HK,2024-01-09,14.44,14.68,14.2,14.34,64814175
3690.HK,2024-01-09,74.05,75.15,70.4,70.55,52400400
9988.HK,2024-01-09,70.25,71.1,69.55,69.75,50769600
AAPL.US,2024-01-09,183.92,185.15,182.73,185.14,42841809
BABA.US,2024-01-09,71.25,72.12,70.96,72.02,21451778
JPM.US,2024-01-09,171.62,171.79,170.1,170.66,9923630
KO.US,2024-01-09,59.99,60.14,59.62,60.0,10493653
MSFT.US,2024-01-09,372.01,375.99,371.19,375.79,20829953
XOM.US,2024-01-09,101.29,101.29,99.19,99.67,19496647
0005.HK,2024-01-10,62.85,63.35,62.75,62.9,14047387
0700.HK,2024-01-10,282.0,285.2,276.8,280.2,19146068
1810.HK,2024-01-10,14.28,14.3,13.84,14.1,75082322
3690.HK,2024-01-10,70.0,72.85,69.55,71.75,45733628
9988.HK,2024-01-10,69.9,70.35,68.9,69.3,52717505
AAPL.US,2024-01-10,184.35,186.4,183.92,186.19,46792908
BABA.US,2024-01-10,71.38,71.78,71.05,71.41,19540004
JPM.US,2024-01-10,170.0,171.08,168.95,171.02,9670218
KO.US,2024-01-10,60.22,60.41,59.98,60.2,12257983
MSFT.US,2024-01-10,376.37,384.17,376.32,382.77,25514245
XOM.US,2024-01-10,99.8,99.8,98.16,98.69,18206088
0005.HK,2024-01-11,62.75,63.3,62.55,63.0,9479944
0700.HK,2024-01-11,280.6,292.4,280.0,287.4,20604580
1810.HK,2024-01-11,14.1,14.62,13.92,14.48,109090904
3690.HK,2024-01-11,72.65,77.05,72.4,75.6,56259716
9988.HK,2024-01-11,69.4,71.9,69.05,70.85,44861174
AAPL.US,2024-01-11,186.54,187.05,183.62,185.59,49128408
BABA.US,2024-01-11,72.55,73.13,71.53,72.38,18095272
JPM.US,2024-01-11,170.33,170.36,168.64,170.3,11919498
KO.US,2024-01-11,60.25,60.26,59.69,59.81,13754232
MSFT.US,2024-01-11,386.0,390.68,380.38,384.63,27850846
XOM.US,2024-01-11,99.04,99.5,98.56,98.67,15833360
0005.HK,2024-01-12,61.5,61.65,61.1,61.5,25360105
0700.HK,2024-01-12,285.6,293.0,284.8,288.4,15770055
1810.HK,2024-01-12,14.32,14.44,14.14,14.3,67762190
3690.HK,2024-01-12,74.95,77.1,74.6,75.25,34751944
9988.HK,2024-01-12,70.4,71.75,70.1,70.55,28180147
AAPL.US,2024-01-12,186.06,186.74,185.19,185.92,40477782
BABA.US,2024-01-12,72.59,73.43,71.81,71.84,16147285
JPM.US,2024-01-12,173.8,176.31,168.9,169.05,19436504
KO.US,2024-01-12,60.08,60.46,59.87,60.39,13218008
MSFT.US,2024-01-12,385.49,388.68,384.65,388.47,21661153
XOM.US,2024-01-12,100.14,100.65,99.17,99.95,18041683
0005.HK,2024-01-15,61.1,61.4,60.85,60.95,15966084
0700.HK,2024-01-15,290.0,293.8,287.6,289.4,16334371
1810.HK,2024-01-15,14.42,14.46,14.04,14.2,49517097
3690.HK,2024-01-15,75.25,76.9,73.6,75.65,34093032
9988.HK,2024-01-15,70.1,70.8,69.4,70.0,19966338
0005.HK,2024-01-16,59.6,59.7,59.1,59.1,32140858
0700.HK,2024-01-16,283.8,288.8,280.0,282.4,22236094
1810.HK,2024-01-16,14.08,14.2,13.7,13.82,81583680
3690.HK,2024-01-16,73.85,76.2,72.55,73.9,42021462
9988.HK,2024-01-16,68.85,70.0,68.05,68.4,42678068
AAPL.US,2024-01-16,182.16,184.26,180.93,183.63,65603041
BABA.US,2024-01-16,70.13,70.53,69.3,69.46,27606901
JPM.US,2024-01-16,164.87,168.09,164.3,167.99,17206420
KO.US,2024-01-16,60.39,60.43,59.85,59.99,11826910
MSFT.US,2024-01-16,393.66,394.03,387.62,390.27,27202268
XOM.US,2024-01-16,99.82,100.01,97.53,97.69,20235699
0005.HK,2024-01-17,58.8,58.9,57.8,57.95,22319020
0700.HK,2024-01-17,277.0,278.8,272.2,274.6,36114167
1810.HK,2024-01-17,13.68,13.7,12.9,13.14,184245293
3690.HK,2024-01-17,72.45,72.6,68.15,68.75,70999330
9988.HK,2024-01-17,68.0,68.0,65.1,65.65,68277439
AAPL.US,2024-01-17,181.27,182.93,180.3,182.68,47317433
BABA.US,2024-01-17,67.72,69.0,67.26,68.93,22684440
JPM.US,2024-01-17,167.34,169.07,166.49,167.09,11107466
KO.US,2024-01-17,59.86,60.21,59.82,59.99,8982132
MSFT.US,2024-01-17,387.98,390.11,384.81,389.47,22234108
XOM.US,2024-01-17,96.6,97.96,96.58,96.98,18384015
0005.HK,2024-01-18,57.95,58.9,57.8,58.55,19560544
0700.HK,2024-01-18,274.6,279.2,271.2,277.6,24604079
1810.HK,2024-01-18,13.02,13.48,12.72,13.32,111819184
3690.HK,2024-01-18,69.15,71.55,68.35,69.8,60041641
9988.HK,2024-01-18,67.1,67.4,66.15,66.65,57626977
AAPL.US,2024-01-18,186.09,189.14,185.83,188.63,78005754
BABA.US,2024-01-18,68.6,69.08,68.0,68.05,19306968
JPM.US,2024-01-18,167.12,167.53,165.24,167.42,9382255
KO.US,2024-01-18,59.69,60.23,59.53,60.16,10397682
MSFT.US,2024-01-18,391.72,393.99,390.12,393.87,23392068
XOM.US,2024-01-18,97.0,97.09,95.82,96.8,20940275
0005.HK,2024-01-19,58.9,59.15,58.35,58.65,13658299
0700.HK,2024-01-19,275.0,282.6,268.2,271.2,26897479
1810.HK,2024-01-19,13.3,13.36,13.0,13.18,70030994
3690.HK,2024-01-19,69.6,71.3,68.35,68.65,40400550
9988.HK,2024-01-19,66.1,66.85,65.15,65.55,54296782
AAPL.US,2024-01-19,189.33,191.95,188.82,191.56,68902985
BABA.US,2024-01-19,67.2,69.91,66.92,69.42,34547701
JPM.US,2024-01-19,167.55,170.57,167.08,170.31,13115664
KO.US,2024-01-19,60.26,60.28,59.64,59.83,14392600
MSFT.US,2024-01-19,395.76,398.67,393.5,398.67,29331136
XOM.US,2024-01-19,96.72,97.02,96.41,96.95,20088432
0005.HK,2024-01-22,59.05,59.05,57.9,58.5,16322492
0700.HK,2024-01-22,270.6,271.6,260.2,262.2,33654810
1810.HK,2024-01-22,13.24,13.5,12.64,12.98,87016435
3690.HK,2024-01-22,68.6,68.65,64.3,65.4,61089885
9988.HK,2024-01-22,67.1,67.2,64.6,65.45,74043690
AAPL.US,2024-01-22,192.3,195.33,192.26,193.89,60133852
BABA.US,2024-01-22,67.28,68.74,66.63,68.63,27294183
JPM.US,2024-01-22,170.46,171.98,169.71,170.11,12837505
KO.US,2024-01-22,59.76,60.07,59.44,59.57,14314265
MSFT.US,2024-01-22,400.02,400.62,393.59,396.51,27016902
XOM.US,2024-01-22,96.7,97.1,95.77,96.82,19955946
0005.HK,2024-01-23,59.1,59.65,58.95,59.2,17567512
0700.HK,2024-01-23,266.8,278.2,263.2,272.0,35610787
1810.HK,2024-01-23,13.0,13.48,12.8,13.22,92309898
3690.HK,2024-01-23,65.65,69.4,63.45,66.3,65894453
9988.HK,2024-01-23,66.6,69.35,66.3,67.65,74570912
AAPL.US,2024-01-23,195.02,195.75,193.83,195.18,42355590
BABA.US,2024-01-23,72.76,74.5,72.55,74.02,53017674
JPM.US,2024-01-23,169.67,169.75,168.44,168.99,8360829
KO.US,2024-01-23,59.53,60.0,59.46,59.85,14481643
MSFT.US,2024-01-23,395.75,399.38,393.93,398.9,20525882
XOM.US,2024-01-23,96.81,98.5,96.73,97.91,15863433
0005.HK,2024-01-24,59.1,60.05,59.1,59.95,15688743
0700.HK,2024-01-24,279.6,284.4,272.2,281.8,33863638
1810.HK,2024-01-24,13.32,13.78,13.14,13.7,109448247
3690.HK,2024-01-24,69.15,70.75,67.3,70.3,61021190
9988.HK,2024-01-24,71.7,73.0,70.15,72.6,103474200
AAPL.US,2024-01-24,195.42,196.38,194.34,194.5,53631316
BABA.US,2024-01-24,75.29,75.62,74.22,75.2,36503319
JPM.US,2024-01-24,169.36,171.01,168.86,170.5,9967060
KO.US,2024-01-24,59.8,59.81,58.89,58.91,16370484
MSFT.US,2024-01-24,401.54,405.63,400.45,402.56,24866953
XOM.US,2024-01-24,98.32,99.65,97.74,99.6,17330646
0005.HK,2024-01-25,59.95,60.85,59.65,60.4,15648819
0700.HK,2024-01-25,285.0,292.0,280.8,290.8,34160783
1810.HK,2024-01-25,13.7,13.9,13.4,13.74,84263209
3690.HK,2024-01-25,70.3,70.5,67.3,69.4,44747046
9988.HK,2024-01-25,73.0,73.7,71.9,73.35,64649639
AAPL.US,2024-01-25,195.22,196.27,193.11,194.17,54822126
BABA.US,2024-01-25,75.19,75.5,73.56,73.85,23268568
JPM.US,2024-01-25,172.31,172.99,170.91,172.94,8873481
KO.US,2024-01-25,59.01,59.17,58.66,59.16,14899712
MSFT.US,2024-01-25,404.32,407.01,402.53,404.87,21021155
XOM.US,2024-01-25,100.31,102.18,99.62,102.13,22089510
0005.HK,2024-01-26,60.45,60.75,60.35,60.7,11265141
0700.HK,2024-01-26,288.2,290.2,281.2,282.8,24815795
1810.HK,2024-01-26,13.62,13.76,13.1,13.2,97820581
3690.HK,2024-01-26,68.5,68.75,66.05,66.7,37208078
9988.HK,2024-01-26,72.4,72.6,70.25,70.9,60517346
AAPL.US,2024-01-26,194.27,194.76,191.94,192.42,44594011
BABA.US,2024-01-26,73.1,74.72,72.92,74.01,19418234
JPM.US,2024-01-26,172.61,173.06,171.78,172.28,7442955
KO.US,2024-01-26,59.25,59.49,59.13,59.37,13025072
MSFT.US,2024-01-26,404.37,406.17,402.43,403.93,17803271
XOM.US,2024-01-26,101.97,103.08,101.19,103.0,20817240
0005.HK,2024-01-29,61.0,61.65,61.0,61.35,17498829
0700.HK,2024-01-29,286.0,288.4,279.4,282.0,20159014
1810.HK,2024-01-29,13.28,13.44,13.16,13.3,64841120
3690.HK,2024-01-29,67.35,68.3,65.55,67.3,27797193
9988.HK,2024-01-29,72.2,73.5,72.1,72.6,52527482
AAPL.US,2024-01-29,192.01,192.2,189.58,191.73,47145622
BABA.US,2024-01-29,74.67,74.81,72.83,73.58,17537439
JPM.US,2024-01-29,172.24,172.84,171.3,172.73,6971192
KO.US,2024-01-29,59.34,59.79,59.17,59.73,14547070
MSFT.US,2024-01-29,406.06,409.98,404.33,409.72,24510236
XOM.US,2024-01-29,102.98,103.2,101.86,103.13,18317549
0005.HK,2024-01-30,61.2,61.5,60.75,61.35,17307137
0700.HK,2024-01-30,277.2,280.0,273.0,273.8,21505998
1810.HK,2024-01-30,13.0,13.16,12.8,12.9,82926712
3690.HK,2024-01-30,66.0,66.6,65.05,65.4,28952811
9988.HK,2024-01-30,71.65,72.0,70.75,71.15,39880218
AAPL.US,2024-01-30,190.94,191.8,187.47,188.04,55859370
BABA.US,2024-01-30,72.46,73.07,72.09,72.32,17089647
JPM.US,2024-01-30,172.83,176.76,172.83,176.27,10822075
KO.US,2024-01-30,59.85,60.02,59.45,59.9,22061536
MSFT.US,2024-01-30,412.26,413.05,406.45,408.59,33477610
XOM.US,2024-01-30,102.41,104.88,102.1,104.85,19610934
0005.HK,2024-01-31,61.6,61.6,61.1,61.25,10601021
0700.HK,2024-01-31,273.8,278.0,268.4,270.6,20052974
1810.HK,2024-01-31,12.86,12.92,12.14,12.32,141795486
3690.HK,2024-01-31,65.15,65.4,61.9,62.55,41410699
9988.HK,2024-01-31,70.95,71.0,69.15,69.55,51391419
AAPL.US,2024-01-31,187.04,187.1,184.35,184.4,55467803
BABA.US,2024-01-31,71.5,72.94,71.5,72.17,15743608
JPM.US,2024-01-31,176.2,178.3,174.34,174.36,11521820
KO.US,2024-01-31,60.1,60.45,59.29,59.49,22836998
MSFT.US,2024-01-31,406.96,415.32,397.21,397.58,47871097
XOM.US,2024-01-31,104.74,104.88,102.77,102.81,22415291
0005.HK,2024-02-01,61.35,61.45,60.75,60.9,12401886
0700.HK,2024-02-01,270.0,277.8,268.0,271.6,17329472
1810.HK,2024-02-01,12.26,12.58,12.02,12.38,79821509
3690.HK,2024-02-01,62.95,65.9,62.55,64.1,31904342
9988.HK,2024-02-01,70.2,72.65,69.75,71.05,50417313
AAPL.US,2024-02-01,183.99,186.95,183.82,186.86,64885408
BABA.US,2024-02-01,73.16,73.47,72.12,72.46,14445829
JPM.US,2024-02-01,173.64,174.84,171.43,173.73,9354798
KO.US,2024-02-01,59.57,61.01,59.36,60.98,15870884
MSFT.US,2024-02-01,401.83,408.0,401.8,403.78,30657726
XOM.US,2024-02-01,103.57,104.01,101.62,102.39,19240687
0005.HK,2024-02-02,61.0,61.6,60.9,61.35,12338764
0700.HK,2024-02-02,284.6,287.6,275.0,279.4,31053753
1810.HK,2024-02-02,12.54,12.66,12.08,12.2,69558141
3690.HK,2024-02-02,67.0,67.0,62.85,63.25,35526659
9988.HK,2024-02-02,72.0,72.75,70.05,70.7,34666865
AAPL.US,2024-02-02,179.86,187.33,179.25,185.85,102551680
BABA.US,2024-02-02,72.13,72.23,71.05,71.85,18824232
JPM.US,2024-02-02,173.3,175.82,173.26,174.73,8607839
KO.US,2024-02-02,60.82,60.87,60.23,60.54,17544906
MSFT.US,2024-02-02,403.81,412.65,403.56,411.22,28256670
XOM.US,2024-02-02,103.75,104.0,101.61,101.97,21973405
0005.HK,2024-02-05,60.7,61.35,60.45,61.05,13776855
0700.HK,2024-02-05,278.4,283.4,273.8,279.6,20456590
1810.HK,2024-02-05,11.94,12.36,11.84,12.12,81606974
3690.HK,2024-02-05,61.2,66.75,61.1,65.05,44622116
9988.HK,2024-02-05,69.05,71.5,69.05,70.65,38569568
AAPL.US,2024-02-05,188.15,189.25,185.84,187.68,69668820
BABA.US,2024-02-05,72.17,75.15,71.86,74.63,27721028
JPM.US,2024-02-05,173.86,175.09,172.92,174.5,7820160
KO.US,2024-02-05,60.38,60.38,59.88,60.04,12759569
MSFT.US,2024-02-05,409.9,411.16,403.99,405.65,25352286
XOM.US,2024-02-05,101.45,102.38,100.5,101.55,17190890
0005.HK,2024-02-06,60.9,61.85,60.75,61.7,18917095
0700.HK,2024-02-06,279.8,292.6,279.6,290.8,28856902
1810.HK,2024-02-06,12.12,12.96,12.12,12.9,119306507
3690.HK,2024-02-06,64.7,69.55,64.7,69.25,57567225
9988.HK,2024-02-06,72.8,76.7,72.65,76.0,109957108
AAPL.US,2024-02-06,186.86,189.31,186.77,189.3,43490759
BABA.US,2024-02-06,77.05,78.34,75.73,78.23,39361024
JPM.US,2024-02-06,174.61,175.87,173.76,175.1,6765684
KO.US,2024-02-06,59.96,60.05,59.68,59.94,12777150
MSFT.US,2024-02-06,405.88,407.97,402.91,405.49,18382624
XOM.US,2024-02-06,102.07,103.04,101.57,102.25,13353286
0005.HK,2024-02-07,62.0,62.55,61.8,62.15,18416220
0700.HK,2024-02-07,295.0,297.0,288.8,292.2,26343654
1810.HK,2024-02-07,12.96,13.14,12.58,12.7,95271998
3690.HK,2024-02-07,70.3,72.45,67.75,68.25,47795239
9988.HK,2024-02-07,76.85,77.05,74.55,74.9,62186756
AAPL.US,2024-02-07,190.64,191.05,188.61,189.41,53438955
BABA.US,2024-02-07,74.56,76.17,73.15,73.64,53766279
JPM.US,2024-02-07,175.69,175.87,173.96,175.43,7225478
KO.US,2024-02-07,60.07,60.21,59.94,59.99,10259892
MSFT.US,2024-02-07,407.44,414.3,407.4,414.05,22340526
XOM.US,2024-02-07,102.25,102.73,101.18,102.22,13826832
0005.HK,2024-02-08,62.0,62.2,61.45,61.65,14559381
0700.HK,2024-02-08,290.0,293.2,286.4,287.2,17910672
1810.HK,2024-02-08,12.68,12.82,12.52,12.62,59019381
3690.HK,2024-02-08,68.15,69.85,67.2,68.15,29755332
9988.HK,2024-02-08,71.35,71.9,69.4,70.3,113581630
AAPL.US,2024-02-08,189.39,189.54,187.35,188.32,40962046
BABA.US,2024-02-08,71.89,73.2,70.65,70.78,33070577
JPM.US,2024-02-08,175.0,175.31,173.57,174.8,6060285
KO.US,2024-02-08,59.89,59.97,59.41,59.83,12874761
MSFT.US,2024-02-08,414.05,415.56,412.53,414.11,21225257
XOM.US,2024-02-08,102.34,104.42,102.11,103.97,19636898
0005.HK,2024-02-09,61.05,61.4,60.65,61.35,8378605
0700.HK,2024-02-09,284.6,287.4,281.4,287.2,6732059
1810.HK,2024-02-09,12.3,12.46,12.12,12.44,26950926
3690.HK,2024-02-09,67.1,68.25,66.25,67.3,7218799
9988.HK,2024-02-09,68.5,69.5,68.05,69.3,42137510
AAPL.US,2024-02-09,188.65,189.99,188.0,188.85,45155216
BABA.US,2024-02-09,70.8,72.09,70.0,72.02,18998382
JPM.US,2024-02-09,175.0,175.1,173.67,175.01,6296729
KO.US,2024-02-09,59.47,59.58,59.03,59.56,15235251
MSFT.US,2024-02-09,415.25,420.82,415.09,420.55,22032844
XOM.US,2024-02-09,104.1,104.84,101.7,101.77,20410510
AAPL.US,2024-02-12,188.42,188.67,186.79,187.15,41781934
BABA.US,2024-02-12,72.31,74.13,72.31,73.14,18151149
JPM.US,2024-02-12,174.78,176.81,173.7,175.79,8539316
KO.US,2024-02-12,59.66,59.76,58.96,59.7,13516782
MSFT.US,2024-02-12,420.56,420.74,414.75,415.26,21202921
XOM.US,2024-02-12,102.16,103.4,102.0,103.17,18173061
AAPL.US,2024-02-13,185.77,186.21,183.51,185.04,56529529
BABA.US,2024-02-13,71.96,73.03,71.42,71.6,13560582
JPM.US,2024-02-13,175.32,176.23,172.62,174.26,8397631
KO.US,2024-02-13,59.5,60.66,58.79,59.35,24195706
MSFT.US,2024-02-13,404.94,410.07,403.39,406.32,27824936
XOM.US,2024-02-13,102.76,103.09,100.6,101.34,18917431
0005.HK,2024-02-14,59.9,60.95,59.7,60.8,13618634
0700.HK,2024-02-14,287.0,291.2,282.0,290.0,11567444
1810.HK,2024-02-14,12.02,12.64,11.94,12.56,29480353
3690.HK,2024-02-14,66.8,71.35,66.1,71.1,26359051
9988.HK,2024-02-14,68.7,70.95,68.3,70.8,42049345
AAPL.US,2024-02-14,185.32,185.53,182.44,184.15,54630517
BABA.US,2024-02-14,72.31,73.41,72.23,73.39,12817470
JPM.US,2024-02-14,175.07,176.1,174.42,176.03,7056664
KO.US,2024-02-14,59.17,59.59,59.04,59.29,15872453
MSFT.US,2024-02-14,408.07,409.84,404.57,409.49,20401190
XOM.US,2024-02-14,101.87,102.62,100.42,100.84,17651253
0005.HK,2024-02-15,60.6,61.6,60.55,61.35,10957515
0700.HK,2024-02-15,288.6,290.0,285.0,285.4,12568028
1810.HK,2024-02-15,12.5,12.8,12.4,12.72,22062099
3690.HK,2024-02-15,70.8,72.2,69.95,71.35,21096630
9988.HK,2024-02-15,70.7,71.9,70.6,71.3,32587285
AAPL.US,2024-02-15,183.55,184.49,181.35,183.86,65434496
BABA.US,2024-02-15,73.22,74.14,73.08,73.82,12078127
JPM.US,2024-02-15,176.15,180.21,176.15,179.87,8723390
KO.US,2024-02-15,59.42,59.59,59.13,59.4,13695848
MSFT.US,2024-02-15,408.14,409.13,404.29,406.56,21825525
XOM.US,2024-02-15,100.6,103.94,100.6,103.73,23196310
0005.HK,2024-02-16,61.75,62.2,61.55,61.95,15013494
0700.HK,2024-02-16,285.6,291.8,280.4,291.8,17215356
1810.HK,2024-02-16,12.72,13.62,12.7,13.42,83130851
3690.HK,2024-02-16,72.5,75.0,70.85,74.65,31111357
9988.HK,2024-02-16,71.8,73.4,71.35,73.0,52343661
AAPL.US,2024-02-16,183.42,184.85,181.67,182.31,49752465
BABA.US,2024-02-16,74.86,75.37,73.9,73.91,16393336
JPM.US,2024-02-16,179.61,179.98,178.16,179.03,8152647
KO.US,2024-02-16,59.35,59.62,58.96,59.39,13947057
MSFT.US,2024-02-16,407.96,408.29,403.44,404.06,22296495
XOM.US,2024-02-16,104.01,104.63,103.52,103.73,20151426
0005.HK,2024-02-19,62.5,62.75,62.35,62.4,25517362
0700.HK,2024-02-19,291.4,291.4,283.8,284.8,15415304
1810.HK,2024-02-19,13.4,13.4,12.8,12.92,86809268
3690.HK,2024-02-19,75.0,75.0,70.4,72.75,39524524
9988.HK,2024-02-19,72.5,72.7,71.5,71.5,29322068
0005.HK,2024-02-20,62.6,62.85,62.45,62.65,16713234
0700.HK,2024-02-20,287.0,287.8,280.4,284.2,15773028
1810.HK,2024-02-20,13.0,13.1,12.74,12.98,55020181
3690.HK,2024-02-20,73.75,74.4,71.7,73.4,21163619
9988.HK,2024-02-20,72.2,72.6,70.8,72.15,32254405
AAPL.US,2024-02-20,181.79,182.43,180.0,181.56,53665553
BABA.US,2024-02-20,73.46,73.67,72.18,73.14,14353321
JPM.US,2024-02-20,179.19,180.46,178.41,179.73,9667959
KO.US,2024-02-20,59.6,60.84,59.51,60.7,18339324
MSFT.US,2024-02-20,403.24,404.49,398.01,402.79,24307915
XOM.US,2024-02-20,103.84,104.12,102.65,102.75,17650010
0005.HK,2024-02-21,63.35,63.45,60.05,60.25,71097052
0700.HK,2024-02-21,280.8,294.6,280.8,288.8,23947218
1810.HK,2024-02-21,12.92,13.64,12.8,13.36,95944593
3690.HK,2024-02-21,73.0,79.15,72.6,77.0,62086475
9988.HK,2024-02-21,71.4,74.2,71.15,72.9,51979465
AAPL.US,2024-02-21,181.94,182.89,180.66,182.32,41529674
BABA.US,2024-02-21,74.48,76.39,74.07,75.58,23533800
JPM.US,2024-02-21,179.95,180.99,178.52,180.9,7027857
KO.US,2024-02-21,60.99,61.28,60.83,61.24,14378264
MSFT.US,2024-02-21,400.17,402.29,397.22,402.18,18631072
XOM.US,2024-02-21,103.02,104.98,102.99,104.85,20999189
0005.HK,2024-02-22,58.75,59.75,58.6,59.6,49445320
0700.HK,2024-02-22,288.2,291.4,286.8,291.4,12441270
1810.HK,2024-02-22,13.36,13.52,13.14,13.4,52235249
3690.HK,2024-02-22,78.25,79.9,75.8,79.75,41887709
9988.HK,2024-02-22,73.7,74.85,73.45,74.85,42773596
AAPL.US,2024-02-22,183.48,184.96,182.46,184.37,52292208
BABA.US,2024-02-22,75.1,76.38,75.0,76.12,14836613
JPM.US,2024-02-22,181.82,183.42,181.24,183.07,9296459
KO.US,2024-02-22,60.99,61.25,60.5,61.15,12982799
MSFT.US,2024-02-22,410.19,412.83,408.57,411.65,27009869
XOM.US,2024-02-22,104.16,105.41,103.45,104.76,20470668
0005.HK,2024-02-23,58.95,59.45,58.8,59.25,34829496
0700.HK,2024-02-23,290.0,296.4,287.0,290.8,13229798
1810.HK,2024-02-23,13.26,13.4,12.98,13.22,56432229
3690.HK,2024-02-23,80.0,81.95,79.5,81.5,49886870
9988.HK,2024-02-23,74.1,75.2,73.75,74.55,27579751
AAPL.US,2024-02-23,185.01,185.04,182.23,182.52,45119677
BABA.US,2024-02-23,76.48,76.94,75.15,75.96,12301721
JPM.US,2024-02-23,183.81,185.2,183.19,183.99,7105833
KO.US,2024-02-23,61.09,61.62,61.0,61.2,13612914
MSFT.US,2024-02-23,415.67,415.86,408.97,410.34,16295879
XOM.US,2024-02-23,103.88,104.09,102.88,103.84,15975888
0005.HK,2024-02-26,59.5,59.75,59.3,59.7,24469894
0700.HK,2024-02-26,287.4,290.2,285.4,287.2,12412426
1810.HK,2024-02-26,13.22,13.36,13.02,13.1,44712709
3690.HK,2024-02-26,81.5,83.0,80.65,81.15,30721936
9988.HK,2024-02-26,74.3,74.7,73.7,74.15,22212373
AAPL.US,2024-02-26,182.24,182.76,180.65,181.16,40867421
BABA.US,2024-02-26,75.62,76.57,75.34,76.51,13973149
JPM.US,2024-02-26,183.75,184.46,182.48,183.36,7145391
KO.US,2024-02-26,61.24,61.27,60.66,60.71,10336096
MSFT.US,2024-02-26,411.46,412.16,407.36,407.54,16193505
XOM.US,2024-02-26,103.72,104.94,103.05,104.25,13360800
0005.HK,2024-02-27,59.4,59.65,59.25,59.65,25551648
0700.HK,2024-02-27,286.2,286.2,278.2,284.6,23612599
1810.HK,2024-02-27,13.12,13.5,12.88,13.48,92877053
3690.HK,2024-02-27,80.8,82.0,77.4,81.65,46228362
9988.HK,2024-02-27,74.45,75.85,73.15,75.5,40440438
AAPL.US,2024-02-27,181.1,183.92,179.56,182.63,54318851
BABA.US,2024-02-27,77.53,78.05,77.25,77.68,14490200
JPM.US,2024-02-27,183.31,183.54,182.24,183.45,5717065
KO.US,2024-02-27,60.54,60.78,60.12,60.34,9931088
MSFT.US,2024-02-27,407.99,408.32,403.85,407.48,14835827
XOM.US,2024-02-27,104.68,105.15,103.85,104.03,16359978
0005.HK,2024-02-28,59.9,60.6,59.75,59.75,36228955
0700.HK,2024-02-28,285.0,285.8,276.4,277.0,25903478
1810.HK,2024-02-28,13.48,13.62,13.04,13.08,77754329
3690.HK,2024-02-28,81.65,82.3,78.2,78.35,39805027
9988.HK,2024-02-28,75.6,76.2,74.1,74.25,42583119
AAPL.US,2024-02-28,182.51,183.12,180.13,181.42,48953939
BABA.US,2024-02-28,76.02,76.18,74.45,74.59,16905340
JPM.US,2024-02-28,183.43,185.2,182.96,184.38,6131608
KO.US,2024-02-28,60.37,60.49,60.06,60.4,8076536
MSFT.US,2024-02-28,408.18,409.3,405.32,407.72,13183125
XOM.US,2024-02-28,104.47,105.43,104.0,104.32,14810486
0005.HK,2024-02-29,60.15,60.85,60.15,60.25,25653195
0700.HK,2024-02-29,275.2,279.0,274.6,277.2,29721885
1810.HK,2024-02-29,13.0,13.36,13.0,13.22,74874764
3690.HK,2024-02-29,77.5,80.85,77.15,79.8,45596242
9988.HK,2024-02-29,72.75,74.1,72.4,72.9,49333481
AAPL.US,2024-02-29,181.27,182.57,179.53,180.75,136682597
BABA.US,2024-02-29,74.68,75.04,73.8,74.03,12549172
JPM.US,2024-02-29,185.66,186.43,183.85,186.06,9643012
KO.US,2024-02-29,60.35,60.64,59.9,60.02,18152651
MSFT.US,2024-02-29,408.64,414.2,405.92,413.64,31947263
XOM.US,2024-02-29,104.68,105.07,104.22,104.52,17566066
0005.HK,2024-03-01,60.85,61.35,60.7,61.2,30001079
0700.HK,2024-03-01,273.0,279.0,271.8,277.4,27952651
1810.HK,2024-03-01,13.0,13.44,12.98,13.32,79997348
3690.HK,2024-03-01,79.0,88.7,78.2,88.4,112823802
9988.HK,2024-03-01,72.0,73.4,71.5,73.05,60262868
AAPL.US,2024-03-01,179.55,180.53,177.38,179.66,73563082
BABA.US,2024-03-01,74.48,75.09,74.37,74.62,11980147
JPM.US,2024-03-01,185.7,186.44,185.1,185.29,6311996
KO.US,2024-03-01,59.9,59.9,59.34,59.53,10927564
MSFT.US,2024-03-01,411.27,415.87,410.88,415.5,17823445
XOM.US,2024-03-01,105.72,106.39,105.38,105.84,18460120
0005.HK,2024-03-04,60.85,60.95,60.5,60.65,32145143
0700.HK,2024-03-04,277.4,280.0,274.8,276.2,13832089
1810.HK,2024-03-04,13.36,13.6,13.26,13.34,53459138
3690.HK,2024-03-04,90.0,92.4,87.45,91.5,80510164
9988.HK,2024-03-04,73.3,73.45,71.5,72.1,55605212
AAPL.US,2024-03-04,176.15,176.9,173.79,175.1,81510101
BABA.US,2024-03-04,73.73,73.73,71.7,72.0,19550071
JPM.US,2024-03-04,184.71,187.59,184.27,186.68,7063605
KO.US,2024-03-04,59.23,59.95,59.22,59.81,10150243
MSFT.US,2024-03-04,413.44,417.35,412.32,414.92,17595956
XOM.US,2024-03-04,105.66,105.85,104.03,104.36,18137989
0005.HK,2024-03-05,60.45,60.95,59.9,60.05,25881330
0700.HK,2024-03-05,270.2,273.2,266.2,268.2,26055083
1810.HK,2024-03-05,13.0,13.06,12.6,12.76,99117229
3690.HK,2024-03-05,89.55,90.2,85.7,86.35,54549058
9988.HK,2024-03-05,70.2,70.9,69.05,69.7,59448363
AAPL.US,2024-03-05,170.76,172.04,169.62,170.12,95132355
BABA.US,2024-03-05,71.25,72.71,71.04,72.07,15804478
JPM.US,2024-03-05,186.36,189.3,186.36,188.55,6617832
KO.US,2024-03-05,59.91,60.11,59.42,59.52,12309959
MSFT.US,2024-03-05,413.96,414.25,400.64,402.65,26919177
XOM.US,2024-03-05,104.53,106.27,104.32,105.64,19952712
0005.HK,2024-03-06,60.55,60.95,60.3,60.5,27812425
0700.HK,2024-03-06,266.0,277.0,265.8,274.6,23289346
1810.HK,2024-03-06,12.72,13.14,12.56,13.04,74670496
3690.HK,2024-03-06,86.45,90.75,85.8,88.7,44220022
9988.HK,2024-03-06,70.55,72.7,70.3,71.85,56159854
AAPL.US,2024-03-06,171.06,171.24,168.68,169.12,68587707
BABA.US,2024-03-06,74.2,74.72,73.61,73.71,19785292
JPM.US,2024-03-06,189.25,190.07,187.63,189.53,7572891
KO.US,2024-03-06,59.52,60.0,59.38,59.55,12378815
MSFT.US,2024-03-06,402.97,405.16,398.39,402.09,22344149
XOM.US,2024-03-06,106.62,107.57,106.15,106.77,20472790
0005.HK,2024-03-07,58.75,59.1,58.5,58.5,16713725
0700.HK,2024-03-07,274.8,275.6,269.2,271.0,17159729
1810.HK,2024-03-07,13.14,13.24,12.7,12.8,43368825
3690.HK,2024-03-07,89.75,90.15,82.45,85.4,55120852
9988.HK,2024-03-07,72.05,72.65,70.1,70.7,42526429
AAPL.US,2024-03-07,169.15,170.73,168.49,169.0,71765061
BABA.US,2024-03-07,72.6,72.76,71.76,72.54,12374675
JPM.US,2024-03-07,189.91,190.5,186.63,187.87,7618277
KO.US,2024-03-07,59.69,59.77,59.24,59.44,13686859
MSFT.US,2024-03-07,406.12,409.78,402.24,409.14,18718479
XOM.US,2024-03-07,106.6,107.98,106.6,107.37,15195406
0005.HK,2024-03-08,58.9,59.25,58.8,58.8,15393017
0700.HK,2024-03-08,272.0,275.6,270.0,270.0,12416156
1810.HK,2024-03-08,12.96,13.36,12.92,13.08,59663848
3690.HK,2024-03-08,84.95,87.85,84.4,84.7,25732322
9988.HK,2024-03-08,70.8,72.35,70.75,71.25,33041436
AAPL.US,2024-03-08,169.0,173.7,168.94,170.73,76267041
BABA.US,2024-03-08,72.81,73.76,72.76,73.55,16430409
JPM.US,2024-03-08,188.44,190.46,187.92,188.22,6172199
KO.US,2024-03-08,59.3,59.79,58.97,59.52,13239013
MSFT.US,2024-03-08,407.96,410.42,404.33,406.22,18002186
XOM.US,2024-03-08,107.23,108.4,106.77,108.38,16281468
0005.HK,2024-03-11,58.6,58.75,58.3,58.35,15094282
0700.HK,2024-03-11,271.2,278.6,271.2,278.6,17866889
1810.HK,2024-03-11,13.04,13.44,13.04,13.4,57531857
3690.HK,2024-03-11,86.05,90.1,85.9,89.2,32784520
9988.HK,2024-03-11,72.15,73.2,72.1,72.8,37032890
AAPL.US,2024-03-11,172.94,174.38,172.05,172.75,60139473
BABA.US,2024-03-11,74.63,76.06,74.55,74.86,13510363
JPM.US,2024-03-11,187.28,188.44,186.22,188.29,5762569
KO.US,2024-03-11,59.78,60.29,59.58,60.24,14114260
MSFT.US,2024-03-11,403.76,405.68,401.26,404.52,16120752
XOM.US,2024-03-11,108.25,109.12,107.34,109.02,17577285
0005.HK,2024-03-12,58.2,58.9,58.1,58.75,24073029
0700.HK,2024-03-12,282.0,292.6,280.2,290.8,36531141
1810.HK,2024-03-12,13.62,15.06,13.6,14.92,295821714
3690.HK,2024-03-12,91.0,94.45,88.45,93.4,65843507
9988.HK,2024-03-12,73.55,75.0,72.95,74.85,73206579
AAPL.US,2024-03-12,173.15,174.03,171.01,173.23,59825372
BABA.US,2024-03-12,75.87,76.48,75.22,76.06,13314717
JPM.US,2024-03-12,188.95,190.16,187.91,189.84,5708384
KO.US,2024-03-12,60.32,60.75,60.21,60.5,12684645
MSFT.US,2024-03-12,407.62,415.57,406.79,415.28,22457003
XOM.US,2024-03-12,109.06,109.28,108.03,108.32,14957247
0005.HK,2024-03-13,58.9,59.8,58.9,59.3,17936453
0700.HK,2024-03-13,291.4,294.0,288.6,290.6,20074418
1810.HK,2024-03-13,14.9,15.18,14.72,14.92,118299566
3690.HK,2024-03-13,94.3,95.5,92.85,94.35,52081620
9988.HK,2024-03-13,74.5,75.05,73.75,74.0,47435359
AAPL.US,2024-03-13,172.77,173.19,170.76,171.13,52488692
BABA.US,2024-03-13,75.94,77.45,75.94,76.39,15319792
JPM.US,2024-03-13,190.36,191.73,189.84,191.38,7795535
KO.US,2024-03-13,60.88,61.21,60.8,61.12,13909460
MSFT.US,2024-03-13,418.1,418.18,411.45,415.1,17115931
XOM.US,2024-03-13,109.14,110.35,109.11,109.53,17122239
0005.HK,2024-03-14,59.2,59.45,59.0,59.05,9212019
0700.HK,2024-03-14,289.4,294.0,286.8,289.2,14227432
1810.HK,2024-03-14,14.9,15.22,14.54,14.76,89957580
3690.HK,2024-03-14,94.5,96.0,91.8,92.9,29698359
9988.HK,2024-03-14,74.3,75.2,72.8,73.45,48282142
AAPL.US,2024-03-14,172.91,174.31,172.05,173.0,72913507
BABA.US,2024-03-14,75.24,75.39,73.23,73.4,18923480
JPM.US,2024-03-14,191.03,191.63,187.1,187.97,10310948
KO.US,2024-03-14,60.58,60.8,60.4,60.5,13996609
MSFT.US,2024-03-14,420.24,427.82,417.99,425.22,34157299
XOM.US,2024-03-14,109.83,111.55,109.69,111.47,22121014
0005.HK,2024-03-15,58.65,58.75,58.2,58.55,15941514
0700.HK,2024-03-15,283.0,286.2,279.6,283.8,29183023
1810.HK,2024-03-15,14.58,14.76,14.28,14.54,106232795
3690.HK,2024-03-15,90.9,91.3,87.1,89.4,60598885
9988.HK,2024-03-15,71.4,72.0,70.8,71.9,66420792
AAPL.US,2024-03-15,171.17,172.62,170.29,172.62,121752699
BABA.US,2024-03-15,73.58,74.13,73.39,73.42,10233671
JPM.US,2024-03-15,186.48,190.94,186.48,190.3,17214229
KO.US,2024-03-15,60.02,60.45,59.64,59.88,36849930
MSFT.US,2024-03-15,419.29,422.6,412.79,416.42,45079903
XOM.US,2024-03-15,110.85,112.3,110.85,111.27,38264401
0005.HK,2024-03-18,59.35,59.7,59.2,59.6,18151375
0700.HK,2024-03-18,282.2,291.4,282.2,289.8,19633305
1810.HK,2024-03-18,14.5,15.04,14.44,14.94,110825105
3690.HK,2024-03-18,89.4,91.85,88.3,90.4,30006515
9988.HK,2024-03-18,71.15,72.5,71.15,72.0,29947868
AAPL.US,2024-03-18,175.57,177.71,173.52,173.72,75604184
BABA.US,2024-03-18,73.42,74.02,73.33,73.52,8542538
JPM.US,2024-03-18,190.63,192.7,189.89,192.66,9013843
KO.US,2024-03-18,59.89,60.4,59.8,60.13,15856686
MSFT.US,2024-03-18,414.25,420.73,413.78,417.32,20105977
XOM.US,2024-03-18,111.79,112.86,111.1,112.3,16770462
0005.HK,2024-03-19,59.6,59.65,59.35,59.5,12611322
0700.HK,2024-03-19,289.0,291.2,285.0,285.0,15635351
1810.HK,2024-03-19,14.92,15.1,14.74,14.86,93986286
3690.HK,2024-03-19,89.9,90.35,87.3,89.2,22526449
9988.HK,2024-03-19,71.25,71.7,70.6,71.1,38328086
AAPL.US,2024-03-19,174.34,176.61,173.03,176.08,55215244
BABA.US,2024-03-19,73.08,73.74,72.85,73.42,8164247
JPM.US,2024-03-19,192.71,193.93,192.38,193.79,8478717
KO.US,2024-03-19,60.24,60.35,60.06,60.23,15030627
MSFT.US,2024-03-19,417.83,421.67,415.55,421.41,19837915
XOM.US,2024-03-19,112.22,113.49,112.06,113.09,14878756
0005.HK,2024-03-20,59.8,59.85,59.6,59.6,10591308
0700.HK,2024-03-20,285.4,290.2,283.0,288.8,15622235
1810.HK,2024-03-20,15.2,15.36,14.36,14.5,135837454
3690.HK,2024-03-20,89.2,89.8,86.6,88.8,23666436
9988.HK,2024-03-20,71.3,71.75,70.35,71.25,30531961
AAPL.US,2024-03-20,175.72,178.67,175.09,178.67,53423102
BABA.US,2024-03-20,73.55,74.33,73.3,74.18,11123241
JPM.US,2024-03-20,194.19,196.56,193.61,196.33,9367043
KO.US,2024-03-20,60.18,60.81,60.16,60.75,15258764
MSFT.US,2024-03-20,422.0,425.96,420.66,425.23,17860085
XOM.US,2024-03-20,112.72,113.4,112.13,112.99,16119703
0005.HK,2024-03-21,60.15,61.1,60.15,60.9,32880101
0700.HK,2024-03-21,295.2,298.2,289.6,291.2,36868686
1810.HK,2024-03-21,14.74,15.02,14.6,14.76,92314676
3690.HK,2024-03-21,90.0,93.4,90.0,92.3,37444742
9988.HK,2024-03-21,72.5,73.25,72.25,72.55,38991190
AAPL.US,2024-03-21,177.05,177.49,170.84,171.37,106181270
BABA.US,2024-03-21,74.3,74.74,73.77,73.83,11860655
JPM.US,2024-03-21,196.52,199.43,196.33,199.06,11203796
KO.US,2024-03-21,60.56,60.99,60.32,60.47,13067077
MSFT.US,2024-03-21,429.83,430.82,427.16,429.37,21296222
XOM.US,2024-03-21,112.92,113.91,112.57,113.49,14878022
0005.HK,2024-03-22,61.2,61.45,60.5,60.95,23199039
0700.HK,2024-03-22,287.4,290.4,282.4,288.8,26432205
1810.HK,2024-03-22,14.78,14.94,14.52,14.8,110507208
3690.HK,2024-03-22,91.65,91.85,86.25,88.25,40590379
9988.HK,2024-03-22,72.2,72.4,70.1,71.0,46657792
AAPL.US,2024-03-22,171.76,173.05,170.06,172.28,71160138
BABA.US,2024-03-22,72.48,72.62,72.04,72.13,12771525
JPM.US,2024-03-22,199.01,200.48,196.54,196.62,8108840
KO.US,2024-03-22,60.52,60.79,60.43,60.49,11502843
MSFT.US,2024-03-22,429.7,429.86,426.07,428.74,17648473
XOM.US,2024-03-22,113.48,113.69,112.82,113.49,14701933
0005.HK,2024-03-25,61.3,61.6,61.05,61.2,17877422
0700.HK,2024-03-25,288.8,290.6,285.0,288.6,21127168
1810.HK,2024-03-25,15.0,15.4,14.8,14.82,119247446
3690.HK,2024-03-25,92.65,96.8,92.35,93.3,87057189
9988.HK,2024-03-25,70.15,70.95,69.8,70.3,42502492
AAPL.US,2024-03-25,170.57,171.94,169.45,170.85,54288328
BABA.US,2024-03-25,71.94,72.49,71.36,71.46,12422139
JPM.US,2024-03-25,196.6,196.94,194.36,194.82,8620015
KO.US,2024-03-25,60.48,60.71,60.12,60.4,13144651
MSFT.US,2024-03-25,425.24,427.41,421.61,422.86,18060450
XOM.US,2024-03-25,113.83,115.78,113.83,114.65,14011734
0005.HK,2024-03-26,61.55,62.0,61.55,61.75,23896222
0700.HK,2024-03-26,286.0,300.6,286.0,299.4,33998571
1810.HK,2024-03-26,15.18,15.46,14.84,15.3,147860646
3690.HK,2024-03-26,95.65,95.85,92.05,93.4,36035734
9988.HK,2024-03-26,69.5,70.85,69.3,70.3,46925401
AAPL.US,2024-03-26,170.0,171.42,169.58,169.71,57388449
BABA.US,2024-03-26,71.84,71.87,71.09,71.48,10881917
JPM.US,2024-03-26,194.59,196.66,194.06,195.73,5961484
KO.US,2024-03-26,60.5,60.71,60.38,60.54,13277388
MSFT.US,2024-03-26,425.61,425.99,421.35,421.65,16725647
XOM.US,2024-03-26,114.66,114.98,113.41,113.79,13152287
0005.HK,2024-03-27,61.6,61.8,61.1,61.1,25255202
0700.HK,2024-03-27,296.0,307.6,295.8,302.0,38753084
1810.HK,2024-03-27,15.44,15.44,14.74,14.76,144610632
3690.HK,2024-03-27,91.5,93.4,90.4,91.1,32797948
9988.HK,2024-03-27,69.7,69.95,68.5,68.8,66012638
AAPL.US,2024-03-27,170.41,173.6,170.11,173.31,60273265
BABA.US,2024-03-27,70.89,71.69,70.58,71.59,13281277
JPM.US,2024-03-27,196.5,199.6,196.38,199.52,8725757
KO.US,2024-03-27,60.79,61.43,60.7,61.03,12551216
MSFT.US,2024-03-27,424.44,424.45,419.01,421.43,16704978
XOM.US,2024-03-27,113.48,115.06,113.41,114.97,12415674
0005.HK,2024-03-28,61.1,61.6,60.95,61.15,11974126
0700.HK,2024-03-28,302.0,309.6,301.4,303.8,30000843
1810.HK,2024-03-28,14.7,15.26,14.7,14.94,173539152
3690.HK,2024-03-28,91.1,99.25,91.1,96.8,68225499
9988.HK,2024-03-28,69.35,71.7,69.35,70.25,63275589
AAPL.US,2024-03-28,171.75,172.23,170.51,171.48,65672690
BABA.US,2024-03-28,72.08,72.59,72.06,72.36,14073414
JPM.US,2024-03-28,199.49,200.72,198.54,200.3,8628313
KO.US,2024-03-28,61.14,61.26,61.0,61.18,13683528
MSFT.US,2024-03-28,420.96,421.87,419.12,420.72,21871161
XOM.US,2024-03-28,115.53,116.45,115.06,116.24,18482055
AAPL.US,2024-04-01,171.19,171.25,169.48,170.03,46240500
BABA.US,2024-04-01,73.24,73.58,72.81,73.37,14311746
JPM.US,2024-04-01,199.99,200.94,198.57,198.94,7309009
KO.US,2024-04-01,61.18,61.3,60.63,60.68,11668686
MSFT.US,2024-04-01,423.95,427.89,422.22,424.57,16315961
XOM.US,2024-04-01,116.41,117.24,115.38,116.99,13816996
0005.HK,2024-04-02,61.4,62.35,61.4,61.9,28990927
0700.HK,2024-04-02,309.0,312.4,307.8,309.2,26561604
1810.HK,2024-04-02,17.18,17.34,16.2,16.28,539923703
3690.HK,2024-04-02,99.8,101.8,98.9,101.4,47901184
9988.HK,2024-04-02,71.65,72.0,69.7,71.0,63731872
AAPL.US,2024-04-02,169.08,169.34,168.23,168.84,49329481
BABA.US,2024-04-02,72.57,73.14,72.51,72.88,17290351
JPM.US,2024-04-02,198.39,199.78,198.08,198.86,7014683
KO.US,2024-04-02,60.45,60.73,60.11,60.15,13017260
MSFT.US,2024-04-02,420.11,422.38,417.84,421.44,17911992
XOM.US,2024-04-02,117.92,119.6,117.33,119.28,19919643
0005.HK,2024-04-03,61.35,61.4,61.05,61.4,16279531
0700.HK,2024-04-03,312.0,312.0,306.4,308.4,19696947
1810.HK,2024-04-03,16.3,16.3,15.52,15.56,225179872
3690.HK,2024-04-03,102.9,102.9,98.3,98.95,25820529
9988.HK,2024-04-03,71.85,71.85,70.15,70.35,42103303
AAPL.US,2024-04-03,168.79,170.68,168.58,169.65,47691715
BABA.US,2024-04-03,72.42,72.87,72.11,72.44,11777913
JPM.US,2024-04-03,199.04,199.56,197.7,198.3,9353426
KO.US,2024-04-03,60.05,60.39,59.78,59.83,13672922
MSFT.US,2024-04-03,419.73,423.26,419.09,420.45,16502264
XOM.US,2024-04-03,119.48,119.75,118.73,119.3,16504307
AAPL.US,2024-04-04,170.29,171.92,168.82,168.82,53704386
BABA.US,2024-04-04,72.98,73.23,71.9,71.95,11087058
JPM.US,2024-04-04,199.15,199.68,195.55,195.65,9243793
KO.US,2024-04-04,60.09,60.15,59.17,59.3,14320686
MSFT.US,2024-04-04,424.99,428.67,417.57,417.88,19370875
XOM.US,2024-04-04,119.05,119.88,118.64,119.72,18467362
0005.HK,2024-04-05,62.85,63.0,62.55,62.75,34483646
0700.HK,2024-04-05,309.6,311.6,304.4,310.0,13582369
1810.HK,2024-04-05,15.62,15.64,15.08,15.54,84033215
3690.HK,2024-04-05,99.0,101.2,96.65,100.4,23113479
9988.HK,2024-04-05,70.4,70.95,68.9,70.05,41301670
AAPL.US,2024-04-05,169.59,170.39,168.95,169.58,42104826
BABA.US,2024-04-05,71.68,72.03,71.41,71.66,12260274
JPM.US,2024-04-05,196.16,198.12,195.11,197.45,6532278
KO.US,2024-04-05,59.25,59.68,58.91,59.51,10157760
MSFT.US,2024-04-05,420.01,426.51,418.32,425.52,16554761
XOM.US,2024-04-05,119.98,122.15,119.64,121.37,21720591
0005.HK,2024-04-08,63.15,63.5,63.0,63.2,26942787
0700.HK,2024-04-08,305.2,311.0,304.4,305.4,21656541
1810.HK,2024-04-08,15.36,15.7,15.12,15.5,117977816
3690.HK,2024-04-08,99.0,100.7,97.55,99.4,23724590
9988.HK,2024-04-08,69.9,71.0,69.25,70.4,29316176
AAPL.US,2024-04-08,169.03,169.2,168.24,168.45,37425513
BABA.US,2024-04-08,71.96,72.39,71.56,71.71,10560049
JPM.US,2024-04-08,197.62,198.98,197.62,198.48,8000963
KO.US,2024-04-08,59.4,59.47,59.07,59.27,10284535
MSFT.US,2024-04-08,425.17,427.28,423.3,424.59,14272387
XOM.US,2024-04-08,121.08,121.74,120.21,120.55,17513939
0005.HK,2024-04-09,63.8,64.15,63.65,63.9,23874492
0700.HK,2024-04-09,307.4,308.8,303.0,305.0,17879375
1810.HK,2024-04-09,15.64,16.1,15.56,15.98,140213601
3690.HK,2024-04-09,99.95,102.3,99.2,99.7,20265683
9988.HK,2024-04-09,70.1,71.45,69.85,70.5,34509483
AAPL.US,2024-04-09,168.7,170.08,168.35,169.67,42451209
BABA.US,2024-04-09,72.37,73.24,72.31,72.99,14075949
JPM.US,2024-04-09,198.07,198.88,194.91,197.15,7358631
KO.US,2024-04-09,59.48,59.74,59.13,59.72,10792141
MSFT.US,2024-04-09,426.44,427.74,421.62,426.28,12512289
XOM.US,2024-04-09,121.0,121.65,120.34,121.18,14135720
0005.HK,2024-04-10,64.0,65.0,63.9,64.8,31018719
0700.HK,2024-04-10,306.4,315.2,306.4,314.2,24730145
1810.HK,2024-04-10,16.18,16.28,15.84,16.0,135392416
3690.HK,2024-04-10,100.5,104.9,99.65,103.8,36264390
9988.HK,2024-04-10,71.3,74.6,71.3,73.95,87693112
AAPL.US,2024-04-10,168.8,169.09,167.11,167.78,49709336
BABA.US,2024-04-10,74.45,75.17,73.74,74.59,20572164
JPM.US,2024-04-10,195.55,197.07,194.18,195.47,7681377
KO.US,2024-04-10,59.32,59.39,58.69,58.92,11861881
MSFT.US,2024-04-10,422.19,424.03,419.7,423.26,16216581
XOM.US,2024-04-10,121.22,122.47,120.73,122.2,17409184
0005.HK,2024-04-11,65.0,65.0,64.5,64.85,21292507
0700.HK,2024-04-11,309.8,316.6,309.0,315.0,18834968
1810.HK,2024-04-11,15.56,16.18,15.54,16.08,94275932
3690.HK,2024-04-11,100.6,105.7,100.6,104.5,29968182
9988.HK,2024-04-11,72.75,74.45,72.5,74.2,41223561
AAPL.US,2024-04-11,168.34,175.46,168.16,175.04,91070275
BABA.US,2024-04-11,75.22,75.43,74.37,74.85,14986818
JPM.US,2024-04-11,196.0,196.57,193.24,195.43,10137699
KO.US,2024-04-11,59.15,59.37,58.79,59.05,11109007
MSFT.US,2024-04-11,425.82,429.37,422.36,427.93,17966423
XOM.US,2024-04-11,122.69,122.69,120.34,121.79,17555869
0005.HK,2024-04-12,63.8,63.9,63.0,63.8,24244587
0700.HK,2024-04-12,314.0,318.0,309.4,309.6,23031342
1810.HK,2024-04-12,16.26,16.74,16.24,16.5,207001967
3690.HK,2024-04-12,103.7,104.6,102.0,102.1,25336583
9988.HK,2024-04-12,73.15,73.5,71.45,71.65,44688721
AAPL.US,2024-04-12,174.26,178.36,174.21,176.55,101670886
BABA.US,2024-04-12,72.94,72.98,71.29,71.29,18231428
JPM.US,2024-04-12,188.32,188.93,182.54,182.79,31532308
KO.US,2024-04-12,58.95,59.01,58.13,58.28,12250949
MSFT.US,2024-04-12,424.05,425.18,419.77,421.9,19253750
XOM.US,2024-04-12,122.95,123.75,119.67,120.37,21556218
0005.HK,2024-04-15,63.35,63.9,63.1,63.85,14775461
0700.HK,2024-04-15,304.6,308.8,303.8,304.4,18295291
1810.HK,2024-04-15,16.38,16.62,16.38,16.52,102135567
3690.HK,2024-04-15,100.2,102.1,99.05,101.6,23691075
9988.HK,2024-04-15,70.0,70.65,69.8,70.4,42987921
AAPL.US,2024-04-15,175.36,176.63,172.5,172.69,73531773
BABA.US,2024-04-15,71.73,72.05,70.17,70.62,15903893
JPM.US,2024-04-15,184.5,187.46,182.2,182.89,14766592
KO.US,2024-04-15,58.61,58.81,58.04,58.14,12425049
MSFT.US,2024-04-15,426.6,426.82,413.43,413.64,20273538
XOM.US,2024-04-15,121.09,121.69,119.45,119.68,15029528
0005.HK,2024-04-16,62.85,63.1,62.2,62.4,26138092
0700.HK,2024-04-16,301.2,308.4,300.0,301.8,19691636
1810.HK,2024-04-16,16.36,16.38,15.78,15.92,150004413
3690.HK,2024-04-16,99.45,101.5,97.7,98.7,32570899
9988.HK,2024-04-16,68.8,69.25,68.2,68.45,53443746
AAPL.US,2024-04-16,171.75,173.76,168.27,169.38,73711235
BABA.US,2024-04-16,70.02,70.31,69.29,69.61,17478883
JPM.US,2024-04-16,182.9,183.16,179.65,180.8,16451801
KO.US,2024-04-16,58.25,58.38,57.93,58.06,11236839
MSFT.US,2024-04-16,414.57,418.4,413.73,414.58,16765616
XOM.US,2024-04-16,119.56,120.22,117.92,118.69,18082228
0005.HK,2024-04-17,61.8,62.15,61.7,62.15,16830313
0700.HK,2024-04-17,301.8,304.0,297.8,300.8,14410544
1810.HK,2024-04-17,15.92,16.34,15.92,16.28,90729174
3690.HK,2024-04-17,100.0,100.8,96.3,97.55,23341654
9988.HK,2024-04-17,68.1,68.55,67.3,68.0,40972640
AAPL.US,2024-04-17,169.61,170.65,168.0,168.0,50901210
BABA.US,2024-04-17,69.71,70.01,68.73,68.82,12760587
JPM.US,2024-04-17,181.37,182.42,179.2,180.08,9017093
KO.US,2024-04-17,58.28,58.56,58.1,58.51,13805068
MSFT.US,2024-04-17,417.25,418.88,410.33,411.84,15855485
XOM.US,2024-04-17,118.55,119.35,117.12,118.63,14538577
0005.HK,2024-04-18,62.15,62.8,61.8,62.65,17710630
0700.HK,2024-04-18,302.2,308.8,298.6,304.4,19058907
1810.HK,2024-04-18,16.26,16.44,15.96,16.38,81343612
3690.HK,2024-04-18,97.55,98.5,94.9,97.75,25433968
9988.HK,2024-04-18,67.7,68.55,67.2,67.9,31609984
AAPL.US,2024-04-18,168.03,168.64,166.55,167.04,43122903
BABA.US,2024-04-18,69.09,69.63,68.8,68.88,9491021
JPM.US,2024-04-18,181.1,183.36,179.97,181.25,9557720
KO.US,2024-04-18,58.62,58.98,58.54,58.91,11125869
MSFT.US,2024-04-18,410.63,411.89,403.95,404.27,21029917
XOM.US,2024-04-18,119.0,119.72,117.97,118.52,13821356
0005.HK,2024-04-19,61.95,62.05,61.25,61.85,27750546
0700.HK,2024-04-19,303.4,305.4,299.6,303.8,19472600
1810.HK,2024-04-19,16.12,16.12,15.46,15.8,152829967
3690.HK,2024-04-19,94.9,95.5,92.4,95.3,43757725
9988.HK,2024-04-19,66.85,67.05,65.8,66.7,51647818
AAPL.US,2024-04-19,166.21,166.4,164.08,165.0,68149377
BABA.US,2024-04-19,68.42,69.15,68.36,69.07,13084098
JPM.US,2024-04-19,182.4,185.88,181.41,185.8,13402313
KO.US,2024-04-19,59.1,60.36,59.0,60.17,21207852
MSFT.US,2024-04-19,404.03,405.48,397.77,399.12,30565789
XOM.US,2024-04-19,119.16,120.93,118.95,119.88,21572367
0005.HK,2024-04-22,63.1,63.55,62.85,63.4,27849271
0700.HK,2024-04-22,308.0,322.6,306.8,320.4,41133325
1810.HK,2024-04-22,15.8,15.98,15.58,15.82,94522377
3690.HK,2024-04-22,97.7,101.4,96.35,100.6,34032651
9988.HK,2024-04-22,67.6,69.45,67.6,68.45,42767591
AAPL.US,2024-04-22,165.52,167.26,164.77,165.84,48116443
BABA.US,2024-04-22,69.7,70.9,69.12,70.68,15015564
JPM.US,2024-04-22,185.99,190.13,185.98,189.41,11529668
KO.US,2024-04-22,60.14,60.63,59.72,60.55,15624546
MSFT.US,2024-04-22,400.08,402.85,395.75,400.96,20286875
XOM.US,2024-04-22,119.26,121.57,118.43,120.56,16340694
0005.HK,2024-04-23,64.55,64.7,64.0,64.25,30252026
0700.HK,2024-04-23,326.0,333.6,325.2,332.4,43821652
1810.HK,2024-04-23,16.0,16.32,15.78,16.18,119181417
3690.HK,2024-04-23,102.6,108.8,102.0,108.6,67329893
9988.HK,2024-04-23,69.3,70.35,68.8,69.8,47335665
AAPL.US,2024-04-23,165.35,167.05,164.92,166.9,49537761
BABA.US,2024-04-23,71.08,72.8,70.99,72.51,15268166
JPM.US,2024-04-23,191.13,192.23,190.52,192.14,9144372
KO.US,2024-04-23,60.53,60.68,60.13,60.64,13689127
MSFT.US,2024-04-23,404.24,408.2,403.06,407.57,15734501
XOM.US,2024-04-23,120.0,121.06,119.45,121.03,13929816
0005.HK,2024-04-24,64.85,64.9,64.5,64.7,30289113
0700.HK,2024-04-24,337.8,345.0,335.4,344.2,41472682
1810.HK,2024-04-24,16.56,16.68,16.42,16.66,132630197
3690.HK,2024-04-24,109.9,113.6,108.2,113.6,75120018
9988.HK,2024-04-24,71.25,73.0,70.75,72.5,64630900
AAPL.US,2024-04-24,166.54,169.3,166.21,169.02,48251835
BABA.US,2024-04-24,73.74,74.7,73.5,74.63,16375157
JPM.US,2024-04-24,190.53,193.23,190.17,193.08,6964905
KO.US,2024-04-24,60.32,61.65,59.84,61.55,19548315
MSFT.US,2024-04-24,409.56,412.47,406.78,409.06,15065330
XOM.US,2024-04-24,120.3,121.26,119.39,121.05,12101161
0005.HK,2024-04-25,64.45,64.9,64.25,64.75,19488176
0700.HK,2024-04-25,340.2,346.4,336.4,339.4,27727556
1810.HK,2024-04-25,16.66,16.7,16.4,16.6,76835421
3690.HK,2024-04-25,113.6,113.6,109.9,111.5,41607467
9988.HK,2024-04-25,72.5,74.1,72.05,73.0,43558815
AAPL.US,2024-04-25,169.53,170.61,168.15,169.89,50558329
BABA.US,2024-04-25,73.81,75.2,73.81,75.11,11921914
JPM.US,2024-04-25,192.25,193.94,191.18,193.37,9802265
KO.US,2024-04-25,61.87,62.59,61.37,61.74,19048535
MSFT.US,2024-04-25,394.03,399.89,388.03,399.04,40586450
XOM.US,2024-04-25,121.03,121.76,119.4,121.33,16041029
0005.HK,2024-04-26,64.8,65.0,64.6,64.95,24404160
0700.HK,2024-04-26,340.0,351.8,340.0,348.4,29599531
1810.HK,2024-04-26,16.76,17.5,16.74,17.36,233139880
3690.HK,2024-04-26,113.0,117.5,111.3,115.6,58244146
9988.HK,2024-04-26,73.2,75.7,73.2,75.3,76974505
AAPL.US,2024-04-26,169.88,171.34,169.18,169.3,44838354
BABA.US,2024-04-26,76.19,76.93,75.06,75.55,14216073
JPM.US,2024-04-26,193.57,194.87,193.06,193.49,6413655
KO.US,2024-04-26,61.55,61.93,61.35,61.74,10994262
MSFT.US,2024-04-26,412.17,413.0,405.76,406.32,29694654
XOM.US,2024-04-26,119.0,119.1,116.22,117.96,27289468
0005.HK,2024-04-29,65.05,65.6,64.9,65.55,31462055
0700.HK,2024-04-29,348.4,354.8,345.2,347.6,25416523
1810.HK,2024-04-29,17.5,17.88,17.22,17.42,175353396
3690.HK,2024-04-29,115.6,116.0,110.4,111.4,58947214
9988.HK,2024-04-29,74.3,76.0,74.1,74.35,55367962
AAPL.US,2024-04-29,173.37,176.03,173.1,173.5,68169419
BABA.US,2024-04-29,75.65,76.53,75.22,76.41,13226204
JPM.US,2024-04-29,193.48,194.26,192.43,193.28,5411129
KO.US,2024-04-29,61.92,62.05,61.53,62.04,13420749
MSFT.US,2024-04-29,405.25,406.32,399.19,402.25,19582091
XOM.US,2024-04-29,117.76,120.05,117.76,119.64,17343755
0005.HK,2024-04-30,65.4,67.05,65.2,67.0,39704597
0700.HK,2024-04-30,349.6,350.8,344.0,347.2,15957023
1810.HK,2024-04-30,17.56,17.66,17.14,17.32,94318755
3690.HK,2024-04-30,112.9,113.3,109.4,109.5,31352217
9988.HK,2024-04-30,75.15,75.4,73.8,74.35,47495457
AAPL.US,2024-04-30,173.33,174.99,170.0,170.33,65934776
BABA.US,2024-04-30,75.89,76.29,74.48,74.85,12855978
JPM.US,2024-04-30,192.81,194.99,191.64,191.74,8153681
KO.US,2024-04-30,62.14,62.83,61.47,61.77,19349153
MSFT.US,2024-04-30,401.49,402.16,389.17,389.33,28781374
XOM.US,2024-04-30,119.11,120.2,117.98,118.27,21083294
AAPL.US,2024-05-01,169.58,172.71,169.11,169.3,50383147
BABA.US,2024-05-01,74.99,76.25,74.87,75.51,10568660
JPM.US,2024-05-01,192.27,194.46,190.79,191.86,7446703
KO.US,2024-05-01,61.8,62.57,61.21,61.93,16730830
MSFT.US,2024-05-01,392.61,401.72,390.31,394.94,23562481
XOM.US,2024-05-01,118.28,118.47,115.66,116.03,27789759
0005.HK,2024-05-02,68.0,69.25,67.95,69.25,43579704
0700.HK,2024-05-02,349.0,361.2,345.4,360.4,22479610
1810.HK,2024-05-02,17.3,17.76,17.26,17.64,75334285
3690.HK,2024-05-02,111.5,119.9,109.6,119.1,54349618
9988.HK,2024-05-02,73.5,76.75,73.35,76.1,68356381
AAPL.US,2024-05-02,172.51,173.42,170.89,173.03,94214915
BABA.US,2024-05-02,77.59,81.42,77.16,80.33,36663857
JPM.US,2024-05-02,193.07,193.5,189.52,191.66,6501657
KO.US,2024-05-02,62.18,62.4,61.72,61.99,10991304
MSFT.US,2024-05-02,397.66,399.93,394.65,397.84,17709364
XOM.US,2024-05-02,116.26,117.26,115.9,116.24,25513648
0005.HK,2024-05-03,69.4,69.45,69.05,69.35,19885139
0700.HK,2024-05-03,371.0,372.6,360.6,364.4,23592345
1810.HK,2024-05-03,18.0,18.24,17.9,18.18,96628783
3690.HK,2024-05-03,120.6,122.9,116.4,119.7,47271453
9988.HK,2024-05-03,78.7,80.45,78.5,79.2,79294381
AAPL.US,2024-05-03,186.65,187.0,182.66,183.38,163224109
BABA.US,2024-05-03,81.27,81.37,79.7,81.33,19355807
JPM.US,2024-05-03,192.0,192.53,188.46,190.51,8922775
KO.US,2024-05-03,61.99,62.33,61.64,62.17,11628675
MSFT.US,2024-05-03,402.28,407.15,401.86,406.66,17446724
XOM.US,2024-05-03,116.0,116.07,114.13,116.0,28023313
0005.HK,2024-05-06,69.35,69.45,68.8,69.2,22339805
0700.HK,2024-05-06,364.6,373.0,363.0,370.2,26208326
1810.HK,2024-05-06,18.02,18.2,17.8,18.1,108995973
3690.HK,2024-05-06,120.0,120.6,117.2,120.3,49035480
9988.HK,2024-05-06,79.5,79.6,78.5,79.5,56218498
AAPL.US,2024-05-06,182.35,184.2,180.42,181.71,78569667
BABA.US,2024-05-06,81.76,82.22,80.5,81.55,11826084
JPM.US,2024-05-06,191.73,192.2,189.82,192.0,7911134
KO.US,2024-05-06,62.3,62.38,61.9,62.35,9310699
MSFT.US,2024-05-06,408.76,413.93,406.37,413.54,16996639
XOM.US,2024-05-06,116.67,118.34,116.4,116.75,31401260
0005.HK,2024-05-07,69.4,69.85,69.05,69.7,28297946
0700.HK,2024-05-07,367.4,371.2,363.4,365.8,19408056
1810.HK,2024-05-07,18.12,18.18,17.86,17.94,82242465
3690.HK,2024-05-07,120.0,120.0,114.8,115.5,42001964
9988.HK,2024-05-07,79.05,79.35,77.4,78.05,45448994
AAPL.US,2024-05-07,183.45,184.9,181.32,182.4,77305771
BABA.US,2024-05-07,79.93,79.93,78.82,79.37,14589103
JPM.US,2024-05-07,191.7,192.93,191.65,191.75,7688771
KO.US,2024-05-07,62.76,62.82,62.25,62.62,9807029
MSFT.US,2024-05-07,414.66,414.67,409.09,409.34,20018228
XOM.US,2024-05-07,117.28,117.58,115.93,116.17,30121973
0005.HK,2024-05-08,70.0,70.7,69.8,70.35,49459810
0700.HK,2024-05-08,366.4,371.8,359.8,361.4,20058148
1810.HK,2024-05-08,18.0,19.32,17.84,19.1,297225949
3690.HK,2024-05-08,115.9,118.6,113.2,113.5,30580670
9988.HK,2024-05-08,78.25,78.45,75.55,76.15,54000423
AAPL.US,2024-05-08,182.85,183.07,181.45,182.74,45057087
BABA.US,2024-05-08,77.92,78.99,77.81,78.46,11327088
JPM.US,2024-05-08,191.0,196.65,191.0,195.65,9227561
KO.US,2024-05-08,62.85,62.97,62.48,62.85,10484408
MSFT.US,2024-05-08,408.17,412.23,406.71,410.54,11792308
XOM.US,2024-05-08,115.71,116.95,115.41,116.15,18957166
0005.HK,2024-05-09,68.0,68.55,67.5,67.7,53440647
0700.HK,2024-05-09,361.0,370.0,360.4,369.8,16026030
1810.HK,2024-05-09,19.4,19.7,18.92,19.16,137022563
3690.HK,2024-05-09,113.5,118.9,113.4,117.9,38108570
9988.HK,2024-05-09,75.75,76.95,75.3,76.8,52298823
AAPL.US,2024-05-09,182.56,184.66,182.11,184.57,48982972
BABA.US,2024-05-09,79.5,79.92,78.71,79.46,9627274
JPM.US,2024-05-09,195.17,197.59,195.1,197.5,7977291
KO.US,2024-05-09,62.81,63.15,62.75,62.88,9113662
MSFT.US,2024-05-09,410.57,412.72,409.1,412.32,14689727
XOM.US,2024-05-09,116.2,118.53,116.19,118.44,17563975
0005.HK,2024-05-10,67.7,68.2,67.25,68.0,35328064
0700.HK,2024-05-10,373.8,374.2,365.0,371.0,15693045
1810.HK,2024-05-10,19.18,19.48,18.78,19.4,120743190
3690.HK,2024-05-10,119.6,119.7,116.1,118.6,27327103
9988.HK,2024-05-10,77.5,78.75,77.1,77.95,47295135
AAPL.US,2024-05-10,184.9,185.09,182.13,183.05,50759496
BABA.US,2024-05-10,80.08,80.52,79.77,80.04,10819572
JPM.US,2024-05-10,198.54,199.34,198.27,198.77,7529790
KO.US,2024-05-10,62.92,63.36,62.79,63.26,8371691
MSFT.US,2024-05-10,412.94,415.38,411.8,414.74,13402281
XOM.US,2024-05-10,118.54,118.66,117.58,117.96,13648130
0005.HK,2024-05-13,67.85,68.1,67.5,68.1,16953835
0700.HK,2024-05-13,368.6,380.0,368.0,378.2,20558084
1810.HK,2024-05-13,19.14,19.62,18.98,19.36,99804853
3690.HK,2024-05-13,117.1,123.2,116.2,122.3,35200441
9988.HK,2024-05-13,77.65,81.6,77.3,81.15,78841984
AAPL.US,2024-05-13,185.44,187.1,184.62,186.28,72044809
BABA.US,2024-05-13,82.71,85.0,82.6,84.6,32010693
JPM.US,2024-05-13,198.8,199.85,198.04,198.73,7049241
KO.US,2024-05-13,63.24,63.62,63.18,63.58,10137619
MSFT.US,2024-05-13,418.01,418.35,410.82,413.72,15440226
XOM.US,2024-05-13,118.42,119.04,117.12,117.91,15060619
0005.HK,2024-05-14,68.2,69.25,68.15,68.95,25064742
0700.HK,2024-05-14,381.0,384.8,378.6,381.8,21603101
1810.HK,2024-05-14,19.6,20.15,19.54,19.98,191006970
3690.HK,2024-05-14,124.1,125.9,121.8,121.9,38288586
9988.HK,2024-05-14,82.0,83.45,82.0,82.65,78159136
AAPL.US,2024-05-14,187.51,188.3,186.29,187.43,52393619
BABA.US,2024-05-14,79.65,80.51,77.72,79.51,44687713
JPM.US,2024-05-14,199.0,201.58,198.16,201.51,8596175
KO.US,2024-05-14,63.58,63.76,62.8,63.1,10852231
MSFT.US,2024-05-14,412.02,417.49,411.55,416.56,15109306
XOM.US,2024-05-14,116.79,117.74,116.48,117.67,15079131
AAPL.US,2024-05-15,187.91,190.65,187.37,189.72,70399988
BABA.US,2024-05-15,80.39,81.13,79.78,80.99,17803260
JPM.US,2024-05-15,202.01,202.69,199.77,202.11,8369975
KO.US,2024-05-15,63.06,63.39,63.0,63.13,9838897
MSFT.US,2024-05-15,417.9,423.81,417.27,423.08,22239533
XOM.US,2024-05-15,117.61,118.84,116.08,118.58,18244303
0005.HK,2024-05-16,69.35,70.1,69.1,70.1,36702753
0700.HK,2024-05-16,400.0,401.0,394.6,397.0,58430778
1810.HK,2024-05-16,20.2,20.35,19.7,19.82,128486893
3690.HK,2024-05-16,126.0,128.0,122.3,125.6,42701385
9988.HK,2024-05-16,79.3,81.0,78.8,79.7,111040078
AAPL.US,2024-05-16,190.47,191.1,189.66,189.84,52845230
BABA.US,2024-05-16,81.96,87.49,81.65,86.7,47259474
JPM.US,2024-05-16,202.22,204.48,201.99,202.47,8497927
KO.US,2024-05-16,63.24,63.73,63.07,63.32,10228002
MSFT.US,2024-05-16,421.8,425.42,420.35,420.99,17530050
XOM.US,2024-05-16,118.54,119.3,117.54,117.87,15745202
0005.HK,2024-05-17,69.0,69.0,67.85,68.55,36779017
0700.HK,2024-05-17,397.0,400.2,394.2,395.0,27916392
1810.HK,2024-05-17,19.88,20.25,19.76,19.94,104990296
3690.HK,2024-05-17,127.8,129.2,124.3,125.0,31704186
9988.HK,2024-05-17,85.0,85.9,84.45,85.7,111456576
AAPL.US,2024-05-17,189.51,190.81,189.18,189.87,41282925
BABA.US,2024-05-17,87.6,90.46,86.83,88.54,35152879
JPM.US,2024-05-17,203.81,205.05,202.81,204.79,9260490
KO.US,2024-05-17,63.34,63.37,62.94,63.03,11539022
MSFT.US,2024-05-17,422.54,422.92,418.03,420.21,15352239
XOM.US,2024-05-17,118.3,119.83,117.96,119.64,15104469
0005.HK,2024-05-20,68.55,69.25,68.4,68.85,18311487
0700.HK,2024-05-20,397.0,399.8,392.8,395.0,22331961
1810.HK,2024-05-20,19.88,20.05,19.38,19.88,126143823
3690.HK,2024-05-20,125.0,126.6,121.4,124.0,28982420
9988.HK,2024-05-20,85.9,86.3,84.85,85.35,53129878
AAPL.US,2024-05-20,189.33,191.92,189.01,191.04,44361275
BABA.US,2024-05-20,87.47,89.24,86.95,88.28,16737222
JPM.US,2024-05-20,204.39,205.88,195.4,195.58,17373253
KO.US,2024-05-20,62.93,63.01,62.46,62.57,11000888
MSFT.US,2024-05-20,420.21,426.77,419.99,425.34,16272137
XOM.US,2024-05-20,119.73,119.89,118.55,118.67,11551250
0005.HK,2024-05-21,68.6,69.0,68.3,68.6,13259025
0700.HK,2024-05-21,393.4,393.4,379.6,383.6,30679849
1810.HK,2024-05-21,19.78,19.94,19.08,19.3,133981498
3690.HK,2024-05-21,122.0,123.2,120.1,121.4,29710345
9988.HK,2024-05-21,85.5,85.9,83.95,84.4,43053288
AAPL.US,2024-05-21,191.09,192.73,190.92,192.35,42309401
BABA.US,2024-05-21,86.52,87.17,85.32,86.13,16512390
JPM.US,2024-05-21,197.0,199.9,196.6,199.52,14420799
KO.US,2024-05-21,62.82,62.98,62.44,62.91,9796202
MSFT.US,2024-05-21,426.83,432.97,424.85,429.04,21453255
XOM.US,2024-05-21,118.4,119.45,117.78,117.85,14494980
0005.HK,2024-05-22,69.25,69.5,68.95,69.5,19367138
0700.HK,2024-05-22,379.2,386.8,376.6,384.4,22374764
1810.HK,2024-05-22,19.4,19.58,19.18,19.44,80987339
3690.HK,2024-05-22,122.1,122.5,119.2,120.6,19562007
9988.HK,2024-05-22,84.15,84.3,83.0,83.0,34490738
AAPL.US,2024-05-22,192.27,192.82,190.27,190.9,34648547
BABA.US,2024-05-22,84.61,85.13,82.68,82.68,19717820
JPM.US,2024-05-22,199.0,200.94,197.69,198.31,9425338
KO.US,2024-05-22,62.71,63.02,62.66,63.0,7419406
MSFT.US,2024-05-22,430.09,432.41,427.13,430.52,18073698
XOM.US,2024-05-22,117.46,117.46,114.96,115.48,17879252
0005.HK,2024-05-23,68.9,69.3,68.75,69.0,12404031
0700.HK,2024-05-23,380.6,384.0,376.4,381.8,18323988
1810.HK,2024-05-23,19.36,19.46,18.74,18.94,118710642
3690.HK,2024-05-23,120.1,120.5,117.6,119.5,24699425
9988.HK,2024-05-23,81.0,81.05,77.55,78.65,100353257
AAPL.US,2024-05-23,190.98,191.0,186.63,186.88,51005924
BABA.US,2024-05-23,81.43,82.94,80.05,80.8,23930255
JPM.US,2024-05-23,197.81,198.3,196.07,196.92,8069445
KO.US,2024-05-23,62.49,62.88,62.05,62.09,9834292
MSFT.US,2024-05-23,432.97,433.6,425.42,427.0,17211689
XOM.US,2024-05-23,115.6,117.51,113.36,113.51,15979835
0005.HK,2024-05-24,68.65,69.0,68.15,68.5,14112421
0700.HK,2024-05-24,378.2,382.6,374.8,377.0,19143321
1810.HK,2024-05-24,18.92,18.96,17.88,18.3,182324263
3690.HK,2024-05-24,118.1,118.9,115.1,116.3,26306133
9988.HK,2024-05-24,78.45,79.9,77.65,78.15,48522482
AAPL.US,2024-05-24,188.82,190.58,188.04,189.98,36326975
BABA.US,2024-05-24,80.5,82.56,79.73,81.26,41456371
JPM.US,2024-05-24,197.75,200.76,197.56,200.71,7356233
KO.US,2024-05-24,62.22,62.42,61.97,62.0,8203136
MSFT.US,2024-05-24,427.19,431.06,424.41,430.16,11855285
XOM.US,2024-05-24,114.84,115.08,113.04,113.42,12212949
0005.HK,2024-05-27,69.0,69.35,68.8,68.9,11012694
0700.HK,2024-05-27,372.0,377.6,362.4,377.4,32132068
1810.HK,2024-05-27,18.2,18.5,17.82,18.44,111351692
3690.HK,2024-05-27,116.3,119.8,114.0,118.7,21389207
9988.HK,2024-05-27,78.9,79.65,77.9,79.25,39037400
0005.HK,2024-05-28,68.9,69.15,68.55,68.9,11863527
0700.HK,2024-05-28,377.2,386.0,373.4,380.2,16614787
1810.HK,2024-05-28,18.4,18.54,18.02,18.14,81902009
3690.HK,2024-05-28,118.6,121.4,117.5,119.0,15835259
9988.HK,2024-05-28,79.2,80.2,78.85,79.55,32245775
AAPL.US,2024-05-28,191.51,193.0,189.1,189.99,52280051
BABA.US,2024-05-28,80.8,81.72,80.04,80.58,15211752
JPM.US,2024-05-28,199.86,200.41,198.66,199.5,6910206
KO.US,2024-05-28,61.79,62.13,61.4,61.82,12346998
MSFT.US,2024-05-28,429.63,430.82,426.6,430.32,15718024
XOM.US,2024-05-28,113.52,115.11,113.07,114.86,13978305
0005.HK,2024-05-29,68.5,68.65,68.15,68.5,13936381
0700.HK,2024-05-29,377.4,379.8,369.6,371.0,27378220
1810.HK,2024-05-29,18.02,18.08,17.66,17.78,101668386
3690.HK,2024-05-29,116.5,117.7,111.9,112.7,41575906
9988.HK,2024-05-29,78.5,78.8,76.1,76.8,67568273
AAPL.US,2024-05-29,189.61,192.25,189.51,190.29,53068016
BABA.US,2024-05-29,78.76,79.36,78.23,79.06,18448528
JPM.US,2024-05-29,198.0,198.99,196.89,198.11,6120045
KO.US,2024-05-29,61.47,61.88,61.07,61.7,11861815
MSFT.US,2024-05-29,425.69,430.94,425.69,429.17,15517130
XOM.US,2024-05-29,114.53,114.55,112.81,113.63,13902001
0005.HK,2024-05-30,68.3,68.45,67.6,68.15,21147727
0700.HK,2024-05-30,370.0,374.2,365.8,368.0,22006500
1810.HK,2024-05-30,17.78,18.06,17.46,17.7,105715211
3690.HK,2024-05-30,112.7,114.0,107.7,108.9,49115730
9988.HK,2024-05-30,76.4,77.6,75.9,76.3,46353905
AAPL.US,2024-05-30,190.76,192.18,190.63,191.29,49947941
BABA.US,2024-05-30,78.87,80.2,78.7,79.63,13895740
JPM.US,2024-05-30,198.56,199.85,198.4,199.33,6829719
KO.US,2024-05-30,61.85,62.08,61.6,61.97,9436821
MSFT.US,2024-05-30,424.3,424.3,414.24,414.67,28424847
XOM.US,2024-05-30,113.27,114.13,112.96,113.99,14691976
0005.HK,2024-05-31,68.75,69.1,68.45,68.65,13444621
0700.HK,2024-05-31,371.2,379.0,359.8,359.8,40035868
1810.HK,2024-05-31,18.0,18.1,17.38,17.48,136405438
3690.HK,2024-05-31,110.9,112.5,104.2,105.1,70686575
9988.HK,2024-05-31,77.45,77.9,74.9,74.9,148283968
AAPL.US,2024-05-31,191.44,192.57,189.91,192.25,75158277
BABA.US,2024-05-31,77.96,78.5,77.17,78.34,20023892
JPM.US,2024-05-31,199.3,203.3,198.35,202.63,14417885
KO.US,2024-05-31,61.99,63.03,61.69,62.93,19816630
MSFT.US,2024-05-31,416.75,416.75,404.51,415.13,47995250
XOM.US,2024-05-31,114.12,117.49,113.99,117.26,29037378
0005.HK,2024-06-03,69.35,69.8,69.15,69.15,14642150
0700.HK,2024-06-03,366.8,379.0,366.6,375.0,28125374
1810.HK,2024-06-03,17.56,18.14,17.56,17.9,106453297
3690.HK,2024-06-03,107.4,110.4,106.4,109.0,32263292
9988.HK,2024-06-03,76.5,77.5,76.45,76.65,73997961
AAPL.US,2024-06-03,192.9,194.99,192.52,194.03,50080539
BABA.US,2024-06-03,79.0,79.32,77.22,77.9,14244431
JPM.US,2024-06-03,202.31,202.42,199.19,201.82,6444309
KO.US,2024-06-03,62.71,63.09,62.45,62.93,9369046
MSFT.US,2024-06-03,415.53,416.43,408.92,413.52,17484675
XOM.US,2024-06-03,116.3,116.36,113.76,114.45,19589338
0005.HK,2024-06-04,69.25,69.5,68.5,68.5,12942557
0700.HK,2024-06-04,375.0,379.6,373.8,377.4,18043066
1810.HK,2024-06-04,17.68,17.92,17.68,17.78,75212318
3690.HK,2024-06-04,109.0,115.0,108.6,113.5,36668490
9988.HK,2024-06-04,76.0,76.85,75.9,76.4,30437293
AAPL.US,2024-06-04,194.64,195.32,193.03,194.35,47471445
BABA.US,2024-06-04,78.18,78.86,77.78,78.45,10784382
JPM.US,2024-06-04,200.16,201.98,198.28,199.16,6848338
KO.US,2024-06-04,63.2,63.97,62.94,63.94,11895622
MSFT.US,2024-06-04,412.43,416.44,409.68,416.07,14348917
XOM.US,2024-06-04,113.0,113.09,110.92,112.67,19412238
0005.HK,2024-06-05,68.7,69.0,67.8,68.1,17486418
0700.HK,2024-06-05,377.6,387.8,377.6,380.8,20205424
1810.HK,2024-06-05,17.84,18.08,17.62,17.7,73525775
3690.HK,2024-06-05,113.5,116.0,111.5,112.6,28629666
9988.HK,2024-06-05,77.15,78.4,76.6,76.95,41354457
AAPL.US,2024-06-05,195.4,196.9,194.87,195.87,54156785
BABA.US,2024-06-05,78.98,79.94,78.86,79.83,13716208
JPM.US,2024-06-05,199.76,199.82,196.92,197.26,8351597
KO.US,2024-06-05,63.99,64.07,63.35,63.92,9632525
MSFT.US,2024-06-05,417.81,424.08,416.3,424.01,16988038
XOM.US,2024-06-05,112.89,113.19,111.48,113.12,14863516
0005.HK,2024-06-06,68.2,68.75,68.2,68.5,15135605
0700.HK,2024-06-06,387.4,391.0,379.0,381.6,18888938
1810.HK,2024-06-06,17.82,18.4,17.82,17.96,120451138
3690.HK,2024-06-06,114.4,116.0,111.0,112.7,37302723
9988.HK,2024-06-06,78.1,78.45,76.65,77.1,39115156
AAPL.US,2024-06-06,195.69,196.5,194.17,194.48,41181753
BABA.US,2024-06-06,79.42,80.06,78.76,80.01,11205277
JPM.US,2024-06-06,197.26,198.02,195.33,196.91,7640289
KO.US,2024-06-06,63.92,64.36,63.84,64.15,8658456
MSFT.US,2024-06-06,424.01,425.31,420.58,424.52,14861251
XOM.US,2024-06-06,112.75,114.04,112.11,113.97,13154094
0005.HK,2024-06-07,69.0,69.2,68.65,68.75,25593633
0700.HK,2024-06-07,383.0,384.6,372.8,374.8,25247259
1810.HK,2024-06-07,18.06,18.2,17.22,17.62,201105124
3690.HK,2024-06-07,115.0,115.0,109.8,110.4,73605024
9988.HK,2024-06-07,78.1,78.1,76.9,77.1,46037914
AAPL.US,2024-06-07,194.65,196.94,194.14,196.89,53103912
BABA.US,2024-06-07,78.95,79.32,78.14,78.41,12190292
JPM.US,2024-06-07,197.43,200.92,197.01,199.95,6964498
KO.US,2024-06-07,64.09,64.23,63.81,63.91,9523089
MSFT.US,2024-06-07,426.2,426.28,423.0,423.85,13621650
XOM.US,2024-06-07,113.79,114.9,112.67,112.75,13289196
AAPL.US,2024-06-10,196.9,197.3,192.15,193.12,97262077
BABA.US,2024-06-10,78.57,79.74,78.24,79.3,9490137
JPM.US,2024-06-10,199.24,200.84,198.44,199.61,6071201
KO.US,2024-06-10,63.94,63.99,63.37,63.59,15687128
MSFT.US,2024-06-10,424.7,428.08,423.89,427.87,14003034
XOM.US,2024-06-10,113.06,114.22,112.7,113.08,15245227
0005.HK,2024-06-11,68.5,68.85,68.05,68.5,19300273
0700.HK,2024-06-11,367.4,377.8,367.4,373.8,26496779
1810.HK,2024-06-11,17.18,17.34,17.02,17.32,150166213
3690.HK,2024-06-11,108.0,116.6,107.0,115.3,72840707
9988.HK,2024-06-11,76.6,77.05,75.75,76.45,45378373
AAPL.US,2024-06-11,193.65,207.16,193.63,207.15,172373296
BABA.US,2024-06-11,79.0,79.08,77.67,77.9,11108400
JPM.US,2024-06-11,197.91,197.94,193.6,194.36,9235302
KO.US,2024-06-11,63.59,63.65,63.07,63.55,8395960
MSFT.US,2024-06-11,425.48,432.82,425.25,432.68,14551101
XOM.US,2024-06-11,112.49,112.67,111.31,112.17,12462403
0005.HK,2024-06-12,67.45,68.15,66.9,68.15,21324484
0700.HK,2024-06-12,373.8,377.8,369.6,370.8,14960058
1810.HK,2024-06-12,17.22,17.34,17.04,17.14,84361187
3690.HK,2024-06-12,115.0,116.7,112.5,112.6,33337950
9988.HK,2024-06-12,74.5,75.2,74.05,74.15,34449076
AAPL.US,2024-06-12,207.37,220.2,206.9,213.07,198134293
BABA.US,2024-06-12,78.75,78.79,77.64,78.04,12069553
JPM.US,2024-06-12,196.0,196.72,191.31,191.53,12751329
KO.US,2024-06-12,63.69,63.69,62.69,62.88,9569550
MSFT.US,2024-06-12,435.32,443.4,433.25,441.06,22366233
XOM.US,2024-06-12,113.3,113.3,110.54,110.93,13606788
0005.HK,2024-06-13,68.0,68.15,67.4,67.9,13649626
0700.HK,2024-06-13,376.4,380.6,373.6,379.8,15337042
1810.HK,2024-06-13,17.28,17.62,17.22,17.56,82025721
3690.HK,2024-06-13,114.4,116.9,112.3,116.7,37711546
9988.HK,2024-06-13,75.3,75.35,73.7,74.5,51382442
AAPL.US,2024-06-13,214.74,216.75,211.6,214.24,97862729
BABA.US,2024-06-13,76.5,76.99,75.49,75.68,14026743
JPM.US,2024-06-13,192.32,194.58,190.88,193.66,8587786
KO.US,2024-06-13,62.86,63.04,62.45,62.99,9668888
MSFT.US,2024-06-13,440.85,443.39,439.37,441.58,15960565
XOM.US,2024-06-13,110.84,110.86,109.72,110.04,14466868
0005.HK,2024-06-14,67.25,67.65,66.85,67.15,15918209
0700.HK,2024-06-14,383.6,383.6,378.6,379.8,20859332
1810.HK,2024-06-14,17.36,17.52,17.22,17.3,86630442
3690.HK,2024-06-14,116.7,118.0,113.8,114.7,37941208
9988.HK,2024-06-14,73.75,73.9,72.25,72.8,61962416
AAPL.US,2024-06-14,213.85,215.17,211.3,212.49,70122748
BABA.US,2024-06-14,74.21,74.29,73.26,73.35,18282714
JPM.US,2024-06-14,191.45,194.86,191.42,193.78,6874029
KO.US,2024-06-14,62.38,62.69,62.09,62.55,8179239
MSFT.US,2024-06-14,438.28,443.14,436.72,442.57,13581985
XOM.US,2024-06-14,110.02,110.21,108.59,109.11,13313430
0005.HK,2024-06-17,67.15,68.0,66.85,67.6,12501801
0700.HK,2024-06-17,376.2,385.8,374.8,381.2,15281150
1810.HK,2024-06-17,17.2,17.64,17.06,17.32,62407200
3690.HK,2024-06-17,114.0,117.7,112.4,116.8,28862165
9988.HK,2024-06-17,71.85,73.0,71.15,72.5,35419261
AAPL.US,2024-06-17,213.37,218.95,212.72,216.67,93728300
BABA.US,2024-06-17,74.03,75.08,73.83,74.55,13466287
JPM.US,2024-06-17,193.48,195.58,192.64,194.98,8725445
KO.US,2024-06-17,62.37,62.9,62.18,62.62,10532715
MSFT.US,2024-06-17,442.59,450.94,440.72,448.37,20790030
XOM.US,2024-06-17,109.17,109.46,108.18,108.36,21147943
0005.HK,2024-06-18,67.6,68.3,67.45,67.95,12322662
0700.HK,2024-06-18,381.4,383.8,377.0,377.0,14278934
1810.HK,2024-06-18,17.38,17.56,17.26,17.38,46659965
3690.HK,2024-06-18,118.0,118.9,114.5,115.0,28072090
9988.HK,2024-06-18,72.5,73.4,71.85,72.1,34574126
AAPL.US,2024-06-18,217.59,218.63,213.0,214.29,79943254
BABA.US,2024-06-18,74.09,75.1,73.85,74.46,10305285
JPM.US,2024-06-18,194.6,197.96,194.13,197.0,9022971
KO.US,2024-06-18,62.53,62.82,62.44,62.63,10651661
MSFT.US,2024-06-18,449.71,450.14,444.89,446.34,17112504
XOM.US,2024-06-18,109.03,110.72,108.8,109.38,17762915
0005.HK,2024-06-19,68.3,68.85,67.7,68.55,17424979
0700.HK,2024-06-19,380.4,391.0,378.4,389.0,22313477
1810.HK,2024-06-19,17.48,18.5,17.44,18.48,158776789
3690.HK,2024-06-19,116.7,121.9,115.0,121.4,35696099
9988.HK,2024-06-19,72.9,74.45,72.25,74.2,31831878
0005.HK,2024-06-20,68.6,68.9,68.2,68.5,11167283
0700.HK,2024-06-20,392.0,392.0,385.6,387.6,14049005
1810.HK,2024-06-20,18.5,18.72,18.3,18.52,90185310
3690.HK,2024-06-20,122.0,122.4,118.9,119.9,20924768
9988.HK,2024-06-20,73.95,74.45,73.3,73.4,24354943
AAPL.US,2024-06-20,213.93,214.24,208.85,209.68,86172451
BABA.US,2024-06-20,74.57,75.25,74.03,74.35,9709377
JPM.US,2024-06-20,196.39,199.45,196.11,198.67,8731062
KO.US,2024-06-20,62.4,62.74,61.95,62.18,13306273
MSFT.US,2024-06-20,446.3,446.53,441.27,445.7,19877378
XOM.US,2024-06-20,109.91,112.62,109.59,111.74,17433192
0005.HK,2024-06-21,68.6,68.65,67.9,68.15,16651890
0700.HK,2024-06-21,383.8,385.2,378.0,381.4,25855005
1810.HK,2024-06-21,18.28,18.4,17.84,18.18,87851069
3690.HK,2024-06-21,119.7,121.0,114.0,116.2,40576486
9988.HK,2024-06-21,72.45,72.65,71.5,72.0,57906313
AAPL.US,2024-06-21,210.39,211.89,207.11,207.49,246421353
BABA.US,2024-06-21,73.79,74.65,73.67,73.67,10410815
JPM.US,2024-06-21,196.71,197.17,194.22,196.3,20972495
KO.US,2024-06-21,62.18,63.1,62.18,62.77,28282194
MSFT.US,2024-06-21,447.38,450.58,446.51,449.78,34486172
XOM.US,2024-06-21,111.9,112.7,110.76,110.76,52220574
0005.HK,2024-06-24,67.8,67.9,67.2,67.85,19855470
0700.HK,2024-06-24,377.6,381.0,374.0,380.4,12919565
1810.HK,2024-06-24,17.96,18.08,17.56,18.02,69977040
3690.HK,2024-06-24,113.8,115.8,112.4,115.4,26037487
9988.HK,2024-06-24,71.05,72.1,71.0,72.05,32160122
AAPL.US,2024-06-24,207.72,212.7,206.59,208.14,80727006
BABA.US,2024-06-24,74.12,75.94,74.12,74.79,20134412
JPM.US,2024-06-24,197.81,199.23,197.1,198.88,9785929
KO.US,2024-06-24,62.99,64.06,62.91,63.97,13212454
MSFT.US,2024-06-24,449.8,452.75,446.41,447.67,15913719
XOM.US,2024-06-24,111.64,114.53,111.64,114.05,16266688
0005.HK,2024-06-25,68.4,68.6,67.95,68.4,17757619
0700.HK,2024-06-25,381.8,385.0,378.6,382.0,12789522
1810.HK,2024-06-25,18.08,18.14,17.62,17.78,58116612
3690.HK,2024-06-25,116.2,119.0,115.5,116.8,24626406
9988.HK,2024-06-25,72.25,73.2,72.1,72.65,27467171
AAPL.US,2024-06-25,209.15,211.38,208.61,209.07,56713868
BABA.US,2024-06-25,74.5,74.76,73.61,73.79,16986435
JPM.US,2024-06-25,198.09,200.07,197.74,198.07,6915909
KO.US,2024-06-25,63.94,64.07,63.51,63.84,10546793
MSFT.US,2024-06-25,448.25,451.42,446.75,450.95,16747529
XOM.US,2024-06-25,114.11,114.55,113.46,114.37,16213682
0005.HK,2024-06-26,67.95,68.7,67.95,68.3,14110286
0700.HK,2024-06-26,379.2,383.0,377.0,382.0,11886907
1810.HK,2024-06-26,17.58,17.94,17.54,17.82,44582518
3690.HK,2024-06-26,115.0,117.5,114.2,117.0,18098098
9988.HK,2024-06-26,71.7,73.45,71.7,72.85,29066186
AAPL.US,2024-06-26,211.5,214.86,210.64,213.25,66213186
BABA.US,2024-06-26,73.93,74.35,73.67,74.17,7010071
JPM.US,2024-06-26,197.45,197.94,196.28,197.43,7758582
KO.US,2024-06-26,63.4,64.11,63.23,64.05,9402502
MSFT.US,2024-06-26,449.0,453.6,448.19,452.16,16507030
XOM.US,2024-06-26,114.39,114.82,113.14,114.41,15771751
0005.HK,2024-06-27,67.8,68.3,67.55,68.3,15372794
0700.HK,2024-06-27,379.6,380.0,372.2,374.4,17513758
1810.HK,2024-06-27,17.54,17.68,16.34,16.54,245670671
3690.HK,2024-06-27,115.5,116.7,112.6,113.7,27528943
9988.HK,2024-06-27,72.0,72.6,71.25,71.55,37688869
AAPL.US,2024-06-27,214.69,215.74,212.35,214.1,49772707
BABA.US,2024-06-27,73.46,73.55,72.35,72.37,11865132
JPM.US,2024-06-27,197.44,199.86,196.9,199.17,7913453
KO.US,2024-06-27,64.05,64.27,63.62,63.91,8494123
MSFT.US,2024-06-27,452.18,456.17,451.77,452.85,14806324
XOM.US,2024-06-27,114.99,114.99,114.11,114.9,16812731
0005.HK,2024-06-28,68.2,68.75,67.9,68.3,13323685
0700.HK,2024-06-28,371.6,376.0,370.8,372.4,15561097
1810.HK,2024-06-28,16.38,16.78,16.36,16.48,94102995
3690.HK,2024-06-28,111.5,114.3,110.6,111.1,28512066
9988.HK,2024-06-28,70.6,71.6,70.5,70.5,39388456
AAPL.US,2024-06-28,215.77,216.07,210.3,210.62,82542718
BABA.US,2024-06-28,72.37,72.56,71.8,72.0,10334974
JPM.US,2024-06-28,200.01,202.6,199.3,202.26,15307616
KO.US,2024-06-28,63.9,64.06,63.52,63.65,17358827
MSFT.US,2024-06-28,453.07,455.38,446.41,446.95,28362271
XOM.US,2024-06-28,115.86,116.54,114.68,115.12,24565910
AAPL.US,2024-07-01,212.09,217.51,211.92,216.75,60402929
BABA.US,2024-07-01,72.51,73.02,72.02,72.18,9034233
JPM.US,2024-07-01,202.84,207.09,202.66,205.45,10205836
KO.US,2024-07-01,64.03,64.3,63.12,63.28,10033361
MSFT.US,2024-07-01,448.66,457.37,445.66,456.73,17662818
XOM.US,2024-07-01,115.71,116.74,114.53,114.96,11972881
0005.HK,2024-07-02,68.0,68.7,68.0,68.25,19290655
0700.HK,2024-07-02,367.0,376.2,365.2,369.2,27266647
1810.HK,2024-07-02,16.5,16.74,16.36,16.66,62421619
3690.HK,2024-07-02,111.4,113.3,108.6,112.2,27443010
9988.HK,2024-07-02,69.8,72.0,69.8,70.45,43280648
AAPL.US,2024-07-02,216.15,220.38,215.1,220.27,58046178
BABA.US,2024-07-02,72.32,73.78,71.97,73.68,13419140
JPM.US,2024-07-02,205.29,208.86,204.77,208.83,7802936
KO.US,2024-07-02,63.26,63.38,62.86,63.15,8878156
MSFT.US,2024-07-02,453.2,459.59,453.11,459.28,13979779
XOM.US,2024-07-02,115.9,115.94,113.49,114.18,13326703
0005.HK,2024-07-03,68.5,68.85,68.15,68.15,14540763
0700.HK,2024-07-03,366.8,380.8,366.8,379.4,22256951
1810.HK,2024-07-03,16.66,17.08,16.66,16.9,68480845
3690.HK,2024-07-03,114.3,117.4,112.5,117.1,31244921
9988.HK,2024-07-03,71.65,72.75,71.1,72.2,38913160
AAPL.US,2024-07-03,220.0,221.55,219.03,221.55,37369801
BABA.US,2024-07-03,74.18,75.81,74.18,75.57,11768517
JPM.US,2024-07-03,209.55,210.38,207.65,208.69,5560925
KO.US,2024-07-03,63.19,63.67,62.93,63.33,9154198
MSFT.US,2024-07-03,458.19,461.02,457.88,460.77,9932830
XOM.US,2024-07-03,114.27,115.66,114.27,114.76,7732928
0005.HK,2024-07-04,68.15,69.25,68.15,68.85,18882109
0700.HK,2024-07-04,386.8,386.8,378.6,382.4,15437093
1810.HK,2024-07-04,17.16,17.22,16.76,16.84,47136649
3690.HK,2024-07-04,119.9,121.6,118.8,119.7,35834785
9988.HK,2024-07-04,73.4,73.95,73.0,73.15,30491758
0005.HK,2024-07-05,69.25,69.25,67.75,67.8,23812581
0700.HK,2024-07-05,384.8,385.6,378.8,379.8,10522095
1810.HK,2024-07-05,16.92,16.98,16.48,16.62,50780567
3690.HK,2024-07-05,119.7,121.0,117.7,119.1,23440790
9988.HK,2024-07-05,73.1,73.8,72.75,72.9,30464780
AAPL.US,2024-07-05,221.65,226.45,221.65,226.34,60412408
BABA.US,2024-07-05,74.67,74.72,73.61,74.52,14928681
JPM.US,2024-07-05,206.99,207.37,204.52,204.79,8093096
KO.US,2024-07-05,63.33,63.79,63.0,63.76,11735460
MSFT.US,2024-07-05,459.61,468.35,458.97,467.56,16000290
XOM.US,2024-07-05,114.61,114.63,112.69,113.37,12630986
0005.HK,2024-07-08,67.8,67.8,66.7,67.1,30290715
0700.HK,2024-07-08,381.8,383.2,375.6,378.6,11623215
1810.HK,2024-07-08,16.62,16.76,16.36,16.46,54387650
3690.HK,2024-07-08,118.7,118.9,116.3,117.0,17430565
9988.HK,2024-07-08,72.05,72.65,71.45,71.8,41071018
AAPL.US,2024-07-08,227.09,227.85,223.25,227.82,59085861
BABA.US,2024-07-08,73.61,73.71,72.95,73.5,10919434
JPM.US,2024-07-08,205.04,206.9,203.97,205.17,8706967
KO.US,2024-07-08,63.59,63.59,62.84,62.96,11235135
MSFT.US,2024-07-08,466.55,467.7,464.46,466.24,12962321
XOM.US,2024-07-08,112.39,113.55,111.42,112.18,13350549
0005.HK,2024-07-09,67.15,67.35,66.4,66.75,27447629
0700.HK,2024-07-09,377.0,382.2,376.0,381.0,13024401
1810.HK,2024-07-09,16.4,16.58,16.06,16.4,83646140
3690.HK,2024-07-09,115.3,115.9,112.5,114.7,32986108
9988.HK,2024-07-09,71.25,73.0,71.25,72.5,33931545
AAPL.US,2024-07-09,227.93,229.4,226.37,228.68,48169822
BABA.US,2024-07-09,74.01,76.06,73.97,75.7,14516557
JPM.US,2024-07-09,205.63,209.76,205.45,207.63,9060258
KO.US,2024-07-09,63.06,63.23,62.59,62.69,11660197
MSFT.US,2024-07-09,467.0,467.33,458.0,459.54,17228507
XOM.US,2024-07-09,111.11,112.54,110.62,110.94,11729085
0005.HK,2024-07-10,66.5,67.05,66.4,66.5,14625523
0700.HK,2024-07-10,385.2,385.8,376.8,377.6,15586645
1810.HK,2024-07-10,16.36,16.56,16.04,16.12,81314076
3690.HK,2024-07-10,116.2,118.9,114.6,114.9,30789640
9988.HK,2024-07-10,73.7,74.6,73.1,73.1,35940892
AAPL.US,2024-07-10,229.3,233.08,229.25,232.98,62627687
BABA.US,2024-07-10,75.28,76.66,75.25,76.01,12235165
JPM.US,2024-07-10,206.14,207.97,205.58,207.8,8328493
KO.US,2024-07-10,62.72,62.86,62.29,62.83,11930407
MSFT.US,2024-07-10,461.22,466.46,458.86,466.25,18196100
XOM.US,2024-07-10,110.92,111.96,110.42,111.92,10004094
0005.HK,2024-07-11,67.15,67.55,66.9,67.25,11811664
0700.HK,2024-07-11,379.4,386.0,378.2,384.8,16590064
1810.HK,2024-07-11,16.26,16.76,16.2,16.68,69245590
3690.HK,2024-07-11,115.8,117.7,114.8,116.1,25270801
9988.HK,2024-07-11,74.0,76.0,73.8,75.45,48693395
AAPL.US,2024-07-11,231.39,232.39,225.77,227.57,64710617
BABA.US,2024-07-11,77.66,78.83,77.42,78.52,18896930
JPM.US,2024-07-11,206.21,208.1,205.38,207.45,10666937
KO.US,2024-07-11,62.64,63.46,62.4,63.1,11434422
MSFT.US,2024-07-11,462.98,464.78,451.55,454.7,23111175
XOM.US,2024-07-11,111.43,113.32,110.93,113.25,13084875
0005.HK,2024-07-12,67.55,68.05,67.45,67.9,17675651
0700.HK,2024-07-12,390.8,397.2,389.2,397.0,27521352
1810.HK,2024-07-12,16.86,16.98,16.54,16.84,84861492
3690.HK,2024-07-12,119.1,122.3,118.0,121.8,42746740
9988.HK,2024-07-12,76.4,78.7,76.4,78.4,65804366
AAPL.US,2024-07-12,228.92,232.64,228.68,230.54,53046527
BABA.US,2024-07-12,80.3,81.01,79.43,79.65,14857248
JPM.US,2024-07-12,204.0,207.45,202.1,204.94,15443441
KO.US,2024-07-12,63.46,64.12,63.39,63.7,9201516
MSFT.US,2024-07-12,454.33,456.36,450.65,453.55,16324274
XOM.US,2024-07-12,113.99,114.15,112.63,113.27,11684946
0005.HK,2024-07-15,67.85,67.85,67.05,67.5,10484128
0700.HK,2024-07-15,393.2,397.0,388.6,390.2,13680185
1810.HK,2024-07-15,16.84,17.06,16.4,16.46,75353380
3690.HK,2024-07-15,119.9,121.6,118.7,119.1,20533862
9988.HK,2024-07-15,77.2,77.95,76.35,76.65,40320270
AAPL.US,2024-07-15,236.48,237.23,233.09,234.4,62631252
BABA.US,2024-07-15,78.09,78.6,77.45,78.01,12614928
JPM.US,2024-07-15,207.19,211.61,206.72,210.05,10719670
KO.US,2024-07-15,63.79,63.94,63.35,63.41,8207521
MSFT.US,2024-07-15,453.3,457.26,451.43,453.96,14429447
XOM.US,2024-07-15,114.27,116.16,113.58,115.21,13032503
0005.HK,2024-07-16,67.1,67.4,67.0,67.1,12063903
0700.HK,2024-07-16,386.0,387.4,377.8,378.0,19061149
1810.HK,2024-07-16,16.24,16.4,16.14,16.34,66641300
3690.HK,2024-07-16,117.6,118.8,116.6,117.5,18714084
9988.HK,2024-07-16,75.7,75.95,75.1,75.5,33288019
AAPL.US,2024-07-16,235.0,236.27,232.33,234.82,43234278
BABA.US,2024-07-16,77.29,78.58,76.98,78.38,12304469
JPM.US,2024-07-16,210.0,213.74,208.08,213.62,11557018
KO.US,2024-07-16,63.43,64.31,63.39,64.27,9025066
MSFT.US,2024-07-16,454.22,454.3,446.66,449.52,17175679
XOM.US,2024-07-16,114.35,116.35,113.71,116.04,13614050
0005.HK,2024-07-17,67.0,67.5,67.0,67.2,9031967
0700.HK,2024-07-17,375.0,377.4,368.4,371.8,25857823
1810.HK,2024-07-17,16.48,16.94,16.26,16.78,71347036
3690.HK,2024-07-17,117.5,120.5,116.0,119.1,23222975
9988.HK,2024-07-17,75.95,76.95,75.8,76.3,43176485
AAPL.US,2024-07-17,229.45,231.46,226.64,228.88,57345884
BABA.US,2024-07-17,77.86,77.95,76.49,77.04,10815545
JPM.US,2024-07-17,213.8,217.56,213.27,216.87,11572470
KO.US,2024-07-17,64.47,65.39,64.41,65.21,12508215
MSFT.US,2024-07-17,442.59,444.85,439.18,443.52,21754021
XOM.US,2024-07-17,116.74,118.18,116.55,117.64,13602766
0005.HK,2024-07-18,67.4,68.2,67.4,67.8,11465970
0700.HK,2024-07-18,368.0,371.6,367.0,369.2,18944747
1810.HK,2024-07-18,16.68,17.04,16.6,16.84,69357199
3690.HK,2024-07-18,117.1,120.4,116.8,119.4,22116025
9988.HK,2024-07-18,75.55,76.1,75.1,75.8,35852222
AAPL.US,2024-07-18,230.28,230.44,222.27,224.18,66034585
BABA.US,2024-07-18,77.36,78.32,76.36,76.54,11108627
JPM.US,2024-07-18,215.63,216.64,209.24,209.98,12415125
KO.US,2024-07-18,64.8,65.81,64.72,65.19,11128203
MSFT.US,2024-07-18,444.34,444.65,434.4,440.37,20794822
XOM.US,2024-07-18,117.95,119.92,117.44,118.8,13033563
0005.HK,2024-07-19,67.3,67.3,66.25,66.35,22938967
0700.HK,2024-07-19,366.6,368.4,363.0,364.0,23088518
1810.HK,2024-07-19,16.6,16.76,16.36,16.52,70888406
3690.HK,2024-07-19,118.1,119.3,117.1,117.5,29688510
9988.HK,2024-07-19,74.55,74.95,73.45,73.8,42933703
AAPL.US,2024-07-19,224.82,226.8,223.28,224.31,49151453
BABA.US,2024-07-19,75.66,76.05,75.18,75.27,7557264
JPM.US,2024-07-19,211.2,212.35,208.92,209.78,8095898
KO.US,2024-07-19,65.64,65.64,64.82,65.29,13775672
MSFT.US,2024-07-19,433.1,441.14,432.0,437.11,20940417
XOM.US,2024-07-19,118.59,118.88,115.87,116.07,16157707
0005.HK,2024-07-22,66.35,67.2,66.05,67.1,11879329
0700.HK,2024-07-22,367.2,375.8,365.4,373.2,16960926
1810.HK,2024-07-22,16.56,17.32,16.54,17.22,117875122
3690.HK,2024-07-22,118.9,121.9,118.5,121.3,30662005
9988.HK,2024-07-22,73.8,75.2,73.7,74.75,33903557
AAPL.US,2024-07-22,227.01,227.78,223.09,223.96,48201835
BABA.US,2024-07-22,76.83,77.19,76.26,76.64,9166842
JPM.US,2024-07-22,210.46,212.17,209.71,210.28,7663223
KO.US,2024-07-22,65.25,65.29,64.32,64.77,11794212
MSFT.US,2024-07-22,441.79,444.6,438.91,442.94,15808755
XOM.US,2024-07-22,115.18,115.94,114.58,115.27,12065877
0005.HK,2024-07-23,67.2,67.45,66.75,66.8,11089428
0700.HK,2024-07-23,375.0,376.4,366.0,366.2,12104461
1810.HK,2024-07-23,17.3,17.44,16.86,16.96,64433875
3690.HK,2024-07-23,121.1,121.4,117.2,118.1,28762101
9988.HK,2024-07-23,75.15,75.2,74.0,74.1,29397901
AAPL.US,2024-07-23,224.37,226.94,222.68,225.01,39960260
BABA.US,2024-07-23,75.68,76.32,75.44,76.1,7997090
JPM.US,2024-07-23,211.02,211.48,209.35,210.33,5557262
KO.US,2024-07-23,65.43,66.04,64.85,64.96,11810262
MSFT.US,2024-07-23,443.9,448.39,443.1,444.85,13107050
XOM.US,2024-07-23,114.81,115.17,113.17,113.41,11251733
0005.HK,2024-07-24,67.15,67.15,66.3,66.65,11104661
0700.HK,2024-07-24,365.8,369.6,360.6,363.2,11800216
1810.HK,2024-07-24,16.94,17.04,16.32,16.54,91652264
3690.HK,2024-07-24,118.1,118.3,111.5,113.3,42947253
9988.HK,2024-07-24,74.05,74.85,74.05,74.2,24392950
AAPL.US,2024-07-24,224.0,224.8,217.13,218.54,61777576
BABA.US,2024-07-24,76.15,77.06,75.72,75.8,7924719
JPM.US,2024-07-24,209.55,212.03,208.07,208.59,7118957
KO.US,2024-07-24,65.09,65.97,64.84,65.81,13244568
MSFT.US,2024-07-24,440.45,441.48,427.59,428.9,26805800
XOM.US,2024-07-24,113.77,115.2,113.07,115.01,14925184
0005.HK,2024-07-25,66.65,66.95,65.85,66.0,13669321
0700.HK,2024-07-25,360.2,361.6,351.0,351.2,25787277
1810.HK,2024-07-25,16.4,16.48,16.12,16.2,72854684
3690.HK,2024-07-25,110.6,111.6,106.2,107.1,52401441
9988.HK,2024-07-25,74.5,74.55,73.2,73.3,28685062
AAPL.US,2024-07-25,218.93,220.85,214.62,217.49,51391199
BABA.US,2024-07-25,75.37,76.22,75.13,75.4,8172638
JPM.US,2024-07-25,208.65,210.19,208.05,208.67,6403774
KO.US,2024-07-25,66.04,66.89,65.86,66.07,16328583
MSFT.US,2024-07-25,428.8,429.8,417.51,418.4,29943795
XOM.US,2024-07-25,115.17,118.03,114.56,117.43,17021698
0005.HK,2024-07-26,66.2,66.45,65.8,66.25,11169474
0700.HK,2024-07-26,352.8,358.4,352.4,354.4,13267324
1810.HK,2024-07-26,16.32,16.62,16.32,16.36,64273609
3690.HK,2024-07-26,108.5,108.7,105.1,107.6,27148879
9988.HK,2024-07-26,73.6,73.9,72.8,73.1,24685769
AAPL.US,2024-07-26,218.7,219.49,216.01,217.96,41601345
BABA.US,2024-07-26,75.26,76.77,74.55,76.53,10884540
JPM.US,2024-07-26,209.24,213.16,208.62,212.24,8027787
KO.US,2024-07-26,66.07,67.11,66.01,67.05,13530071
MSFT.US,2024-07-26,418.2,428.92,417.27,425.27,23583839
XOM.US,2024-07-26,116.77,118.03,116.47,117.33,11252479
0005.HK,2024-07-29,66.85,67.5,66.75,67.3,14754837
0700.HK,2024-07-29,359.8,362.0,353.8,358.2,12872249
1810.HK,2024-07-29,16.62,17.1,16.56,16.82,82843861
3690.HK,2024-07-29,109.3,110.5,107.7,108.4,17136896
9988.HK,2024-07-29,74.8,77.3,74.75,76.55,74410239
AAPL.US,2024-07-29,216.96,219.3,215.75,218.24,36311778
BABA.US,2024-07-29,78.46,79.4,78.21,78.62,17364101
JPM.US,2024-07-29,212.65,213.61,210.55,210.85,6533636
KO.US,2024-07-29,66.88,67.03,66.39,66.83,12140153
MSFT.US,2024-07-29,431.58,432.15,424.7,426.73,15125836
XOM.US,2024-07-29,117.32,117.39,115.38,116.1,8861806
0005.HK,2024-07-30,66.8,67.1,66.1,66.85,19134790
0700.HK,2024-07-30,355.4,357.6,352.4,353.6,9749595
1810.HK,2024-07-30,16.7,16.8,16.22,16.32,75799866
3690.HK,2024-07-30,108.6,108.6,105.8,106.4,17955125
9988.HK,2024-07-30,76.65,76.95,75.6,76.2,42711031
AAPL.US,2024-07-30,219.19,220.33,216.12,218.8,41643840
BABA.US,2024-07-30,78.22,78.79,77.7,78.0,8431939
JPM.US,2024-07-30,213.23,215.79,212.96,215.19,8850705
KO.US,2024-07-30,66.48,67.83,66.36,67.68,13257960
MSFT.US,2024-07-30,427.72,429.05,417.36,422.92,32687578
XOM.US,2024-07-30,116.36,118.6,116.23,118.17,12483857
0005.HK,2024-07-31,67.6,69.95,67.6,69.95,56335320
0700.HK,2024-07-31,352.2,366.8,351.0,362.2,20304313
1810.HK,2024-07-31,16.4,17.06,16.26,16.84,93621817
3690.HK,2024-07-31,106.7,110.3,106.0,109.3,21711841
9988.HK,2024-07-31,76.3,78.3,76.1,77.3,63322191
AAPL.US,2024-07-31,221.44,223.82,220.63,222.08,50036262
BABA.US,2024-07-31,79.33,80.02,78.34,78.85,12178625
JPM.US,2024-07-31,214.78,216.39,212.67,212.8,9071637
KO.US,2024-07-31,67.5,67.61,66.61,66.74,15576846
MSFT.US,2024-07-31,420.5,421.78,412.21,418.35,42891366
XOM.US,2024-07-31,119.64,119.76,118.56,118.59,15137710
0005.HK,2024-08-01,70.0,70.0,68.05,68.25,33182376
0700.HK,2024-08-01,363.8,368.6,363.6,365.6,12412285
1810.HK,2024-08-01,16.78,16.9,16.5,16.68,50657487
3690.HK,2024-08-01,108.1,111.2,108.1,109.2,15275269
9988.HK,2024-08-01,77.2,78.0,76.8,77.5,38913402
AAPL.US,2024-08-01,224.37,224.48,217.02,218.36,62500996
BABA.US,2024-08-01,78.77,79.36,77.84,77.98,8559620
JPM.US,2024-08-01,213.2,213.83,206.38,207.96,10918644
KO.US,2024-08-01,67.0,68.11,66.7,67.96,16495907
MSFT.US,2024-08-01,420.79,427.46,413.09,417.11,30296400
XOM.US,2024-08-01,118.35,119.49,116.36,116.95,15051482
0005.HK,2024-08-02,65.8,66.05,65.2,65.75,52751180
0700.HK,2024-08-02,360.8,365.4,356.2,358.2,17707597
1810.HK,2024-08-02,16.36,16.38,15.86,16.08,132911168
3690.HK,2024-08-02,107.8,107.8,100.7,104.0,40365144
9988.HK,2024-08-02,76.0,76.75,74.85,75.35,36160705
AAPL.US,2024-08-02,219.15,225.6,217.71,219.86,105568560
BABA.US,2024-08-02,76.79,77.47,75.77,77.45,10808670
JPM.US,2024-08-02,203.88,204.67,196.89,199.14,18041676
KO.US,2024-08-02,68.53,69.67,67.69,69.33,22514775
MSFT.US,2024-08-02,412.49,415.0,404.34,408.49,29437900
XOM.US,2024-08-02,115.97,118.87,115.42,116.88,20403773
0005.HK,2024-08-05,63.85,63.85,61.15,62.05,78051535
0700.HK,2024-08-05,352.0,364.2,349.0,356.6,22963458
1810.HK,2024-08-05,15.74,16.06,15.36,15.86,137905794
3690.HK,2024-08-05,102.8,107.6,101.4,106.8,41740738
9988.HK,2024-08-05,74.15,75.8,72.8,74.2,49548357
AAPL.US,2024-08-05,199.09,213.5,196.0,209.27,119548589
BABA.US,2024-08-05,74.03,77.26,73.87,76.98,16143255
JPM.US,2024-08-05,194.05,196.17,190.9,194.9,13926997
KO.US,2024-08-05,68.99,69.55,67.73,68.1,25484273
MSFT.US,2024-08-05,389.17,401.04,385.58,395.15,40709238
XOM.US,2024-08-05,115.54,116.03,113.25,114.77,18025858
0005.HK,2024-08-06,63.0,63.5,62.5,62.8,28434786
0700.HK,2024-08-06,360.6,363.4,349.4,354.4,17674374
1810.HK,2024-08-06,16.0,16.12,15.64,15.82,74328521
3690.HK,2024-08-06,109.1,109.9,105.6,105.6,24808382
9988.HK,2024-08-06,75.35,76.2,75.2,75.25,47939836
AAPL.US,2024-08-06,205.3,209.99,201.07,207.23,69660488
BABA.US,2024-08-06,76.51,78.85,76.51,77.9,12128907
JPM.US,2024-08-06,195.4,202.6,194.0,200.34,10605780
KO.US,2024-08-06,68.15,68.84,67.77,68.05,12969099
MSFT.US,2024-08-06,400.0,405.67,398.5,399.61,24946525
XOM.US,2024-08-06,114.45,115.63,113.63,114.16,13647778
0005.HK,2024-08-07,62.75,63.35,62.4,63.05,21310804
0700.HK,2024-08-07,355.2,365.4,355.2,363.4,15840290
1810.HK,2024-08-07,15.78,16.08,15.76,15.9,51826337
3690.HK,2024-08-07,106.2,108.3,105.1,106.0,20383337
9988.HK,2024-08-07,76.0,77.5,75.75,76.5,39385356
AAPL.US,2024-08-07,206.9,213.64,206.39,209.82,63516417
BABA.US,2024-08-07,78.92,78.94,77.46,77.83,9693911
JPM.US,2024-08-07,203.51,205.75,200.2,200.4,9204434
KO.US,2024-08-07,68.05,69.18,67.83,68.46,13365270
MSFT.US,2024-08-07,408.64,410.08,397.47,398.43,20650906
XOM.US,2024-08-07,115.45,117.12,115.26,115.68,13660657
0005.HK,2024-08-08,63.0,63.15,62.3,62.85,20331304
0700.HK,2024-08-08,361.2,374.4,359.4,368.2,18811540
1810.HK,2024-08-08,15.74,16.04,15.58,15.84,57560855
3690.HK,2024-08-08,104.5,107.2,102.8,104.6,25310352
9988.HK,2024-08-08,75.75,78.25,75.35,76.55,49320546
AAPL.US,2024-08-08,213.11,214.2,208.83,213.31,47161149
BABA.US,2024-08-08,78.85,80.31,78.75,80.31,14004330
JPM.US,2024-08-08,202.47,204.91,201.79,204.06,7761199
KO.US,2024-08-08,68.0,68.87,67.85,68.73,15240914
MSFT.US,2024-08-08,402.44,405.86,399.94,402.69,20203030
XOM.US,2024-08-08,116.08,118.11,115.73,117.89,13850993
0005.HK,2024-08-09,63.45,64.45,63.45,63.95,22128125
0700.HK,2024-08-09,371.4,376.0,368.4,370.0,16353916
1810.HK,2024-08-09,16.12,16.52,16.02,16.4,104527148
3690.HK,2024-08-09,106.2,108.5,105.6,106.2,19633016
9988.HK,2024-08-09,78.1,78.95,77.85,77.85,37944538
AAPL.US,2024-08-09,212.1,216.78,211.97,216.24,42201646
BABA.US,2024-08-09,79.97,80.22,79.2,79.99,7755860
JPM.US,2024-08-09,203.47,206.47,202.9,205.8,5540240
KO.US,2024-08-09,68.7,68.79,68.25,68.68,12080420
MSFT.US,2024-08-09,404.03,408.05,402.26,406.02,19276666
XOM.US,2024-08-09,117.89,119.31,117.36,118.85,12151867
0005.HK,2024-08-12,64.0,64.5,63.9,64.35,14396811
0700.HK,2024-08-12,372.0,376.6,370.0,375.0,10215275
1810.HK,2024-08-12,16.38,16.64,16.32,16.46,49506251
3690.HK,2024-08-12,105.9,106.7,101.9,104.0,22028432
9988.HK,2024-08-12,77.85,78.85,77.2,78.45,36296039
AAPL.US,2024-08-12,216.07,219.51,215.6,217.53,38028092
BABA.US,2024-08-12,80.59,81.5,80.23,80.91,12127711
JPM.US,2024-08-12,206.41,207.14,203.66,206.19,6935954
KO.US,2024-08-12,68.45,68.54,67.83,68.17,11012318
MSFT.US,2024-08-12,407.06,408.76,404.24,406.81,16762883
XOM.US,2024-08-12,119.55,120.17,118.02,119.0,13228911
0005.HK,2024-08-13,64.5,64.65,64.15,64.45,8689897
0700.HK,2024-08-13,376.0,380.6,375.6,378.6,13590391
1810.HK,2024-08-13,16.52,16.96,16.44,16.9,89113360
3690.HK,2024-08-13,104.0,105.3,101.3,103.4,24773088
9988.HK,2024-08-13,78.6,79.15,78.0,78.65,31992760
AAPL.US,2024-08-13,219.01,221.89,219.01,221.27,44155331
BABA.US,2024-08-13,80.97,81.4,80.68,81.1,9365727
JPM.US,2024-08-13,207.73,208.09,205.4,207.94,6387942
KO.US,2024-08-13,68.08,68.61,68.01,68.46,9877569
MSFT.US,2024-08-13,409.59,414.95,409.57,414.01,19414271
XOM.US,2024-08-13,118.28,118.51,117.5,117.86,11585067
0005.HK,2024-08-14,64.9,65.05,64.6,64.85,10939047
0700.HK,2024-08-14,378.6,379.4,369.4,373.8,18692686
1810.HK,2024-08-14,16.98,16.98,16.74,16.86,42244264
3690.HK,2024-08-14,104.6,104.6,101.3,102.1,14885295
9988.HK,2024-08-14,78.85,79.35,78.05,78.3,35577408
AAPL.US,2024-08-14,220.57,223.03,219.7,221.72,41960574
BABA.US,2024-08-14,80.55,80.98,78.07,79.47,18058094
JPM.US,2024-08-14,207.74,210.76,207.12,210.24,6999809
KO.US,2024-08-14,68.23,68.89,68.13,68.58,14328033
MSFT.US,2024-08-14,414.8,417.72,412.45,416.86,18266980
XOM.US,2024-08-14,118.1,119.9,117.63,118.95,12194520
0005.HK,2024-08-15,64.2,64.8,63.85,64.6,14660551
0700.HK,2024-08-15,366.2,374.8,364.2,368.4,21443850
1810.HK,2024-08-15,16.68,17.3,16.6,17.22,94551112
3690.HK,2024-08-15,101.9,104.4,100.1,102.4,23016192
9988.HK,2024-08-15,77.65,77.95,75.5,76.4,69314475
AAPL.US,2024-08-15,224.6,225.35,222.76,224.72,46414013
BABA.US,2024-08-15,77.9,81.88,77.74,79.54,31619351
JPM.US,2024-08-15,213.0,213.89,211.1,211.55,7001005
KO.US,2024-08-15,68.62,68.92,68.5,68.65,11285120
MSFT.US,2024-08-15,419.8,421.11,417.66,421.03,20752144
XOM.US,2024-08-15,118.25,119.63,118.12,118.73,11579432
0005.HK,2024-08-16,65.4,66.1,65.35,66.0,20655114
0700.HK,2024-08-16,372.0,375.2,368.8,372.6,16414338
1810.HK,2024-08-16,17.24,17.42,17.14,17.32,71246541
3690.HK,2024-08-16,104.0,108.3,103.8,107.7,37261404
9988.HK,2024-08-16,77.75,80.65,77.55,80.1,86304798
AAPL.US,2024-08-16,223.92,226.83,223.65,226.05,44340240
BABA.US,2024-08-16,82.05,84.16,81.98,83.18,25249172
JPM.US,2024-08-16,211.69,214.09,211.59,213.97,7931234
KO.US,2024-08-16,68.84,69.3,68.64,69.18,12651230
MSFT.US,2024-08-16,420.6,421.34,417.3,418.47,22775593
XOM.US,2024-08-16,117.99,118.48,117.66,118.17,10056024
0005.HK,2024-08-19,66.25,66.55,65.9,66.25,10812337
0700.HK,2024-08-19,377.6,377.6,371.2,372.6,15210162
1810.HK,2024-08-19,17.5,18.04,17.48,17.62,123269250
3690.HK,2024-08-19,109.8,110.4,108.2,108.7,17188364
9988.HK,2024-08-19,81.3,82.65,81.2,81.45,58682838
AAPL.US,2024-08-19,225.72,225.99,223.04,225.89,40687813
BABA.US,2024-08-19,83.98,84.9,83.49,83.91,14750992
JPM.US,2024-08-19,214.0,215.53,213.82,215.45,6090818
KO.US,2024-08-19,69.35,69.42,68.85,68.98,9843861
MSFT.US,2024-08-19,418.96,421.75,416.46,421.53,15233957
XOM.US,2024-08-19,118.4,120.5,118.17,118.53,12417467
0005.HK,2024-08-20,66.85,67.1,66.6,66.7,15217398
0700.HK,2024-08-20,372.8,373.8,369.0,370.4,11852608
1810.HK,2024-08-20,17.96,17.96,17.28,17.68,79865450
3690.HK,2024-08-20,110.0,110.2,107.5,108.1,14669733
9988.HK,2024-08-20,81.7,81.75,79.95,80.4,42535840
AAPL.US,2024-08-20,225.77,227.17,225.45,226.51,30299033
BABA.US,2024-08-20,82.46,82.6,80.78,81.04,17880059
JPM.US,2024-08-20,215.0,216.0,213.68,214.52,5640223
KO.US,2024-08-20,68.99,69.39,68.77,69.38,11957372
MSFT.US,2024-08-20,421.7,425.86,421.64,424.8,16387581
XOM.US,2024-08-20,118.65,118.65,114.51,114.58,15631967
0005.HK,2024-08-21,66.1,66.25,65.6,66.2,8108865
0700.HK,2024-08-21,367.4,373.8,365.2,371.6,11647083
1810.HK,2024-08-21,17.32,17.52,17.1,17.52,98036616
3690.HK,2024-08-21,105.5,108.8,105.2,107.7,15349800
9988.HK,2024-08-21,78.4,79.95,78.3,79.95,51464907
AAPL.US,2024-08-21,226.52,227.98,225.05,226.4,34765480
BABA.US,2024-08-21,81.85,83.8,81.71,83.53,14689960
JPM.US,2024-08-21,214.43,215.0,212.84,214.6,5202472
KO.US,2024-08-21,69.48,70.13,69.34,69.57,8792397
MSFT.US,2024-08-21,424.08,426.4,421.72,424.14,16067298
XOM.US,2024-08-21,115.01,115.57,113.76,113.85,11752358
0005.HK,2024-08-22,66.8,66.8,66.25,66.8,8923564
0700.HK,2024-08-22,374.8,377.8,371.2,377.8,16786859
1810.HK,2024-08-22,18.5,19.24,18.38,19.1,434622724
3690.HK,2024-08-22,109.1,109.3,105.3,109.0,18083963
9988.HK,2024-08-22,81.1,81.95,79.95,81.65,40296293
AAPL.US,2024-08-22,227.79,228.34,223.9,224.53,43695321
BABA.US,2024-08-22,83.5,83.79,81.83,82.96,9728952
JPM.US,2024-08-22,214.58,216.8,214.34,216.63,5247098
KO.US,2024-08-22,69.92,69.92,68.79,69.33,12509202
MSFT.US,2024-08-22,424.36,426.79,414.61,415.55,19361901
XOM.US,2024-08-22,113.78,115.01,113.64,114.73,10609501
0005.HK,2024-08-23,66.65,67.0,66.45,66.85,8495221
0700.HK,2024-08-23,377.0,378.6,373.6,375.6,13055635
1810.HK,2024-08-23,19.0,19.14,18.68,18.82,123160023
3690.HK,2024-08-23,107.2,107.9,106.3,107.5,16679813
9988.HK,2024-08-23,81.65,82.85,81.1,82.65,43575656
AAPL.US,2024-08-23,225.66,228.22,224.33,226.84,38677250
BABA.US,2024-08-23,84.9,85.79,84.36,85.41,17317996
JPM.US,2024-08-23,217.6,219.19,216.5,218.31,7213981
KO.US,2024-08-23,69.4,69.85,68.94,69.79,11834745
MSFT.US,2024-08-23,416.98,419.26,412.09,416.79,18493784
XOM.US,2024-08-23,115.03,116.72,115.03,116.32,10381431
0005.HK,2024-08-26,67.3,67.7,67.25,67.35,12054977
0700.HK,2024-08-26,378.0,384.8,377.6,382.0,16251125
1810.HK,2024-08-26,19.0,19.0,18.52,18.72,85190286
3690.HK,2024-08-26,108.5,111.0,108.0,109.0,18754675
9988.HK,2024-08-26,83.4,83.95,81.95,83.3,47740986
AAPL.US,2024-08-26,226.76,227.28,223.89,227.18,30602208
BABA.US,2024-08-26,81.89,82.31,80.37,81.76,29321676
JPM.US,2024-08-26,219.01,219.68,218.05,219.17,5105245
KO.US,2024-08-26,69.83,70.92,69.73,70.84,12912248
MSFT.US,2024-08-26,416.37,417.28,411.34,413.49,13152830
XOM.US,2024-08-26,117.76,118.94,116.92,118.81,13671016
0005.HK,2024-08-27,67.5,68.1,67.45,68.0,16925486
0700.HK,2024-08-27,378.0,382.6,377.2,381.8,13675535
1810.HK,2024-08-27,18.58,18.9,18.44,18.88,88144342
3690.HK,2024-08-27,106.0,107.0,103.0,106.2,42738256
9988.HK,2024-08-27,80.05,80.35,79.0,79.95,85310659
AAPL.US,2024-08-27,226.0,228.85,224.89,228.03,35934559
BABA.US,2024-08-27,82.27,82.65,81.27,81.45,9026068
JPM.US,2024-08-27,219.51,220.42,219.19,220.18,5185221
KO.US,2024-08-27,71.32,71.53,71.05,71.5,16988408
MSFT.US,2024-08-27,412.86,414.36,410.25,413.84,13492911
XOM.US,2024-08-27,118.96,119.41,117.4,117.68,9991631
0005.HK,2024-08-28,68.25,68.55,68.0,68.1,16090245
0700.HK,2024-08-28,383.0,383.0,372.4,374.2,14602521
1810.HK,2024-08-28,18.8,19.02,18.62,18.96,76185975
3690.HK,2024-08-28,104.8,105.5,101.6,102.8,43855211
9988.HK,2024-08-28,79.9,80.1,78.6,79.1,38782872
AAPL.US,2024-08-28,227.92,229.86,225.68,226.49,38052167
BABA.US,2024-08-28,81.13,81.28,79.21,79.62,14024406
JPM.US,2024-08-28,219.25,222.21,219.19,221.29,6506402
KO.US,2024-08-28,71.61,71.81,71.3,71.75,13272584
MSFT.US,2024-08-28,414.88,415.0,407.31,410.6,14882660
XOM.US,2024-08-28,117.0,117.58,116.26,116.52,10742867
0005.HK,2024-08-29,68.0,68.35,67.5,68.25,16398847
0700.HK,2024-08-29,370.0,378.0,369.0,377.6,12890430
1810.HK,2024-08-29,18.68,18.9,18.42,18.88,69733894
3690.HK,2024-08-29,110.0,116.5,108.2,115.7,88880692
9988.HK,2024-08-29,77.55,79.1,77.3,79.05,42829550
AAPL.US,2024-08-29,230.1,232.92,228.88,229.79,51906297
BABA.US,2024-08-29,81.24,81.47,80.46,81.02,14154155
JPM.US,2024-08-29,222.15,222.98,218.94,222.21,6416149
KO.US,2024-08-29,71.9,72.22,71.23,72.05,17201677
MSFT.US,2024-08-29,414.94,422.05,410.6,413.12,17045241
XOM.US,2024-08-29,117.2,118.79,116.35,118.13,10753895
0005.HK,2024-08-30,68.0,68.95,67.8,68.6,24198425
0700.HK,2024-08-30,377.6,385.6,376.8,382.0,30873303
1810.HK,2024-08-30,18.88,19.7,18.82,19.5,177604614
3690.HK,2024-08-30,116.9,121.9,116.0,118.2,74886388
9988.HK,2024-08-30,78.7,82.05,78.4,81.45,109667309
AAPL.US,2024-08-30,230.19,230.4,227.48,229.0,52990770
BABA.US,2024-08-30,84.72,84.75,82.58,83.34,20027304
JPM.US,2024-08-30,222.5,225.48,221.93,224.8,8574128
KO.US,2024-08-30,72.2,72.57,71.78,72.47,18624227
MSFT.US,2024-08-30,415.6,417.49,412.13,417.14,24308324
XOM.US,2024-08-30,116.79,118.02,116.29,117.94,13284689
0005.HK,2024-09-02,67.8,68.35,67.8,68.35,17248746
0700.HK,2024-09-02,380.0,383.2,376.4,377.8,13878671
1810.HK,2024-09-02,19.3,19.56,18.98,19.06,81454069
3690.HK,2024-09-02,118.5,119.3,115.8,116.3,27217094
9988.HK,2024-09-02,81.35,81.45,79.4,79.5,53674093
0005.HK,2024-09-03,68.25,68.6,67.85,67.95,7373698
0700.HK,2024-09-03,378.0,381.4,374.8,378.2,9814885
1810.HK,2024-09-03,19.06,19.32,18.9,19.18,66363685
3690.HK,2024-09-03,116.7,119.4,116.4,118.9,19616696
9988.HK,2024-09-03,79.65,80.55,79.0,80.1,27709377
AAPL.US,2024-09-03,228.55,229.0,221.17,222.77,50190574
BABA.US,2024-09-03,81.78,83.02,81.7,82.27,11638188
JPM.US,2024-09-03,222.3,224.1,219.24,220.3,8956089
KO.US,2024-09-03,72.44,73.29,72.25,73.01,14755752
MSFT.US,2024-09-03,417.91,419.88,407.03,409.44,20313603
XOM.US,2024-09-03,115.84,116.09,114.04,115.47,15725139
0005.HK,2024-09-04,67.25,67.3,66.5,67.05,18280522
0700.HK,2024-09-04,374.2,376.6,371.2,372.8,13278870
1810.HK,2024-09-04,18.82,18.86,18.44,18.66,106320627
3690.HK,2024-09-04,118.9,120.4,117.0,119.2,27521023
9988.HK,2024-09-04,79.4,80.4,79.0,80.1,28553946
AAPL.US,2024-09-04,221.66,221.78,217.48,220.85,43840196
BABA.US,2024-09-04,82.87,83.4,82.3,82.47,11114067
JPM.US,2024-09-04,221.04,222.07,217.21,219.33,7389474
KO.US,2024-09-04,73.3,73.53,71.91,72.56,18140831
MSFT.US,2024-09-04,405.91,411.24,404.37,408.9,15135806
XOM.US,2024-09-04,115.29,116.15,113.98,114.06,12620584
0005.HK,2024-09-05,67.45,67.55,66.95,67.5,12106503
0700.HK,2024-09-05,370.4,376.6,370.4,373.4,9576319
1810.HK,2024-09-05,18.64,18.82,18.32,18.54,94213782
3690.HK,2024-09-05,119.2,120.9,117.8,119.3,24972705
9988.HK,2024-09-05,80.3,80.85,79.2,79.8,29214099
AAPL.US,2024-09-05,221.63,225.48,221.52,222.38,36615398
BABA.US,2024-09-05,82.11,83.01,82.0,82.43,8461044
JPM.US,2024-09-05,220.15,220.8,216.03,217.63,8067874
KO.US,2024-09-05,72.62,72.68,70.98,71.17,23866125
MSFT.US,2024-09-05,407.62,413.1,406.13,408.39,14195516
XOM.US,2024-09-05,115.07,115.28,113.07,113.17,17200770
AAPL.US,2024-09-06,223.95,225.24,219.77,220.82,48423011
BABA.US,2024-09-06,82.12,82.62,81.17,81.18,11712670
JPM.US,2024-09-06,217.6,218.74,211.09,212.46,7776998
KO.US,2024-09-06,70.99,71.67,70.89,71.14,17485707
MSFT.US,2024-09-06,409.06,410.65,400.8,401.7,19609526
XOM.US,2024-09-06,113.59,114.18,111.73,112.64,13467747
0005.HK,2024-09-09,66.45,67.05,66.4,67.05,18888242
0700.HK,2024-09-09,370.0,371.2,365.2,371.2,20078164
1810.HK,2024-09-09,18.3,18.62,18.24,18.62,149404091
3690.HK,2024-09-09,118.3,120.2,117.2,118.6,38187905
9988.HK,2024-09-09,78.8,79.4,77.65,78.3,79250807
AAPL.US,2024-09-09,220.82,221.27,216.71,220.91,67179965
BABA.US,2024-09-09,80.93,81.63,80.32,81.44,10434425
JPM.US,2024-09-09,215.19,218.15,214.18,216.81,8935074
KO.US,2024-09-09,71.23,72.31,70.98,71.85,12939256
MSFT.US,2024-09-09,407.24,408.65,402.15,405.72,15295134
XOM.US,2024-09-09,112.87,116.15,112.66,115.01,21645325
0005.HK,2024-09-10,67.3,67.75,67.25,67.5,16977154
0700.HK,2024-09-10,369.2,370.6,366.0,368.6,12303441
1810.HK,2024-09-10,18.62,18.7,18.18,18.66,81163590
3690.HK,2024-09-10,119.4,119.8,116.9,118.9,21838708
9988.HK,2024-09-10,80.0,82.45,80.0,81.6,206633087
AAPL.US,2024-09-10,218.92,221.48,216.73,220.11,51591033
BABA.US,2024-09-10,83.8,84.3,82.72,83.8,15327768
JPM.US,2024-09-10,218.6,218.64,200.61,205.56,28406903
KO.US,2024-09-10,71.97,72.42,71.52,71.55,10277585
MSFT.US,2024-09-10,408.2,416.33,407.7,414.2,19594287
XOM.US,2024-09-10,115.1,115.4,110.17,110.82,20913405
0005.HK,2024-09-11,66.45,66.8,65.75,66.55,22350902
0700.HK,2024-09-11,366.6,370.6,365.0,370.2,12043623
1810.HK,2024-09-11,18.34,19.06,18.34,18.96,74641703
3690.HK,2024-09-11,116.7,119.9,116.7,119.4,23022020
9988.HK,2024-09-11,81.55,82.4,80.15,81.45,83945417
AAPL.US,2024-09-11,221.46,223.09,217.89,222.66,44587072
BABA.US,2024-09-11,83.58,84.84,83.5,84.81,11551734
JPM.US,2024-09-11,205.25,207.7,201.83,207.23,13658743
KO.US,2024-09-11,71.36,71.37,70.57,71.08,11418234
MSFT.US,2024-09-11,415.5,423.99,409.58,423.04,19266923
XOM.US,2024-09-11,110.78,110.95,107.77,109.72,19571945
0005.HK,2024-09-12,66.3,67.2,66.2,66.95,13728293
0700.HK,2024-09-12,371.0,377.0,369.6,372.6,13800366
1810.HK,2024-09-12,19.02,19.3,18.84,18.92,69973131
3690.HK,2024-09-12,120.9,124.9,119.9,122.3,41248772
9988.HK,2024-09-12,82.55,83.9,82.35,83.2,83669607
AAPL.US,2024-09-12,222.5,223.55,219.82,222.77,37498225
BABA.US,2024-09-12,85.03,85.68,84.86,85.49,10781344
JPM.US,2024-09-12,207.65,208.78,204.89,206.6,9055756
KO.US,2024-09-12,71.0,71.38,70.66,71.23,12340779
MSFT.US,2024-09-12,423.31,427.37,419.75,427.0,17418759
XOM.US,2024-09-12,109.9,111.33,109.76,111.23,15923318
0005.HK,2024-09-13,67.35,67.8,67.0,67.3,12044509
0700.HK,2024-09-13,372.8,376.8,372.8,374.8,11013765
1810.HK,2024-09-13,18.96,19.44,18.92,19.22,73146752
3690.HK,2024-09-13,123.6,126.0,122.6,123.0,28574247
9988.HK,2024-09-13,83.5,84.65,82.25,82.75,59196273
AAPL.US,2024-09-13,223.58,224.04,221.91,222.5,36766619
BABA.US,2024-09-13,84.39,84.89,83.82,84.69,8985457
JPM.US,2024-09-13,206.86,207.85,203.02,204.32,10226694
KO.US,2024-09-13,70.84,71.47,70.48,71.41,11073849
MSFT.US,2024-09-13,425.83,431.83,425.46,430.59,15874555
XOM.US,2024-09-13,111.47,112.47,110.93,111.15,10035392
0005.HK,2024-09-16,67.1,67.3,66.8,67.25,12030207
0700.HK,2024-09-16,372.6,377.8,370.4,377.8,7689238
1810.HK,2024-09-16,18.98,19.3,18.94,19.24,27267287
3690.HK,2024-09-16,123.2,127.0,122.2,126.5,21336151
9988.HK,2024-09-16,81.85,82.3,81.4,82.0,26558684
AAPL.US,2024-09-16,216.54,217.22,213.92,216.32,59357427
BABA.US,2024-09-16,84.04,84.38,83.26,83.6,11298241
JPM.US,2024-09-16,205.83,208.21,205.59,207.86,8634936
KO.US,2024-09-16,71.77,72.24,71.62,72.1,10786531
MSFT.US,2024-09-16,430.6,433.53,428.22,431.34,13834697
XOM.US,2024-09-16,112.05,113.09,111.69,112.71,11729034
0005.HK,2024-09-17,67.4,68.25,67.25,68.15,19036822
0700.HK,2024-09-17,372.0,381.4,372.0,380.0,10147851
1810.HK,2024-09-17,19.2,19.58,19.14,19.52,44239073
3690.HK,2024-09-17,126.7,128.9,126.2,128.6,17621881
9988.HK,2024-09-17,81.4,83.1,81.35,82.85,30485324
AAPL.US,2024-09-17,215.75,216.9,214.5,216.79,45519339
BABA.US,2024-09-17,84.82,85.77,84.63,84.7,10113889
JPM.US,2024-09-17,207.73,209.93,207.66,209.25,7573345
KO.US,2024-09-17,71.9,72.35,71.73,71.8,12974382
MSFT.US,2024-09-17,440.23,441.85,432.27,435.15,18874231
XOM.US,2024-09-17,112.32,114.37,112.12,114.18,12202556
AAPL.US,2024-09-18,217.55,222.71,217.54,220.69,59894928
BABA.US,2024-09-18,84.85,85.0,84.04,84.42,7858842
JPM.US,2024-09-18,209.01,211.34,206.7,207.53,8259876
KO.US,2024-09-18,71.89,72.38,71.27,71.75,10719713
MSFT.US,2024-09-18,435.0,436.03,430.41,430.81,18898042
XOM.US,2024-09-18,114.11,115.63,113.81,114.58,12569929
0005.HK,2024-09-19,68.0,68.9,67.95,68.55,22332114
0700.HK,2024-09-19,379.6,389.8,376.6,388.8,25801963
1810.HK,2024-09-19,19.46,19.98,19.28,19.8,127470344
3690.HK,2024-09-19,128.8,134.7,127.7,133.8,53919649
9988.HK,2024-09-19,82.85,86.5,82.5,85.7,109112014
AAPL.US,2024-09-19,224.99,229.82,224.63,228.87,66781315
BABA.US,2024-09-19,87.63,88.57,86.95,88.49,18618354
JPM.US,2024-09-19,209.78,211.91,207.34,210.48,11635168
KO.US,2024-09-19,71.56,71.94,70.6,70.62,13635646
MSFT.US,2024-09-19,441.23,441.5,436.9,438.69,21706559
XOM.US,2024-09-19,116.16,117.58,115.19,116.0,12660642
0005.HK,2024-09-20,68.85,69.4,68.8,68.95,29810317
0700.HK,2024-09-20,390.0,393.4,383.8,388.6,28407069
1810.HK,2024-09-20,19.8,20.2,19.72,19.88,134110539
3690.HK,2024-09-20,135.6,138.1,133.8,135.9,60241060
9988.HK,2024-09-20,86.0,89.0,85.4,87.2,122726621
AAPL.US,2024-09-20,229.97,233.09,227.62,228.2,318679888
BABA.US,2024-09-20,89.22,89.52,88.05,88.29,12277036
JPM.US,2024-09-20,209.93,211.42,209.5,211.09,20884974
KO.US,2024-09-20,70.41,71.8,70.38,71.64,48578480
MSFT.US,2024-09-20,437.22,439.24,434.22,435.27,55167106
XOM.US,2024-09-20,115.46,115.51,114.25,115.27,36206195
0005.HK,2024-09-23,68.6,69.45,68.6,68.95,20309425
0700.HK,2024-09-23,388.0,392.0,385.2,387.6,15223032
1810.HK,2024-09-23,19.88,20.8,19.84,20.55,196007468
3690.HK,2024-09-23,135.8,138.3,131.3,132.8,37934059
9988.HK,2024-09-23,86.9,88.7,86.55,86.75,69609537
AAPL.US,2024-09-23,227.34,229.45,225.81,226.47,54146023
BABA.US,2024-09-23,89.47,91.15,89.32,90.09,19744055
JPM.US,2024-09-23,211.0,211.8,209.99,211.44,7223491
KO.US,2024-09-23,71.55,72.2,71.18,71.73,11613022
MSFT.US,2024-09-23,434.28,436.46,430.39,433.51,15128891
XOM.US,2024-09-23,115.33,117.79,115.12,117.36,16066285
0005.HK,2024-09-24,69.9,70.1,69.65,70.1,54986765
0700.HK,2024-09-24,393.0,402.2,389.4,402.2,42919010
1810.HK,2024-09-24,20.9,21.45,20.8,21.2,231382970
3690.HK,2024-09-24,136.8,139.9,134.9,139.8,58311925
9988.HK,2024-09-24,89.15,92.2,88.05,92.0,141958511
AAPL.US,2024-09-24,228.65,229.35,225.73,227.37,43556068
BABA.US,2024-09-24,96.07,97.5,94.4,97.19,47423157
JPM.US,2024-09-24,211.15,212.95,210.37,211.59,7323239
KO.US,2024-09-24,71.22,71.82,70.6,71.33,13330638
MSFT.US,2024-09-24,433.0,433.35,426.1,429.17,17015754
XOM.US,2024-09-24,117.84,118.16,116.83,117.05,11984863
0005.HK,2024-09-25,70.5,70.7,69.55,69.9,30430898
0700.HK,2024-09-25,418.0,418.0,401.4,405.4,40112126
1810.HK,2024-09-25,21.85,21.85,20.4,20.55,295113558
3690.HK,2024-09-25,147.2,148.0,139.7,141.3,75294115
9988.HK,2024-09-25,95.0,95.0,90.6,91.3,159777709
AAPL.US,2024-09-25,224.93,227.29,224.02,226.37,42308715
BABA.US,2024-09-25,94.38,96.18,94.06,95.46,18816624
JPM.US,2024-09-25,211.68,212.24,208.61,210.19,8976520
KO.US,2024-09-25,71.71,71.92,71.31,71.45,12329127
MSFT.US,2024-09-25,429.83,433.12,428.57,432.11,13396364
XOM.US,2024-09-25,116.49,117.05,114.04,114.77,13816041
0005.HK,2024-09-26,69.4,70.05,69.15,70.0,34143710
0700.HK,2024-09-26,408.0,430.0,406.8,430.0,50254878
1810.HK,2024-09-26,20.85,21.5,20.35,21.5,277149964
3690.HK,2024-09-26,143.8,153.3,142.6,152.2,84240850
9988.HK,2024-09-26,92.5,99.25,91.8,97.75,203287208
AAPL.US,2024-09-26,227.3,228.5,225.41,227.52,36636707
BABA.US,2024-09-26,102.69,105.97,101.76,105.07,67261624
JPM.US,2024-09-26,211.13,211.7,209.01,209.78,7807480
KO.US,2024-09-26,70.86,71.61,70.84,71.4,10815219
MSFT.US,2024-09-26,435.09,435.3,429.13,431.31,14492044
XOM.US,2024-09-26,111.14,113.48,111.14,112.8,16887908
0005.HK,2024-09-27,70.2,70.85,70.0,70.6,45551531
0700.HK,2024-09-27,443.2,444.8,432.6,437.8,57154793
1810.HK,2024-09-27,21.8,22.45,21.15,21.95,347881602
3690.HK,2024-09-27,160.0,170.0,159.6,164.6,127235353
9988.HK,2024-09-27,102.0,104.9,100.4,102.5,198337444
AAPL.US,2024-09-27,228.46,229.52,227.3,227.79,34025967
BABA.US,2024-09-27,105.97,109.43,105.73,107.33,50075194
JPM.US,2024-09-27,210.65,212.44,209.33,210.5,7032450
KO.US,2024-09-27,71.54,72.2,71.46,71.79,11175706
MSFT.US,2024-09-27,431.52,431.85,427.47,428.02,14896131
XOM.US,2024-09-27,113.76,116.09,113.25,115.82,15963973
0005.HK,2024-09-30,70.45,71.0,69.95,70.45,36627980
0700.HK,2024-09-30,449.6,457.4,434.2,444.6,75459468
1810.HK,2024-09-30,22.7,22.95,21.95,22.5,336102598
3690.HK,2024-09-30,176.4,178.0,167.6,172.0,102848272
9988.HK,2024-09-30,107.6,112.8,106.3,110.0,250502801
AAPL.US,2024-09-30,230.04,233.0,229.65,233.0,54793391
BABA.US,2024-09-30,111.72,112.22,106.11,106.12,58695541
JPM.US,2024-09-30,206.31,210.96,205.26,210.86,8668314
KO.US,2024-09-30,72.0,72.2,71.69,71.86,18016013
MSFT.US,2024-09-30,428.21,430.42,425.37,430.3,16854606
XOM.US,2024-09-30,115.46,117.39,114.96,117.22,13250657
AAPL.US,2024-10-01,229.52,229.65,223.74,226.21,63285048
BABA.US,2024-10-01,106.42,112.79,106.15,112.74,44505025
JPM.US,2024-10-01,208.9,209.09,206.19,207.04,8540064
KO.US,2024-10-01,72.1,72.75,71.63,71.71,13294498
MSFT.US,2024-10-01,428.45,428.48,418.81,420.69,19092945
XOM.US,2024-10-01,116.04,120.6,115.93,119.93,23235878
0005.HK,2024-10-02,69.35,69.9,68.6,69.85,44965355
0700.HK,2024-10-02,450.0,479.6,449.2,470.0,48766943
1810.HK,2024-10-02,22.5,24.65,22.5,24.0,251108945
3690.HK,2024-10-02,178.0,201.4,178.0,197.2,111032616
9988.HK,2024-10-02,110.4,118.7,110.4,115.1,179685038
AAPL.US,2024-10-02,225.89,227.37,223.02,226.78,32880605
BABA.US,2024-10-02,115.31,116.57,112.22,115.25,53732816
JPM.US,2024-10-02,207.08,208.95,205.69,207.29,5810931
KO.US,2024-10-02,71.39,71.43,70.41,71.01,11155480
MSFT.US,2024-10-02,422.58,422.82,416.71,417.13,16582257
XOM.US,2024-10-02,121.93,122.82,120.2,121.52,17129676
0005.HK,2024-10-03,69.85,70.1,69.15,69.4,28395539
0700.HK,2024-10-03,471.0,476.6,453.2,466.2,31600782
1810.HK,2024-10-03,24.05,24.4,23.2,24.05,190305304
3690.HK,2024-10-03,198.0,209.8,189.0,205.0,78089168
9988.HK,2024-10-03,113.0,113.0,106.5,110.0,138390517
AAPL.US,2024-10-03,225.14,226.81,223.32,225.67,34044158
BABA.US,2024-10-03,110.9,114.09,110.63,112.84,29266952
JPM.US,2024-10-03,206.17,206.49,204.34,205.23,7251325
KO.US,2024-10-03,70.86,70.99,70.2,70.52,9374794
MSFT.US,2024-10-03,417.63,419.55,414.29,416.54,13686421
XOM.US,2024-10-03,121.9,123.17,120.93,122.58,16524334
0005.HK,2024-10-04,69.4,70.1,69.2,70.0,25432846
0700.HK,2024-10-04,470.0,479.0,462.2,477.6,24663665
1810.HK,2024-10-04,23.9,24.75,23.6,24.55,149949209
3690.HK,2024-10-04,199.9,213.8,197.3,213.4,72028503
9988.HK,2024-10-04,110.0,114.3,108.8,113.9,90914228
AAPL.US,2024-10-04,227.9,228.0,224.13,226.8,37345098
BABA.US,2024-10-04,115.67,115.73,113.75,114.53,25699080
JPM.US,2024-10-04,209.3,211.67,206.91,211.22,10213415
KO.US,2024-10-04,69.96,70.28,69.72,70.17,12687289
MSFT.US,2024-10-04,418.24,419.75,414.97,416.06,19190913
XOM.US,2024-10-04,123.2,125.19,122.43,124.83,19759207
0005.HK,2024-10-07,70.3,71.0,70.0,70.35,28464373
0700.HK,2024-10-07,479.8,482.4,469.6,478.4,25334387
1810.HK,2024-10-07,24.9,26.15,24.7,25.85,218062756
3690.HK,2024-10-07,212.0,217.0,206.2,213.2,50709476
9988.HK,2024-10-07,114.2,116.9,113.0,114.6,105041570
AAPL.US,2024-10-07,224.5,225.69,221.33,221.69,39505354
BABA.US,2024-10-07,117.45,117.82,113.37,117.52,38404022
JPM.US,2024-10-07,211.03,213.33,209.69,210.93,6718898
KO.US,2024-10-07,70.05,70.1,68.87,69.01,14511962
MSFT.US,2024-10-07,416.0,417.11,409.0,409.54,20919761
XOM.US,2024-10-07,125.25,126.34,124.86,125.37,15714440
0005.HK,2024-10-08,70.55,70.7,68.15,68.45,49019519
0700.HK,2024-10-08,472.0,476.8,438.6,438.6,70468024
1810.HK,2024-10-08,25.9,26.2,23.4,23.7,453596652
3690.HK,2024-10-08,204.8,207.6,177.7,180.2,129061135
9988.HK,2024-10-08,111.3,111.8,103.0,104.5,252168999
AAPL.US,2024-10-08,224.3,225.98,223.25,225.77,31855693
BABA.US,2024-10-08,110.1,110.76,108.04,109.68,37414363
JPM.US,2024-10-08,210.58,211.33,208.38,210.75,6021772
KO.US,2024-10-08,69.04,69.44,68.86,69.18,13549702
MSFT.US,2024-10-08,410.9,415.66,408.17,414.71,19229261
XOM.US,2024-10-08,123.88,124.02,121.26,122.04,14818475
0005.HK,2024-10-09,68.3,68.8,67.4,67.8,40392267
0700.HK,2024-10-09,449.0,453.0,424.0,434.2,46372903
1810.HK,2024-10-09,23.95,24.45,22.55,23.3,311173505
3690.HK,2024-10-09,189.4,198.4,175.3,184.4,108218713
9988.HK,2024-10-09,107.2,107.7,99.65,102.9,177757025
AAPL.US,2024-10-09,225.23,229.75,224.83,229.54,33591091
BABA.US,2024-10-09,105.8,109.38,105.62,107.89,28792997
JPM.US,2024-10-09,209.7,214.24,209.38,213.42,7023998
KO.US,2024-10-09,69.19,69.74,69.07,69.57,9037735
MSFT.US,2024-10-09,415.86,420.38,414.3,417.46,14974257
XOM.US,2024-10-09,120.9,122.58,120.8,122.09,11144864
0005.HK,2024-10-10,67.9,68.75,67.9,68.15,25163109
0700.HK,2024-10-10,438.0,448.6,436.4,438.8,33111230
1810.HK,2024-10-10,23.8,24.45,23.6,23.75,168957063
3690.HK,2024-10-10,193.2,200.0,189.7,193.7,68711009
9988.HK,2024-10-10,105.0,107.8,104.4,105.8,104808386
AAPL.US,2024-10-10,227.78,229.5,227.17,229.04,28183544
BABA.US,2024-10-10,108.98,110.84,107.48,109.28,19736630
JPM.US,2024-10-10,214.81,214.81,211.47,212.84,7927051
KO.US,2024-10-10,69.83,69.91,68.99,69.25,8635150
MSFT.US,2024-10-10,415.23,417.35,413.15,415.84,13848376
XOM.US,2024-10-10,123.16,123.7,122.29,123.14,10243320
AAPL.US,2024-10-11,229.3,229.41,227.34,227.55,31759188
BABA.US,2024-10-11,108.05,111.05,107.22,110.14,18042614
JPM.US,2024-10-11,215.67,224.63,215.16,222.29,18320650
KO.US,2024-10-11,69.46,69.59,69.0,69.57,8786318
MSFT.US,2024-10-11,416.14,417.13,413.25,416.32,14144944
XOM.US,2024-10-11,123.1,124.03,122.94,123.61,8294839
0005.HK,2024-10-14,68.45,68.75,67.65,68.2,18799525
0700.HK,2024-10-14,440.8,440.8,424.0,436.0,30316807
1810.HK,2024-10-14,23.7,23.7,22.5,23.6,179121230
3690.HK,2024-10-14,189.9,190.8,177.8,183.6,62345605
9988.HK,2024-10-14,107.0,107.1,102.7,105.2,79240625
AAPL.US,2024-10-14,228.7,231.73,228.6,231.3,39882085
BABA.US,2024-10-14,108.31,110.08,106.92,107.81,21351601
JPM.US,2024-10-14,223.2,223.7,218.88,221.48,9048925
KO.US,2024-10-14,69.57,70.47,69.47,70.34,7659318
MSFT.US,2024-10-14,417.77,424.04,417.52,419.14,16653086
XOM.US,2024-10-14,123.24,124.26,122.62,124.08,9808122
0005.HK,2024-10-15,68.3,68.6,67.35,67.6,25680354
0700.HK,2024-10-15,433.8,433.8,412.6,417.0,33478410
1810.HK,2024-10-15,23.6,24.05,22.7,23.0,154001004
3690.HK,2024-10-15,182.8,185.4,168.4,170.8,69635778
9988.HK,2024-10-15,105.2,105.2,98.75,99.85,113107803
AAPL.US,2024-10-15,233.61,237.49,232.37,233.85,64751367
BABA.US,2024-10-15,103.99,104.41,101.64,101.84,28942615
JPM.US,2024-10-15,223.66,225.45,221.82,222.39,9235825
KO.US,2024-10-15,70.46,71.21,70.16,70.34,10358734
MSFT.US,2024-10-15,422.18,422.48,415.26,418.74,18900201
XOM.US,2024-10-15,120.82,121.95,119.78,120.35,15771317
0005.HK,2024-10-16,67.55,68.15,67.5,67.7,14570282
0700.HK,2024-10-16,415.0,425.8,412.6,415.8,22490256
1810.HK,2024-10-16,22.6,23.2,22.5,22.7,99985996
3690.HK,2024-10-16,170.0,177.6,167.1,173.2,48202224
9988.HK,2024-10-16,98.5,100.9,97.85,98.95,67551937
AAPL.US,2024-10-16,231.6,232.12,229.84,231.78,34082240
BABA.US,2024-10-16,102.51,103.85,101.78,102.17,16432574
JPM.US,2024-10-16,222.33,223.68,221.04,223.64,6382515
KO.US,2024-10-16,70.09,70.7,69.97,70.57,7937347
MSFT.US,2024-10-16,415.17,416.36,410.48,416.12,15508932
XOM.US,2024-10-16,120.89,121.44,120.6,120.66,8426770
0005.HK,2024-10-17,68.15,68.6,67.5,67.95,13061223
0700.HK,2024-10-17,418.0,426.8,410.0,412.6,16476899
1810.HK,2024-10-17,23.1,23.75,23.0,23.1,126553025
3690.HK,2024-10-17,176.7,180.3,168.4,170.2,37092810
9988.HK,2024-10-17,100.0,102.7,97.7,98.5,65933840
AAPL.US,2024-10-17,233.43,233.85,230.52,232.15,32993810
BABA.US,2024-10-17,101.25,101.45,99.55,100.07,15808247
JPM.US,2024-10-17,224.27,225.85,223.31,224.42,6470186
KO.US,2024-10-17,70.63,70.69,69.58,69.9,14674631
MSFT.US,2024-10-17,422.36,422.5,415.59,416.72,14820004
XOM.US,2024-10-17,120.76,121.58,119.71,120.35,11204857
0005.HK,2024-10-18,68.4,69.15,68.4,68.7,19464178
0700.HK,2024-10-18,412.6,435.6,411.4,430.8,25963857
1810.HK,2024-10-18,23.3,24.8,23.3,24.55,198754528
3690.HK,2024-10-18,170.1,187.8,170.0,185.4,55680008
9988.HK,2024-10-18,97.65,102.5,95.3,100.5,119104755
AAPL.US,2024-10-18,236.18,236.18,234.01,235.0,46431472
BABA.US,2024-10-18,103.37,103.37,101.66,102.43,20824610
JPM.US,2024-10-18,225.0,225.92,223.1,225.37,7000543
KO.US,2024-10-18,69.87,70.55,69.61,70.44,15087519
MSFT.US,2024-10-18,417.14,419.65,416.26,418.16,17145317
XOM.US,2024-10-18,120.44,120.64,119.15,120.01,12898640
0005.HK,2024-10-21,68.6,68.85,68.25,68.5,12089540
0700.HK,2024-10-21,430.6,431.4,419.2,421.0,16334100
1810.HK,2024-10-21,24.75,25.35,24.2,24.25,164914336
3690.HK,2024-10-21,182.3,187.3,179.1,181.2,32248970
9988.HK,2024-10-21,100.2,100.8,96.55,97.8,63514538
AAPL.US,2024-10-21,234.45,236.85,234.45,236.48,36254470
BABA.US,2024-10-21,100.48,101.65,100.12,100.91,10328625
JPM.US,2024-10-21,225.22,225.7,222.9,223.0,5869959
KO.US,2024-10-21,70.0,70.33,69.31,69.45,11981163
MSFT.US,2024-10-21,416.12,418.96,413.75,418.78,14206115
XOM.US,2024-10-21,120.98,121.48,119.72,120.08,10177777
0005.HK,2024-10-22,68.2,68.6,67.95,68.25,9814428
0700.HK,2024-10-22,423.2,423.6,418.0,421.6,11027704
1810.HK,2024-10-22,24.25,24.8,24.1,24.45,91419386
3690.HK,2024-10-22,181.2,188.6,180.5,184.8,25949808
9988.HK,2024-10-22,97.6,98.7,96.1,97.25,48715559
AAPL.US,2024-10-22,233.89,236.22,232.6,235.86,38846578
BABA.US,2024-10-22,100.01,101.89,99.8,100.46,20650129
JPM.US,2024-10-22,223.02,225.28,221.1,224.12,9586793
KO.US,2024-10-22,69.0,69.75,68.68,69.45,18603251
MSFT.US,2024-10-22,418.49,430.58,418.04,427.51,25482197
XOM.US,2024-10-22,120.26,121.19,119.94,120.7,9201408
0005.HK,2024-10-23,68.6,69.1,68.45,68.8,12543650
0700.HK,2024-10-23,423.0,432.2,416.6,428.2,14656951
1810.HK,2024-10-23,24.35,25.9,24.3,25.55,188180918
3690.HK,2024-10-23,187.3,197.5,186.2,194.9,45149007
9988.HK,2024-10-23,96.4,98.35,96.1,97.3,61919784
AAPL.US,2024-10-23,234.08,235.14,227.76,230.76,52286979
BABA.US,2024-10-23,100.17,100.22,97.74,98.0,13638151
JPM.US,2024-10-23,223.66,224.8,222.53,223.41,6180528
KO.US,2024-10-23,66.99,68.7,66.58,68.01,24655203
MSFT.US,2024-10-23,430.86,431.08,422.53,424.6,19654379
XOM.US,2024-10-23,119.97,120.75,119.4,120.27,8320330
0005.HK,2024-10-24,68.7,68.8,68.15,68.75,8408504
0700.HK,2024-10-24,425.0,425.6,419.6,422.0,11202752
1810.HK,2024-10-24,25.25,25.65,25.15,25.25,108534234
3690.HK,2024-10-24,190.6,194.2,186.5,187.0,29157453
9988.HK,2024-10-24,95.05,95.3,93.5,94.15,76909887
AAPL.US,2024-10-24,229.98,230.82,228.41,230.57,31109503
BABA.US,2024-10-24,96.79,97.41,95.52,96.36,13602870
JPM.US,2024-10-24,221.83,225.06,221.66,224.98,6002202
KO.US,2024-10-24,67.65,68.04,66.95,67.3,17568831
MSFT.US,2024-10-24,425.33,425.98,422.4,424.73,13581631
XOM.US,2024-10-24,120.0,120.44,119.13,119.59,9905556
0005.HK,2024-10-25,68.7,69.15,68.45,68.85,6907348
0700.HK,2024-10-25,427.6,427.6,418.6,421.0,11951879
1810.HK,2024-10-25,25.45,26.5,25.45,25.95,184518253
3690.HK,2024-10-25,186.5,189.8,182.6,184.9,24837829
9988.HK,2024-10-25,95.0,97.2,94.6,95.35,53441957
AAPL.US,2024-10-25,229.74,233.22,229.57,231.41,38802304
BABA.US,2024-10-25,98.3,98.9,97.05,97.42,16977095
JPM.US,2024-10-25,225.0,225.62,220.88,222.31,6369720
KO.US,2024-10-25,67.07,67.7,66.79,66.92,11138127
MSFT.US,2024-10-25,426.76,432.52,426.57,428.15,16899064
XOM.US,2024-10-25,120.2,120.43,119.32,119.49,10714583
0005.HK,2024-10-28,68.75,69.15,68.5,69.05,7067319
0700.HK,2024-10-28,421.0,422.2,413.6,417.2,15551935
1810.HK,2024-10-28,26.3,26.4,25.3,25.5,165990392
3690.HK,2024-10-28,185.9,189.0,183.7,185.2,19619475
9988.HK,2024-10-28,95.7,98.4,95.05,96.65,69415882
AAPL.US,2024-10-28,233.32,234.73,232.55,233.4,36087134
BABA.US,2024-10-28,99.03,101.05,98.78,99.93,16044384
JPM.US,2024-10-28,223.35,225.64,222.95,225.5,6842956
KO.US,2024-10-28,66.96,67.4,66.6,66.67,10761416
MSFT.US,2024-10-28,431.66,431.94,426.3,426.59,14882444
XOM.US,2024-10-28,116.79,119.01,116.77,118.9,11844545
0005.HK,2024-10-29,69.7,71.6,69.5,71.6,53518755
0700.HK,2024-10-29,419.4,423.4,415.2,418.4,13797786
1810.HK,2024-10-29,25.9,26.15,25.25,25.85,130524256
3690.HK,2024-10-29,189.2,192.9,186.9,189.3,32660150
9988.HK,2024-10-29,97.35,99.2,96.85,97.55,57004880
AAPL.US,2024-10-29,233.1,234.33,232.32,233.67,35417247
BABA.US,2024-10-29,101.45,101.45,99.53,99.83,13685370
JPM.US,2024-10-29,225.21,226.75,222.81,222.9,6580004
KO.US,2024-10-29,66.29,66.34,65.52,65.56,16525917
MSFT.US,2024-10-29,428.0,433.17,425.8,431.95,17644080
XOM.US,2024-10-29,118.58,119.17,117.07,117.28,14731024
0005.HK,2024-10-30,72.0,72.3,71.15,71.85,29668622
0700.HK,2024-10-30,413.6,418.0,410.6,411.0,17895482
1810.HK,2024-10-30,25.6,26.4,25.35,26.0,164014844
3690.HK,2024-10-30,186.5,190.2,182.6,184.7,25149030
9988.HK,2024-10-30,96.15,97.15,95.2,95.85,51472115
AAPL.US,2024-10-30,232.61,233.47,229.55,230.1,47070907
BABA.US,2024-10-30,98.22,99.8,97.58,98.7,10179903
JPM.US,2024-10-30,222.54,226.31,221.58,224.41,7110941
KO.US,2024-10-30,65.51,66.54,65.32,65.92,14177766
MSFT.US,2024-10-30,437.44,438.5,432.1,432.53,29749149
XOM.US,2024-10-30,117.66,118.27,116.48,116.69,12303738
0005.HK,2024-10-31,71.5,72.3,71.4,72.1,31326048
0700.HK,2024-10-31,410.4,418.8,404.6,404.6,22753709
1810.HK,2024-10-31,26.0,27.3,25.95,26.7,199192208
3690.HK,2024-10-31,185.4,186.4,182.3,182.5,18630573
9988.HK,2024-10-31,95.35,96.8,94.55,94.55,47207811
AAPL.US,2024-10-31,229.34,229.83,225.37,225.91,64370086
BABA.US,2024-10-31,97.8,98.1,96.76,97.98,8379347
JPM.US,2024-10-31,224.7,225.69,221.82,221.92,7829932
KO.US,2024-10-31,65.81,65.99,65.26,65.31,13383717
MSFT.US,2024-10-31,415.36,416.16,406.3,406.35,53970981
XOM.US,2024-10-31,117.15,118.67,116.68,116.78,20511977
0005.HK,2024-11-01,71.5,71.9,71.35,71.6,12744884
0700.HK,2024-11-01,406.0,422.4,406.0,419.2,21086569
1810.HK,2024-11-01,27.0,27.45,26.55,27.3,198123879
3690.HK,2024-11-01,186.4,190.4,184.6,187.6,21507197
9988.HK,2024-11-01,95.75,95.95,94.05,95.0,38347683
AAPL.US,2024-11-01,220.97,225.35,220.27,222.91,65276741
BABA.US,2024-11-01,98.22,98.3,97.42,97.58,8501018
JPM.US,2024-11-01,223.56,226.15,222.7,222.94,6923452
KO.US,2024-11-01,65.47,65.66,64.89,65.01,12163094
MSFT.US,2024-11-01,409.01,415.5,407.5,410.37,24230442
XOM.US,2024-11-01,119.93,119.95,114.84,114.95,20939321
0005.HK,2024-11-04,71.4,72.0,71.35,71.95,10916486
0700.HK,2024-11-04,423.0,423.8,416.0,419.0,11706119
1810.HK,2024-11-04,27.5,28.0,27.1,27.3,146030485
3690.HK,2024-11-04,188.0,190.4,185.0,187.7,14033434
9988.HK,2024-11-04,95.6,96.45,95.2,96.05,31007532
AAPL.US,2024-11-04,220.99,222.79,219.71,222.01,44944468
BABA.US,2024-11-04,98.82,99.88,98.36,98.4,8681889
JPM.US,2024-11-04,222.65,223.76,219.17,219.78,8229588
KO.US,2024-11-04,65.08,65.42,64.65,65.11,10984502
MSFT.US,2024-11-04,409.8,410.42,405.57,408.46,19672286
XOM.US,2024-11-04,116.07,118.7,115.93,118.61,14965433
0005.HK,2024-11-05,72.0,72.4,71.75,72.4,13616661
0700.HK,2024-11-05,415.2,427.8,415.2,427.8,15270863
1810.HK,2024-11-05,27.0,28.35,27.0,28.2,143702336
3690.HK,2024-11-05,184.4,193.9,184.4,193.8,28395939
9988.HK,2024-11-05,95.1,98.65,95.1,98.4,50986901
AAPL.US,2024-11-05,221.8,223.95,221.14,223.45,28111338
BABA.US,2024-11-05,99.97,101.09,98.96,99.21,10804152
JPM.US,2024-11-05,220.03,221.96,220.0,221.49,5600686
KO.US,2024-11-05,64.64,65.47,64.64,65.37,8780220
MSFT.US,2024-11-05,408.37,414.9,408.08,411.46,17626011
XOM.US,2024-11-05,119.08,119.21,118.01,118.96,10436744
0005.HK,2024-11-06,72.45,72.6,71.45,72.35,27558695
0700.HK,2024-11-06,425.0,426.2,413.2,419.8,20755203
1810.HK,2024-11-06,28.1,28.35,27.0,27.6,179735496
3690.HK,2024-11-06,191.0,193.0,183.3,189.3,38093891
9988.HK,2024-11-06,96.5,96.75,93.75,94.4,88756404
AAPL.US,2024-11-06,222.61,226.07,221.19,222.72,54561121
BABA.US,2024-11-06,95.8,97.32,94.76,96.73,18162861
JPM.US,2024-11-06,235.0,248.0,234.77,247.06,23987753
KO.US,2024-11-06,64.42,64.86,63.18,63.7,22899263
MSFT.US,2024-11-06,412.42,420.45,410.52,420.18,26681842
XOM.US,2024-11-06,121.15,121.91,119.3,121.0,20807681
0005.HK,2024-11-07,71.5,72.5,71.4,72.35,21602026
0700.HK,2024-11-07,417.0,429.6,414.4,428.4,19924018
1810.HK,2024-11-07,27.1,28.1,26.6,27.85,201079990
3690.HK,2024-11-07,188.0,200.4,186.1,199.9,42255252
9988.HK,2024-11-07,93.8,96.15,93.25,95.65,57481876
AAPL.US,2024-11-07,224.63,227.88,224.57,227.48,42137691
BABA.US,2024-11-07,99.26,101.1,99.18,100.14,16340404
JPM.US,2024-11-07,244.5,244.57,235.22,236.38,16451071
KO.US,2024-11-07,64.29,64.39,63.6,63.66,14856051
MSFT.US,2024-11-07,421.28,426.85,419.88,425.43,19901782
XOM.US,2024-11-07,121.3,121.5,119.61,121.15,12184431
0005.HK,2024-11-08,72.2,72.3,71.4,71.4,13611484
0700.HK,2024-11-08,435.0,436.0,419.4,420.8,19389836
1810.HK,2024-11-08,28.0,29.25,27.95,28.3,220119217
3690.HK,2024-11-08,203.0,205.4,190.4,191.8,39449252
9988.HK,2024-11-08,98.0,99.5,94.0,94.0,74794561
AAPL.US,2024-11-08,227.17,228.66,226.41,226.96,38328824
BABA.US,2024-11-08,96.11,96.38,93.69,94.19,24879795
JPM.US,2024-11-08,239.34,239.34,235.78,236.98,9502100
KO.US,2024-11-08,63.91,64.24,63.74,63.92,14719308
MSFT.US,2024-11-08,425.32,426.5,421.78,422.54,16891414
XOM.US,2024-11-08,120.98,121.42,119.66,121.11,12835969
0005.HK,2024-11-11,69.45,70.4,69.3,70.4,19276724
0700.HK,2024-11-11,412.0,415.6,409.4,413.2,22857586
1810.HK,2024-11-11,27.75,29.7,27.65,29.3,261301204
3690.HK,2024-11-11,185.0,187.1,181.3,185.6,39159080
9988.HK,2024-11-11,91.35,96.75,90.05,94.1,103787086
AAPL.US,2024-11-11,225.0,225.7,221.5,224.23,42005602
BABA.US,2024-11-11,96.16,96.8,95.05,95.42,12556730
JPM.US,2024-11-11,240.0,242.1,239.0,239.29,9017079
KO.US,2024-11-11,63.99,64.12,63.25,63.36,13980873
MSFT.US,2024-11-11,422.52,424.81,416.0,418.01,24503321
XOM.US,2024-11-11,121.0,121.62,120.07,120.47,11969663
0005.HK,2024-11-12,70.0,70.35,69.35,69.45,18903390
0700.HK,2024-11-12,409.4,413.8,403.0,403.8,27303282
1810.HK,2024-11-12,29.4,29.6,28.25,28.45,185336411
3690.HK,2024-11-12,182.8,184.8,171.8,175.7,60520914
9988.HK,2024-11-12,93.65,95.0,89.95,90.55,89444897
AAPL.US,2024-11-12,224.55,225.59,223.36,224.23,40398299
BABA.US,2024-11-12,92.68,93.33,91.03,91.78,21641878
JPM.US,2024-11-12,240.55,241.46,238.76,239.56,6860956
KO.US,2024-11-12,63.68,63.75,63.12,63.2,15020975
MSFT.US,2024-11-12,418.25,424.44,417.2,423.03,19401204
XOM.US,2024-11-12,121.13,121.31,119.84,120.35,11972802
0005.HK,2024-11-13,69.0,69.55,68.7,69.45,15775499
0700.HK,2024-11-13,397.2,407.2,396.0,403.8,28307185
1810.HK,2024-11-13,28.0,29.0,27.65,28.9,145984202
3690.HK,2024-11-13,173.0,175.6,168.6,175.4,36152267
9988.HK,2024-11-13,89.45,90.9,89.45,90.55,63573164
AAPL.US,2024-11-13,224.01,226.65,222.76,225.12,48566217
BABA.US,2024-11-13,92.55,92.87,91.28,92.0,12874522
JPM.US,2024-11-13,240.58,244.09,240.31,241.16,11472557
KO.US,2024-11-13,63.05,63.26,62.49,63.0,13177637
MSFT.US,2024-11-13,421.64,429.33,418.21,425.2,21502185
XOM.US,2024-11-13,120.57,122.05,118.8,121.47,15127877
0005.HK,2024-11-14,69.35,69.9,69.15,69.15,13077120
0700.HK,2024-11-14,401.6,415.0,397.8,403.4,34898922
1810.HK,2024-11-14,28.5,29.0,27.35,27.85,155298014
3690.HK,2024-11-14,171.0,177.8,168.1,169.3,33412299
9988.HK,2024-11-14,89.15,90.45,87.65,87.95,67262128
AAPL.US,2024-11-14,225.02,228.87,225.0,228.22,44923941
BABA.US,2024-11-14,90.89,91.56,90.01,90.58,16946771
JPM.US,2024-11-14,242.42,244.29,241.05,241.87,10172202
KO.US,2024-11-14,63.11,63.11,62.43,62.55,15910820
MSFT.US,2024-11-14,425.0,428.17,420.0,426.89,30246881
XOM.US,2024-11-14,121.66,121.88,120.33,120.56,13041845
0005.HK,2024-11-15,69.7,70.1,69.45,69.7,11094803
0700.HK,2024-11-15,404.0,407.0,399.0,401.0,29061324
1810.HK,2024-11-15,28.15,28.65,27.75,28.0,117132035
3690.HK,2024-11-15,171.0,174.0,166.6,169.6,26486305
9988.HK,2024-11-15,88.0,88.75,87.0,87.2,49182995
AAPL.US,2024-11-15,226.4,226.92,224.27,225.0,47923696
BABA.US,2024-11-15,90.2,90.7,87.23,88.59,31018266
JPM.US,2024-11-15,241.46,246.42,241.46,245.31,11518836
KO.US,2024-11-15,62.49,62.63,61.39,61.74,26284331
MSFT.US,2024-11-15,419.82,422.8,413.64,415.0,28247644
XOM.US,2024-11-15,120.4,121.24,119.13,119.31,19051713
0005.HK,2024-11-18,70.85,71.05,70.25,70.55,15540237
0700.HK,2024-11-18,405.2,413.4,401.6,404.2,20493537
1810.HK,2024-11-18,28.5,29.05,27.6,28.8,162095850
3690.HK,2024-11-18,171.0,173.0,166.7,169.0,28205598
9988.HK,2024-11-18,86.85,87.15,85.3,86.3,70101208
AAPL.US,2024-11-18,225.25,229.74,225.17,228.02,44686020
BABA.US,2024-11-18,88.9,89.5,87.85,89.35,13513838
JPM.US,2024-11-18,247.76,247.93,242.68,245.03,9052575
KO.US,2024-11-18,61.85,62.14,61.56,61.86,16079364
MSFT.US,2024-11-18,414.87,418.4,412.1,415.76,24742013
XOM.US,2024-11-18,119.79,120.62,119.27,120.31,14243701
0005.HK,2024-11-19,71.4,71.65,71.1,71.65,14972878
0700.HK,2024-11-19,406.6,409.0,403.4,406.2,13879296
1810.HK,2024-11-19,29.15,29.35,27.5,28.3,209931014
3690.HK,2024-11-19,169.1,172.6,167.2,171.9,26059344
9988.HK,2024-11-19,86.95,87.45,84.7,85.25,68824611
AAPL.US,2024-11-19,226.98,230.16,226.66,228.28,36211774
BABA.US,2024-11-19,87.16,87.94,86.82,87.11,19289022
JPM.US,2024-11-19,242.25,245.15,241.55,243.09,6792660
KO.US,2024-11-19,61.9,62.62,61.63,62.59,16254832
MSFT.US,2024-11-19,413.11,417.94,411.55,417.79,18133529
XOM.US,2024-11-19,119.75,119.75,118.2,118.63,11584382
0005.HK,2024-11-20,71.25,71.55,71.05,71.55,8322727
0700.HK,2024-11-20,408.2,413.8,406.2,410.8,15005135
1810.HK,2024-11-20,27.9,28.15,27.4,28.0,113721056
3690.HK,2024-11-20,171.9,176.0,170.9,174.8,23492659
9988.HK,2024-11-20,84.8,85.25,83.5,84.75,70389532
AAPL.US,2024-11-20,228.06,229.93,225.89,229.0,35169566
BABA.US,2024-11-20,87.04,87.54,86.5,86.77,15174535
JPM.US,2024-11-20,244.4,244.61,238.64,240.78,9015290
KO.US,2024-11-20,62.7,63.01,62.02,62.99,18904909
MSFT.US,2024-11-20,416.87,417.29,410.58,415.49,19191655
XOM.US,2024-11-20,119.17,120.47,118.64,120.32,11360932
0005.HK,2024-11-21,71.6,71.65,71.15,71.3,7857831
0700.HK,2024-11-21,409.4,411.4,407.0,407.6,12501718
1810.HK,2024-11-21,27.9,28.75,27.75,28.15,102041844
3690.HK,2024-11-21,174.8,175.9,172.1,172.7,14104129
9988.HK,2024-11-21,84.35,84.95,83.6,84.4,45741828
AAPL.US,2024-11-21,228.88,230.16,225.71,228.52,42108327
BABA.US,2024-11-21,86.98,87.04,85.45,85.58,15869218
JPM.US,2024-11-21,243.23,245.49,242.11,244.76,8783516
KO.US,2024-11-21,63.15,63.81,62.95,63.76,17292300
MSFT.US,2024-11-21,419.5,419.78,410.29,412.87,20780162
XOM.US,2024-11-21,121.08,122.55,120.27,121.93,14675422
0005.HK,2024-11-22,71.5,71.75,70.8,71.25,12509160
0700.HK,2024-11-22,408.8,412.4,399.6,400.6,16949546
1810.HK,2024-11-22,28.25,29.85,28.0,28.55,254978108
3690.HK,2024-11-22,172.5,174.4,165.1,167.1,25731303
9988.HK,2024-11-22,83.6,84.05,80.2,80.7,110110185
AAPL.US,2024-11-22,228.06,230.72,228.06,229.87,38168252
BABA.US,2024-11-22,83.6,83.68,82.64,83.13,24999202
JPM.US,2024-11-22,243.61,249.15,243.03,248.55,7997307
KO.US,2024-11-22,64.24,64.48,63.65,63.92,19562231
MSFT.US,2024-11-22,411.37,417.4,411.06,417.0,24814626
XOM.US,2024-11-22,121.82,123.21,121.64,121.79,13323431
0005.HK,2024-11-25,71.15,71.45,70.8,71.1,13670620
0700.HK,2024-11-25,400.0,402.4,393.8,395.2,27888308
1810.HK,2024-11-25,29.1,29.3,27.7,28.4,188253473
3690.HK,2024-11-25,165.9,168.2,158.2,162.0,54935851
9988.HK,2024-11-25,80.7,82.8,79.9,81.95,163133423
AAPL.US,2024-11-25,231.46,233.25,229.74,232.87,90152832
BABA.US,2024-11-25,84.25,85.88,83.75,85.58,15120057
JPM.US,2024-11-25,249.59,254.31,249.06,250.29,10295350
KO.US,2024-11-25,64.32,64.71,63.84,64.38,36805252
MSFT.US,2024-11-25,418.38,421.08,414.85,418.79,27691090
XOM.US,2024-11-25,121.43,121.88,119.61,119.97,26580295
0005.HK,2024-11-26,71.4,71.6,71.2,71.55,9056114
0700.HK,2024-11-26,392.2,399.2,392.2,393.8,16940574
1810.HK,2024-11-26,28.0,28.35,26.9,27.2,175996227
3690.HK,2024-11-26,161.0,168.6,160.2,164.3,25797668
9988.HK,2024-11-26,81.8,84.45,81.8,83.35,78159824
AAPL.US,2024-11-26,233.33,235.57,233.33,235.06,45986189
BABA.US,2024-11-26,85.82,86.08,84.86,85.18,10241468
JPM.US,2024-11-26,250.49,251.0,248.34,249.97,6212142
KO.US,2024-11-26,64.31,64.64,64.06,64.55,14473271
MSFT.US,2024-11-26,419.59,429.04,418.85,427.99,23458889
XOM.US,2024-11-26,119.53,119.68,117.85,117.97,14827327
0005.HK,2024-11-27,71.7,72.15,71.45,72.0,12782030
0700.HK,2024-11-27,394.6,406.2,392.0,402.8,16685594
1810.HK,2024-11-27,27.1,28.4,26.8,28.3,161187829
3690.HK,2024-11-27,165.8,176.8,163.7,176.2,41736756
9988.HK,2024-11-27,83.2,85.7,82.5,85.0,56559911
AAPL.US,2024-11-27,234.47,235.69,233.81,234.93,33498439
BABA.US,2024-11-27,86.97,87.54,86.47,86.59,13607643
JPM.US,2024-11-27,249.35,251.19,248.77,249.79,5472265
KO.US,2024-11-27,64.96,65.1,64.25,64.43,13263403
MSFT.US,2024-11-27,425.11,427.23,422.02,422.99,18332444
XOM.US,2024-11-27,118.09,118.73,117.43,117.66,11079122
0005.HK,2024-11-28,72.0,72.2,71.7,72.1,9553098
0700.HK,2024-11-28,401.4,404.2,397.4,400.0,13067643
1810.HK,2024-11-28,28.0,28.65,27.7,27.85,100416130
3690.HK,2024-11-28,176.9,176.9,170.7,172.2,24252235
9988.HK,2024-11-28,84.3,84.35,82.75,83.4,45005738
0005.HK,2024-11-29,72.0,72.7,71.95,72.5,13325456
0700.HK,2024-11-29,395.0,402.8,395.0,398.0,15626995
1810.HK,2024-11-29,27.85,28.25,27.25,27.75,116296536
3690.HK,2024-11-29,171.1,177.0,165.2,168.7,40356999
9988.HK,2024-11-29,82.9,84.8,82.85,83.65,36163262
AAPL.US,2024-11-29,234.81,237.81,233.97,237.33,28481377
BABA.US,2024-11-29,86.42,87.49,85.97,87.37,7553510
JPM.US,2024-11-29,249.86,251.77,249.45,249.72,5494825
KO.US,2024-11-29,64.02,64.25,63.77,64.08,10648354
MSFT.US,2024-11-29,420.09,424.88,417.8,423.46,16271921
XOM.US,2024-11-29,117.44,118.5,116.95,117.96,9426499
0005.HK,2024-12-02,72.8,72.8,72.35,72.55,8795497
0700.HK,2024-12-02,398.0,401.6,395.6,399.8,13334410
1810.HK,2024-12-02,28.25,28.75,27.9,28.55,130374633
3690.HK,2024-12-02,160.0,169.2,159.9,167.4,66398327
9988.HK,2024-12-02,84.25,85.65,83.75,84.0,55668722
AAPL.US,2024-12-02,237.27,240.79,237.16,239.59,48137103
BABA.US,2024-12-02,86.94,87.0,85.27,85.95,16537213
JPM.US,2024-12-02,249.55,250.25,245.03,246.25,8899741
KO.US,2024-12-02,64.05,64.19,63.35,63.65,16500095
MSFT.US,2024-12-02,421.57,433.0,421.31,430.98,20207223
XOM.US,2024-12-02,118.05,118.2,116.82,117.85,12687317
0005.HK,2024-12-03,72.4,73.5,72.4,73.5,18941374
0700.HK,2024-12-03,403.2,404.4,394.4,404.4,18362569
1810.HK,2024-12-03,28.85,29.45,28.55,29.1,169130914
3690.HK,2024-12-03,167.2,167.3,160.7,165.5,41771143
9988.HK,2024-12-03,83.7,84.8,82.85,84.45,45041216
AAPL.US,2024-12-03,239.81,242.76,238.9,242.65,38861017
BABA.US,2024-12-03,86.01,86.64,85.38,85.68,13660713
JPM.US,2024-12-03,248.23,249.04,244.63,244.82,6657694
KO.US,2024-12-03,63.72,64.08,63.03,63.52,24874490
MSFT.US,2024-12-03,429.84,432.47,427.74,431.2,18301987
XOM.US,2024-12-03,118.72,118.72,117.26,117.67,11756566
0005.HK,2024-12-04,73.2,73.7,73.1,73.6,10232457
0700.HK,2024-12-04,402.2,405.6,399.8,403.2,14053234
1810.HK,2024-12-04,29.4,29.55,28.85,29.1,112163595
3690.HK,2024-12-04,166.3,170.6,164.8,165.2,32453687
9988.HK,2024-12-04,83.35,84.25,82.6,84.0,57896484
AAPL.US,2024-12-04,242.87,244.11,241.25,243.01,44383935
BABA.US,2024-12-04,85.95,85.99,84.27,84.93,13613702
JPM.US,2024-12-04,244.7,245.35,242.23,243.4,7346265
KO.US,2024-12-04,63.28,63.35,61.9,62.21,28137660
MSFT.US,2024-12-04,433.03,439.67,432.63,437.42,26009429
XOM.US,2024-12-04,117.5,117.55,113.86,114.28,19520583
0005.HK,2024-12-05,73.3,73.75,73.05,73.75,7470677
0700.HK,2024-12-05,403.4,406.6,400.8,405.2,13314801
1810.HK,2024-12-05,28.95,29.6,28.8,29.45,106667106
3690.HK,2024-12-05,162.8,163.3,157.0,159.2,46562493
9988.HK,2024-12-05,82.8,83.15,81.65,81.95,66632997
AAPL.US,2024-12-05,243.99,244.54,242.13,243.04,40033878
BABA.US,2024-12-05,84.8,85.1,83.93,84.15,12979565
JPM.US,2024-12-05,245.39,247.18,244.62,245.48,6572536
KO.US,2024-12-05,62.47,63.12,62.1,62.92,21040359
MSFT.US,2024-12-05,437.92,444.66,436.17,442.62,21697775
XOM.US,2024-12-05,114.71,115.62,114.06,114.78,15751204
0005.HK,2024-12-06,74.0,74.7,73.8,74.55,26236720
0700.HK,2024-12-06,406.8,414.6,405.0,412.6,27711445
1810.HK,2024-12-06,29.5,29.95,29.25,29.9,189456485
3690.HK,2024-12-06,160.8,163.7,156.9,162.4,63874792
9988.HK,2024-12-06,82.2,84.7,81.75,83.95,73451040
AAPL.US,2024-12-06,242.91,244.63,242.08,242.84,36870619
BABA.US,2024-12-06,86.01,86.69,85.9,85.93,11751505
JPM.US,2024-12-06,245.7,247.74,244.84,247.36,5519738
KO.US,2024-12-06,62.83,63.36,62.51,62.53,15581148
MSFT.US,2024-12-06,442.3,446.1,441.77,443.57,18821002
XOM.US,2024-12-06,114.54,114.77,113.5,113.57,16171066
0005.HK,2024-12-09,73.6,74.45,73.25,74.3,17252778
0700.HK,2024-12-09,406.2,421.2,406.2,418.8,22461949
1810.HK,2024-12-09,29.95,31.0,29.45,30.95,223798144
3690.HK,2024-12-09,159.0,172.5,158.9,171.7,58871653
9988.HK,2024-12-09,82.75,87.25,82.65,86.9,90092033
AAPL.US,2024-12-09,241.83,247.24,241.75,246.75,44649232
BABA.US,2024-12-09,92.01,94.12,91.83,92.32,32767317
JPM.US,2024-12-09,247.13,247.87,243.76,243.81,7076466
KO.US,2024-12-09,62.69,62.93,61.9,62.6,22348331
MSFT.US,2024-12-09,442.6,448.33,440.5,446.02,19144388
XOM.US,2024-12-09,114.64,114.94,112.75,112.9,17412565
0005.HK,2024-12-10,74.55,74.8,74.05,74.2,18387826
0700.HK,2024-12-10,430.0,431.0,410.4,411.2,30282843
1810.HK,2024-12-10,32.15,32.15,30.8,30.95,193229427
3690.HK,2024-12-10,182.0,182.9,171.0,171.8,70828812
9988.HK,2024-12-10,91.25,91.4,86.55,86.6,97398890
AAPL.US,2024-12-10,246.89,248.21,245.34,247.77,36914806
BABA.US,2024-12-10,89.79,90.56,89.5,89.83,13859190
JPM.US,2024-12-10,243.89,247.96,242.22,242.86,9108339
KO.US,2024-12-10,62.7,63.04,61.79,62.91,14949415
MSFT.US,2024-12-10,444.39,449.62,441.6,443.33,18469459
XOM.US,2024-12-10,113.59,113.88,111.75,112.67,20990943
0005.HK,2024-12-11,74.4,74.7,74.05,74.4,10394553
0700.HK,2024-12-11,414.8,415.0,407.2,409.8,13098201
1810.HK,2024-12-11,31.45,31.5,30.2,30.45,123085951
3690.HK,2024-12-11,172.1,175.2,165.4,167.0,29501888
9988.HK,2024-12-11,87.3,87.7,86.15,86.2,51946094
AAPL.US,2024-12-11,247.96,250.8,246.26,246.49,45205814
BABA.US,2024-12-11,88.9,89.17,88.0,88.98,9866019
JPM.US,2024-12-11,244.0,244.27,242.18,243.53,7884442
KO.US,2024-12-11,63.0,63.63,62.4,62.64,32819011
MSFT.US,2024-12-11,444.05,450.35,444.05,448.99,19200208
XOM.US,2024-12-11,112.0,112.39,111.11,111.92,32392238
0005.HK,2024-12-12,74.85,74.9,74.4,74.9,10718800
0700.HK,2024-12-12,414.0,422.8,409.2,415.6,23414258
1810.HK,2024-12-12,30.65,31.8,30.45,31.6,145098808
3690.HK,2024-12-12,169.0,173.0,163.2,168.9,39912261
9988.HK,2024-12-12,85.95,88.75,85.95,88.0,64845532
AAPL.US,2024-12-12,246.89,248.74,245.68,247.96,32777532
BABA.US,2024-12-12,89.04,90.0,88.49,89.23,9951151
JPM.US,2024-12-12,243.0,244.1,241.04,241.53,6113771
KO.US,2024-12-12,63.55,63.92,63.22,63.84,17542091
MSFT.US,2024-12-12,449.11,456.16,449.11,449.56,20834779
XOM.US,2024-12-12,111.59,112.38,110.78,111.82,14543256
0005.HK,2024-12-13,74.8,74.8,74.25,74.6,13707966
0700.HK,2024-12-13,413.0,415.0,408.6,409.8,16296064
1810.HK,2024-12-13,31.4,32.15,31.05,31.35,157878633
3690.HK,2024-12-13,165.0,165.8,161.6,162.6,37180662
9988.HK,2024-12-13,86.55,87.45,85.75,85.75,61023463
AAPL.US,2024-12-13,247.82,249.29,246.24,248.13,33155290
BABA.US,2024-12-13,88.19,88.39,87.24,87.82,11608633
JPM.US,2024-12-13,242.07,242.72,239.14,239.94,10392749
KO.US,2024-12-13,63.57,63.84,63.11,63.12,13429033
MSFT.US,2024-12-13,448.44,451.43,445.58,447.27,20177833
XOM.US,2024-12-13,111.9,111.9,110.25,110.84,13106079
0005.HK,2024-12-16,74.8,75.0,74.55,75.0,10503034
0700.HK,2024-12-16,410.0,411.4,403.8,405.6,14059845
1810.HK,2024-12-16,31.5,31.65,30.05,30.35,140659846
3690.HK,2024-12-16,161.6,162.7,158.2,159.6,27168729
9988.HK,2024-12-16,85.75,85.9,83.5,84.35,47958063
AAPL.US,2024-12-16,247.99,251.38,247.65,251.04,51694753
BABA.US,2024-12-16,85.96,86.92,85.87,86.06,13216622
JPM.US,2024-12-16,240.61,240.67,237.52,239.58,9032044
KO.US,2024-12-16,63.23,63.86,62.35,62.55,24559738
MSFT.US,2024-12-16,447.27,452.18,445.28,451.59,23598834
XOM.US,2024-12-16,110.2,110.4,108.16,108.47,20256088
0005.HK,2024-12-17,74.6,75.2,74.5,75.2,11007564
0700.HK,2024-12-17,402.0,408.0,401.8,402.6,16779048
1810.HK,2024-12-17,30.55,30.75,29.6,29.95,133233564
3690.HK,2024-12-17,156.9,164.8,155.6,158.6,33855934
9988.HK,2024-12-17,83.9,84.1,82.55,83.4,52558686
AAPL.US,2024-12-17,250.08,253.83,249.78,253.48,51356360
BABA.US,2024-12-17,85.5,87.6,85.4,87.15,13288728
JPM.US,2024-12-17,238.65,239.02,236.63,238.36,8083635
KO.US,2024-12-17,62.45,63.55,62.32,63.4,21902382
MSFT.US,2024-12-17,451.01,455.29,449.57,454.46,22733494
XOM.US,2024-12-17,107.24,108.17,106.79,108.01,17553995
0005.HK,2024-12-18,74.8,75.25,74.6,75.0,8120910
0700.HK,2024-12-18,408.0,408.8,404.0,406.0,14906072
1810.HK,2024-12-18,30.45,30.9,30.05,30.8,86680411
3690.HK,2024-12-18,164.8,164.8,159.2,160.1,18611465
9988.HK,2024-12-18,84.85,84.85,83.65,84.05,35976303
AAPL.US,2024-12-18,252.16,254.28,247.74,248.05,56774101
BABA.US,2024-12-18,86.39,87.22,84.83,85.0,11319469
JPM.US,2024-12-18,239.0,239.07,229.53,230.37,11322358
KO.US,2024-12-18,62.81,63.64,62.79,62.85,20946087
MSFT.US,2024-12-18,451.32,452.65,437.02,437.39,24444545
XOM.US,2024-12-18,107.57,108.83,106.31,106.42,17114542
0005.HK,2024-12-19,74.05,74.8,74.0,74.35,15498438
0700.HK,2024-12-19,402.2,422.0,401.4,415.2,34671236
1810.HK,2024-12-19,30.2,31.05,30.0,30.8,85886142
3690.HK,2024-12-19,157.3,159.2,156.4,158.4,20597561
9988.HK,2024-12-19,82.7,83.45,82.05,82.95,56263173
AAPL.US,2024-12-19,247.5,252.0,247.09,249.79,60882264
BABA.US,2024-12-19,85.0,85.39,84.24,84.31,13795127
JPM.US,2024-12-19,232.27,236.36,232.27,232.96,11790773
KO.US,2024-12-19,62.7,63.17,62.4,62.45,21300647
MSFT.US,2024-12-19,441.62,443.18,436.32,437.03,22963681
XOM.US,2024-12-19,107.39,107.67,105.21,105.51,20565557
0005.HK,2024-12-20,74.35,74.9,74.1,74.1,11795582
0700.HK,2024-12-20,414.2,429.8,414.2,426.4,44834041
1810.HK,2024-12-20,30.7,32.1,30.7,31.65,204413958
3690.HK,2024-12-20,158.0,161.2,157.3,158.6,34086217
9988.HK,2024-12-20,81.8,82.25,79.35,80.1,132887681
AAPL.US,2024-12-20,248.04,255.0,245.69,254.49,147495267
BABA.US,2024-12-20,82.21,83.0,81.7,82.28,21270510
JPM.US,2024-12-20,231.92,239.21,231.59,237.6,32348414
KO.US,2024-12-20,62.47,63.06,62.28,62.55,42458096
MSFT.US,2024-12-20,433.11,443.74,428.63,436.6,64263694
XOM.US,2024-12-20,105.45,106.14,104.84,105.87,40141153
0005.HK,2024-12-23,74.1,75.15,74.1,74.95,11245825
0700.HK,2024-12-23,430.6,431.0,416.2,420.2,20856154
1810.HK,2024-12-23,32.0,32.25,31.45,31.75,97720054
3690.HK,2024-12-23,161.2,161.5,153.6,155.6,31530269
9988.HK,2024-12-23,80.7,81.35,79.9,81.0,57974855
AAPL.US,2024-12-23,254.77,255.65,253.45,255.27,40858774
BABA.US,2024-12-23,82.85,85.31,82.77,85.14,20055113
JPM.US,2024-12-23,236.07,238.62,234.88,238.39,8611528
KO.US,2024-12-23,62.5,62.76,61.53,62.38,13010758
MSFT.US,2024-12-23,436.74,437.65,432.83,435.25,19152519
XOM.US,2024-12-23,105.31,106.6,104.92,106.3,12285078
0005.HK,2024-12-24,74.55,75.2,74.55,74.9,7096918
0700.HK,2024-12-24,421.0,421.6,417.6,420.0,7873769
1810.HK,2024-12-24,31.85,32.9,31.55,32.75,107767035
3690.HK,2024-12-24,156.8,157.3,153.1,155.1,20197571
9988.HK,2024-12-24,82.3,83.95,82.15,83.15,46601344
AAPL.US,2024-12-24,255.49,258.21,255.29,258.2,23234705
BABA.US,2024-12-24,85.7,85.89,85.0,85.52,5235414
JPM.US,2024-12-24,239.43,242.49,239.07,242.31,3729092
KO.US,2024-12-24,62.2,62.84,62.01,62.84,5019131
MSFT.US,2024-12-24,434.65,439.6,434.19,439.33,7164543
XOM.US,2024-12-24,106.52,107.19,105.7,106.4,7806997
AAPL.US,2024-12-26,258.19,260.1,257.63,259.02,27262983
BABA.US,2024-12-26,85.72,87.27,85.56,86.08,12016516
JPM.US,2024-12-26,241.43,243.26,240.79,243.14,4452168
KO.US,2024-12-26,62.62,62.74,62.4,62.57,7945641
MSFT.US,2024-12-26,439.08,440.94,436.63,438.11,8199927
XOM.US,2024-12-26,106.52,107.03,105.94,106.49,9653408
0005.HK,2024-12-27,75.5,75.55,74.8,75.25,11697634
0700.HK,2024-12-27,417.6,421.0,415.6,417.4,13545082
1810.HK,2024-12-27,33.5,34.95,33.35,34.15,263910660
3690.HK,2024-12-27,153.1,157.0,151.6,154.7,23550112
9988.HK,2024-12-27,83.0,83.35,81.35,82.35,44013080
AAPL.US,2024-12-27,257.83,258.7,253.06,255.59,42355321
BABA.US,2024-12-27,84.89,85.27,84.29,85.06,8629350
JPM.US,2024-12-27,242.72,243.39,240.04,241.17,5730607
KO.US,2024-12-27,62.45,62.95,62.21,62.45,8542773
MSFT.US,2024-12-27,434.6,435.22,426.35,430.53,18117713
XOM.US,2024-12-27,106.3,107.99,105.77,106.48,11943906
0005.HK,2024-12-30,75.5,75.9,75.35,75.7,13671375
0700.HK,2024-12-30,418.0,421.8,415.8,419.0,13515622
1810.HK,2024-12-30,34.65,34.95,33.7,34.45,156035423
3690.HK,2024-12-30,155.9,156.6,151.4,152.8,25450241
9988.HK,2024-12-30,82.35,82.95,81.55,82.0,39010940
AAPL.US,2024-12-30,252.23,253.5,250.75,252.2,35557542
BABA.US,2024-12-30,84.17,84.95,83.53,84.13,10730977
JPM.US,2024-12-30,238.77,240.84,237.11,239.32,5723765
KO.US,2024-12-30,62.34,62.34,61.68,62.03,8972212
MSFT.US,2024-12-30,426.06,427.55,421.9,424.83,13158703
XOM.US,2024-12-30,106.3,106.56,105.51,105.76,11080770
0005.HK,2024-12-31,75.9,76.05,75.7,75.8,6769479
0700.HK,2024-12-31,417.2,421.4,415.8,417.0,10867280
1810.HK,2024-12-31,34.45,34.8,34.05,34.5,57271083
3690.HK,2024-12-31,152.7,154.8,151.7,151.7,11665658
9988.HK,2024-12-31,82.0,83.5,81.8,82.4,31449160
AAPL.US,2024-12-31,252.44,253.28,249.43,250.42,39480718
BABA.US,2024-12-31,84.42,85.35,84.42,84.79,7414994
JPM.US,2024-12-31,240.05,241.44,239.03,239.71,4870971
KO.US,2024-12-31,62.02,62.43,61.8,62.26,9256664
MSFT.US,2024-12-31,426.1,426.73,420.66,421.5,13246509
XOM.US,2024-12-31,106.17,107.9,105.78,107.57,12387756
0005.HK,2025-01-02,75.8,75.85,74.65,75.7,15851617
0700.HK,2025-01-02,417.0,425.0,413.6,416.0,20733037
1810.HK,2025-01-02,34.8,34.8,33.4,34.0,182385452
3690.HK,2025-01-02,151.7,154.3,148.4,150.6,28715165
9988.HK,2025-01-02,82.4,82.7,80.8,81.3,48562393
AAPL.US,2025-01-02,248.93,249.1,241.82,243.85,55740731
BABA.US,2025-01-02,84.39,85.43,84.2,84.95,10635704
JPM.US,2025-01-02,240.92,243.28,239.45,240.0,9220914
KO.US,2025-01-02,62.35,62.75,61.62,61.84,12990975
MSFT.US,2025-01-02,425.53,426.07,414.85,418.58,16896469
XOM.US,2025-01-02,108.28,109.0,106.88,107.31,12685447
0005.HK,2025-01-03,75.3,75.75,74.9,75.0,11755463
0700.HK,2025-01-03,418.0,419.0,410.4,414.2,16843241
1810.HK,2025-01-03,34.45,36.3,34.0,36.25,338723918
3690.HK,2025-01-03,151.3,155.7,148.8,153.7,30511065
9988.HK,2025-01-03,83.1,83.75,82.0,82.6,57859265
AAPL.US,2025-01-03,243.36,244.18,241.89,243.36,40244114
BABA.US,2025-01-03,85.1,85.55,84.76,85.54,7689521
JPM.US,2025-01-03,243.89,244.88,240.26,243.28,9491053
KO.US,2025-01-03,61.9,62.08,61.62,61.75,10403204
MSFT.US,2025-01-03,421.08,424.03,419.54,423.35,16662943
XOM.US,2025-01-03,108.0,108.49,107.46,107.86,14237885
0005.HK,2025-01-06,75.5,75.65,75.15,75.55,12886461
0700.HK,2025-01-06,415.0,415.0,407.2,409.4,16869318
1810.HK,2025-01-06,35.9,36.85,35.65,36.3,166161841
3690.HK,2025-01-06,153.8,153.8,148.4,150.7,27783624
9988.HK,2025-01-06,83.15,83.35,81.9,82.15,36259231
AAPL.US,2025-01-06,244.31,247.33,243.2,245.0,45045571
BABA.US,2025-01-06,86.55,87.36,85.08,85.52,18077138
JPM.US,2025-01-06,243.7,245.69,240.58,240.85,9917836
KO.US,2025-01-06,61.5,61.57,60.66,60.81,17924237
MSFT.US,2025-01-06,428.0,434.32,425.48,427.85,20573648
XOM.US,2025-01-06,108.24,109.78,107.52,107.74,15623677
0005.HK,2025-01-07,75.5,75.9,74.9,75.3,18577225
0700.HK,2025-01-07,380.6,392.8,376.6,379.6,142920468
1810.HK,2025-01-07,36.05,36.1,32.75,34.15,432841993
3690.HK,2025-01-07,150.7,152.8,145.8,148.7,30932550
9988.HK,2025-01-07,82.15,82.45,80.5,81.4,57807719
AAPL.US,2025-01-07,242.98,245.55,241.35,242.21,40855960
BABA.US,2025-01-07,84.31,85.11,83.78,84.48,11144054
JPM.US,2025-01-07,242.14,245.26,240.9,243.17,8753357
KO.US,2025-01-07,61.11,61.72,60.62,60.84,17799629
MSFT.US,2025-01-07,429.0,430.65,420.8,422.37,18139065
XOM.US,2025-01-07,108.94,110.06,108.28,108.75,12625890
0005.HK,2025-01-08,75.3,75.95,74.75,75.95,18019505
0700.HK,2025-01-08,371.2,379.8,365.6,369.2,95456188
1810.HK,2025-01-08,33.7,34.15,32.2,32.8,298899129
3690.HK,2025-01-08,148.9,149.1,143.9,146.7,25790556
9988.HK,2025-01-08,81.6,82.25,80.4,80.9,51033856
AAPL.US,2025-01-08,241.92,243.71,240.05,242.7,37628940
BABA.US,2025-01-08,83.09,83.79,82.72,83.69,9661837
JPM.US,2025-01-08,242.75,244.25,240.5,243.13,8675284
KO.US,2025-01-08,60.99,61.77,60.93,61.71,14412397
MSFT.US,2025-01-08,423.46,426.97,421.54,424.56,15054575
XOM.US,2025-01-08,107.31,107.71,106.01,106.93,17858110
0005.HK,2025-01-09,75.9,76.2,75.6,75.6,12063607
0700.HK,2025-01-09,365.0,379.4,365.0,373.4,60578450
1810.HK,2025-01-09,32.7,34.3,32.65,33.75,171639459
3690.HK,2025-01-09,145.9,146.8,142.5,144.4,26551311
9988.HK,2025-01-09,80.9,81.6,80.45,80.6,38857402
0005.HK,2025-01-10,76.5,76.6,76.25,76.5,22361611
0700.HK,2025-01-10,373.6,379.4,369.6,369.6,37053933
1810.HK,2025-01-10,33.75,34.5,33.4,33.55,122895840
3690.HK,2025-01-10,146.1,146.4,139.0,140.1,30901748
9988.HK,2025-01-10,80.9,81.2,79.5,79.6,49178401
AAPL.US,2025-01-10,240.01,240.16,233.0,236.85,61710856
BABA.US,2025-01-10,82.25,82.25,80.4,80.53,15393850
JPM.US,2025-01-10,243.09,243.81,238.74,239.87,10256829
KO.US,2025-01-10,61.58,61.65,60.73,61.07,22424951
MSFT.US,2025-01-10,424.63,424.71,415.02,418.95,20201132
XOM.US,2025-01-10,108.7,110.1,105.78,106.54,19304499
0005.HK,2025-01-13,76.0,76.1,74.85,75.3,14415841
0700.HK,2025-01-13,364.8,371.6,364.8,366.0,34785015
1810.HK,2025-01-13,33.2,33.5,32.3,32.8,126426992
3690.HK,2025-01-13,139.0,139.0,133.5,137.4,37818018
9988.HK,2025-01-13,78.5,78.55,77.35,78.1,47082642
AAPL.US,2025-01-13,233.53,234.67,229.72,234.4,49630725
BABA.US,2025-01-13,80.15,81.08,80.06,80.54,10726627
JPM.US,2025-01-13,239.67,244.54,239.0,244.21,10005315
KO.US,2025-01-13,61.13,61.85,60.71,61.65,18016173
MSFT.US,2025-01-13,415.24,418.5,412.29,417.19,17604780
XOM.US,2025-01-13,107.13,109.63,107.13,109.29,17073395
0005.HK,2025-01-14,75.45,75.95,75.4,75.95,12841705
0700.HK,2025-01-14,365.6,379.6,365.6,375.0,40623785
1810.HK,2025-01-14,32.75,34.15,32.75,33.75,122182323
3690.HK,2025-01-14,138.8,146.7,138.1,144.3,58761811
9988.HK,2025-01-14,78.75,80.35,78.35,79.95,62238203
AAPL.US,2025-01-14,234.75,236.12,232.47,233.28,39435294
BABA.US,2025-01-14,82.39,82.65,81.49,81.68,8773675
JPM.US,2025-01-14,242.66,247.72,242.19,247.47,12407386
KO.US,2025-01-14,61.66,62.07,61.3,62.04,16658287
MSFT.US,2025-01-14,417.81,419.74,410.72,415.67,16935856
XOM.US,2025-01-14,108.79,109.76,107.83,109.72,11191175
0005.HK,2025-01-15,75.75,76.0,75.35,76.0,11891439
0700.HK,2025-01-15,373.4,385.4,373.0,380.0,29158255
1810.HK,2025-01-15,33.75,34.0,33.35,33.6,79201609
3690.HK,2025-01-15,143.3,146.0,141.2,144.5,29515844
9988.HK,2025-01-15,79.1,80.15,79.1,79.95,34729525
AAPL.US,2025-01-15,234.64,238.96,234.43,237.87,39831969
BABA.US,2025-01-15,82.63,82.79,82.15,82.44,11655722
JPM.US,2025-01-15,250.4,253.67,243.68,252.35,18448520
KO.US,2025-01-15,62.33,62.62,61.68,61.77,16187203
MSFT.US,2025-01-15,419.13,428.15,418.27,426.31,19637838
XOM.US,2025-01-15,110.05,111.73,109.47,111.51,14521095
0005.HK,2025-01-16,76.95,77.5,76.25,77.35,23222162
0700.HK,2025-01-16,384.0,386.6,376.6,382.4,26141103
1810.HK,2025-01-16,34.1,34.8,33.55,34.35,137814016
3690.HK,2025-01-16,146.7,150.5,144.5,147.6,37707184
9988.HK,2025-01-16,80.1,81.45,79.25,80.45,40303852
AAPL.US,2025-01-16,237.35,238.01,228.03,228.26,71759052
BABA.US,2025-01-16,82.02,82.59,81.82,82.43,7566488
JPM.US,2025-01-16,254.0,257.04,252.33,254.27,15292348
KO.US,2025-01-16,61.42,62.3,61.32,62.25,12585528
MSFT.US,2025-01-16,428.7,429.49,424.39,424.58,15300023
XOM.US,2025-01-16,111.19,111.69,110.55,111.32,10366585
0005.HK,2025-01-17,77.75,78.0,77.3,77.6,12189547
0700.HK,2025-01-17,381.0,382.2,378.4,379.8,17138321
1810.HK,2025-01-17,34.4,35.0,34.1,34.95,94838569
3690.HK,2025-01-17,148.2,149.1,145.0,147.8,20474850
9988.HK,2025-01-17,80.0,80.75,79.6,80.75,40613226
AAPL.US,2025-01-17,232.12,232.29,228.48,229.98,68488301
BABA.US,2025-01-17,83.2,85.59,83.03,85.12,21132362
JPM.US,2025-01-17,254.14,260.62,252.14,259.16,17678101
KO.US,2025-01-17,62.31,62.77,62.17,62.71,17948868
MSFT.US,2025-01-17,434.09,434.48,428.17,429.03,26197507
XOM.US,2025-01-17,111.03,112.87,110.82,112.32,19298504
0005.HK,2025-01-20,78.0,78.4,77.7,78.35,14442370
0700.HK,2025-01-20,380.2,392.8,380.2,389.8,31141403
1810.HK,2025-01-20,35.65,35.8,34.3,34.7,166721242
3690.HK,2025-01-20,151.0,158.8,150.6,155.5,62838210
9988.HK,2025-01-20,82.7,86.1,82.4,84.55,92760400
0005.HK,2025-01-21,78.8,79.0,78.55,78.85,12526437
0700.HK,2025-01-21,392.0,392.2,386.4,387.4,25249668
1810.HK,2025-01-21,35.0,36.1,34.75,35.9,136275839
3690.HK,2025-01-21,159.7,160.4,155.0,158.5,41021524
9988.HK,2025-01-21,85.8,85.95,83.9,84.8,45376591
AAPL.US,2025-01-21,224.0,224.42,219.38,222.64,98070429
BABA.US,2025-01-21,86.87,86.9,84.92,85.38,17099520
JPM.US,2025-01-21,260.07,264.25,259.5,263.03,13712114
KO.US,2025-01-21,62.9,63.23,62.3,62.42,19817068
MSFT.US,2025-01-21,430.2,430.9,425.6,428.5,26085703
XOM.US,2025-01-21,112.05,112.18,111.13,111.47,20416286
0005.HK,2025-01-22,79.0,79.35,78.85,79.25,13195031
0700.HK,2025-01-22,385.0,388.6,381.0,383.4,17859069
1810.HK,2025-01-22,36.0,36.2,35.2,35.3,106122696
3690.HK,2025-01-22,157.5,157.5,151.3,152.5,39709233
9988.HK,2025-01-22,83.3,83.9,81.65,82.2,50020729
AAPL.US,2025-01-22,219.79,224.12,219.79,223.83,64126500
BABA.US,2025-01-22,85.0,86.54,84.42,86.4,10354750
JPM.US,2025-01-22,262.9,263.38,260.25,262.84,9021914
KO.US,2025-01-22,62.12,62.29,61.66,61.78,18191886
MSFT.US,2025-01-22,437.56,447.27,436.0,446.2,27803811
XOM.US,2025-01-22,111.2,111.57,109.4,109.53,15718012
0005.HK,2025-01-23,78.9,79.25,78.3,78.65,12912877
0700.HK,2025-01-23,383.0,386.0,379.6,381.2,21256810
1810.HK,2025-01-23,35.7,35.75,34.25,34.5,124771415
3690.HK,2025-01-23,153.7,155.7,150.0,151.1,25525543
9988.HK,2025-01-23,83.85,84.25,82.55,82.9,35695244
AAPL.US,2025-01-23,224.74,227.03,222.3,223.66,60234760
BABA.US,2025-01-23,85.8,86.2,84.96,86.1,9225628
JPM.US,2025-01-23,264.69,266.86,263.81,265.95,10749681
KO.US,2025-01-23,61.8,61.98,61.37,61.53,16528423
MSFT.US,2025-01-23,442.0,446.75,441.5,446.71,18389270
XOM.US,2025-01-23,110.31,111.14,109.61,110.15,13726784
0005.HK,2025-01-24,79.55,80.0,79.3,79.9,21067554
0700.HK,2025-01-24,383.2,392.4,382.2,390.6,24079119
1810.HK,2025-01-24,34.75,37.3,34.5,36.85,288470060
3690.HK,2025-01-24,153.3,153.7,149.0,150.0,39355209
9988.HK,2025-01-24,83.75,85.0,83.0,84.75,56000920
AAPL.US,2025-01-24,224.78,225.63,221.41,222.78,54697907
BABA.US,2025-01-24,86.71,89.19,86.48,89.14,18790950
JPM.US,2025-01-24,263.69,267.1,263.01,264.84,7666261
KO.US,2025-01-24,61.72,62.01,61.44,61.92,19244604
MSFT.US,2025-01-24,445.16,446.65,441.4,444.06,15549453
XOM.US,2025-01-24,110.24,110.71,108.41,108.66,14235885
0005.HK,2025-01-27,79.3,79.9,79.2,79.45,13218510
0700.HK,2025-01-27,388.0,398.0,388.0,395.6,23605938
1810.HK,2025-01-27,37.65,37.65,36.55,37.1,154106703
3690.HK,2025-01-27,151.8,155.3,149.3,149.7,37485511
9988.HK,2025-01-27,86.6,87.95,86.1,87.25,77324541
AAPL.US,2025-01-27,224.02,232.15,223.98,229.86,94863418
BABA.US,2025-01-27,90.59,91.43,89.22,89.99,25999791
JPM.US,2025-01-27,264.17,265.97,262.26,265.85,7522258
KO.US,2025-01-27,62.87,64.18,62.47,63.87,20742915
MSFT.US,2025-01-27,424.01,435.2,423.5,434.56,35647805
XOM.US,2025-01-27,109.01,110.45,108.39,110.17,15926670
0005.HK,2025-01-28,80.0,80.0,79.8,79.95,8928135
0700.HK,2025-01-28,401.0,406.0,399.0,401.2,14203491
1810.HK,2025-01-28,37.85,38.45,37.55,38.3,84927933
3690.HK,2025-01-28,151.8,152.4,146.8,148.2,16691789
9988.HK,2025-01-28,88.5,88.5,87.65,88.3,28186080
AAPL.US,2025-01-28,230.85,240.19,230.81,238.26,75707569
BABA.US,2025-01-28,90.94,96.43,89.9,96.03,31296275
JPM.US,2025-01-28,265.85,267.33,264.83,267.14,7375391
KO.US,2025-01-28,63.51,64.04,62.28,62.36,14956031
MSFT.US,2025-01-28,434.6,448.38,431.38,447.2,23491703
XOM.US,2025-01-28,110.41,110.87,107.79,108.04,15862029
AAPL.US,2025-01-29,234.12,239.86,234.01,239.36,45486100
BABA.US,2025-01-29,99.39,101.28,96.45,96.72,75052980
JPM.US,2025-01-29,267.21,270.68,265.61,266.58,7684870
KO.US,2025-01-29,62.56,63.36,62.55,62.83,11325635
MSFT.US,2025-01-29,446.69,446.88,440.4,442.33,23581370
XOM.US,2025-01-29,107.71,108.78,107.47,108.67,12345523
AAPL.US,2025-01-30,238.67,240.79,237.21,237.59,55658279
BABA.US,2025-01-30,97.3,103.67,97.14,102.74,45929033
JPM.US,2025-01-30,268.63,269.7,266.62,268.23,8753466
KO.US,2025-01-30,63.85,64.29,63.23,64.05,13200977
MSFT.US,2025-01-30,418.77,422.86,413.16,414.99,54586260
XOM.US,2025-01-30,109.24,109.85,108.7,109.57,14346335
AAPL.US,2025-01-31,247.19,247.19,233.44,236.0,101075128
BABA.US,2025-01-31,102.0,102.5,98.0,98.84,36503531
JPM.US,2025-01-31,269.23,270.82,266.96,267.3,7196268
KO.US,2025-01-31,63.7,63.93,63.39,63.48,12102060
MSFT.US,2025-01-31,418.98,420.69,414.91,415.06,34223388
XOM.US,2025-01-31,110.55,110.55,106.1,106.83,20381446
0005.HK,2025-02-03,80.0,80.25,79.4,79.9,21017476
0700.HK,2025-02-03,400.0,404.8,394.2,404.2,27917841
1810.HK,2025-02-03,38.9,39.2,37.2,37.95,143592266
3690.HK,2025-02-03,148.2,148.2,140.0,142.3,42691211
9988.HK,2025-02-03,92.55,94.1,90.4,94.0,137951734
AAPL.US,2025-02-03,229.99,231.83,225.7,228.01,73063301
BABA.US,2025-02-03,96.51,101.87,96.07,98.61,29282916
JPM.US,2025-02-03,261.83,268.17,261.7,266.81,8381361
KO.US,2025-02-03,63.18,63.63,62.43,63.35,12067883
MSFT.US,2025-02-03,411.6,415.41,408.66,410.92,25679149
XOM.US,2025-02-03,106.64,107.3,105.32,107.09,14623197
0005.HK,2025-02-04,79.8,80.5,79.45,80.05,23544590
0700.HK,2025-02-04,409.2,421.2,407.0,420.8,31276268
1810.HK,2025-02-04,38.7,40.1,38.5,39.55,141166344
3690.HK,2025-02-04,144.9,151.9,144.2,150.8,52094377
9988.HK,2025-02-04,96.8,97.95,94.75,97.65,119029715
AAPL.US,2025-02-04,227.25,233.13,226.65,232.8,45067301
BABA.US,2025-02-04,100.59,103.61,99.68,102.35,29877458
JPM.US,2025-02-04,269.84,269.84,266.83,267.94,5625972
KO.US,2025-02-04,63.61,63.63,62.35,62.67,15677998
MSFT.US,2025-02-04,412.69,413.92,409.74,412.37,20532096
XOM.US,2025-02-04,106.71,110.28,106.53,109.96,14835692
0005.HK,2025-02-05,80.25,80.45,79.9,80.2,10753092
0700.HK,2025-02-05,421.6,421.6,410.0,417.8,32129392
1810.HK,2025-02-05,39.95,39.95,38.7,39.65,165406601
3690.HK,2025-02-05,154.0,154.2,146.8,150.9,48027206
9988.HK,2025-02-05,99.0,99.65,95.3,97.55,130268715
AAPL.US,2025-02-05,228.53,232.67,228.27,232.47,39664989
BABA.US,2025-02-05,100.17,101.82,99.03,99.28,17017947
JPM.US,2025-02-05,268.91,270.64,268.33,270.43,5704431
KO.US,2025-02-05,62.72,63.29,62.59,63.12,10686754
MSFT.US,2025-02-05,412.35,413.83,410.4,413.29,16336188
XOM.US,2025-02-05,109.74,110.01,109.1,109.88,13364387
0005.HK,2025-02-06,80.5,80.8,80.3,80.65,14946253
0700.HK,2025-02-06,416.2,420.4,413.4,420.4,19585105
1810.HK,2025-02-06,39.8,40.7,39.4,40.55,174418873
3690.HK,2025-02-06,152.8,152.9,146.8,150.1,35817495
9988.HK,2025-02-06,96.95,98.9,96.5,98.55,82663790
AAPL.US,2025-02-06,231.29,233.8,230.43,233.22,29925349
BABA.US,2025-02-06,101.25,101.74,99.87,100.38,12774618
JPM.US,2025-02-06,272.45,276.98,271.19,276.9,7264371
KO.US,2025-02-06,63.62,63.74,62.91,63.36,13423408
MSFT.US,2025-02-06,414.0,418.2,414.0,415.82,16309755
XOM.US,2025-02-06,110.77,111.05,107.99,108.43,13411401
0005.HK,2025-02-07,81.2,81.95,81.0,81.8,25317199
0700.HK,2025-02-07,420.4,432.4,417.8,428.2,34567530
1810.HK,2025-02-07,40.7,43.05,40.55,42.45,282921470
3690.HK,2025-02-07,148.0,155.8,146.0,154.1,49976855
9988.HK,2025-02-07,98.0,100.9,97.7,100.0,111035834
AAPL.US,2025-02-07,232.6,234.0,227.26,227.63,39707224
BABA.US,2025-02-07,104.46,107.51,103.0,103.51,39538154
JPM.US,2025-02-07,277.27,278.55,274.72,275.8,6857875
KO.US,2025-02-07,63.43,63.92,63.27,63.84,13184674
MSFT.US,2025-02-07,416.48,418.65,408.1,409.75,22886844
XOM.US,2025-02-07,108.78,109.73,108.32,108.89,10051626
0005.HK,2025-02-10,82.2,82.6,82.0,82.6,24215871
0700.HK,2025-02-10,429.6,439.8,428.8,437.0,31411302
1810.HK,2025-02-10,42.7,43.95,42.15,43.75,178623301
3690.HK,2025-02-10,155.0,163.3,154.5,162.7,65305089
9988.HK,2025-02-10,103.0,106.5,103.0,105.5,154940987
AAPL.US,2025-02-10,229.57,230.59,227.2,227.65,33115645
BABA.US,2025-02-10,107.32,111.65,106.7,111.32,42429394
JPM.US,2025-02-10,276.15,276.18,269.59,271.04,8627352
KO.US,2025-02-10,64.1,64.65,63.66,64.55,16154300
MSFT.US,2025-02-10,413.71,415.46,410.92,412.22,20817919
XOM.US,2025-02-10,110.01,111.03,109.88,110.97,12142197
0005.HK,2025-02-11,83.35,83.8,83.1,83.8,24827354
0700.HK,2025-02-11,440.0,441.2,425.6,427.4,30893563
1810.HK,2025-02-11,44.0,44.3,42.25,42.55,210014328
3690.HK,2025-02-11,166.2,167.6,161.3,161.8,56360376
9988.HK,2025-02-11,107.9,108.6,104.6,104.9,133001073
AAPL.US,2025-02-11,228.2,235.23,228.13,232.62,53718362
BABA.US,2025-02-11,113.96,115.54,111.0,112.78,55001297
JPM.US,2025-02-11,270.26,276.22,269.66,274.99,7196376
KO.US,2025-02-11,67.5,67.67,66.41,67.6,30589148
MSFT.US,2025-02-11,409.64,412.49,409.3,411.44,18140592
XOM.US,2025-02-11,111.6,112.51,110.82,111.67,12713127
0005.HK,2025-02-12,84.4,84.8,84.05,84.45,31516140
0700.HK,2025-02-12,429.0,444.6,426.0,444.2,38264929
1810.HK,2025-02-12,43.9,44.55,42.65,44.1,196220080
3690.HK,2025-02-12,162.6,162.7,150.2,155.2,114470084
9988.HK,2025-02-12,109.2,113.9,109.1,113.8,215324934
AAPL.US,2025-02-12,231.2,236.96,230.68,236.87,45243292
BABA.US,2025-02-12,115.82,119.81,114.97,118.33,44024715
JPM.US,2025-02-12,274.08,276.45,273.25,275.45,6683894
KO.US,2025-02-12,66.87,68.82,66.87,68.71,26033764
MSFT.US,2025-02-12,407.21,410.75,404.37,409.04,19121734
XOM.US,2025-02-12,110.05,110.23,107.18,107.35,18244122
0005.HK,2025-02-13,85.05,85.4,84.75,84.85,38040116
0700.HK,2025-02-13,449.0,464.6,437.0,442.0,60985718
1810.HK,2025-02-13,43.9,44.6,41.2,41.65,382423053
3690.HK,2025-02-13,155.2,167.5,155.2,159.7,94924956
9988.HK,2025-02-13,115.2,124.3,115.2,116.7,336901993
AAPL.US,2025-02-13,236.91,242.34,235.57,241.53,53614054
BABA.US,2025-02-13,115.33,119.57,114.76,119.54,34429294
JPM.US,2025-02-13,275.5,276.97,273.81,276.32,8398667
KO.US,2025-02-13,69.0,69.61,68.76,69.5,24393148
MSFT.US,2025-02-13,407.0,411.0,406.36,410.54,23891731
XOM.US,2025-02-13,107.15,108.41,106.52,108.13,15459952
0005.HK,2025-02-14,85.2,85.3,84.2,84.5,30988448
0700.HK,2025-02-14,449.8,474.8,446.6,474.8,74519223
1810.HK,2025-02-14,42.4,44.9,42.05,44.7,349956076
3690.HK,2025-02-14,162.0,170.0,161.9,169.9,75772482
9988.HK,2025-02-14,116.9,124.3,116.8,124.1,267121701
AAPL.US,2025-02-14,241.25,245.55,240.99,244.6,40896227
BABA.US,2025-02-14,126.59,126.8,120.5,124.73,52729816
JPM.US,2025-02-14,277.37,279.23,276.45,276.59,5688627
KO.US,2025-02-14,69.37,70.03,68.76,68.87,20779090
MSFT.US,2025-02-14,407.79,408.91,405.88,408.43,22758464
XOM.US,2025-02-14,108.52,110.23,108.1,108.24,15733529
0005.HK,2025-02-17,85.0,85.5,84.0,85.5,31953730
0700.HK,2025-02-17,506.0,512.0,485.0,493.6,126223580
1810.HK,2025-02-17,45.0,45.45,43.55,45.15,273310085
3690.HK,2025-02-17,174.2,179.3,166.1,168.9,85909353
9988.HK,2025-02-17,124.9,129.5,118.8,122.2,293596265
0005.HK,2025-02-18,86.15,87.2,86.0,87.2,35657488
0700.HK,2025-02-18,494.2,513.0,493.8,503.5,62529454
1810.HK,2025-02-18,45.15,48.4,44.7,48.4,325734161
3690.HK,2025-02-18,170.2,177.0,167.0,172.9,66733331
9988.HK,2025-02-18,122.0,128.6,122.0,126.3,197776235
AAPL.US,2025-02-18,244.15,245.18,241.84,244.47,48822491
BABA.US,2025-02-18,127.74,129.02,125.61,126.9,42152768
JPM.US,2025-02-18,276.76,279.97,276.02,279.95,7919798
KO.US,2025-02-18,68.55,69.37,68.42,69.05,15569122
MSFT.US,2025-02-18,408.0,410.6,406.5,409.64,21423051
XOM.US,2025-02-18,108.63,110.99,108.32,110.14,20060298
0005.HK,2025-02-19,87.75,88.8,86.7,88.4,40187102
0700.HK,2025-02-19,500.0,500.5,493.2,497.8,34127174
1810.HK,2025-02-19,48.0,49.5,47.0,49.45,243337561
3690.HK,2025-02-19,169.6,171.8,166.0,167.7,46995938
9988.HK,2025-02-19,123.7,125.4,122.3,124.1,148288754
AAPL.US,2025-02-19,244.66,246.01,243.16,244.87,32204215
BABA.US,2025-02-19,126.0,127.7,124.95,125.79,35155218
JPM.US,2025-02-19,278.38,280.25,277.22,279.25,7007248
KO.US,2025-02-19,69.21,70.13,69.17,70.07,16032270
MSFT.US,2025-02-19,407.88,415.49,407.65,414.77,24114197
XOM.US,2025-02-19,110.76,112.13,110.06,110.3,10964698
0005.HK,2025-02-20,87.6,87.7,86.6,87.15,19478888
0700.HK,2025-02-20,491.2,493.0,482.6,486.8,34549151
1810.HK,2025-02-20,49.45,50.9,48.0,49.15,275542159
3690.HK,2025-02-20,158.0,160.2,156.1,156.9,90728227
9988.HK,2025-02-20,122.4,123.6,118.4,120.9,178330455
AAPL.US,2025-02-20,244.94,246.78,244.29,245.83,32316907
BABA.US,2025-02-20,137.81,144.51,131.41,135.97,118848968
JPM.US,2025-02-20,278.68,278.74,265.74,266.8,13846671
KO.US,2025-02-20,69.71,70.07,69.42,70.04,13398010
MSFT.US,2025-02-20,415.29,419.31,412.54,416.13,23508728
XOM.US,2025-02-20,110.57,112.42,109.95,112.0,16325803
0005.HK,2025-02-21,86.5,87.2,86.45,86.7,20683604
0700.HK,2025-02-21,505.0,517.0,499.4,517.0,73545153
1810.HK,2025-02-21,50.05,51.95,49.7,51.7,308362585
3690.HK,2025-02-21,158.8,163.2,155.3,162.9,85995656
9988.HK,2025-02-21,133.0,139.6,131.0,138.5,329402607
AAPL.US,2025-02-21,245.95,248.69,245.22,245.55,53197431
BABA.US,2025-02-21,141.6,145.3,141.1,143.75,73892138
JPM.US,2025-02-21,268.32,269.2,262.84,264.24,12835566
KO.US,2025-02-21,70.32,71.6,70.13,71.35,21662252
MSFT.US,2025-02-21,417.34,418.05,407.89,408.21,27524799
XOM.US,2025-02-21,111.32,111.85,110.56,110.69,14709985
0005.HK,2025-02-24,86.7,86.85,84.9,85.8,32915133
0700.HK,2025-02-24,522.0,522.0,497.2,497.2,67542767
1810.HK,2025-02-24,52.2,52.35,51.05,51.6,208345620
3690.HK,2025-02-24,164.7,168.9,160.0,166.5,62554358
9988.HK,2025-02-24,138.9,140.9,134.3,135.7,222538792
AAPL.US,2025-02-24,244.93,248.86,244.42,247.1,51326396
BABA.US,2025-02-24,135.8,135.8,128.44,129.04,74118310
JPM.US,2025-02-24,265.49,267.0,258.61,261.34,10372751
KO.US,2025-02-24,70.84,71.73,70.33,70.59,21418442
MSFT.US,2025-02-24,408.51,409.37,399.32,404.0,26443656
XOM.US,2025-02-24,110.93,111.86,110.32,111.27,13153471
0005.HK,2025-02-25,86.05,87.4,86.05,87.1,18141190
0700.HK,2025-02-25,477.8,491.0,476.4,484.8,56509529
1810.HK,2025-02-25,49.8,53.9,49.8,53.2,332349383
3690.HK,2025-02-25,160.0,163.3,157.2,158.6,52752020
9988.HK,2025-02-25,125.1,133.3,125.0,130.6,234415866
AAPL.US,2025-02-25,248.0,250.0,244.91,247.04,48013272
BABA.US,2025-02-25,132.79,134.47,130.75,134.01,38881139
JPM.US,2025-02-25,262.23,263.0,253.35,257.4,9608439
KO.US,2025-02-25,70.86,71.77,70.73,71.49,21555588
MSFT.US,2025-02-25,401.1,401.92,396.7,397.9,29387402
XOM.US,2025-02-25,111.3,112.13,108.89,109.73,14496964
0005.HK,2025-02-26,88.95,89.3,88.1,88.75,27976258
0700.HK,2025-02-26,488.0,508.0,487.8,501.5,40489654
1810.HK,2025-02-26,54.25,56.8,53.1,56.3,395453828
3690.HK,2025-02-26,161.1,177.0,160.0,174.2,100972406
9988.HK,2025-02-26,132.3,139.1,132.0,136.9,197155020
AAPL.US,2025-02-26,244.33,244.98,239.13,240.36,44433564
BABA.US,2025-02-26,140.0,141.95,138.29,139.08,40670132
JPM.US,2025-02-26,257.16,260.91,256.93,258.79,5943585
KO.US,2025-02-26,71.27,71.28,70.53,70.8,14531175
MSFT.US,2025-02-26,398.01,403.6,394.25,399.73,19618954
XOM.US,2025-02-26,109.74,109.87,108.52,109.46,10446405
0005.HK,2025-02-27,89.1,89.5,88.85,89.4,27289916
0700.HK,2025-02-27,503.5,512.0,491.6,495.4,38902820
1810.HK,2025-02-27,56.6,58.7,51.4,53.1,842011809
3690.HK,2025-02-27,175.1,176.0,167.8,172.8,62385994
9988.HK,2025-02-27,137.5,139.7,133.2,135.7,180178311
AAPL.US,2025-02-27,239.41,242.46,237.06,237.3,41153639
BABA.US,2025-02-27,138.68,140.11,135.87,136.55,23859370
JPM.US,2025-02-27,260.18,263.64,257.86,259.05,8204447
KO.US,2025-02-27,70.72,71.54,70.42,70.87,16789476
MSFT.US,2025-02-27,401.27,405.74,392.17,392.53,21127406
XOM.US,2025-02-27,110.01,111.29,109.28,110.15,15293173
0005.HK,2025-02-28,89.35,89.85,88.8,89.25,22619169
0700.HK,2025-02-28,492.8,497.8,476.0,478.6,52160819
1810.HK,2025-02-28,55.75,55.75,50.65,51.85,667093154
3690.HK,2025-02-28,169.8,170.5,160.3,162.0,64070709
9988.HK,2025-02-28,133.6,133.8,127.1,127.5,209019085
AAPL.US,2025-02-28,236.95,242.09,230.2,241.84,56833360
BABA.US,2025-02-28,130.95,133.95,130.14,132.51,24862578
JPM.US,2025-02-28,260.73,264.81,257.89,264.65,10467126
KO.US,2025-02-28,71.45,71.57,70.56,71.21,22167379
MSFT.US,2025-02-28,392.66,397.63,386.57,396.99,32845658
XOM.US,2025-02-28,110.11,111.58,109.34,111.33,18821665
0005.HK,2025-03-03,91.6,92.1,91.15,91.25,34059748
0700.HK,2025-03-03,483.6,497.0,479.8,483.2,32752021
1810.HK,2025-03-03,52.9,53.0,49.55,50.95,466253103
3690.HK,2025-03-03,162.8,166.1,160.8,162.6,36975379
9988.HK,2025-03-03,129.8,134.5,128.6,130.4,164140645
AAPL.US,2025-03-03,241.79,244.03,236.11,238.03,47183985
BABA.US,2025-03-03,134.01,134.72,129.56,130.81,22528034
JPM.US,2025-03-03,264.0,266.32,257.82,260.62,9058307
KO.US,2025-03-03,70.24,72.36,69.73,72.32,21717603
MSFT.US,2025-03-03,398.82,398.82,386.16,388.49,23007726
XOM.US,2025-03-03,111.7,112.16,106.51,107.76,18706879
0005.HK,2025-03-04,92.15,92.6,91.55,92.05,34717901
0700.HK,2025-03-04,479.0,493.0,473.2,491.0,31124964
1810.HK,2025-03-04,49.05,51.6,48.65,50.55,338725813
3690.HK,2025-03-04,158.9,163.1,158.0,161.2,23331992
9988.HK,2025-03-04,126.6,129.3,124.5,127.8,133778504
AAPL.US,2025-03-04,237.71,240.07,234.68,235.93,53798062
BABA.US,2025-03-04,129.6,132.1,126.1,129.85,25366513
JPM.US,2025-03-04,255.28,257.23,245.95,250.25,13465630
KO.US,2025-03-04,72.07,72.65,69.88,70.19,25411858
MSFT.US,2025-03-04,383.4,392.58,381.0,388.61,29342923
XOM.US,2025-03-04,106.36,108.96,105.94,107.54,19394905
0005.HK,2025-03-05,91.9,91.95,90.35,91.9,31035361
0700.HK,2025-03-05,502.0,509.0,498.0,505.5,35165757
1810.HK,2025-03-05,52.0,54.2,51.3,54.2,337625486
3690.HK,2025-03-05,165.1,172.7,163.5,171.5,48079120
9988.HK,2025-03-05,128.4,131.5,126.6,129.9,132295744
AAPL.US,2025-03-05,235.42,236.55,229.23,235.74,47227643
BABA.US,2025-03-05,134.37,141.83,133.34,141.03,37284635
JPM.US,2025-03-05,251.25,253.05,247.83,251.53,7861424
KO.US,2025-03-05,69.9,70.74,69.84,70.08,23933629
MSFT.US,2025-03-05,389.34,401.67,388.81,401.02,23433132
XOM.US,2025-03-05,105.84,106.33,103.67,105.44,24822245
0005.HK,2025-03-06,89.7,90.15,89.0,90.0,31682508
0700.HK,2025-03-06,521.0,544.0,521.0,544.0,79683892
1810.HK,2025-03-06,55.3,56.3,53.85,54.9,375438239
3690.HK,2025-03-06,174.7,181.5,174.2,180.3,68514831
9988.HK,2025-03-06,138.0,141.5,137.3,140.8,198863431
AAPL.US,2025-03-06,234.44,237.86,233.16,235.33,45170419
BABA.US,2025-03-06,142.2,144.76,138.09,139.95,35482111
JPM.US,2025-03-06,248.11,249.36,243.85,246.54,9983235
KO.US,2025-03-06,70.41,70.53,69.45,70.46,21694031
MSFT.US,2025-03-06,394.28,402.15,392.68,396.89,23304625
XOM.US,2025-03-06,105.43,108.11,104.36,107.62,17150233
0005.HK,2025-03-07,88.7,88.95,87.95,87.95,37461271
0700.HK,2025-03-07,539.0,547.0,529.0,533.5,46494425
1810.HK,2025-03-07,54.6,55.5,53.1,54.35,355629253
3690.HK,2025-03-07,180.3,189.6,177.0,183.5,75915127
9988.HK,2025-03-07,137.8,145.9,137.2,140.0,250700100
AAPL.US,2025-03-07,235.11,241.37,234.76,239.07,46273565
BABA.US,2025-03-07,142.92,145.36,139.38,140.62,31904363
JPM.US,2025-03-07,245.23,246.72,239.42,242.28,20498734
KO.US,2025-03-07,69.65,71.82,69.65,71.43,28393261
MSFT.US,2025-03-07,392.32,394.8,385.54,393.31,22034087
XOM.US,2025-03-07,108.41,110.4,108.3,109.02,19624965
0005.HK,2025-03-10,88.1,88.9,87.8,88.05,25392044
0700.HK,2025-03-10,528.0,537.5,512.0,516.5,34415026
1810.HK,2025-03-10,54.0,54.5,52.35,52.85,223961425
3690.HK,2025-03-10,183.5,184.0,173.0,174.9,50030702
9988.HK,2025-03-10,137.2,138.7,133.6,134.5,179071477
AAPL.US,2025-03-10,235.54,236.16,224.22,227.48,72071197
BABA.US,2025-03-10,136.0,137.95,131.0,132.54,33484184
JPM.US,2025-03-10,236.21,237.51,228.7,232.22,18887186
KO.US,2025-03-10,71.96,73.22,71.32,71.45,25251189
MSFT.US,2025-03-10,385.84,386.4,377.22,380.16,32840134
XOM.US,2025-03-10,109.28,112.57,109.08,111.8,22749073
0005.HK,2025-03-11,85.35,86.3,84.55,85.2,32927567
0700.HK,2025-03-11,501.5,520.0,500.5,517.5,33852768
1810.HK,2025-03-11,50.85,54.0,50.7,53.9,223343033
3690.HK,2025-03-11,170.0,173.3,167.7,171.6,47328733
9988.HK,2025-03-11,127.8,134.8,127.7,133.6,157697693
AAPL.US,2025-03-11,223.81,225.84,217.45,220.84,76137410
BABA.US,2025-03-11,138.16,141.33,136.04,139.02,29094794
JPM.US,2025-03-11,231.75,233.32,226.69,229.14,18142995
KO.US,2025-03-11,71.88,72.04,70.61,71.04,28076440
MSFT.US,2025-03-11,379.0,386.0,376.91,380.45,30380177
XOM.US,2025-03-11,111.92,112.1,108.79,109.16,19904735
0005.HK,2025-03-12,84.25,85.15,83.95,85.05,27348802
0700.HK,2025-03-12,523.0,525.0,505.0,512.0,28031056
1810.HK,2025-03-12,53.85,54.7,51.5,52.05,241938609
3690.HK,2025-03-12,174.2,175.6,165.1,168.3,39260107
9988.HK,2025-03-12,138.0,138.0,131.9,134.8,124456918
AAPL.US,2025-03-12,220.14,221.75,214.91,216.98,62547467
BABA.US,2025-03-12,138.41,138.95,135.28,137.14,23880904
JPM.US,2025-03-12,234.0,234.32,227.26,227.9,16054015
KO.US,2025-03-12,70.37,70.73,69.74,69.94,18923301
MSFT.US,2025-03-12,382.95,385.22,378.95,383.27,24253567
XOM.US,2025-03-12,109.05,110.13,108.42,109.13,14051500
0005.HK,2025-03-13,85.5,86.35,85.05,85.65,16773803
0700.HK,2025-03-13,513.0,516.0,499.2,507.5,27326941
1810.HK,2025-03-13,52.05,53.4,51.6,52.85,187000372
3690.HK,2025-03-13,168.3,168.9,161.4,164.5,38849089
9988.HK,2025-03-13,133.8,133.9,129.1,131.5,101846984
AAPL.US,2025-03-13,215.95,216.84,208.42,209.68,61368330
BABA.US,2025-03-13,134.77,140.28,134.34,138.35,20516289
JPM.US,2025-03-13,229.3,229.5,224.23,225.19,16467851
KO.US,2025-03-13,70.25,70.25,69.28,69.62,15746568
MSFT.US,2025-03-13,383.16,385.32,377.45,378.77,20473017
XOM.US,2025-03-13,108.33,110.82,107.63,108.67,17767836
0005.HK,2025-03-14,85.65,86.0,84.95,85.45,19527983
0700.HK,2025-03-14,513.0,531.0,507.5,521.5,30711707
1810.HK,2025-03-14,53.0,54.6,52.55,53.85,229901198
3690.HK,2025-03-14,168.4,175.5,165.4,173.4,44151948
9988.HK,2025-03-14,134.5,137.6,132.8,135.8,108673140
AAPL.US,2025-03-14,211.25,213.95,209.58,213.49,60107582
BABA.US,2025-03-14,141.35,141.82,139.45,141.1,17381919
JPM.US,2025-03-14,228.12,233.14,227.58,232.44,11962108
KO.US,2025-03-14,68.51,69.26,68.38,69.16,14205091
MSFT.US,2025-03-14,379.78,390.23,379.51,388.56,19952846
XOM.US,2025-03-14,108.94,112.18,108.31,111.9,15890063
0005.HK,2025-03-17,87.25,88.3,87.25,87.65,20789698
0700.HK,2025-03-17,532.0,534.5,522.0,524.5,22096160
1810.HK,2025-03-17,54.35,55.8,53.3,55.8,221496225
3690.HK,2025-03-17,177.8,178.9,174.2,175.1,37555448
9988.HK,2025-03-17,137.6,139.0,135.1,135.5,72542321
AAPL.US,2025-03-17,213.31,215.22,209.97,214.0,48073426
BABA.US,2025-03-17,140.16,148.43,140.03,147.57,33896965
JPM.US,2025-03-17,231.18,235.67,230.46,233.93,9586025
KO.US,2025-03-17,69.24,70.17,69.08,70.12,15634808
MSFT.US,2025-03-17,386.7,392.71,385.57,388.7,22474272
XOM.US,2025-03-17,111.8,114.5,111.73,113.76,19908789
0005.HK,2025-03-18,88.55,89.25,88.55,89.05,18279111
0700.HK,2025-03-18,538.5,543.5,533.5,541.0,33639833
1810.HK,2025-03-18,56.75,57.95,56.15,57.65,258147732
3690.HK,2025-03-18,181.5,181.8,174.7,177.3,41082229
9988.HK,2025-03-18,143.3,143.5,140.6,143.4,145909264
AAPL.US,2025-03-18,214.16,215.15,211.49,212.69,42432426
BABA.US,2025-03-18,146.38,146.87,142.5,142.74,20950126
JPM.US,2025-03-18,234.32,236.17,233.52,234.97,10344866
KO.US,2025-03-18,70.11,70.19,69.3,69.38,12657615
MSFT.US,2025-03-18,387.07,387.37,381.1,383.52,19486850
XOM.US,2025-03-18,114.09,114.54,112.57,113.64,15998713
0005.HK,2025-03-19,90.0,90.0,89.55,89.75,18366668
0700.HK,2025-03-19,542.5,545.0,534.0,540.0,31604153
1810.HK,2025-03-19,57.0,59.45,56.4,58.2,371387356
3690.HK,2025-03-19,176.6,176.6,172.4,175.9,38845173
9988.HK,2025-03-19,140.3,142.3,139.6,141.1,83578664
AAPL.US,2025-03-19,214.22,218.76,213.75,215.24,54385391
BABA.US,2025-03-19,145.07,145.2,141.87,143.2,16333817
JPM.US,2025-03-19,235.74,242.33,234.89,239.11,10120588
KO.US,2025-03-19,68.55,69.38,68.54,69.28,14780007
MSFT.US,2025-03-19,385.53,389.68,384.0,387.82,19185532
XOM.US,2025-03-19,114.2,115.82,113.83,115.41,17315001
0005.HK,2025-03-20,90.0,90.45,89.8,89.8,18680778
0700.HK,2025-03-20,540.5,541.0,518.0,519.5,49845030
1810.HK,2025-03-20,58.0,58.65,56.1,56.5,254323500
3690.HK,2025-03-20,175.9,175.9,167.7,168.1,44029819
9988.HK,2025-03-20,140.0,140.0,135.1,135.5,113971960
AAPL.US,2025-03-20,213.99,217.49,212.22,214.1,48862947
BABA.US,2025-03-20,137.18,138.99,136.37,136.91,23646782
JPM.US,2025-03-20,236.56,241.76,236.2,239.01,8328513
KO.US,2025-03-20,69.31,69.81,69.09,69.71,16295263
MSFT.US,2025-03-20,385.74,391.79,383.28,386.84,18470542
XOM.US,2025-03-20,114.72,116.47,114.21,115.9,16230772
0005.HK,2025-03-21,88.55,89.1,88.45,88.6,17088782
0700.HK,2025-03-21,518.0,526.0,505.5,511.5,42260479
1810.HK,2025-03-21,56.6,56.85,54.05,54.7,271392247
3690.HK,2025-03-21,168.9,172.4,165.6,167.6,49899045
9988.HK,2025-03-21,133.6,135.3,130.4,130.7,143069660
AAPL.US,2025-03-21,211.56,218.84,211.28,218.27,94127768
BABA.US,2025-03-21,133.99,136.47,133.3,135.14,13970265
JPM.US,2025-03-21,237.81,242.3,236.5,241.63,19326865
KO.US,2025-03-21,69.71,69.97,68.18,68.67,47479473
MSFT.US,2025-03-21,383.22,391.74,382.8,391.26,39675928
XOM.US,2025-03-21,115.5,115.99,114.35,115.5,41102795
0005.HK,2025-03-24,88.6,89.2,88.5,89.2,10256298
0700.HK,2025-03-24,514.0,517.5,504.5,513.0,24598555
1810.HK,2025-03-24,55.25,57.1,54.9,57.0,206959960
3690.HK,2025-03-24,163.0,166.2,158.8,165.7,61238376
9988.HK,2025-03-24,132.0,134.1,130.4,132.8,90778453
AAPL.US,2025-03-24,221.0,221.48,218.58,220.73,44299483
BABA.US,2025-03-24,136.33,136.43,133.63,134.48,14019013
JPM.US,2025-03-24,245.48,248.69,244.41,248.06,9422650
KO.US,2025-03-24,68.8,69.08,68.33,68.95,12575412
MSFT.US,2025-03-24,395.4,395.4,389.81,393.08,21004548
XOM.US,2025-03-24,115.68,116.91,115.58,115.8,14207469
0005.HK,2025-03-25,88.7,88.9,88.2,88.2,11464264
0700.HK,2025-03-25,513.0,515.5,501.0,502.0,27744935
1810.HK,2025-03-25,53.85,55.0,53.25,53.4,1341045814
3690.HK,2025-03-25,162.9,163.0,158.1,158.5,43845502
9988.HK,2025-03-25,130.7,132.1,127.6,127.7,104041459
AAPL.US,2025-03-25,220.77,224.1,220.08,223.75,34493583
BABA.US,2025-03-25,132.94,136.25,132.35,132.75,17943385
JPM.US,2025-03-25,249.31,251.82,247.62,251.13,9287694
KO.US,2025-03-25,68.95,69.08,68.6,68.81,12513897
MSFT.US,2025-03-25,393.92,396.36,392.64,395.16,15774968
XOM.US,2025-03-25,116.43,117.64,115.96,116.59,12081795
0005.HK,2025-03-26,89.8,89.85,89.0,89.5,11453325
0700.HK,2025-03-26,502.0,510.5,502.0,506.5,17310634
1810.HK,2025-03-26,53.5,54.3,53.5,53.95,180066074
3690.HK,2025-03-26,159.0,161.2,156.7,159.9,26504416
9988.HK,2025-03-26,128.6,130.7,128.0,129.5,57480050
AAPL.US,2025-03-26,223.51,225.02,220.47,221.53,34532656
BABA.US,2025-03-26,133.53,134.66,131.13,132.24,16023418
JPM.US,2025-03-26,252.6,254.67,249.78,251.03,12785225
KO.US,2025-03-26,68.92,70.35,68.9,70.02,14482764
MSFT.US,2025-03-26,395.0,395.31,388.57,389.97,16132906
XOM.US,2025-03-26,117.68,119.18,117.68,118.27,14112756
0005.HK,2025-03-27,89.5,90.3,89.4,89.4,21262648
0700.HK,2025-03-27,509.0,516.0,502.0,509.0,17595617
1810.HK,2025-03-27,53.9,54.05,51.4,51.7,359693846
3690.HK,2025-03-27,162.2,165.8,159.6,162.8,25666765
9988.HK,2025-03-27,129.4,133.0,128.3,130.1,63397449
AAPL.US,2025-03-27,221.39,224.99,220.56,223.85,37094774
BABA.US,2025-03-27,133.45,137.79,132.88,135.63,16688316
JPM.US,2025-03-27,249.53,250.64,247.18,248.12,8022517
KO.US,2025-03-27,70.18,70.99,70.07,70.74,11663365
MSFT.US,2025-03-27,390.13,392.24,387.4,390.58,13766761
XOM.US,2025-03-27,118.1,119.07,117.26,117.89,12740786
0005.HK,2025-03-28,90.1,90.15,89.05,89.45,11988204
0700.HK,2025-03-28,511.5,516.5,503.5,509.5,18594342
1810.HK,2025-03-28,51.0,52.15,49.6,51.05,369242633
3690.HK,2025-03-28,163.1,165.5,159.0,160.1,23655795
9988.HK,2025-03-28,132.0,133.5,129.0,131.0,66594496
AAPL.US,2025-03-28,221.67,223.81,217.68,217.9,39818617
BABA.US,2025-03-28,133.5,134.21,131.4,132.43,13271493
JPM.US,2025-03-28,246.94,249.51,241.11,242.85,11978417
KO.US,2025-03-28,70.81,71.32,69.53,70.37,17412915
MSFT.US,2025-03-28,388.08,389.13,376.93,378.8,21632016
XOM.US,2025-03-28,118.1,118.46,117.24,117.73,10233433
0005.HK,2025-03-31,88.3,89.1,87.9,88.15,13507844
0700.HK,2025-03-31,505.0,507.5,494.6,497.0,28036973
1810.HK,2025-03-31,50.15,50.7,48.45,49.2,342788934
3690.HK,2025-03-31,156.2,160.1,154.1,155.8,35770136
9988.HK,2025-03-31,128.8,130.0,126.1,128.0,78698386
AAPL.US,2025-03-31,217.01,225.62,216.23,222.13,65299321
BABA.US,2025-03-31,130.03,132.87,128.0,132.23,12183816
JPM.US,2025-03-31,239.41,245.86,237.36,245.3,13602996
KO.US,2025-03-31,70.73,71.94,70.49,71.62,24016866
MSFT.US,2025-03-31,372.54,377.07,367.24,375.39,35184676
XOM.US,2025-03-31,117.79,119.91,117.79,118.93,21652345
0005.HK,2025-04-01,88.35,89.15,88.05,88.75,10222759
0700.HK,2025-04-01,501.0,511.5,500.0,504.0,19518013
1810.HK,2025-04-01,49.4,50.0,46.1,46.5,590405454
3690.HK,2025-04-01,157.7,160.3,156.9,157.9,22898803
9988.HK,2025-04-01,129.1,131.5,128.9,129.8,59194990
AAPL.US,2025-04-01,219.81,223.68,218.9,223.19,36412740
BABA.US,2025-04-01,132.75,134.1,131.53,132.7,11627512
JPM.US,2025-04-01,242.62,245.69,240.88,243.66,8054683
KO.US,2025-04-01,71.68,71.91,71.19,71.87,15309146
MSFT.US,2025-04-01,374.65,382.85,373.23,382.19,19689503
XOM.US,2025-04-01,119.22,119.28,117.93,119.04,12425434
0005.HK,2025-04-02,88.45,88.95,88.0,88.0,9779227
0700.HK,2025-04-02,505.0,509.0,499.2,504.0,14247546
1810.HK,2025-04-02,46.0,47.5,44.4,44.55,635758232
3690.HK,2025-04-02,157.0,160.3,155.5,157.8,18784941
9988.HK,2025-04-02,129.0,132.0,128.4,130.0,61236236
AAPL.US,2025-04-02,221.32,225.19,221.02,223.89,35905904
BABA.US,2025-04-02,131.96,132.83,129.15,129.79,21240902
JPM.US,2025-04-02,241.6,247.25,241.46,245.82,7758750
KO.US,2025-04-02,71.96,72.36,71.05,71.33,14606519
MSFT.US,2025-04-02,377.97,385.08,376.62,382.14,16092555
XOM.US,2025-04-02,118.39,118.84,117.66,118.67,12614605
0005.HK,2025-04-03,87.45,87.5,85.7,86.1,28052649
0700.HK,2025-04-03,493.0,500.5,491.2,497.8,29219618
1810.HK,2025-04-03,43.8,46.6,43.45,45.9,449295312
3690.HK,2025-04-03,152.4,160.8,152.4,157.9,32917192
9988.HK,2025-04-03,122.5,126.4,121.5,123.5,165415092
AAPL.US,2025-04-03,205.54,207.49,201.25,203.19,103419006
BABA.US,2025-04-03,125.65,130.67,125.5,129.33,30607587
JPM.US,2025-04-03,234.27,235.14,227.3,228.69,17188469
KO.US,2025-04-03,72.48,73.95,72.32,73.18,24959593
MSFT.US,2025-04-03,374.79,377.48,369.35,373.11,30197997
XOM.US,2025-04-03,114.37,115.45,112.23,112.43,21204636
AAPL.US,2025-04-04,193.89,199.88,187.34,188.38,125910913
BABA.US,2025-04-04,117.57,118.87,111.3,116.54,57154549
JPM.US,2025-04-04,215.31,217.7,208.93,210.28,27170689
KO.US,2025-04-04,72.42,73.01,69.79,69.93,26517289
MSFT.US,2025-04-04,364.13,374.59,359.48,359.84,49209854
XOM.US,2025-04-04,109.87,110.83,103.83,104.34,30841318
0005.HK,2025-04-07,73.5,75.3,72.2,73.4,128340513
0700.HK,2025-04-07,441.8,462.4,431.0,435.4,123364114
1810.HK,2025-04-07,40.2,43.25,36.05,36.45,1037869822
3690.HK,2025-04-07,145.1,148.9,132.7,134.3,98058866
9988.HK,2025-04-07,108.0,112.2,100.0,101.3,392361045
AAPL.US,2025-04-07,177.2,194.15,174.62,181.46,160466286
BABA.US,2025-04-07,106.62,114.12,102.64,105.98,61386612
JPM.US,2025-04-07,205.77,222.05,202.16,214.44,22914370
KO.US,2025-04-07,66.23,69.38,66.05,68.37,34258363
MSFT.US,2025-04-07,350.88,371.0,344.79,357.86,50424998
XOM.US,2025-04-07,100.39,105.8,98.46,102.94,35068450
0005.HK,2025-04-08,75.2,75.8,72.15,72.7,68246384
0700.HK,2025-04-08,440.8,451.2,430.0,440.4,65120104
1810.HK,2025-04-08,38.55,39.85,37.45,38.9,715006887
3690.HK,2025-04-08,135.8,144.5,135.8,140.6,80514588
9988.HK,2025-04-08,105.7,106.3,97.55,102.5,291748687
AAPL.US,2025-04-08,186.7,190.34,169.21,172.42,120859491
BABA.US,2025-04-08,108.26,109.0,97.75,99.37,52100163
JPM.US,2025-04-08,223.52,227.84,213.25,216.87,19485734
KO.US,2025-04-08,68.96,69.98,67.76,68.42,22774425
MSFT.US,2025-04-08,368.26,373.65,350.25,354.56,35868918
XOM.US,2025-04-08,105.46,105.6,99.01,100.77,27147750
0005.HK,2025-04-09,70.45,72.0,70.05,71.7,58444722
0700.HK,2025-04-09,426.0,447.0,419.0,441.2,66484213
1810.HK,2025-04-09,37.8,42.4,36.6,41.9,679302084
3690.HK,2025-04-09,135.0,149.4,133.3,146.4,70467850
9988.HK,2025-04-09,97.4,105.7,95.7,103.6,251724654
AAPL.US,2025-04-09,171.95,200.61,171.89,198.85,184395885
BABA.US,2025-04-09,100.6,107.04,95.73,104.78,74981920
JPM.US,2025-04-09,212.5,237.48,211.0,234.34,24022350
KO.US,2025-04-09,67.92,70.47,67.28,69.95,27918675
MSFT.US,2025-04-09,353.54,393.23,353.1,390.49,50199696
XOM.US,2025-04-09,99.37,106.58,98.13,105.8,30063287
0005.HK,2025-04-10,74.8,76.7,74.0,75.7,60984287
0700.HK,2025-04-10,460.0,461.6,443.0,444.8,57799983
1810.HK,2025-04-10,44.8,45.0,42.6,43.05,526260423
3690.HK,2025-04-10,148.3,152.3,144.0,145.4,72400269
9988.HK,2025-04-10,108.0,110.4,104.4,104.8,239469665
AAPL.US,2025-04-10,189.07,194.78,183.0,190.42,121879981
BABA.US,2025-04-10,106.86,108.45,101.37,104.18,53133403
JPM.US,2025-04-10,230.0,230.35,220.1,227.11,18896440
KO.US,2025-04-10,70.19,71.21,68.98,70.76,22450163
MSFT.US,2025-04-10,382.06,383.9,367.8,381.35,38024368
XOM.US,2025-04-10,103.71,103.78,97.8,99.93,33999317
0005.HK,2025-04-11,74.05,76.0,73.8,75.5,28325901
0700.HK,2025-04-11,440.0,452.6,432.0,443.4,46594597
1810.HK,2025-04-11,42.75,45.45,42.15,44.25,357167818
3690.HK,2025-04-11,144.9,146.2,141.0,143.5,51245697
9988.HK,2025-04-11,103.0,106.6,101.5,103.0,178687575
AAPL.US,2025-04-11,186.1,199.54,186.06,198.15,87435915
BABA.US,2025-04-11,104.78,108.04,102.19,107.73,40522778
JPM.US,2025-04-11,226.31,238.58,225.0,236.2,20284450
KO.US,2025-04-11,70.91,71.85,70.54,71.43,19988203
MSFT.US,2025-04-11,380.64,390.05,378.89,388.45,23839220
XOM.US,2025-04-11,100.3,103.93,98.79,103.14,22884628
0005.HK,2025-04-14,77.2,78.5,77.1,78.5,25547017
0700.HK,2025-04-14,453.0,459.2,448.8,454.0,30346489
1810.HK,2025-04-14,45.2,45.45,42.25,43.2,422983277
3690.HK,2025-04-14,146.6,147.1,143.1,145.9,33857822
9988.HK,2025-04-14,107.4,109.9,105.7,108.2,166612582
AAPL.US,2025-04-14,211.44,212.94,201.16,202.52,101352911
BABA.US,2025-04-14,111.87,116.0,111.7,113.97,32926103
JPM.US,2025-04-14,237.1,239.78,233.63,234.72,13017824
KO.US,2025-04-14,71.3,72.66,70.93,72.45,13930207
MSFT.US,2025-04-14,393.22,394.65,384.21,387.81,19251172
XOM.US,2025-04-14,105.03,105.09,102.72,103.39,18019969
0005.HK,2025-04-15,79.0,79.0,78.35,78.8,15653353
0700.HK,2025-04-15,464.6,464.6,451.6,456.0,20245398
1810.HK,2025-04-15,43.75,43.85,42.05,43.1,164977321
3690.HK,2025-04-15,146.5,147.3,143.9,146.8,24286799
9988.HK,2025-04-15,111.8,111.8,108.6,109.9,103926447
AAPL.US,2025-04-15,201.86,203.51,199.8,202.14,51343872
BABA.US,2025-04-15,113.78,114.0,111.47,112.28,16172344
JPM.US,2025-04-15,236.1,238.65,232.82,233.13,10912883
KO.US,2025-04-15,72.62,72.63,71.73,71.86,14965492
MSFT.US,2025-04-15,388.51,391.89,384.16,385.73,17199890
XOM.US,2025-04-15,103.64,105.41,103.0,103.1,13164863
0005.HK,2025-04-16,79.65,80.3,78.85,79.55,22685876
0700.HK,2025-04-16,450.6,451.6,440.2,448.0,27322773
1810.HK,2025-04-16,42.5,42.95,40.2,41.25,315328932
3690.HK,2025-04-16,143.1,144.5,133.5,134.9,78561767
9988.HK,2025-04-16,107.0,107.5,104.0,105.4,116440525
AAPL.US,2025-04-16,198.36,200.7,192.37,194.27,59732423
BABA.US,2025-04-16,108.18,108.97,105.95,106.75,18031571
JPM.US,2025-04-16,232.0,233.58,227.93,229.61,9322325
KO.US,2025-04-16,72.36,72.67,71.39,71.68,15276216
MSFT.US,2025-04-16,380.67,381.61,368.0,371.61,21967826
XOM.US,2025-04-16,103.95,105.59,103.7,104.19,13607024
0005.HK,2025-04-17,80.1,80.9,80.05,80.8,22247386
0700.HK,2025-04-17,450.4,462.0,449.8,458.0,24479822
1810.HK,2025-04-17,41.25,42.25,40.5,41.95,190654146
3690.HK,2025-04-17,133.2,136.5,129.6,136.5,56895776
9988.HK,2025-04-17,105.1,109.3,104.5,108.7,113941562
AAPL.US,2025-04-17,197.2,198.83,194.42,196.98,52164675
BABA.US,2025-04-17,110.84,111.52,108.42,108.87,17884952
JPM.US,2025-04-17,230.8,234.34,230.55,231.96,9557946
KO.US,2025-04-17,71.9,73.43,71.72,73.0,20754495
MSFT.US,2025-04-17,373.75,374.32,366.89,367.78,21120192
XOM.US,2025-04-17,104.69,108.55,104.46,106.92,17916471
AAPL.US,2025-04-21,193.27,193.8,189.81,193.16,46742537
BABA.US,2025-04-21,108.73,110.23,107.27,110.15,12145693
JPM.US,2025-04-21,230.63,231.81,226.34,228.99,8716177
KO.US,2025-04-21,73.38,73.47,71.82,72.77,16037190
MSFT.US,2025-04-21,362.82,364.48,355.67,359.12,20807279
XOM.US,2025-04-21,105.61,105.63,104.12,105.35,16926493
0005.HK,2025-04-22,80.1,82.35,80.1,82.35,22003396
0700.HK,2025-04-22,460.0,462.8,453.2,460.4,24043746
1810.HK,2025-04-22,42.45,44.7,42.2,44.4,280722543
3690.HK,2025-04-22,131.1,131.5,125.6,130.2,110254462
9988.HK,2025-04-22,108.4,111.5,107.2,110.0,118989644
AAPL.US,2025-04-22,196.12,201.59,195.97,199.74,52976371
BABA.US,2025-04-22,114.36,117.43,113.01,115.88,27662424
JPM.US,2025-04-22,231.98,235.99,231.37,235.59,10701399
KO.US,2025-04-22,73.0,74.38,72.92,73.9,15613518
MSFT.US,2025-04-22,363.38,367.77,359.86,366.82,19484993
XOM.US,2025-04-22,106.14,108.94,106.14,108.3,13147049
0005.HK,2025-04-23,83.5,86.3,83.5,85.9,33409268
0700.HK,2025-04-23,476.0,479.4,471.4,474.2,27001392
1810.HK,2025-04-23,46.75,47.95,45.7,47.45,365404799
3690.HK,2025-04-23,133.0,134.7,130.7,133.9,54953599
9988.HK,2025-04-23,116.4,116.9,113.9,116.0,142919552
AAPL.US,2025-04-23,206.0,208.0,202.8,204.6,52929165
BABA.US,2025-04-23,119.59,123.81,118.75,118.97,25762785
JPM.US,2025-04-23,240.22,246.79,240.0,240.88,14126766
KO.US,2025-04-23,73.29,73.95,72.38,73.3,16353927
MSFT.US,2025-04-23,376.06,380.39,373.02,374.39,20545526
XOM.US,2025-04-23,108.81,109.3,106.47,107.37,14235710
0005.HK,2025-04-24,86.3,86.4,84.55,85.4,16529240
0700.HK,2025-04-24,477.0,477.8,465.0,471.0,18912016
1810.HK,2025-04-24,48.0,48.7,46.95,48.2,238445758
3690.HK,2025-04-24,132.0,132.6,125.8,127.0,75864030
9988.HK,2025-04-24,115.7,116.3,112.5,113.8,91662927
AAPL.US,2025-04-24,204.89,208.83,202.94,208.37,47310989
BABA.US,2025-04-24,117.94,119.34,117.58,119.29,13695999
JPM.US,2025-04-24,239.74,245.47,237.58,244.64,9055197
KO.US,2025-04-24,73.02,73.43,72.3,72.52,16893861
MSFT.US,2025-04-24,375.7,388.45,375.19,387.3,22232289
XOM.US,2025-04-24,107.97,108.88,106.96,108.63,9849553
0005.HK,2025-04-25,85.85,86.15,85.05,85.35,18200727
0700.HK,2025-04-25,480.0,485.8,475.0,478.2,28746958
1810.HK,2025-04-25,48.55,48.65,47.05,47.7,166617135
3690.HK,2025-04-25,125.6,130.7,125.6,127.6,56566102
9988.HK,2025-04-25,116.2,117.9,114.9,115.6,82127311
AAPL.US,2025-04-25,206.37,209.75,206.2,209.28,38222258
BABA.US,2025-04-25,118.58,120.49,118.27,120.28,9306404
JPM.US,2025-04-25,244.65,245.62,241.75,243.55,8588564
KO.US,2025-04-25,72.65,72.92,71.13,71.91,16315984
MSFT.US,2025-04-25,387.0,392.16,384.6,391.85,18973165
XOM.US,2025-04-25,108.14,108.76,107.42,108.57,11245793
0005.HK,2025-04-28,85.8,86.4,85.6,85.75,14467986
0700.HK,2025-04-28,482.4,482.4,474.8,478.2,13805160
1810.HK,2025-04-28,48.0,48.35,47.2,47.5,90590615
3690.HK,2025-04-28,127.6,129.8,125.0,128.4,55141223
9988.HK,2025-04-28,117.8,117.8,114.4,115.2,67368966
AAPL.US,2025-04-28,210.0,211.5,207.46,210.14,38743074
BABA.US,2025-04-28,119.5,120.67,117.29,118.37,10748004
JPM.US,2025-04-28,244.56,246.84,240.84,243.22,7394297
KO.US,2025-04-28,72.08,72.26,71.31,71.79,15997495
MSFT.US,2025-04-28,391.96,392.74,386.64,391.16,16579430
XOM.US,2025-04-28,108.75,109.25,107.68,108.63,13890869
0005.HK,2025-04-29,86.55,88.6,85.3,88.35,36056898
0700.HK,2025-04-29,477.8,478.4,469.0,473.0,16367401
1810.HK,2025-04-29,47.95,47.95,47.0,47.45,101336853
3690.HK,2025-04-29,129.5,134.8,128.2,132.1,55426571
9988.HK,2025-04-29,115.7,117.4,114.2,115.0,63943734
AAPL.US,2025-04-29,208.69,212.24,208.37,211.21,36827633
BABA.US,2025-04-29,117.73,119.88,117.69,118.88,8295478
JPM.US,2025-04-29,242.19,245.25,241.69,244.62,7216788
KO.US,2025-04-29,71.19,72.71,70.28,72.35,16244057
MSFT.US,2025-04-29,391.3,395.1,390.38,394.04,14973976
XOM.US,2025-04-29,107.74,108.83,107.52,108.36,9483135
0005.HK,2025-04-30,88.55,89.2,86.9,87.1,23899384
0700.HK,2025-04-30,475.0,477.2,469.4,477.2,15312733
1810.HK,2025-04-30,47.25,50.0,46.8,49.95,241882505
3690.HK,2025-04-30,132.1,134.6,128.3,130.3,47460144
9988.HK,2025-04-30,116.4,117.6,114.6,117.5,68302501
AAPL.US,2025-04-30,209.3,213.58,206.67,212.5,52286454
BABA.US,2025-04-30,119.09,119.94,118.19,119.43,10144809
JPM.US,2025-04-30,241.21,245.22,238.43,244.62,12991699
KO.US,2025-04-30,73.35,73.48,71.69,72.55,21074652
MSFT.US,2025-04-30,390.3,396.66,384.44,395.26,36461075
XOM.US,2025-04-30,107.42,107.42,104.15,105.63,20379282
AAPL.US,2025-05-01,209.08,214.56,208.9,213.32,57365675
BABA.US,2025-05-01,120.19,121.45,119.36,120.53,8690227
JPM.US,2025-05-01,242.84,248.45,242.17,246.89,8689579
KO.US,2025-05-01,72.0,72.04,71.23,71.29,18034163
MSFT.US,2025-05-01,431.11,436.99,424.9,425.4,58938100
XOM.US,2025-05-01,105.1,106.92,104.98,105.78,18610256
0005.HK,2025-05-02,86.0,86.6,84.85,86.2,19542978
0700.HK,2025-05-02,478.2,489.8,477.4,487.8,13240838
1810.HK,2025-05-02,50.5,53.1,50.0,53.1,140470309
3690.HK,2025-05-02,129.6,133.1,128.8,132.5,28920212
9988.HK,2025-05-02,119.2,123.1,118.1,122.0,72747697
AAPL.US,2025-05-02,206.09,206.99,202.16,205.35,101010621
BABA.US,2025-05-02,126.01,126.62,124.25,125.76,18092542
JPM.US,2025-05-02,251.26,253.62,249.46,252.51,7165044
KO.US,2025-05-02,71.5,71.82,71.1,71.65,12629593
MSFT.US,2025-05-02,431.74,439.44,429.99,435.28,30757434
XOM.US,2025-05-02,107.72,109.0,104.55,106.21,16581870
AAPL.US,2025-05-05,203.1,204.1,198.21,198.89,69018452
BABA.US,2025-05-05,125.0,127.13,124.71,126.57,9868775
JPM.US,2025-05-05,251.18,255.16,250.59,252.56,5450744
KO.US,2025-05-05,71.67,71.8,71.01,71.7,11932687
MSFT.US,2025-05-05,432.87,439.5,432.11,436.17,20136053
XOM.US,2025-05-05,104.65,104.66,103.07,103.27,19623970
0005.HK,2025-05-06,87.1,88.15,86.85,87.15,14481062
0700.HK,2025-05-06,491.6,496.8,485.2,495.4,19813305
1810.HK,2025-05-06,53.1,53.15,51.4,51.55,187805038
3690.HK,2025-05-06,133.2,141.0,131.2,138.5,87006642
9988.HK,2025-05-06,122.5,124.7,120.8,123.8,89828348
AAPL.US,2025-05-06,198.21,200.65,197.02,198.51,51216482
BABA.US,2025-05-06,128.46,129.73,127.49,127.66,17919707
JPM.US,2025-05-06,250.0,252.65,249.0,249.25,6369934
KO.US,2025-05-06,71.68,71.9,71.16,71.72,12705475
MSFT.US,2025-05-06,432.2,437.73,431.17,433.31,15104204
XOM.US,2025-05-06,103.89,105.98,103.48,104.71,16303449
0005.HK,2025-05-07,88.15,88.2,87.4,87.85,17158298
0700.HK,2025-05-07,509.0,509.5,489.6,489.8,25616342
1810.HK,2025-05-07,52.6,53.5,50.05,50.1,236141700
3690.HK,2025-05-07,144.0,145.0,138.5,139.0,58771688
9988.HK,2025-05-07,126.9,127.8,121.3,121.3,105915833
AAPL.US,2025-05-07,199.17,199.44,193.25,196.25,68616943
BABA.US,2025-05-07,124.91,124.97,122.91,123.23,16024031
JPM.US,2025-05-07,249.85,252.45,248.83,249.39,8724267
KO.US,2025-05-07,71.72,72.69,71.67,72.4,15025786
MSFT.US,2025-05-07,433.84,438.12,431.11,433.35,23307241
XOM.US,2025-05-07,104.99,105.29,104.07,104.61,12335924
0005.HK,2025-05-08,86.2,87.6,86.2,86.35,18530656
0700.HK,2025-05-08,487.0,502.0,486.6,498.0,19815740
1810.HK,2025-05-08,49.8,51.9,49.65,50.8,154551212
3690.HK,2025-05-08,139.0,144.3,138.7,141.4,39204516
9988.HK,2025-05-08,120.8,123.7,120.3,121.5,70065236
AAPL.US,2025-05-08,197.72,200.05,194.68,197.49,50478872
BABA.US,2025-05-08,125.35,126.82,124.17,125.79,10846828
JPM.US,2025-05-08,251.57,255.88,251.55,253.47,8320118
KO.US,2025-05-08,72.2,72.47,71.13,71.17,14371061
MSFT.US,2025-05-08,437.93,443.67,435.66,438.17,23491330
XOM.US,2025-05-08,105.34,107.39,105.34,106.07,19196548
0005.HK,2025-05-09,87.1,87.6,86.7,87.5,12042335
0700.HK,2025-05-09,500.0,503.5,492.0,494.6,13777285
1810.HK,2025-05-09,51.1,51.45,50.25,51.35,99875196
3690.HK,2025-05-09,143.0,143.3,139.2,141.0,26978060
9988.HK,2025-05-09,122.9,124.4,121.8,123.6,64212711
AAPL.US,2025-05-09,199.0,200.54,197.54,198.53,36453923
BABA.US,2025-05-09,126.99,127.77,125.19,125.33,11172185
JPM.US,2025-05-09,254.5,255.51,252.34,253.08,5087639
KO.US,2025-05-09,70.99,71.15,70.46,70.52,11228947
MSFT.US,2025-05-09,440.0,440.74,435.88,438.73,15324233
XOM.US,2025-05-09,107.14,107.75,106.38,107.31,10992080
0005.HK,2025-05-12,88.0,90.6,87.65,90.0,33752661
0700.HK,2025-05-12,504.0,521.5,499.0,517.5,35846811
1810.HK,2025-05-12,51.45,51.45,48.4,50.6,356285408
3690.HK,2025-05-12,145.0,145.9,139.0,144.5,66601665
9988.HK,2025-05-12,126.1,131.9,124.9,131.2,163626351
AAPL.US,2025-05-12,210.97,211.27,206.75,210.79,63775814
BABA.US,2025-05-12,133.87,134.07,132.3,132.55,22631735
JPM.US,2025-05-12,262.9,263.6,258.7,260.05,9603892
KO.US,2025-05-12,70.15,70.33,68.7,69.53,21539013
MSFT.US,2025-05-12,445.94,449.37,439.78,449.26,22821935
XOM.US,2025-05-12,110.27,110.44,108.32,109.16,14244559
0005.HK,2025-05-13,89.5,89.85,89.15,89.65,17137129
0700.HK,2025-05-13,520.0,520.0,505.5,506.0,23119901
1810.HK,2025-05-13,50.8,50.8,48.2,48.65,220529075
3690.HK,2025-05-13,144.4,144.4,137.0,137.4,54387262
9988.HK,2025-05-13,131.0,131.0,125.6,126.1,110675822
AAPL.US,2025-05-13,210.43,213.4,209.0,212.93,51909332
BABA.US,2025-05-13,131.0,133.03,130.2,131.65,16123609
JPM.US,2025-05-13,261.03,263.67,260.39,263.01,8588961
KO.US,2025-05-13,69.59,69.69,68.87,68.96,14389053
MSFT.US,2025-05-13,447.78,450.67,445.36,449.14,23618819
XOM.US,2025-05-13,109.32,110.51,109.02,109.46,13350836
0005.HK,2025-05-14,90.4,90.95,89.95,90.8,23987948
0700.HK,2025-05-14,512.0,521.0,510.5,521.0,24294663
1810.HK,2025-05-14,49.15,50.45,48.65,50.4,174012139
3690.HK,2025-05-14,139.4,141.6,137.7,139.4,47614723
9988.HK,2025-05-14,127.8,130.8,126.8,130.4,88967136
AAPL.US,2025-05-14,212.43,213.94,210.58,212.33,49325825
BABA.US,2025-05-14,134.08,134.51,132.65,134.05,18278334
JPM.US,2025-05-14,263.0,266.64,262.29,265.64,8643060
KO.US,2025-05-14,68.88,69.34,68.58,69.16,16286799
MSFT.US,2025-05-14,448.14,453.9,448.14,452.94,19902796
XOM.US,2025-05-14,108.86,108.86,107.93,108.48,15494932
0005.HK,2025-05-15,89.5,90.8,89.5,90.6,16199823
0700.HK,2025-05-15,531.5,532.0,515.0,520.0,32799956
1810.HK,2025-05-15,50.4,51.9,49.7,50.15,155216057
3690.HK,2025-05-15,138.0,138.4,134.8,135.4,44033746
9988.HK,2025-05-15,131.4,131.7,127.9,128.9,83762982
AAPL.US,2025-05-15,210.95,212.96,209.54,211.45,45029473
BABA.US,2025-05-15,126.24,126.32,122.65,123.9,35442760
JPM.US,2025-05-15,266.97,269.52,264.76,267.49,9214641
KO.US,2025-05-15,69.7,71.73,69.6,71.61,19817096
MSFT.US,2025-05-15,450.77,456.19,450.43,453.13,21992323
XOM.US,2025-05-15,106.49,108.65,105.97,108.58,15004291
0005.HK,2025-05-16,90.8,91.2,90.5,91.1,18235646
0700.HK,2025-05-16,509.5,517.0,506.5,508.0,21334027
1810.HK,2025-05-16,50.0,51.3,49.8,51.0,121417523
3690.HK,2025-05-16,132.6,134.1,130.3,131.4,60689121
9988.HK,2025-05-16,121.0,124.2,120.3,123.4,146404177
AAPL.US,2025-05-16,212.36,212.57,209.77,211.26,54737850
BABA.US,2025-05-16,125.78,126.1,123.31,123.46,20089993
JPM.US,2025-05-16,267.5,268.46,264.71,267.56,8932912
KO.US,2025-05-16,71.86,72.26,71.43,72.0,18441200
MSFT.US,2025-05-16,452.05,454.36,448.73,454.27,23849781
XOM.US,2025-05-16,108.65,108.89,107.45,108.19,14042535
0005.HK,2025-05-19,90.85,91.5,90.35,91.5,15112594
0700.HK,2025-05-19,508.0,517.0,502.5,514.0,22457714
1810.HK,2025-05-19,50.3,52.45,49.0,52.35,217541110
3690.HK,2025-05-19,129.1,136.2,127.8,134.4,52631525
9988.HK,2025-05-19,119.9,120.8,117.5,119.2,124103481
AAPL.US,2025-05-19,207.91,209.48,204.26,208.78,46140527
BABA.US,2025-05-19,120.18,123.06,120.0,122.96,11197016
JPM.US,2025-05-19,265.55,268.32,261.93,264.88,12145045
KO.US,2025-05-19,72.03,72.17,71.64,71.93,13282775
MSFT.US,2025-05-19,450.88,459.59,450.8,458.87,21336509
XOM.US,2025-05-19,107.57,107.57,105.72,106.47,16802719
0005.HK,2025-05-20,91.8,92.8,91.5,92.8,26316884
0700.HK,2025-05-20,512.5,517.5,511.5,517.0,15792185
1810.HK,2025-05-20,53.0,54.8,52.8,54.8,228019851
3690.HK,2025-05-20,132.9,137.4,132.9,136.4,35438230
9988.HK,2025-05-20,120.0,122.6,119.2,121.7,63599789
AAPL.US,2025-05-20,207.67,208.47,205.03,206.86,42496635
BABA.US,2025-05-20,124.29,125.22,124.15,125.16,11789999
JPM.US,2025-05-20,262.52,266.66,262.3,265.68,8436337
KO.US,2025-05-20,71.8,72.13,71.43,71.69,12137798
MSFT.US,2025-05-20,455.59,458.34,454.32,458.17,15441808
XOM.US,2025-05-20,106.39,106.72,104.78,104.95,12429321
0005.HK,2025-05-21,92.85,93.45,92.1,92.55,18516840
0700.HK,2025-05-21,519.0,524.5,515.5,520.5,18924042
1810.HK,2025-05-21,54.95,55.7,53.7,54.45,189822108
3690.HK,2025-05-21,136.4,138.6,135.2,137.3,32045978
9988.HK,2025-05-21,123.1,123.7,122.1,123.1,48764348
AAPL.US,2025-05-21,205.17,207.04,200.71,202.09,59211774
BABA.US,2025-05-21,125.45,126.06,122.77,123.59,8521416
JPM.US,2025-05-21,264.35,265.65,260.73,261.04,7464045
KO.US,2025-05-21,71.69,72.08,71.59,71.85,12094424
MSFT.US,2025-05-21,454.57,457.78,451.81,452.57,19216906
XOM.US,2025-05-21,104.53,104.97,103.64,103.66,16716079
0005.HK,2025-05-22,92.3,93.2,91.85,92.6,26336292
0700.HK,2025-05-22,520.0,520.0,513.0,516.5,14281176
1810.HK,2025-05-22,54.7,55.0,52.85,53.2,199909799
3690.HK,2025-05-22,136.5,138.4,135.1,136.0,30893775
9988.HK,2025-05-22,121.6,121.8,118.6,119.1,77869662
AAPL.US,2025-05-22,200.71,202.75,199.7,201.36,46742407
BABA.US,2025-05-22,121.49,122.17,120.92,121.48,7820944
JPM.US,2025-05-22,259.44,262.3,258.87,260.67,6514113
KO.US,2025-05-22,71.84,71.99,70.96,71.14,11101798
MSFT.US,2025-05-22,454.95,460.25,453.9,454.86,18025612
XOM.US,2025-05-22,103.06,103.47,101.89,102.97,13417378
0005.HK,2025-05-23,92.5,93.7,92.5,93.15,15041226
0700.HK,2025-05-23,517.0,520.5,512.0,518.0,16262610
1810.HK,2025-05-23,53.2,53.9,51.95,53.0,154706274
3690.HK,2025-05-23,136.0,139.5,136.0,136.9,37290455
9988.HK,2025-05-23,119.0,120.1,117.7,118.8,66708012
AAPL.US,2025-05-23,193.67,197.7,193.46,195.27,78432918
BABA.US,2025-05-23,119.58,121.04,119.28,120.73,7163427
JPM.US,2025-05-23,256.81,261.99,256.0,260.71,6671841
KO.US,2025-05-23,71.54,71.98,70.69,71.77,12822145
MSFT.US,2025-05-23,449.98,453.69,448.91,450.18,16883509
XOM.US,2025-05-23,102.6,103.47,102.07,103.03,12061606
0005.HK,2025-05-26,92.3,93.4,92.3,92.75,13750524
0700.HK,2025-05-26,515.0,517.0,508.0,510.0,17286567
1810.HK,2025-05-26,52.6,52.8,51.05,51.3,146415432
3690.HK,2025-05-26,136.2,136.5,128.2,129.4,95490174
9988.HK,2025-05-26,118.5,119.6,116.8,116.9,61541743
0005.HK,2025-05-27,93.0,93.1,92.15,92.4,14437342
0700.HK,2025-05-27,508.5,514.5,507.0,512.0,14986877
1810.HK,2025-05-27,51.0,52.1,50.5,51.55,125291611
3690.HK,2025-05-27,123.0,132.4,122.3,132.1,92728255
9988.HK,2025-05-27,116.0,118.2,115.1,118.0,52883817
AAPL.US,2025-05-27,198.3,200.74,197.43,200.21,56288475
BABA.US,2025-05-27,119.88,120.01,118.89,119.52,8544496
JPM.US,2025-05-27,262.04,265.3,261.99,265.29,7506555
KO.US,2025-05-27,71.74,72.22,71.56,71.78,10666102
MSFT.US,2025-05-27,456.48,460.95,456.12,460.69,20974293
XOM.US,2025-05-27,103.49,103.86,102.9,103.52,13043604
0005.HK,2025-05-28,92.05,92.6,91.5,91.95,15137296
0700.HK,2025-05-28,513.0,515.0,502.5,506.0,16813826
1810.HK,2025-05-28,52.75,53.3,51.5,51.75,202977342
3690.HK,2025-05-28,131.0,132.0,129.6,131.4,44849657
9988.HK,2025-05-28,118.2,118.5,115.2,115.7,68081387
AAPL.US,2025-05-28,200.59,202.73,199.9,200.42,45339678
BABA.US,2025-05-28,117.45,117.92,116.51,116.74,11707735
JPM.US,2025-05-28,266.24,266.72,262.9,263.49,5535408
KO.US,2025-05-28,71.7,71.9,71.05,71.15,8710896
MSFT.US,2025-05-28,461.22,462.52,456.93,457.36,17086261
XOM.US,2025-05-28,104.29,104.43,101.79,102.11,14292377
0005.HK,2025-05-29,91.65,92.55,91.55,92.25,14124966
0700.HK,2025-05-29,508.0,512.0,503.5,510.5,19368449
1810.HK,2025-05-29,51.75,52.45,51.05,51.7,141573959
3690.HK,2025-05-29,131.0,140.9,129.9,140.1,110427776
9988.HK,2025-05-29,115.3,118.8,115.3,118.1,74783592
AAPL.US,2025-05-29,203.58,203.81,198.51,199.95,51477938
BABA.US,2025-05-29,119.04,119.34,116.7,117.18,12392828
JPM.US,2025-05-29,264.8,265.41,262.53,264.37,5081992
KO.US,2025-05-29,71.0,71.66,70.46,71.49,10294095
MSFT.US,2025-05-29,461.55,461.72,455.31,458.68,13982211
XOM.US,2025-05-29,102.28,102.85,101.75,102.69,13832487
0005.HK,2025-05-30,91.75,92.45,91.6,92.45,12369100
0700.HK,2025-05-30,506.0,506.5,496.0,498.2,28284004
1810.HK,2025-05-30,51.0,51.35,49.8,50.95,206927837
3690.HK,2025-05-30,137.4,140.1,135.8,138.0,67729328
9988.HK,2025-05-30,115.1,115.4,112.8,113.9,204654182
AAPL.US,2025-05-30,199.37,201.96,196.78,200.85,70819942
BABA.US,2025-05-30,115.01,115.07,111.6,113.84,17213209
JPM.US,2025-05-30,263.45,265.33,262.73,264.0,10977662
KO.US,2025-05-30,71.61,72.47,71.61,72.1,28019547
MSFT.US,2025-05-30,459.72,461.68,455.54,460.36,34770475
XOM.US,2025-05-30,102.16,102.39,101.19,102.3,28645787
0005.HK,2025-06-02,91.7,92.65,90.9,92.5,13354599
0700.HK,2025-06-02,493.0,499.2,489.6,498.4,13086586
1810.HK,2025-06-02,50.0,51.9,49.6,51.6,90313999
3690.HK,2025-06-02,136.3,136.4,131.1,135.7,29861371
9988.HK,2025-06-02,112.0,113.6,109.8,113.2,73453819
AAPL.US,2025-06-02,200.28,202.13,200.12,201.7,35423294
BABA.US,2025-06-02,114.9,115.4,113.66,114.75,13147154
JPM.US,2025-06-02,263.02,265.03,261.9,264.66,6011165
KO.US,2025-06-02,72.03,72.04,71.36,72.0,10202737
MSFT.US,2025-06-02,457.14,462.11,456.89,461.97,16626495
XOM.US,2025-06-02,103.75,103.85,102.22,103.05,17290462
0005.HK,2025-06-03,92.9,93.75,92.05,92.15,18695907
0700.HK,2025-06-03,504.0,505.5,501.0,505.0,14609189
1810.HK,2025-06-03,52.2,53.3,51.65,53.2,166500674
3690.HK,2025-06-03,135.7,138.1,134.8,136.6,31827489
9988.HK,2025-06-03,113.2,114.4,112.9,113.9,59256715
AAPL.US,2025-06-03,201.35,203.77,200.96,203.27,46381567
BABA.US,2025-06-03,115.38,115.81,114.42,114.97,14008938
JPM.US,2025-06-03,263.73,266.58,262.88,266.27,6998383
KO.US,2025-06-03,71.71,71.78,70.48,71.16,20139767
MSFT.US,2025-06-03,461.47,464.14,460.86,462.97,15743760
XOM.US,2025-06-03,102.9,104.66,102.21,103.8,19194335
0005.HK,2025-06-04,92.45,93.15,92.35,93.15,9826531
0700.HK,2025-06-04,510.0,513.0,507.0,512.0,18378499
1810.HK,2025-06-04,53.5,54.7,52.85,53.45,176765410
3690.HK,2025-06-04,134.7,142.8,134.7,140.7,60551727
9988.HK,2025-06-04,113.2,115.6,112.6,114.6,73216251
AAPL.US,2025-06-04,202.91,206.24,202.1,202.82,43603985
BABA.US,2025-06-04,116.82,120.0,116.66,119.45,18115450
JPM.US,2025-06-04,265.92,267.12,264.18,264.22,5915710
KO.US,2025-06-04,71.26,71.85,70.68,71.37,13565891
MSFT.US,2025-06-04,464.0,465.69,463.02,463.87,14162688
XOM.US,2025-06-04,103.92,104.92,102.3,102.3,15648515
0005.HK,2025-06-05,93.05,93.5,92.7,93.05,9923557
0700.HK,2025-06-05,517.5,517.5,509.0,515.0,19329282
1810.HK,2025-06-05,54.0,54.25,53.3,54.25,130837735
3690.HK,2025-06-05,141.4,147.6,141.4,144.4,56000955
9988.HK,2025-06-05,117.9,118.5,117.2,118.3,77117941
AAPL.US,2025-06-05,203.5,204.75,200.15,200.63,55221235
BABA.US,2025-06-05,120.95,121.55,119.14,119.96,15375413
JPM.US,2025-06-05,264.74,264.74,260.31,261.95,8179258
KO.US,2025-06-05,71.38,71.46,70.84,70.91,13535619
MSFT.US,2025-06-05,464.96,469.65,464.03,467.68,20154460
XOM.US,2025-06-05,102.98,103.05,101.73,101.83,13942218
0005.HK,2025-06-06,92.9,93.25,92.6,93.25,12806961
0700.HK,2025-06-06,515.5,516.5,511.0,515.0,13137101
1810.HK,2025-06-06,54.5,54.5,52.8,53.1,125424396
3690.HK,2025-06-06,145.7,146.3,141.0,141.7,41913440
9988.HK,2025-06-06,118.3,118.3,115.7,116.6,75163798
AAPL.US,2025-06-06,203.0,205.7,202.05,203.92,46607693
BABA.US,2025-06-06,119.0,119.77,118.22,119.38,9753173
JPM.US,2025-06-06,264.33,266.65,264.26,265.73,7738134
KO.US,2025-06-06,71.09,71.48,70.94,71.35,9524036
MSFT.US,2025-06-06,470.09,473.34,468.78,470.38,15285624
XOM.US,2025-06-06,102.76,104.5,102.68,104.27,15487844
0005.HK,2025-06-09,93.25,93.8,93.1,93.8,14592970
0700.HK,2025-06-09,520.0,521.0,512.5,518.0,18481403
1810.HK,2025-06-09,53.7,54.25,52.85,54.15,122376420
3690.HK,2025-06-09,145.0,149.8,144.7,148.4,59982755
9988.HK,2025-06-09,118.0,120.3,117.6,119.3,84322573
AAPL.US,2025-06-09,204.39,206.0,200.02,201.45,72862557
BABA.US,2025-06-09,121.09,122.16,120.12,121.48,10410563
JPM.US,2025-06-09,266.0,267.9,263.35,266.74,8285364
KO.US,2025-06-09,71.35,71.83,71.09,71.77,12281339
MSFT.US,2025-06-09,469.7,473.43,468.62,472.75,16469932
XOM.US,2025-06-09,104.33,105.85,103.83,104.97,17087328
0005.HK,2025-06-10,93.9,94.5,93.35,93.85,13334320
0700.HK,2025-06-10,519.5,520.0,508.5,513.5,17039003
1810.HK,2025-06-10,54.7,54.7,52.85,53.45,115707297
3690.HK,2025-06-10,148.0,148.2,143.1,144.4,55184136
9988.HK,2025-06-10,120.4,120.5,117.6,118.8,54323007
AAPL.US,2025-06-10,200.6,204.35,200.57,202.67,54672608
BABA.US,2025-06-10,120.62,122.16,119.88,121.88,8892757
JPM.US,2025-06-10,265.88,268.9,265.85,268.6,7538135
KO.US,2025-06-10,71.9,72.69,71.76,72.35,12264972
MSFT.US,2025-06-10,471.19,472.8,466.96,470.92,15375944
XOM.US,2025-06-10,106.08,107.65,105.93,107.22,17634793
0005.HK,2025-06-11,93.15,93.9,93.1,93.3,15503955
0700.HK,2025-06-11,517.0,518.0,514.5,518.0,14784979
1810.HK,2025-06-11,53.45,54.8,53.35,54.1,147412093
3690.HK,2025-06-11,144.4,145.5,143.2,143.8,41562132
9988.HK,2025-06-11,118.6,119.0,117.9,118.4,50080516
AAPL.US,2025-06-11,203.5,204.5,198.41,198.78,60989857
BABA.US,2025-06-11,122.63,123.46,120.05,120.33,10443073
JPM.US,2025-06-11,268.68,269.62,265.79,268.15,7434064
KO.US,2025-06-11,72.27,72.36,71.76,72.07,12718510
MSFT.US,2025-06-11,470.02,475.47,469.66,472.62,16399176
XOM.US,2025-06-11,107.76,109.39,106.46,109.31,22648191
0005.HK,2025-06-12,93.1,93.35,92.5,92.55,14256583
0700.HK,2025-06-12,518.0,518.0,508.0,510.0,13368048
1810.HK,2025-06-12,53.5,53.95,52.05,52.2,142552461
3690.HK,2025-06-12,141.0,144.8,140.2,141.0,41489094
9988.HK,2025-06-12,115.7,116.3,114.3,114.6,82878015
AAPL.US,2025-06-12,199.08,199.68,197.36,199.2,43904635
BABA.US,2025-06-12,117.52,117.55,115.95,116.62,10204450
JPM.US,2025-06-12,266.86,268.29,265.14,268.24,6618026
KO.US,2025-06-12,72.25,72.4,71.6,72.24,12806911
MSFT.US,2025-06-12,475.02,480.42,473.52,478.87,18950582
XOM.US,2025-06-12,108.92,110.19,108.22,109.73,17469408
0005.HK,2025-06-13,92.7,93.35,91.35,92.25,20495138
0700.HK,2025-06-13,510.5,515.5,506.0,510.0,19085310
1810.HK,2025-06-13,51.9,52.0,50.8,51.95,176077650
3690.HK,2025-06-13,139.3,140.6,136.0,138.2,57660518
9988.HK,2025-06-13,112.8,114.1,110.6,112.0,122464076
AAPL.US,2025-06-13,199.73,200.37,195.7,196.45,51447349
BABA.US,2025-06-13,113.67,114.78,112.27,112.87,13355129
JPM.US,2025-06-13,265.08,267.02,262.71,264.95,7098265
KO.US,2025-06-13,71.77,71.88,70.73,71.02,17467162
MSFT.US,2025-06-13,476.41,479.18,472.76,474.96,16814456
XOM.US,2025-06-13,112.35,112.53,110.68,112.12,28540165
0005.HK,2025-06-16,91.8,93.0,91.35,92.75,13500937
0700.HK,2025-06-16,507.0,512.0,504.5,509.5,13784320
1810.HK,2025-06-16,51.95,54.5,51.5,54.15,220357669
3690.HK,2025-06-16,136.3,139.5,134.8,138.8,43857495
9988.HK,2025-06-16,111.1,113.8,110.3,112.9,73900525
AAPL.US,2025-06-16,197.3,198.69,196.56,198.42,43020691
BABA.US,2025-06-16,114.98,116.9,114.87,115.96,10242923
JPM.US,2025-06-16,267.0,271.73,266.85,270.36,8566019
KO.US,2025-06-16,71.2,71.62,70.24,70.52,15045880
MSFT.US,2025-06-16,475.21,480.69,475.0,479.14,15626104
XOM.US,2025-06-16,111.82,113.16,111.13,112.48,22986113
0005.HK,2025-06-17,92.9,92.9,91.85,92.1,9675373
0700.HK,2025-06-17,514.0,514.0,506.5,513.5,11524031
1810.HK,2025-06-17,54.2,54.5,53.6,54.0,71275572
3690.HK,2025-06-17,139.3,141.4,137.1,138.1,25920440
9988.HK,2025-06-17,114.3,115.5,113.9,114.8,59968684
AAPL.US,2025-06-17,197.2,198.39,195.21,195.64,38856152
BABA.US,2025-06-17,115.94,116.61,115.03,115.03,10205739
JPM.US,2025-06-17,268.17,270.59,267.8,269.52,6739262
KO.US,2025-06-17,70.38,70.46,69.58,69.62,15437032
MSFT.US,2025-06-17,475.4,478.74,474.08,478.04,15414128
XOM.US,2025-06-17,113.95,114.93,113.11,114.0,19451701
0005.HK,2025-06-18,91.5,92.15,91.4,91.8,11095459
0700.HK,2025-06-18,510.0,511.0,503.5,508.0,15187515
1810.HK,2025-06-18,53.75,54.2,53.45,53.8,64270680
3690.HK,2025-06-18,137.0,137.1,132.7,133.3,45725864
9988.HK,2025-06-18,114.1,114.1,111.4,112.2,55865417
AAPL.US,2025-06-18,195.94,197.57,195.07,196.58,45394689
BABA.US,2025-06-18,113.64,114.3,113.02,113.49,14002314
JPM.US,2025-06-18,270.0,277.72,269.72,273.96,9586440
KO.US,2025-06-18,70.0,70.0,69.09,69.21,16227582
MSFT.US,2025-06-18,478.0,481.0,474.46,480.24,17526452
XOM.US,2025-06-18,114.61,115.24,112.94,113.19,17968893
0005.HK,2025-06-19,91.75,92.35,91.0,91.2,11714163
0700.HK,2025-06-19,503.0,506.0,496.0,498.0,19387767
1810.HK,2025-06-19,53.6,54.1,52.7,53.05,92603544
3690.HK,2025-06-19,132.3,132.5,127.5,128.3,61441168
9988.HK,2025-06-19,111.6,111.9,109.6,110.0,55573686
0005.HK,2025-06-20,91.05,92.35,91.05,92.25,11784876
0700.HK,2025-06-20,504.5,505.5,496.0,505.5,20622275
1810.HK,2025-06-20,53.25,54.05,53.0,54.05,88197055
3690.HK,2025-06-20,128.0,129.7,127.6,128.6,45495479
9988.HK,2025-06-20,111.0,111.7,110.0,111.7,106839365
AAPL.US,2025-06-20,198.24,201.7,196.86,201.0,96813542
BABA.US,2025-06-20,114.11,114.43,112.62,113.01,12737319
JPM.US,2025-06-20,275.57,277.3,273.81,275.0,13969674
KO.US,2025-06-20,69.09,69.56,68.78,68.84,40859425
MSFT.US,2025-06-20,482.23,483.46,476.87,477.4,37576206
XOM.US,2025-06-20,113.45,115.04,113.18,114.7,36273288
0005.HK,2025-06-23,91.45,92.0,91.05,91.8,11873908
0700.HK,2025-06-23,498.2,504.0,494.6,504.0,14252887
1810.HK,2025-06-23,54.0,54.95,53.15,54.85,138863960
3690.HK,2025-06-23,126.3,132.9,126.0,131.4,58256443
9988.HK,2025-06-23,110.0,111.1,108.6,110.8,68537835
AAPL.US,2025-06-23,201.63,202.3,198.96,201.5,55814272
BABA.US,2025-06-23,112.12,113.09,111.26,113.09,12536509
JPM.US,2025-06-23,275.06,278.55,272.11,278.27,8094559
KO.US,2025-06-23,69.14,69.81,68.97,69.74,21822773
MSFT.US,2025-06-23,478.21,487.75,472.51,486.0,24863952
XOM.US,2025-06-23,116.7,116.95,111.16,111.74,26631056
0005.HK,2025-06-24,91.95,94.5,91.9,94.1,29990019
0700.HK,2025-06-24,508.0,511.0,504.0,509.5,17768858
1810.HK,2025-06-24,55.2,57.2,55.15,56.9,222470141
3690.HK,2025-06-24,133.0,134.4,127.8,130.0,67005171
9988.HK,2025-06-24,112.1,113.6,111.6,112.7,66616313
AAPL.US,2025-06-24,202.59,203.44,200.2,200.3,54064033
BABA.US,2025-06-24,114.62,117.32,113.62,117.01,17125097
JPM.US,2025-06-24,280.21,282.72,279.51,281.26,9267941
KO.US,2025-06-24,69.95,70.35,69.69,70.21,15216084
MSFT.US,2025-06-24,488.95,491.85,486.8,490.11,22305642
XOM.US,2025-06-24,109.25,110.94,107.91,108.34,24828277
0005.HK,2025-06-25,94.5,96.8,94.45,95.6,36558811
0700.HK,2025-06-25,512.0,515.0,508.0,512.5,17592461
1810.HK,2025-06-25,57.45,57.45,56.4,56.65,146460085
3690.HK,2025-06-25,130.4,133.0,129.9,131.8,51771073
9988.HK,2025-06-25,115.0,116.2,113.6,115.5,79338255
AAPL.US,2025-06-25,201.45,203.67,200.62,201.56,39525730
BABA.US,2025-06-25,117.2,117.45,114.17,114.55,12835548
JPM.US,2025-06-25,281.5,284.28,280.91,284.06,6826901
KO.US,2025-06-25,69.93,70.02,69.43,69.63,12540374
MSFT.US,2025-06-25,492.04,494.56,489.39,492.27,17495099
XOM.US,2025-06-25,108.11,109.24,107.7,108.37,17483231
0005.HK,2025-06-26,95.2,95.9,95.2,95.4,10230801
0700.HK,2025-06-26,512.0,513.0,507.5,513.0,15000643
1810.HK,2025-06-26,57.15,57.2,56.05,56.9,126954433
3690.HK,2025-06-26,130.1,131.2,128.6,130.0,36118238
9988.HK,2025-06-26,113.0,113.3,112.1,112.2,86859946
AAPL.US,2025-06-26,201.43,202.64,199.46,201.0,50799121
BABA.US,2025-06-26,114.1,114.2,113.38,113.93,8388014
JPM.US,2025-06-26,284.7,289.41,284.47,288.75,8942062
KO.US,2025-06-26,69.7,69.92,69.15,69.47,14454090
MSFT.US,2025-06-26,492.98,498.04,492.81,497.45,21578853
XOM.US,2025-06-26,108.94,110.44,108.55,109.99,18304841
0005.HK,2025-06-27,95.1,95.25,94.5,95.0,14778679
0700.HK,2025-06-27,512.0,514.5,510.0,513.0,15181667
1810.HK,2025-06-27,61.45,61.45,58.2,58.95,481216668
3690.HK,2025-06-27,129.6,131.2,128.5,129.4,44855347
9988.HK,2025-06-27,112.6,113.5,111.4,112.1,75942306
AAPL.US,2025-06-27,201.89,203.22,200.0,201.08,73188571
BABA.US,2025-06-27,114.37,115.5,113.32,114.08,12355492
JPM.US,2025-06-27,285.81,288.7,285.04,287.11,17868633
KO.US,2025-06-27,69.59,70.56,69.47,70.33,23470691
MSFT.US,2025-06-27,497.55,499.3,493.03,495.94,34539236
XOM.US,2025-06-27,109.94,110.1,108.37,109.38,22002079
0005.HK,2025-06-30,95.0,96.2,94.75,94.95,12569111
0700.HK,2025-06-30,509.0,511.5,503.0,503.0,18464531
1810.HK,2025-06-30,59.5,60.0,57.5,59.95,260498936
3690.HK,2025-06-30,128.6,128.9,125.3,125.3,71889200
9988.HK,2025-06-30,111.5,112.0,109.8,109.8,90192013
AAPL.US,2025-06-30,202.01,207.39,199.26,205.17,91912816
BABA.US,2025-06-30,112.46,113.49,111.4,113.41,10457272
JPM.US,2025-06-30,290.4,292.65,288.92,289.91,12689156
KO.US,2025-06-30,70.13,70.79,70.09,70.75,15428966
MSFT.US,2025-06-30,497.04,500.76,495.33,497.41,28368991
XOM.US,2025-06-30,108.64,108.84,107.72,107.8,19199048
AAPL.US,2025-07-01,206.67,210.19,206.14,207.82,78788867
BABA.US,2025-07-01,112.95,114.79,112.74,113.97,9243164
JPM.US,2025-07-01,290.89,291.13,286.59,290.41,9338260
KO.US,2025-07-01,70.99,72.45,70.9,71.67,21729276
MSFT.US,2025-07-01,496.47,498.05,490.98,492.05,19945375
XOM.US,2025-07-01,108.13,109.64,107.15,109.24,15536896
0005.HK,2025-07-02,94.55,95.4,94.3,95.25,11853028
0700.HK,2025-07-02,508.0,508.5,500.0,501.5,18203168
1810.HK,2025-07-02,60.4,60.45,59.6,60.15,140611857
3690.HK,2025-07-02,127.2,127.8,124.0,126.0,49628850
9988.HK,2025-07-02,111.7,112.0,108.7,109.4,88248907
AAPL.US,2025-07-02,208.91,213.34,208.14,212.44,67941811
BABA.US,2025-07-02,111.57,111.82,110.37,110.71,13843810
JPM.US,2025-07-02,292.04,292.82,289.7,292.0,8158692
KO.US,2025-07-02,71.69,71.83,70.74,70.91,13050239
MSFT.US,2025-07-02,489.99,493.5,488.7,491.09,16319641
XOM.US,2025-07-02,110.0,111.36,108.83,111.05,11892160
0005.HK,2025-07-03,95.0,95.2,94.4,94.85,6747352
0700.HK,2025-07-03,500.0,503.5,493.8,501.0,18956331
1810.HK,2025-07-03,59.75,60.05,57.05,58.1,234219003
3690.HK,2025-07-03,124.9,125.5,122.4,122.8,67794577
9988.HK,2025-07-03,108.8,109.6,105.2,106.2,155395466
AAPL.US,2025-07-03,212.15,214.65,211.81,213.55,34955836
BABA.US,2025-07-03,108.34,109.08,107.95,108.7,11847157
JPM.US,2025-07-03,292.15,296.4,291.21,296.0,6541646
KO.US,2025-07-03,71.04,71.4,70.45,71.35,9440457
MSFT.US,2025-07-03,493.81,500.13,493.44,498.84,13984829
XOM.US,2025-07-03,110.86,112.47,110.62,112.2,11223580
0005.HK,2025-07-04,95.05,95.1,94.3,94.8,8201986
0700.HK,2025-07-04,493.0,501.5,493.0,496.8,14658173
1810.HK,2025-07-04,57.5,58.2,56.6,57.5,132200659
3690.HK,2025-07-04,121.3,123.2,119.5,120.8,61959326
9988.HK,2025-07-04,105.2,106.4,103.1,105.1,106812953
0005.HK,2025-07-07,94.8,95.5,94.65,95.25,10977288
0700.HK,2025-07-07,495.2,502.0,494.0,502.0,11631687
1810.HK,2025-07-07,56.9,57.4,56.4,57.3,81234333
3690.HK,2025-07-07,119.4,119.4,115.8,119.0,83139176
9988.HK,2025-07-07,104.0,105.6,102.3,105.4,81216305
AAPL.US,2025-07-07,212.68,216.23,208.8,209.95,50228984
BABA.US,2025-07-07,107.43,108.2,105.94,106.27,17446167
JPM.US,2025-07-07,295.25,296.04,290.08,291.97,8825732
KO.US,2025-07-07,71.37,71.37,70.8,71.01,16984675
MSFT.US,2025-07-07,497.38,498.75,495.23,497.72,13981605
XOM.US,2025-07-07,111.54,112.05,110.22,111.11,15415889
0005.HK,2025-07-08,95.5,96.25,95.4,96.25,11683595
0700.HK,2025-07-08,505.0,505.0,500.0,504.5,13172857
1810.HK,2025-07-08,57.4,58.95,57.25,58.65,101372801
3690.HK,2025-07-08,117.6,122.5,116.8,122.2,61606923
9988.HK,2025-07-08,104.7,107.6,104.2,107.0,81928731
AAPL.US,2025-07-08,210.1,211.43,208.45,210.01,42848928
BABA.US,2025-07-08,108.77,109.13,107.91,107.99,11319872
JPM.US,2025-07-08,289.28,289.7,280.31,282.78,15440856
KO.US,2025-07-08,70.68,70.68,69.88,70.24,17115521
MSFT.US,2025-07-08,497.24,498.2,494.11,496.62,11846586
XOM.US,2025-07-08,110.89,114.46,110.85,114.19,17913404
0005.HK,2025-07-09,96.0,96.7,95.45,96.7,16170576
0700.HK,2025-07-09,504.0,504.0,495.0,497.6,17820435
1810.HK,2025-07-09,58.2,58.8,57.1,57.4,100963784
3690.HK,2025-07-09,121.5,122.1,118.8,119.2,49539878
9988.HK,2025-07-09,106.1,106.3,102.7,102.9,134137844
AAPL.US,2025-07-09,209.53,211.33,207.22,211.14,48749367
BABA.US,2025-07-09,105.48,105.53,103.71,103.83,24609268
JPM.US,2025-07-09,287.18,287.2,282.48,283.16,11273801
KO.US,2025-07-09,70.16,70.25,68.97,69.48,33704119
MSFT.US,2025-07-09,500.3,506.78,499.74,503.51,18659538
XOM.US,2025-07-09,113.92,114.27,113.27,113.8,10652062
0005.HK,2025-07-10,96.75,97.25,96.6,97.05,11785206
0700.HK,2025-07-10,497.6,499.6,494.2,496.6,14032556
1810.HK,2025-07-10,57.5,57.75,56.7,56.9,96327664
3690.HK,2025-07-10,118.0,120.5,117.5,118.6,46874068
9988.HK,2025-07-10,102.0,103.8,101.8,103.2,98855593
AAPL.US,2025-07-10,210.51,213.48,210.03,212.41,44443635
BABA.US,2025-07-10,105.14,106.76,104.41,106.64,13554454
JPM.US,2025-07-10,283.0,288.31,283.0,288.19,8413847
KO.US,2025-07-10,69.29,69.85,69.16,69.77,14615046
MSFT.US,2025-07-10,503.05,504.44,497.75,501.48,16498740
XOM.US,2025-07-10,113.71,115.27,113.07,114.93,14903884
0005.HK,2025-07-11,97.4,98.55,97.0,97.05,18147678
0700.HK,2025-07-11,497.0,505.0,496.6,496.6,19225560
1810.HK,2025-07-11,57.5,58.2,57.25,57.35,88544316
3690.HK,2025-07-11,118.5,122.9,117.2,120.0,59292989
9988.HK,2025-07-11,103.3,106.9,103.3,105.1,115975182
AAPL.US,2025-07-11,210.57,212.13,209.86,211.16,39765812
BABA.US,2025-07-11,106.91,107.42,106.3,106.72,10774594
JPM.US,2025-07-11,285.52,287.38,283.66,286.86,7384674
KO.US,2025-07-11,69.57,70.16,69.25,69.87,12916670
MSFT.US,2025-07-11,498.47,505.03,497.8,503.32,16459512
XOM.US,2025-07-11,114.85,115.76,114.51,115.43,11683884
0005.HK,2025-07-14,95.9,97.0,95.9,96.6,12074680
0700.HK,2025-07-14,497.0,501.5,496.0,500.0,11704663
1810.HK,2025-07-14,57.5,57.8,56.8,57.3,73284998
3690.HK,2025-07-14,119.8,121.6,118.3,120.9,37669963
9988.HK,2025-07-14,104.4,106.7,104.4,106.1,65552727
AAPL.US,2025-07-14,209.93,210.91,207.54,208.62,38840111
BABA.US,2025-07-14,107.65,108.8,107.19,108.22,13231335
JPM.US,2025-07-14,287.07,289.3,285.26,288.7,9079941
KO.US,2025-07-14,69.8,70.08,69.27,69.47,13983246
MSFT.US,2025-07-14,501.52,503.97,501.03,503.02,12058848
XOM.US,2025-07-14,115.23,115.23,113.22,113.92,13220303
0005.HK,2025-07-15,97.3,98.0,97.05,97.65,11213353
0700.HK,2025-07-15,502.5,518.0,500.0,517.5,27446891
1810.HK,2025-07-15,57.3,58.3,56.55,57.65,125984834
3690.HK,2025-07-15,121.0,126.5,120.8,126.2,89410007
9988.HK,2025-07-15,106.5,113.7,106.5,113.5,195489816
AAPL.US,2025-07-15,209.22,211.89,208.92,209.11,42296339
BABA.US,2025-07-15,114.66,117.22,113.2,116.97,34785371
JPM.US,2025-07-15,288.0,291.95,285.48,286.55,12526110
KO.US,2025-07-15,69.51,69.55,69.15,69.36,12639808
MSFT.US,2025-07-15,503.02,508.3,502.79,505.82,14927202
XOM.US,2025-07-15,113.66,114.06,112.6,112.91,10959347
0005.HK,2025-07-16,96.9,98.35,96.75,97.2,15036067
0700.HK,2025-07-16,520.0,526.0,516.0,516.5,23250693
1810.HK,2025-07-16,58.2,58.4,57.0,57.3,103019857
3690.HK,2025-07-16,127.8,129.6,123.8,124.1,68803291
9988.HK,2025-07-16,115.7,117.7,113.5,113.8,144295161
AAPL.US,2025-07-16,210.3,212.4,208.64,210.16,47490532
BABA.US,2025-07-16,115.5,116.03,114.04,115.73,14438970
JPM.US,2025-07-16,288.4,290.73,283.01,285.82,9979768
KO.US,2025-07-16,69.35,69.5,68.79,69.27,13178292
MSFT.US,2025-07-16,505.18,506.72,501.89,505.62,15154374
XOM.US,2025-07-16,112.88,113.5,112.1,112.23,11158852
0005.HK,2025-07-17,97.7,98.15,97.5,97.65,9256646
0700.HK,2025-07-17,519.5,519.5,511.0,517.0,13735794
1810.HK,2025-07-17,57.1,57.25,55.8,56.15,165115655
3690.HK,2025-07-17,125.4,127.4,125.0,125.5,40731440
9988.HK,2025-07-17,113.4,115.0,112.1,112.5,74908706
AAPL.US,2025-07-17,210.57,211.8,209.59,210.02,48068141
BABA.US,2025-07-17,115.04,118.2,114.86,117.3,14573568
JPM.US,2025-07-17,283.44,290.3,283.44,289.9,8509504
KO.US,2025-07-17,69.81,70.69,69.51,70.59,20464657
MSFT.US,2025-07-17,505.68,513.37,505.62,511.7,17503129
XOM.US,2025-07-17,111.49,112.23,111.09,111.66,13151446
0005.HK,2025-07-18,98.5,98.55,97.9,98.15,9850347
0700.HK,2025-07-18,525.0,525.0,516.5,519.0,13781113
1810.HK,2025-07-18,56.5,57.0,55.85,57.0,96759733
3690.HK,2025-07-18,127.8,129.1,126.7,127.3,40295446
9988.HK,2025-07-18,115.3,116.3,114.4,115.8,83105716
AAPL.US,2025-07-18,210.87,211.79,209.7,211.18,48974591
BABA.US,2025-07-18,121.38,122.16,119.77,120.23,26787681
JPM.US,2025-07-18,289.52,292.5,288.23,291.27,12217018
KO.US,2025-07-18,70.45,70.7,69.84,69.85,14927950
MSFT.US,2025-07-18,514.48,514.64,507.43,510.05,21209666
XOM.US,2025-07-18,111.11,111.73,107.34,107.77,32366594
0005.HK,2025-07-21,98.0,98.75,97.8,98.45,9574689
0700.HK,2025-07-21,522.5,522.5,514.5,521.5,13273287
1810.HK,2025-07-21,56.4,58.4,56.4,57.75,124108750
3690.HK,2025-07-21,133.0,133.7,130.1,130.8,83230227
9988.HK,2025-07-21,118.8,118.8,117.0,117.9,95474095
AAPL.US,2025-07-21,212.1,215.78,211.63,212.48,51377434
BABA.US,2025-07-21,119.51,122.31,118.25,120.27,17937612
JPM.US,2025-07-21,291.0,294.18,290.58,290.97,7898141
KO.US,2025-07-21,70.2,70.62,69.93,70.07,17811719
MSFT.US,2025-07-21,506.71,512.09,505.55,510.06,14066805
XOM.US,2025-07-21,107.6,108.77,107.44,108.05,17010405
0005.HK,2025-07-22,99.25,100.0,99.15,99.7,22106011
0700.HK,2025-07-22,521.5,526.0,519.0,526.0,17600260
1810.HK,2025-07-22,57.9,58.15,57.5,57.95,69281026
3690.HK,2025-07-22,130.9,131.5,127.2,129.0,56136421
9988.HK,2025-07-22,117.7,118.2,116.0,118.0,63352702
AAPL.US,2025-07-22,213.14,214.95,212.23,214.4,46404072
BABA.US,2025-07-22,120.44,121.84,119.0,120.71,11551511
JPM.US,2025-07-22,291.5,293.63,289.18,291.43,6717461
KO.US,2025-07-22,69.45,70.26,68.69,69.66,22339884
MSFT.US,2025-07-22,510.97,511.2,505.27,505.27,13868644
XOM.US,2025-07-22,107.98,109.44,107.61,108.54,13970885
0005.HK,2025-07-23,100.0,100.0,99.3,100.0,16360291
0700.HK,2025-07-23,530.0,552.0,527.0,552.0,46744850
1810.HK,2025-07-23,58.35,58.45,57.65,58.4,109878070
3690.HK,2025-07-23,131.0,134.2,128.2,133.2,72661334
9988.HK,2025-07-23,119.0,122.0,117.7,120.9,119661760
AAPL.US,2025-07-23,215.0,215.15,212.41,214.15,46989301
BABA.US,2025-07-23,122.8,123.87,121.4,122.58,12874232
JPM.US,2025-07-23,292.84,296.99,292.55,296.76,7083510
KO.US,2025-07-23,69.66,69.74,68.6,69.16,21029993
MSFT.US,2025-07-23,506.75,506.79,500.7,505.87,16396585
XOM.US,2025-07-23,108.93,110.0,108.85,109.93,12002687
0005.HK,2025-07-24,100.8,102.3,100.3,102.2,33187425
0700.HK,2025-07-24,553.5,560.0,548.0,557.0,24180342
1810.HK,2025-07-24,58.25,58.75,58.0,58.45,83030716
3690.HK,2025-07-24,133.0,136.1,132.0,134.4,56625778
9988.HK,2025-07-24,120.9,121.8,119.9,120.3,77592812
AAPL.US,2025-07-24,213.9,215.69,213.53,213.76,46022620
BABA.US,2025-07-24,121.85,123.99,120.45,121.15,11378418
JPM.US,2025-07-24,297.42,299.59,296.2,296.55,7001242
KO.US,2025-07-24,69.26,69.55,68.99,69.1,12511367
MSFT.US,2025-07-24,508.77,513.67,507.3,510.88,16107000
XOM.US,2025-07-24,109.66,110.95,109.13,110.79,15647208
0005.HK,2025-07-25,101.4,102.0,100.7,101.0,14535176
0700.HK,2025-07-25,552.0,555.0,546.0,550.5,19886923
1810.HK,2025-07-25,58.4,58.4,57.05,57.4,115972199
3690.HK,2025-07-25,134.4,135.4,129.7,130.1,50780870
9988.HK,2025-07-25,119.1,119.3,117.5,118.0,63455940
AAPL.US,2025-07-25,214.7,215.24,213.4,213.88,40268781
BABA.US,2025-07-25,120.19,120.48,119.34,120.03,7060560
JPM.US,2025-07-25,296.7,298.9,295.96,298.62,5918875
KO.US,2025-07-25,69.13,69.23,68.75,69.17,12574823
MSFT.US,2025-07-25,512.47,518.29,510.36,513.71,19125699
XOM.US,2025-07-25,110.73,110.98,109.7,110.4,10548938
0005.HK,2025-07-28,101.0,101.3,100.3,101.1,14686159
0700.HK,2025-07-28,550.5,558.0,546.5,555.5,14661199
1810.HK,2025-07-28,57.3,57.4,56.55,56.8,111282561
3690.HK,2025-07-28,130.7,131.3,129.0,129.4,35482986
9988.HK,2025-07-28,119.5,121.7,118.9,120.6,69215231
AAPL.US,2025-07-28,214.03,214.85,213.06,214.05,37858017
BABA.US,2025-07-28,122.03,123.45,121.53,122.15,11207373
JPM.US,2025-07-28,297.66,299.43,296.82,298.28,5840417
KO.US,2025-07-28,68.74,68.9,68.06,68.09,13668798
MSFT.US,2025-07-28,514.08,515.0,510.12,512.5,14308027
XOM.US,2025-07-28,111.0,112.11,110.84,111.44,12352966
0005.HK,2025-07-29,100.8,100.8,99.85,100.8,14862211
0700.HK,2025-07-29,551.5,556.5,546.0,555.0,16847424
1810.HK,2025-07-29,56.65,56.7,54.5,55.3,244366193
3690.HK,2025-07-29,129.1,129.2,126.2,128.6,42962406
9988.HK,2025-07-29,119.2,121.0,118.1,120.7,59019387
AAPL.US,2025-07-29,214.18,214.81,210.82,211.27,51411723
BABA.US,2025-07-29,122.49,122.87,119.05,119.36,13599708
JPM.US,2025-07-29,300.0,301.29,296.2,297.04,7635719
KO.US,2025-07-29,68.34,69.42,68.15,69.38,16223379
MSFT.US,2025-07-29,515.53,517.62,511.56,512.57,16469235
XOM.US,2025-07-29,111.9,113.0,111.41,112.88,15927998
0005.HK,2025-07-30,101.4,101.6,96.2,96.95,56520842
0700.HK,2025-07-30,550.0,556.0,542.5,549.0,19362555
1810.HK,2025-07-30,55.0,55.65,54.55,54.75,134783729
3690.HK,2025-07-30,127.0,130.6,125.8,127.4,46172472
9988.HK,2025-07-30,117.7,119.6,117.1,117.1,88754280
AAPL.US,2025-07-30,211.9,212.39,207.72,209.05,45512514
BABA.US,2025-07-30,119.05,119.59,116.84,117.38,12794061
JPM.US,2025-07-30,297.42,300.61,297.38,299.63,8061742
KO.US,2025-07-30,69.11,69.33,68.53,68.75,10448179
MSFT.US,2025-07-30,515.17,515.95,509.44,513.24,26380434
XOM.US,2025-07-30,112.41,112.61,111.26,111.9,12996905
0005.HK,2025-07-31,95.65,96.45,94.3,96.15,34503819
0700.HK,2025-07-31,547.0,559.0,545.0,550.0,20453269
1810.HK,2025-07-31,54.3,54.65,53.05,53.15,192541289
3690.HK,2025-07-31,123.5,123.6,120.5,121.6,96061772
9988.HK,2025-07-31,116.0,118.0,114.3,115.7,97698587
AAPL.US,2025-07-31,208.49,209.84,207.16,207.57,80698431
BABA.US,2025-07-31,117.82,121.34,117.52,120.63,13650447
JPM.US,2025-07-31,299.14,300.98,295.5,296.24,14749652
KO.US,2025-07-31,68.15,68.65,67.74,67.89,17193418
MSFT.US,2025-07-31,555.23,555.45,531.9,533.5,51617326
XOM.US,2025-07-31,110.36,112.5,110.36,111.64,17233744
0005.HK,2025-08-01,95.5,95.95,95.0,95.25,19756441
0700.HK,2025-08-01,551.5,554.5,533.5,535.0,21203861
1810.HK,2025-08-01,52.8,54.2,52.5,53.4,125345524
3690.HK,2025-08-01,121.1,125.9,121.1,122.2,55437231
9988.HK,2025-08-01,117.8,119.3,116.7,116.9,75031091
AAPL.US,2025-08-01,210.87,213.58,201.5,202.38,104434473
BABA.US,2025-08-01,118.06,118.37,116.11,117.07,12424282
JPM.US,2025-08-01,290.4,291.8,284.24,289.37,12007111
KO.US,2025-08-01,68.6,69.04,68.27,68.86,16107506
MSFT.US,2025-08-01,535.0,535.8,520.86,524.11,28977628
XOM.US,2025-08-01,112.0,112.54,108.86,109.64,19652030
0005.HK,2025-08-04,95.6,96.4,95.3,96.4,16028330
0700.HK,2025-08-04,536.0,551.5,533.0,550.0,17340007
1810.HK,2025-08-04,53.4,54.8,53.35,54.55,98427945
3690.HK,2025-08-04,122.2,123.2,119.9,123.0,34769687
9988.HK,2025-08-04,115.5,116.7,114.7,116.2,50516068
AAPL.US,2025-08-04,204.51,207.88,201.68,203.35,75109298
BABA.US,2025-08-04,118.35,119.49,116.86,117.5,7272111
JPM.US,2025-08-04,290.26,294.32,290.26,294.26,6649542
KO.US,2025-08-04,68.72,69.09,68.31,68.96,10701525
MSFT.US,2025-08-04,528.27,538.25,528.13,535.64,25349004
XOM.US,2025-08-04,109.22,109.92,107.09,107.37,19129474
0005.HK,2025-08-05,96.4,96.8,95.8,96.3,13480211
0700.HK,2025-08-05,554.5,559.0,549.0,559.0,17347823
1810.HK,2025-08-05,54.65,55.35,54.1,54.3,93018842
3690.HK,2025-08-05,122.6,123.2,121.0,122.9,30068857
9988.HK,2025-08-05,116.1,116.3,114.6,116.0,52371110
AAPL.US,2025-08-05,203.4,205.34,202.16,202.92,44155079
BABA.US,2025-08-05,118.1,118.65,116.87,117.04,5885633
JPM.US,2025-08-05,294.69,295.79,287.24,291.37,7182333
KO.US,2025-08-05,68.9,69.49,68.75,69.05,11993391
MSFT.US,2025-08-05,537.18,537.3,527.24,527.75,19171569
XOM.US,2025-08-05,107.22,107.82,106.07,107.24,21314254
0005.HK,2025-08-06,96.5,97.3,96.35,97.0,13772041
0700.HK,2025-08-06,560.0,570.0,558.0,568.5,20737133
1810.HK,2025-08-06,54.15,54.25,53.65,54.0,60265442
3690.HK,2025-08-06,122.8,122.8,120.3,121.1,45089472
9988.HK,2025-08-06,115.6,119.2,115.1,116.7,73715023
AAPL.US,2025-08-06,205.63,215.38,205.59,213.25,108483103
BABA.US,2025-08-06,118.88,121.29,117.77,120.86,12079640
JPM.US,2025-08-06,292.3,293.29,290.16,291.35,6330155
KO.US,2025-08-06,69.12,69.8,68.63,69.51,10782977
MSFT.US,2025-08-06,530.9,531.7,524.03,524.94,21355702
XOM.US,2025-08-06,108.31,109.05,106.37,106.51,15321811
0005.HK,2025-08-07,97.4,99.0,97.4,98.85,15267224
0700.HK,2025-08-07,571.0,572.0,560.5,567.0,16940382
1810.HK,2025-08-07,52.15,52.8,51.2,51.85,314366077
3690.HK,2025-08-07,121.8,122.7,120.9,122.0,29091754
9988.HK,2025-08-07,119.1,119.8,117.9,119.2,66845112
AAPL.US,2025-08-07,218.88,220.85,216.58,220.03,90224834
BABA.US,2025-08-07,121.34,122.28,119.6,120.96,9480594
JPM.US,2025-08-07,292.94,293.46,286.41,286.94,8057109
KO.US,2025-08-07,69.46,70.72,69.33,70.43,15790802
MSFT.US,2025-08-07,526.8,528.09,517.55,520.84,16079144
XOM.US,2025-08-07,107.14,108.06,105.89,105.95,13468287
0005.HK,2025-08-08,98.4,98.45,97.55,98.2,12885779
0700.HK,2025-08-08,567.0,568.5,557.5,561.0,13305719
1810.HK,2025-08-08,51.4,51.9,51.15,51.25,137470985
3690.HK,2025-08-08,121.0,122.2,120.5,120.8,21911956
9988.HK,2025-08-08,118.6,118.6,116.1,116.3,60373207
AAPL.US,2025-08-08,220.83,231.0,219.25,229.35,113853967
BABA.US,2025-08-08,119.32,120.7,118.66,120.36,9763569
JPM.US,2025-08-08,288.98,291.23,284.71,288.76,6634506
KO.US,2025-08-08,70.37,70.87,70.08,70.34,9232651
MSFT.US,2025-08-08,522.6,524.66,519.41,522.04,15531009
XOM.US,2025-08-08,106.5,107.51,105.95,106.8,14417734
0005.HK,2025-08-11,99.0,99.95,99.0,99.95,13584184
0700.HK,2025-08-11,561.0,562.5,553.5,561.0,11790350
1810.HK,2025-08-11,51.05,51.45,50.65,50.8,126045702
3690.HK,2025-08-11,121.1,121.3,118.6,119.2,39684143
9988.HK,2025-08-11,118.0,119.0,116.9,118.5,43065055
AAPL.US,2025-08-11,227.92,229.56,224.76,227.18,61806132
BABA.US,2025-08-11,120.43,121.3,118.12,118.64,12071979
JPM.US,2025-08-11,289.4,291.32,288.78,289.56,5510113
KO.US,2025-08-11,70.3,70.86,69.96,70.75,10909371
MSFT.US,2025-08-11,522.3,527.59,519.72,521.77,20194372
XOM.US,2025-08-11,107.11,107.53,105.53,105.83,13570661
0005.HK,2025-08-12,99.85,100.4,99.6,100.2,11004355
0700.HK,2025-08-12,557.5,564.5,556.0,559.5,13827897
1810.HK,2025-08-12,50.55,52.1,50.1,51.7,143542082
3690.HK,2025-08-12,118.4,119.9,117.8,119.4,32006831
9988.HK,2025-08-12,116.8,117.5,116.1,116.6,55676119
AAPL.US,2025-08-12,228.01,230.8,227.07,229.65,55672301
BABA.US,2025-08-12,118.81,122.79,118.1,122.42,11994896
JPM.US,2025-08-12,291.5,294.75,290.34,292.85,8572034
KO.US,2025-08-12,70.82,71.06,70.22,70.71,11065044
MSFT.US,2025-08-12,523.75,530.98,522.7,529.24,18688921
XOM.US,2025-08-12,106.34,107.28,105.78,106.13,14113216
0005.HK,2025-08-13,101.0,102.3,101.0,101.5,21987350
0700.HK,2025-08-13,568.0,586.0,566.0,586.0,37596415
1810.HK,2025-08-13,52.3,53.3,51.75,53.25,153181037
3690.HK,2025-08-13,121.0,124.9,120.5,124.3,54998562
9988.HK,2025-08-13,120.0,123.8,119.2,123.7,150500459
AAPL.US,2025-08-13,231.07,235.0,230.43,233.33,69878546
BABA.US,2025-08-13,126.69,127.93,125.08,126.86,19362542
JPM.US,2025-08-13,293.95,294.55,287.16,290.53,8420407
KO.US,2025-08-13,70.69,70.77,70.23,70.46,10356518
MSFT.US,2025-08-13,532.11,532.7,519.37,520.58,19619160
XOM.US,2025-08-13,106.0,107.6,105.74,107.6,17958695
0005.HK,2025-08-14,100.9,100.9,99.8,100.4,14076706
0700.HK,2025-08-14,600.0,600.0,589.0,590.0,36339315
1810.HK,2025-08-14,53.95,53.95,52.75,53.2,108675681
3690.HK,2025-08-14,126.2,127.0,123.7,124.4,44651247
9988.HK,2025-08-14,124.8,125.2,121.0,121.8,83916791
AAPL.US,2025-08-14,234.06,235.12,230.85,232.78,51916275
BABA.US,2025-08-14,123.73,123.93,121.34,122.28,15045624
JPM.US,2025-08-14,290.58,294.2,289.64,294.16,6322381
KO.US,2025-08-14,70.38,70.46,69.39,69.55,10722373
MSFT.US,2025-08-14,522.56,525.95,520.14,522.48,20269074
XOM.US,2025-08-14,107.55,107.59,106.44,107.38,13683472
0005.HK,2025-08-15,101.0,101.1,99.6,100.3,16326150
0700.HK,2025-08-15,587.0,596.5,584.5,592.0,22176876
1810.HK,2025-08-15,52.6,53.0,52.2,52.85,109819085
3690.HK,2025-08-15,121.9,122.1,119.6,121.7,62448840
9988.HK,2025-08-15,119.3,119.8,117.8,118.1,110541625
AAPL.US,2025-08-15,234.0,234.28,229.34,231.59,56038657
BABA.US,2025-08-15,120.98,122.19,120.68,121.26,11141846
JPM.US,2025-08-15,294.84,295.5,289.82,290.49,7340518
KO.US,2025-08-15,69.74,70.39,69.57,69.92,12381112
MSFT.US,2025-08-15,522.77,526.1,519.08,520.17,25213272
XOM.US,2025-08-15,106.19,107.56,105.95,106.49,19271861
0005.HK,2025-08-18,99.85,99.95,98.45,98.45,17001072
0700.HK,2025-08-18,594.0,596.0,587.0,587.0,17590658
1810.HK,2025-08-18,52.75,53.8,52.3,53.05,116003641
3690.HK,2025-08-18,121.7,124.3,120.9,121.5,39442216
9988.HK,2025-08-18,118.3,120.8,118.3,118.6,76093381
AAPL.US,2025-08-18,231.7,233.12,230.11,230.89,37476188
BABA.US,2025-08-18,121.92,123.15,120.9,121.4,8550427
JPM.US,2025-08-18,290.0,291.9,288.41,291.53,5386856
KO.US,2025-08-18,69.98,70.05,69.05,69.13,14094881
MSFT.US,2025-08-18,521.59,522.82,514.02,517.1,23760583
XOM.US,2025-08-18,106.1,107.23,105.67,106.72,13040018
0005.HK,2025-08-19,99.0,99.4,98.45,99.05,12049108
0700.HK,2025-08-19,588.0,597.0,583.0,592.5,16359474
1810.HK,2025-08-19,53.5,53.55,52.2,52.4,113367681
3690.HK,2025-08-19,121.6,121.8,120.4,120.8,31105236
9988.HK,2025-08-19,118.4,119.7,117.9,118.3,55732895
AAPL.US,2025-08-19,231.28,232.87,229.35,230.56,39402564
BABA.US,2025-08-19,121.58,122.58,119.99,119.99,8106147
JPM.US,2025-08-19,290.83,292.48,289.53,290.66,6031520
KO.US,2025-08-19,69.3,70.22,69.24,70.13,13862214
MSFT.US,2025-08-19,515.0,515.16,508.55,509.77,21481016
XOM.US,2025-08-19,106.2,107.46,106.15,107.42,16113611
0005.HK,2025-08-20,99.1,99.6,98.55,99.5,9352354
0700.HK,2025-08-20,589.0,594.5,585.5,590.5,15952765
1810.HK,2025-08-20,51.2,53.0,51.05,52.55,158096364
3690.HK,2025-08-20,120.0,121.3,119.7,120.8,25371797
9988.HK,2025-08-20,117.2,118.0,116.1,117.5,62830049
AAPL.US,2025-08-20,229.98,230.47,225.77,226.01,42263865
BABA.US,2025-08-20,119.92,120.81,118.67,119.49,7095804
JPM.US,2025-08-20,290.81,293.33,287.27,292.24,7374244
KO.US,2025-08-20,70.74,71.71,70.41,70.7,17530847
MSFT.US,2025-08-20,509.87,511.0,504.44,505.72,27723025
XOM.US,2025-08-20,107.88,109.33,107.68,108.53,18959716
0005.HK,2025-08-21,101.1,101.4,100.2,100.9,19558846
0700.HK,2025-08-21,590.5,597.0,589.5,593.0,14290178
1810.HK,2025-08-21,52.55,52.55,51.1,51.35,146082650
3690.HK,2025-08-21,121.0,121.0,116.2,117.1,70414468
9988.HK,2025-08-21,117.3,117.6,115.0,115.7,66716053
AAPL.US,2025-08-21,226.27,226.52,223.78,224.9,30621249
BABA.US,2025-08-21,117.88,119.27,117.51,118.09,8231152
JPM.US,2025-08-21,291.94,292.77,289.47,291.47,6624161
KO.US,2025-08-21,70.6,70.91,70.33,70.66,8840427
MSFT.US,2025-08-21,503.69,507.63,502.72,504.24,18443254
XOM.US,2025-08-21,108.42,109.57,107.96,109.23,12194897
0005.HK,2025-08-22,101.0,101.4,100.7,101.3,14975835
0700.HK,2025-08-22,599.0,606.5,595.5,600.0,19378950
1810.HK,2025-08-22,52.0,52.8,51.55,52.55,136883366
3690.HK,2025-08-22,117.1,118.6,116.0,118.4,55624919
9988.HK,2025-08-22,115.5,118.3,115.3,118.0,73604857
AAPL.US,2025-08-22,226.17,229.09,225.41,227.76,42477811
BABA.US,2025-08-22,120.48,123.4,120.28,122.94,13855325
JPM.US,2025-08-22,293.2,297.16,290.13,296.24,8552847
KO.US,2025-08-22,70.96,71.02,69.92,70.13,12999606
MSFT.US,2025-08-22,504.25,510.73,502.41,507.23,24324161
XOM.US,2025-08-22,109.6,111.41,109.6,111.28,13586668
0005.HK,2025-08-25,101.8,102.1,101.3,101.5,14346189
0700.HK,2025-08-25,608.5,621.0,608.0,614.5,25694519
1810.HK,2025-08-25,53.0,53.9,52.5,53.5,177494474
3690.HK,2025-08-25,119.1,122.9,118.8,122.3,82491028
9988.HK,2025-08-25,120.4,126.0,120.4,124.5,162992103
AAPL.US,2025-08-25,226.48,229.3,226.23,227.16,30983133
BABA.US,2025-08-25,125.18,126.73,123.5,124.35,12888365
JPM.US,2025-08-25,296.24,297.35,294.14,294.9,5856258
KO.US,2025-08-25,70.11,70.23,68.72,68.93,13634562
MSFT.US,2025-08-25,506.63,508.19,504.12,504.26,21638579
XOM.US,2025-08-25,110.9,111.92,110.54,111.74,9744897
0005.HK,2025-08-26,101.1,101.6,100.0,100.2,12303465
0700.HK,2025-08-26,612.0,618.0,609.5,609.5,20656474
1810.HK,2025-08-26,53.5,53.9,53.05,53.5,99660025
3690.HK,2025-08-26,122.0,122.0,120.0,120.0,46013154
9988.HK,2025-08-26,122.0,123.9,121.1,121.3,90253630
AAPL.US,2025-08-26,226.87,229.49,224.69,229.31,54575107
BABA.US,2025-08-26,125.3,126.0,123.72,124.19,8706053
JPM.US,2025-08-26,294.16,298.74,293.5,298.57,6714749
KO.US,2025-08-26,69.04,69.08,68.58,68.73,17964231
MSFT.US,2025-08-26,504.36,504.98,498.51,502.04,30835709
XOM.US,2025-08-26,111.37,111.81,110.36,111.49,18143880
0005.HK,2025-08-27,100.9,101.0,100.1,100.1,14979114
0700.HK,2025-08-27,613.0,614.5,595.0,599.0,21263402
1810.HK,2025-08-27,53.9,54.65,52.95,53.2,142623874
3690.HK,2025-08-27,120.0,120.3,116.1,116.3,80540435
9988.HK,2025-08-27,121.3,124.3,121.0,121.5,114213258
AAPL.US,2025-08-27,228.61,230.9,228.26,230.49,31259513
BABA.US,2025-08-27,121.2,122.52,120.79,122.23,13833096
JPM.US,2025-08-27,297.25,301.07,297.04,299.28,6056513
KO.US,2025-08-27,68.82,68.87,68.47,68.83,11562741
MSFT.US,2025-08-27,502.0,507.29,499.9,506.74,17277893
XOM.US,2025-08-27,111.42,112.98,111.42,112.75,15262630
0005.HK,2025-08-28,99.9,100.7,99.65,100.6,14584101
0700.HK,2025-08-28,595.0,599.0,590.0,594.0,21712370
1810.HK,2025-08-28,53.2,53.45,52.1,53.1,122487011
3690.HK,2025-08-28,105.0,108.3,101.0,101.7,309557433
9988.HK,2025-08-28,119.1,119.3,115.6,115.8,171962832
AAPL.US,2025-08-28,230.82,233.41,229.34,232.56,38074700
BABA.US,2025-08-28,119.53,121.25,117.6,119.57,14501143
JPM.US,2025-08-28,300.03,301.24,298.7,301.07,6410535
KO.US,2025-08-28,68.88,68.9,68.28,68.36,16209870
MSFT.US,2025-08-28,507.09,511.09,505.5,509.64,18015593
XOM.US,2025-08-28,112.87,113.65,112.07,113.35,14189829
0005.HK,2025-08-29,100.3,100.8,99.4,99.75,16072520
0700.HK,2025-08-29,595.5,605.0,594.0,596.5,18234935
1810.HK,2025-08-29,52.9,53.9,52.3,52.85,124328553
3690.HK,2025-08-29,102.4,103.4,100.2,102.7,113304631
9988.HK,2025-08-29,116.8,119.0,115.7,115.7,110429482
AAPL.US,2025-08-29,232.51,233.38,231.37,232.14,39418437
BABA.US,2025-08-29,128.88,136.65,128.51,135.0,82165134
JPM.US,2025-08-29,302.04,302.95,299.73,301.42,6796380
KO.US,2025-08-29,68.67,69.14,68.43,68.99,14601094
MSFT.US,2025-08-29,508.66,509.6,504.49,506.69,20961569
XOM.US,2025-08-29,113.72,114.79,113.58,114.29,14597872
0005.HK,2025-09-01,99.75,100.5,99.6,100.0,10280357
0700.HK,2025-09-01,605.0,610.0,601.5,605.0,15958837
1810.HK,2025-09-01,53.7,54.35,53.45,54.0,150727171
3690.HK,2025-09-01,101.5,104.8,98.0,103.0,132661260
9988.HK,2025-09-01,133.0,138.0,133.0,137.1,404948185
0005.HK,2025-09-02,100.3,100.8,99.7,99.75,11792675
0700.HK,2025-09-02,605.5,608.5,599.0,600.5,14808157
1810.HK,2025-09-02,54.05,56.65,53.5,55.85,258956888
3690.HK,2025-09-02,101.7,102.8,99.8,101.1,73829916
9988.HK,2025-09-02,139.9,139.9,134.7,134.7,166594096
AAPL.US,2025-09-02,229.25,230.85,226.97,229.72,44075638
BABA.US,2025-09-02,134.47,138.83,133.06,138.55,41625384
JPM.US,2025-09-02,300.26,300.46,294.5,299.7,7221855
KO.US,2025-09-02,68.96,69.34,68.26,69.06,24770073
MSFT.US,2025-09-02,500.47,506.0,496.81,505.12,18127995
XOM.US,2025-09-02,114.18,115.24,113.33,114.69,15206667
0005.HK,2025-09-03,99.6,100.3,98.75,99.15,15814228
0700.HK,2025-09-03,606.5,613.0,596.0,598.5,15523985
1810.HK,2025-09-03,56.95,56.95,54.5,54.7,135032978
3690.HK,2025-09-03,101.0,102.0,99.8,100.5,64088481
9988.HK,2025-09-03,136.5,137.8,133.0,134.1,104631522
AAPL.US,2025-09-03,237.21,238.85,234.36,238.47,66427835
BABA.US,2025-09-03,136.7,137.77,135.58,136.45,16470529
JPM.US,2025-09-03,300.57,300.57,296.38,299.51,6316911
KO.US,2025-09-03,68.66,69.1,67.37,68.99,33581491
MSFT.US,2025-09-03,503.79,507.79,502.32,505.35,16345078
XOM.US,2025-09-03,113.97,114.43,111.46,111.91,14920087
0005.HK,2025-09-04,100.0,100.4,99.35,99.6,13580907
0700.HK,2025-09-04,605.0,605.0,591.0,592.5,18003934
1810.HK,2025-09-04,55.1,55.3,53.3,53.45,105461452
3690.HK,2025-09-04,100.8,101.9,100.2,101.4,63068026
9988.HK,2025-09-04,134.3,134.8,128.5,129.8,148595855
AAPL.US,2025-09-04,238.45,239.9,236.74,239.78,47549429
BABA.US,2025-09-04,133.16,134.25,130.06,130.92,24730939
JPM.US,2025-09-04,300.0,304.43,298.28,303.82,6605797
KO.US,2025-09-04,69.11,69.46,68.12,68.25,16736009
MSFT.US,2025-09-04,504.3,508.15,503.15,507.97,15509486
XOM.US,2025-09-04,112.11,113.13,111.38,112.4,12864438
0005.HK,2025-09-05,100.5,102.1,100.3,102.1,28230410
0700.HK,2025-09-05,599.5,609.0,595.5,605.5,19047729
1810.HK,2025-09-05,54.0,54.0,52.95,53.65,106533001
3690.HK,2025-09-05,101.3,104.2,101.0,103.0,101979886
9988.HK,2025-09-05,128.5,133.0,128.1,131.8,127450276
AAPL.US,2025-09-05,240.0,241.32,238.49,239.69,54851889
BABA.US,2025-09-05,135.03,135.61,132.7,135.58,19202474
JPM.US,2025-09-05,303.65,305.15,294.31,294.38,9837709
KO.US,2025-09-05,68.01,68.58,67.87,67.96,23977995
MSFT.US,2025-09-05,509.07,511.97,492.37,495.0,31981747
XOM.US,2025-09-05,111.6,111.78,109.02,109.23,16826692
0005.HK,2025-09-08,101.9,101.9,100.9,101.7,12378408
0700.HK,2025-09-08,605.5,619.0,605.0,617.5,21815489
1810.HK,2025-09-08,53.8,54.9,53.35,54.75,104793576
3690.HK,2025-09-08,102.5,103.8,100.8,102.0,96814388
9988.HK,2025-09-08,133.2,138.0,133.1,137.3,147299900
AAPL.US,2025-09-08,239.3,240.15,236.34,237.88,48999495
BABA.US,2025-09-08,139.88,141.22,138.77,141.2,20095286
JPM.US,2025-09-08,294.89,296.46,291.44,292.91,8188506
KO.US,2025-09-08,67.86,67.88,67.16,67.43,21671747
MSFT.US,2025-09-08,498.11,501.2,495.03,498.2,16771015
XOM.US,2025-09-08,109.73,110.05,108.35,109.85,15440513
0005.HK,2025-09-09,102.0,102.5,101.7,102.4,14972324
0700.HK,2025-09-09,620.0,628.0,617.5,627.0,19871460
1810.HK,2025-09-09,54.4,56.2,53.8,56.2,173784267
3690.HK,2025-09-09,102.0,102.0,97.1,99.65,148686738
9988.HK,2025-09-09,138.6,142.8,138.0,141.9,181120225
AAPL.US,2025-09-09,237.0,238.78,233.36,234.35,66313918
BABA.US,2025-09-09,145.4,148.0,144.65,147.1,32792264
JPM.US,2025-09-09,292.6,299.0,292.31,297.85,7848196
KO.US,2025-09-09,67.28,68.11,67.28,67.86,14120570
MSFT.US,2025-09-09,501.43,502.25,497.7,498.41,14410542
XOM.US,2025-09-09,110.53,112.51,110.53,110.65,14899502
0005.HK,2025-09-10,102.5,104.4,102.3,104.4,27375943
0700.HK,2025-09-10,630.0,639.0,628.0,633.5,19193376
1810.HK,2025-09-10,56.05,56.35,54.8,54.95,141897510
3690.HK,2025-09-10,98.45,103.4,98.45,101.7,94064361
9988.HK,2025-09-10,144.7,147.9,142.6,142.8,181722198
AAPL.US,2025-09-10,232.19,232.42,225.95,226.79,83440810
BABA.US,2025-09-10,145.42,145.92,143.23,143.93,21079914
JPM.US,2025-09-10,296.7,301.54,295.4,300.54,7787303
KO.US,2025-09-10,67.79,68.09,67.21,67.82,16041934
MSFT.US,2025-09-10,502.98,503.23,496.72,500.37,21611816
XOM.US,2025-09-10,111.16,112.56,110.84,112.5,15837583
0005.HK,2025-09-11,104.7,105.4,104.5,105.1,20690414
0700.HK,2025-09-11,633.0,633.0,624.0,629.5,18191860
1810.HK,2025-09-11,54.6,55.05,53.55,54.65,120401766
3690.HK,2025-09-11,100.2,101.0,96.4,96.55,138996794
9988.HK,2025-09-11,140.9,146.5,139.1,143.3,174456621
AAPL.US,2025-09-11,226.88,230.45,226.65,230.03,50208578
BABA.US,2025-09-11,148.12,156.85,147.86,155.44,50089164
JPM.US,2025-09-11,301.24,305.73,300.79,305.56,7942489
KO.US,2025-09-11,67.92,68.17,67.58,67.62,15128731
MSFT.US,2025-09-11,502.25,503.17,497.88,501.01,18881608
XOM.US,2025-09-11,111.4,112.77,110.87,112.14,11534502
0005.HK,2025-09-12,106.6,106.9,106.1,106.3,17203881
0700.HK,2025-09-12,645.0,649.0,642.0,643.5,20780375
1810.HK,2025-09-12,55.3,55.65,54.5,55.15,137019643
3690.HK,2025-09-12,97.0,98.05,95.35,96.55,108406343
9988.HK,2025-09-12,151.7,153.8,150.1,151.1,170663495
AAPL.US,2025-09-12,229.22,234.51,229.02,234.07,55824216
BABA.US,2025-09-12,154.07,155.46,152.06,155.06,20903285
JPM.US,2025-09-12,305.0,307.55,303.7,306.91,6846674
KO.US,2025-09-12,67.6,67.72,66.94,67.01,18712351
MSFT.US,2025-09-12,506.65,512.55,503.85,509.9,23624884
XOM.US,2025-09-12,112.86,113.22,111.88,112.16,11105690
0005.HK,2025-09-15,105.3,106.8,105.3,106.5,13004430
0700.HK,2025-09-15,646.0,648.5,637.5,643.5,16371242
1810.HK,2025-09-15,55.3,56.5,54.9,56.2,127441311
3690.HK,2025-09-15,95.7,97.85,95.35,97.35,62754919
9988.HK,2025-09-15,150.4,156.8,150.1,154.6,146193613
AAPL.US,2025-09-15,237.0,238.19,235.03,236.7,42699524
BABA.US,2025-09-15,159.09,159.7,156.73,158.04,23567202
JPM.US,2025-09-15,307.17,309.95,307.17,308.9,7122015
KO.US,2025-09-15,66.68,66.78,66.1,66.21,15986132
MSFT.US,2025-09-15,508.79,515.47,507.0,515.36,17143786
XOM.US,2025-09-15,112.18,112.46,111.32,112.35,12880487
0005.HK,2025-09-16,106.8,107.6,106.5,107.2,12544056
0700.HK,2025-09-16,647.0,649.5,640.5,645.0,13339685
1810.HK,2025-09-16,56.5,57.0,56.15,56.45,107755148
3690.HK,2025-09-16,98.0,101.8,97.55,100.3,95908509
9988.HK,2025-09-16,154.0,156.8,152.5,153.5,111088746
AAPL.US,2025-09-16,237.18,241.22,236.32,238.15,63421099
BABA.US,2025-09-16,158.36,163.0,157.59,162.21,26017688
JPM.US,2025-09-16,310.0,310.9,307.13,309.19,10525594
KO.US,2025-09-16,66.35,66.51,66.06,66.24,18555912
MSFT.US,2025-09-16,516.88,517.23,508.6,509.04,19711922
XOM.US,2025-09-16,112.96,115.32,112.78,114.68,17208044
0005.HK,2025-09-17,106.5,107.0,106.4,106.6,12530146
0700.HK,2025-09-17,646.5,663.5,645.0,661.5,22349048
1810.HK,2025-09-17,56.85,57.95,56.65,57.85,172994425
3690.HK,2025-09-17,101.1,106.7,101.0,105.2,139083488
9988.HK,2025-09-17,157.7,162.3,156.7,161.6,156646724
AAPL.US,2025-09-17,238.97,240.1,237.73,238.99,46508017
BABA.US,2025-09-17,166.0,167.32,163.26,166.17,29344345
JPM.US,2025-09-17,310.39,312.91,308.77,311.75,8657765
KO.US,2025-09-17,66.41,67.13,66.41,67.04,17372334
MSFT.US,2025-09-17,510.62,511.29,505.93,510.02,15816585
XOM.US,2025-09-17,114.53,115.49,114.05,115.29,13302030
0005.HK,2025-09-18,106.8,107.7,106.7,107.2,13691230
0700.HK,2025-09-18,662.0,664.5,635.5,642.0,29989898
1810.HK,2025-09-18,57.3,58.4,55.8,56.85,182477097
3690.HK,2025-09-18,104.9,109.7,104.0,105.5,124934835
9988.HK,2025-09-18,162.1,164.8,156.3,158.4,209809246
AAPL.US,2025-09-18,239.97,241.2,236.65,237.88,44249576
BABA.US,2025-09-18,162.5,164.79,161.3,162.48,19529564
JPM.US,2025-09-18,311.79,313.44,309.61,313.23,8050671
KO.US,2025-09-18,66.8,67.04,66.35,66.46,17722919
MSFT.US,2025-09-18,511.49,513.07,507.66,508.45,18913696
XOM.US,2025-09-18,115.17,115.35,113.4,113.93,14628726
0005.HK,2025-09-19,107.2,107.2,106.2,106.8,11019438
0700.HK,2025-09-19,647.0,647.0,638.0,642.5,20805608
1810.HK,2025-09-19,57.4,57.4,55.7,56.7,174859789
3690.HK,2025-09-19,105.6,107.6,104.3,106.3,64899879
9988.HK,2025-09-19,158.9,162.8,156.6,159.1,138827373
AAPL.US,2025-09-19,241.23,246.3,240.21,245.5,163741314
BABA.US,2025-09-19,164.69,166.25,162.61,162.81,18183217
JPM.US,2025-09-19,313.6,315.8,309.12,314.78,23568551
KO.US,2025-09-19,66.49,66.73,66.05,66.43,31192851
MSFT.US,2025-09-19,510.56,519.3,510.31,517.93,52474093
XOM.US,2025-09-19,113.9,113.98,112.64,112.82,38746517
0005.HK,2025-09-22,106.8,107.3,106.4,107.2,10942322
0700.HK,2025-09-22,642.0,643.5,634.0,641.0,12899662
1810.HK,2025-09-22,56.25,56.65,55.6,56.1,108494957
3690.HK,2025-09-22,105.2,105.5,102.3,103.9,70033614
9988.HK,2025-09-22,157.6,161.5,157.3,159.2,103208970
AAPL.US,2025-09-22,248.3,256.64,248.12,256.08,105517416
BABA.US,2025-09-22,163.76,167.44,163.03,164.25,18667746
JPM.US,2025-09-22,309.8,313.7,309.56,312.44,7520190
KO.US,2025-09-22,66.16,66.59,66.08,66.21,13298742
MSFT.US,2025-09-22,515.59,517.74,512.55,514.45,20009314
XOM.US,2025-09-22,112.45,112.8,111.56,112.02,15611495
0005.HK,2025-09-23,107.9,108.6,107.6,108.6,13637949
0700.HK,2025-09-23,641.5,643.5,627.0,635.5,15293080
1810.HK,2025-09-23,56.35,56.4,55.0,55.45,84350249
3690.HK,2025-09-23,103.8,104.0,100.3,101.0,58944762
9988.HK,2025-09-23,160.0,163.1,156.7,159.4,119175251
AAPL.US,2025-09-23,255.88,257.34,253.58,254.43,60275187
BABA.US,2025-09-23,165.01,167.83,162.8,163.08,18278591
JPM.US,2025-09-23,311.82,316.31,310.58,312.74,8584420
KO.US,2025-09-23,66.35,66.76,65.9,66.71,15072791
MSFT.US,2025-09-23,513.8,514.59,507.31,509.23,19799580
XOM.US,2025-09-23,112.72,114.75,112.48,113.95,25369106
0005.HK,2025-09-24,108.0,108.6,106.9,107.5,14777645
0700.HK,2025-09-24,633.5,651.0,628.0,648.5,18440788
1810.HK,2025-09-24,55.45,57.1,55.05,56.9,118307200
3690.HK,2025-09-24,100.3,104.1,100.3,102.2,60736788
9988.HK,2025-09-24,158.5,174.9,157.6,174.0,261023658
AAPL.US,2025-09-24,255.22,255.74,251.04,252.31,42303710
BABA.US,2025-09-24,175.98,180.16,175.0,176.44,52642314
JPM.US,2025-09-24,314.05,316.58,311.67,313.42,7310513
KO.US,2025-09-24,66.41,66.78,65.96,66.45,14759294
MSFT.US,2025-09-24,510.38,512.48,506.92,510.15,13533711
XOM.US,2025-09-24,114.57,115.76,114.47,114.56,14756050
0005.HK,2025-09-25,107.9,107.9,106.3,107.1,12505892
0700.HK,2025-09-25,651.0,659.0,643.5,650.0,17384258
1810.HK,2025-09-25,56.9,59.9,56.7,59.45,328411483
3690.HK,2025-09-25,101.6,103.0,100.7,102.3,45966392
9988.HK,2025-09-25,174.0,177.8,171.1,172.0,172333447
AAPL.US,2025-09-25,253.21,257.17,251.71,256.87,55202075
BABA.US,2025-09-25,173.4,175.77,170.44,175.47,20712240
JPM.US,2025-09-25,314.12,315.65,311.8,313.45,7083198
KO.US,2025-09-25,66.75,66.92,65.95,65.98,14395010
MSFT.US,2025-09-25,508.3,510.01,505.04,507.03,15786468
XOM.US,2025-09-25,114.64,115.9,114.41,115.59,15012553
0005.HK,2025-09-26,105.9,106.8,105.5,106.7,14572995
0700.HK,2025-09-26,645.0,653.0,640.0,644.0,19504951
1810.HK,2025-09-26,59.0,59.0,54.3,54.65,415512054
3690.HK,2025-09-26,101.0,102.0,100.3,100.6,40317300
9988.HK,2025-09-26,168.4,171.9,165.0,166.5,152987253
AAPL.US,2025-09-26,254.1,257.6,253.78,255.46,46076258
BABA.US,2025-09-26,172.17,172.76,169.7,171.91,15971139
JPM.US,2025-09-26,314.9,317.81,313.7,316.06,7258136
KO.US,2025-09-26,66.07,66.34,65.5,65.67,17821566
MSFT.US,2025-09-26,510.06,513.94,506.62,511.46,16213129
XOM.US,2025-09-26,115.96,118.36,115.92,117.22,18568916
0005.HK,2025-09-29,108.0,109.0,107.9,108.8,20795349
0700.HK,2025-09-29,649.5,664.5,647.5,660.0,20489556
1810.HK,2025-09-29,55.5,55.95,52.7,53.55,332142837
3690.HK,2025-09-29,101.0,103.8,101.0,102.8,58610731
9988.HK,2025-09-29,166.9,174.3,166.9,173.4,134259119
AAPL.US,2025-09-29,254.56,255.0,253.01,254.43,40127687
BABA.US,2025-09-29,178.08,181.34,177.59,179.9,21576309
JPM.US,2025-09-29,317.06,318.01,313.66,315.69,6462442
KO.US,2025-09-29,65.67,66.1,65.35,66.04,14818531
MSFT.US,2025-09-29,511.5,516.85,508.88,514.6,17617775
XOM.US,2025-09-29,116.06,116.5,113.67,114.22,19189260
0005.HK,2025-09-30,107.9,109.4,107.9,109.4,10386451
0700.HK,2025-09-30,658.0,666.5,657.5,663.0,20610633
1810.HK,2025-09-30,54.0,54.4,53.2,54.0,211943325
3690.HK,2025-09-30,102.4,105.3,101.9,104.5,71076759
9988.HK,2025-09-30,176.6,178.0,173.7,177.0,135460219
AAPL.US,2025-09-30,254.86,255.92,253.11,254.63,37704259
BABA.US,2025-09-30,181.66,182.15,177.1,178.73,18681536
JPM.US,2025-09-30,316.25,317.41,310.11,315.43,11823315
KO.US,2025-09-30,66.07,66.64,65.96,66.32,13814992
MSFT.US,2025-09-30,513.24,518.16,509.66,517.95,19728229
XOM.US,2025-09-30,113.35,113.49,111.94,112.75,18076211
AAPL.US,2025-10-01,255.04,258.79,254.93,255.45,48713940
BABA.US,2025-10-01,179.98,183.08,178.87,182.78,14966893
JPM.US,2025-10-01,313.97,314.59,307.41,310.71,9235211
KO.US,2025-10-01,66.51,66.83,66.29,66.78,14877538
MSFT.US,2025-10-01,514.8,520.51,511.69,519.71,22632336
XOM.US,2025-10-01,112.56,113.02,111.29,111.99,16613992
0005.HK,2025-10-02,110.0,110.8,109.7,110.8,14287215
0700.HK,2025-10-02,667.5,683.0,665.5,676.5,17137745
1810.HK,2025-10-02,54.15,56.5,54.15,55.8,101931615
3690.HK,2025-10-02,104.2,107.5,104.1,105.8,62226576
9988.HK,2025-10-02,179.7,185.0,179.1,183.1,96036992
AAPL.US,2025-10-02,256.58,258.18,254.15,257.13,42630239
BABA.US,2025-10-02,188.58,192.67,188.3,189.34,23687832
JPM.US,2025-10-02,310.0,310.56,306.14,307.55,7599973
KO.US,2025-10-02,66.53,66.65,65.86,66.1,14350722
MSFT.US,2025-10-02,517.64,521.6,510.68,515.74,21222886
XOM.US,2025-10-02,111.97,113.09,111.03,111.29,13062563
0005.HK,2025-10-03,109.5,110.1,109.0,109.9,9743604
0700.HK,2025-10-03,677.0,680.0,670.0,673.5,7125093
1810.HK,2025-10-03,55.8,56.55,54.6,55.0,62150942
3690.HK,2025-10-03,105.8,106.6,105.1,106.1,33287609
9988.HK,2025-10-03,185.0,186.2,183.3,185.1,56780997
AAPL.US,2025-10-03,254.67,259.24,253.95,258.02,49155614
BABA.US,2025-10-03,190.72,191.07,187.14,188.03,13990883
JPM.US,2025-10-03,308.51,311.66,308.21,310.03,6029854
KO.US,2025-10-03,66.1,66.99,66.04,66.65,12249240
MSFT.US,2025-10-03,517.1,520.49,515.0,517.35,15112321
XOM.US,2025-10-03,111.9,113.75,111.9,113.26,12950118
0005.HK,2025-10-06,111.1,112.2,110.7,110.9,15257276
0700.HK,2025-10-06,675.0,682.5,670.0,677.5,7828323
1810.HK,2025-10-06,54.5,54.8,53.6,53.85,52592486
3690.HK,2025-10-06,106.1,107.8,104.9,105.6,30205074
9988.HK,2025-10-06,181.8,183.8,179.8,180.5,49211980
AAPL.US,2025-10-06,257.99,259.07,255.05,256.69,44664118
BABA.US,2025-10-06,186.5,189.61,186.31,187.22,10973537
JPM.US,2025-10-06,310.18,311.75,305.13,309.18,7214502
KO.US,2025-10-06,66.49,66.5,65.84,66.1,14333320
MSFT.US,2025-10-06,518.61,531.03,518.2,528.57,21388581
XOM.US,2025-10-06,113.29,114.77,113.18,114.2,12036830
AAPL.US,2025-10-07,256.81,257.4,255.43,256.48,31955776
BABA.US,2025-10-07,187.41,188.66,180.44,181.33,16942164
JPM.US,2025-10-07,309.35,310.01,304.7,307.69,8454217
KO.US,2025-10-07,66.23,67.26,65.87,66.79,13328270
MSFT.US,2025-10-07,528.29,529.8,521.44,523.98,14615208
XOM.US,2025-10-07,114.07,114.51,111.74,114.26,11945032
0005.HK,2025-10-08,109.8,110.6,109.2,110.6,10546369
0700.HK,2025-10-08,680.0,680.0,669.5,675.0,10540730
1810.HK,2025-10-08,53.85,54.15,53.05,53.85,84169990
3690.HK,2025-10-08,105.0,105.2,102.5,103.7,37052377
9988.HK,2025-10-08,178.1,178.3,173.5,177.6,75252197
AAPL.US,2025-10-08,256.52,258.52,256.11,258.06,36496895
BABA.US,2025-10-08,180.79,182.09,177.3,181.12,15883673
JPM.US,2025-10-08,308.21,308.78,303.55,304.03,6489883
KO.US,2025-10-08,66.67,66.87,66.06,66.12,12606677
MSFT.US,2025-10-08,523.28,526.95,523.09,524.85,13363447
XOM.US,2025-10-08,114.38,115.01,113.41,114.02,12300968
0005.HK,2025-10-09,107.5,108.0,102.5,104.0,92919887
0700.HK,2025-10-09,675.0,681.0,665.5,675.5,14454705
1810.HK,2025-10-09,54.05,54.7,53.2,53.35,127345006
3690.HK,2025-10-09,104.8,105.8,102.5,103.6,48363814
9988.HK,2025-10-09,179.0,179.0,171.5,173.3,158029622
AAPL.US,2025-10-09,257.81,258.0,253.14,254.04,38322012
BABA.US,2025-10-09,178.52,178.78,172.3,173.68,21211553
JPM.US,2025-10-09,305.05,308.04,303.39,305.53,7060332
KO.US,2025-10-09,66.29,66.8,66.12,66.37,12705190
MSFT.US,2025-10-09,522.34,524.33,517.4,522.4,18343602
XOM.US,2025-10-09,114.43,115.51,112.74,112.91,10976215
0005.HK,2025-10-10,103.6,103.8,102.1,103.5,36090348
0700.HK,2025-10-10,669.0,669.0,647.5,651.5,19904705
1810.HK,2025-10-10,52.8,52.95,51.7,52.05,168448674
3690.HK,2025-10-10,102.5,103.7,101.2,101.7,47852870
9988.HK,2025-10-10,169.1,170.3,164.8,165.4,186753966
AAPL.US,2025-10-10,254.94,256.38,244.0,245.27,61999098
BABA.US,2025-10-10,170.03,172.93,157.25,159.01,50296820
JPM.US,2025-10-10,305.66,310.47,300.81,300.89,8597384
KO.US,2025-10-10,66.52,67.4,66.38,67.04,17991744
MSFT.US,2025-10-10,519.64,523.58,509.63,510.96,24133840
XOM.US,2025-10-10,112.26,112.62,110.71,110.73,13811577
0005.HK,2025-10-13,101.0,102.6,100.4,102.6,35129469
0700.HK,2025-10-13,630.0,648.5,622.5,639.0,38012175
1810.HK,2025-10-13,49.7,50.9,47.5,49.08,488936850
3690.HK,2025-10-13,98.55,101.0,97.2,99.8,85317769
9988.HK,2025-10-13,159.0,163.6,156.1,162.6,282816644
AAPL.US,2025-10-13,249.38,249.69,245.56,247.66,38142942
BABA.US,2025-10-13,167.78,168.79,165.03,166.81,25703058
JPM.US,2025-10-13,305.6,309.46,305.45,307.97,10788680
KO.US,2025-10-13,66.23,66.8,66.0,66.8,13690029
MSFT.US,2025-10-13,516.41,516.41,511.68,514.05,14284238
XOM.US,2025-10-13,111.54,112.3,111.32,112.24,10296499
0005.HK,2025-10-14,103.0,103.3,101.0,101.9,24066211
0700.HK,2025-10-14,642.5,644.0,617.0,621.0,26797863
1810.HK,2025-10-14,49.26,50.45,48.22,48.62,219783395
3690.HK,2025-10-14,100.1,101.2,97.85,98.3,56742746
9988.HK,2025-10-14,164.8,166.1,154.0,155.6,201534774
AAPL.US,2025-10-14,246.6,248.85,244.7,247.77,35477986
BABA.US,2025-10-14,160.05,166.5,160.0,162.86,18583211
JPM.US,2025-10-14,305.84,307.0,294.21,302.08,16178755
KO.US,2025-10-14,66.87,67.57,66.75,67.51,14245564
MSFT.US,2025-10-14,510.23,515.28,506.0,513.57,14684300
XOM.US,2025-10-14,110.76,112.96,110.71,112.29,11167154
0005.HK,2025-10-15,103.1,103.9,103.1,103.5,16340175
0700.HK,2025-10-15,624.5,633.0,620.5,627.0,18381023
1810.HK,2025-10-15,49.46,49.86,48.96,49.48,119162669
3690.HK,2025-10-15,99.8,100.3,98.95,99.9,39259817
9988.HK,2025-10-15,158.7,162.7,156.1,161.6,111159729
AAPL.US,2025-10-15,249.49,251.82,247.47,249.34,33893611
BABA.US,2025-10-15,168.07,168.1,164.6,165.91,15337377
JPM.US,2025-10-15,306.39,312.12,305.44,305.69,11354778
KO.US,2025-10-15,67.27,67.72,66.92,67.08,11193715
MSFT.US,2025-10-15,514.96,517.19,510.0,513.43,14694654
XOM.US,2025-10-15,112.8,113.57,110.97,111.61,12182935
0005.HK,2025-10-16,103.0,103.0,101.7,102.9,20032905
0700.HK,2025-10-16,626.0,629.0,615.5,620.0,14285465
1810.HK,2025-10-16,49.66,49.7,47.32,47.7,248814161
3690.HK,2025-10-16,99.05,100.1,97.9,98.75,33048302
9988.HK,2025-10-16,162.6,164.2,158.6,161.2,73190193
AAPL.US,2025-10-16,248.25,249.04,245.13,247.45,39776974
BABA.US,2025-10-16,166.52,168.3,164.46,165.09,10979714
JPM.US,2025-10-16,305.35,308.68,297.07,298.54,10549447
KO.US,2025-10-16,67.18,68.11,67.16,67.59,15707226
MSFT.US,2025-10-16,512.58,516.85,508.13,511.61,15559565
XOM.US,2025-10-16,111.88,112.19,110.39,110.64,11782202
0005.HK,2025-10-17,102.1,102.5,100.5,100.9,25380495
0700.HK,2025-10-17,618.5,620.5,602.5,608.0,18654519
1810.HK,2025-10-17,47.54,47.88,45.74,45.96,264728170
3690.HK,2025-10-17,98.55,98.6,94.05,94.5,72221262
9988.HK,2025-10-17,161.0,161.0,153.0,154.4,133552318
AAPL.US,2025-10-17,248.02,253.38,247.27,252.29,49146961
BABA.US,2025-10-17,161.76,169.1,161.15,167.05,17765727
JPM.US,2025-10-17,299.16,299.55,294.2,297.56,10153454
KO.US,2025-10-17,68.0,68.5,67.8,68.44,15541769
MSFT.US,2025-10-17,509.04,515.48,507.31,513.58,19867765
XOM.US,2025-10-17,111.63,112.91,111.18,112.24,13460069
0005.HK,2025-10-20,102.0,102.6,101.7,102.1,14257592
0700.HK,2025-10-20,624.0,632.5,621.5,627.5,14963360
1810.HK,2025-10-20,46.98,47.68,46.62,47.14,139718028
3690.HK,2025-10-20,97.5,97.5,96.05,96.65,39887843
9988.HK,2025-10-20,162.1,162.9,160.0,161.9,98042110
AAPL.US,2025-10-20,255.89,264.38,255.63,262.24,90483029
BABA.US,2025-10-20,167.29,174.97,165.79,173.47,20120474
JPM.US,2025-10-20,298.5,303.69,298.16,302.36,6894943
KO.US,2025-10-20,68.43,68.64,67.92,68.44,17786778
MSFT.US,2025-10-20,514.61,518.7,513.43,516.79,14665620
XOM.US,2025-10-20,112.0,113.15,111.98,112.7,9523617
0005.HK,2025-10-21,102.0,103.4,101.8,102.4,17638573
0700.HK,2025-10-21,643.0,644.0,630.0,630.5,14171988
1810.HK,2025-10-21,48.14,48.14,46.3,46.46,164163711
3690.HK,2025-10-21,97.5,98.9,96.4,96.5,39365037
9988.HK,2025-10-21,167.5,169.0,164.8,165.1,110624314
AAPL.US,2025-10-21,261.88,265.29,261.83,262.77,46695948
BABA.US,2025-10-21,170.52,170.94,166.42,166.67,15662505
JPM.US,2025-10-21,301.66,304.05,297.0,297.09,7372671
KO.US,2025-10-21,70.57,71.39,70.23,71.22,33651302
MSFT.US,2025-10-21,517.5,518.69,513.04,517.66,15586204
XOM.US,2025-10-21,112.89,113.36,111.99,112.71,9202349
0005.HK,2025-10-22,102.2,103.2,102.2,102.5,9717663
0700.HK,2025-10-22,626.0,629.0,616.5,623.5,9979448
1810.HK,2025-10-22,46.0,46.74,45.7,46.34,121391262
3690.HK,2025-10-22,96.0,97.15,95.4,96.1,31999681
9988.HK,2025-10-22,162.7,163.6,160.0,161.9,67640668
AAPL.US,2025-10-22,262.65,262.85,255.43,258.45,45015254
BABA.US,2025-10-22,167.0,169.67,163.58,165.86,15016541
JPM.US,2025-10-22,297.77,298.06,290.54,294.11,8054115
KO.US,2025-10-22,71.36,71.62,70.51,70.81,18292950
MSFT.US,2025-10-22,521.15,525.23,517.71,520.54,18962694
XOM.US,2025-10-22,113.45,115.18,113.08,114.71,12938790
0005.HK,2025-10-23,102.6,103.2,102.4,102.7,7515170
0700.HK,2025-10-23,620.0,636.0,618.0,633.0,12419348
1810.HK,2025-10-23,46.02,47.08,45.7,46.74,106829656
3690.HK,2025-10-23,95.25,102.7,95.25,100.0,106954704
9988.HK,2025-10-23,161.9,165.5,159.1,164.6,86447894
AAPL.US,2025-10-23,259.94,260.62,258.01,259.58,32754941
BABA.US,2025-10-23,168.97,173.24,168.32,171.9,12792123
JPM.US,2025-10-23,294.38,296.37,292.51,294.54,5438810
KO.US,2025-10-23,70.81,70.93,69.72,69.94,13989414
MSFT.US,2025-10-23,522.46,523.95,518.61,520.56,14023532
XOM.US,2025-10-23,116.63,116.85,115.36,115.98,15001088
0005.HK,2025-10-24,102.6,103.7,102.5,103.1,12264938
0700.HK,2025-10-24,639.0,641.5,633.5,637.5,11997034
1810.HK,2025-10-24,47.1,47.4,45.74,45.92,170946122
3690.HK,2025-10-24,101.3,101.9,98.4,100.6,53974824
9988.HK,2025-10-24,168.0,169.3,166.6,168.3,84064278
AAPL.US,2025-10-24,261.19,264.13,259.18,262.82,38253717
BABA.US,2025-10-24,174.4,176.44,173.36,174.7,11840994
JPM.US,2025-10-24,296.08,302.6,295.45,300.44,7228330
KO.US,2025-10-24,69.91,70.05,69.65,69.71,15688202
MSFT.US,2025-10-24,522.79,525.35,520.71,523.61,15532360
XOM.US,2025-10-24,116.35,116.47,115.18,115.39,9919409
0005.HK,2025-10-27,103.8,103.8,101.2,102.0,22950060
0700.HK,2025-10-27,649.0,656.0,646.0,656.0,16043970
1810.HK,2025-10-27,45.72,46.0,43.88,45.8,282836746
3690.HK,2025-10-27,101.5,103.6,101.0,102.0,56223912
9988.HK,2025-10-27,174.8,175.0,172.1,173.6,96795907
AAPL.US,2025-10-27,264.88,269.12,264.65,268.81,44888152
BABA.US,2025-10-27,179.74,180.0,177.62,179.45,12580845
JPM.US,2025-10-27,302.16,304.53,301.01,304.15,5642222
KO.US,2025-10-27,69.78,70.12,69.25,70.06,13800049
MSFT.US,2025-10-27,531.78,534.58,529.01,531.52,18734716
XOM.US,2025-10-27,115.7,115.99,115.1,115.94,10975412
0005.HK,2025-10-28,103.2,106.5,102.7,106.5,30318072
0700.HK,2025-10-28,656.0,656.0,641.0,645.0,16295470
1810.HK,2025-10-28,45.4,45.48,44.3,44.92,184222833
3690.HK,2025-10-28,102.0,102.5,99.75,100.0,38000867
9988.HK,2025-10-28,174.0,174.2,169.5,171.0,78492657
AAPL.US,2025-10-28,268.99,269.89,268.15,269.0,41534759
BABA.US,2025-10-28,177.48,179.38,175.24,176.72,11906931
JPM.US,2025-10-28,304.86,307.97,303.16,305.36,6335993
KO.US,2025-10-28,70.05,70.9,69.95,70.16,12730493
MSFT.US,2025-10-28,550.0,553.72,540.77,542.07,29986683
XOM.US,2025-10-28,115.49,116.18,114.99,115.03,9535211
AAPL.US,2025-10-29,269.28,271.41,267.11,269.7,51086742
BABA.US,2025-10-29,180.3,182.5,178.09,179.97,12068930
JPM.US,2025-10-29,303.51,308.25,303.01,305.51,7520324
KO.US,2025-10-29,69.92,70.03,68.16,68.35,19789610
MSFT.US,2025-10-29,544.94,546.27,536.73,541.55,36023004
XOM.US,2025-10-29,114.92,117.05,114.81,116.45,12570572
0005.HK,2025-10-30,109.6,109.8,107.5,108.0,23739703
0700.HK,2025-10-30,657.0,664.0,645.0,651.0,21772780
1810.HK,2025-10-30,44.56,45.0,43.5,44.16,246926143
3690.HK,2025-10-30,101.2,105.3,99.15,102.4,100543878
9988.HK,2025-10-30,173.4,174.8,169.0,172.1,112254088
AAPL.US,2025-10-30,271.99,274.14,268.48,271.4,69886534
BABA.US,2025-10-30,174.32,176.38,173.78,173.93,10756273
JPM.US,2025-10-30,305.79,312.61,305.1,309.44,7514556
KO.US,2025-10-30,68.45,69.29,68.39,68.98,14751735
MSFT.US,2025-10-30,530.48,534.97,522.12,525.76,41023088
XOM.US,2025-10-30,116.43,116.52,114.53,114.69,16172943
0005.HK,2025-10-31,108.7,109.0,107.8,108.1,10578102
0700.HK,2025-10-31,651.5,655.0,629.0,629.0,20578283
1810.HK,2025-10-31,43.6,44.04,43.2,43.2,139914873
3690.HK,2025-10-31,102.6,104.6,102.0,102.0,39102336
9988.HK,2025-10-31,169.8,170.6,165.1,165.1,97457096
AAPL.US,2025-10-31,276.99,277.32,269.16,270.37,86167123
BABA.US,2025-10-31,170.53,171.45,168.12,170.43,13181435
JPM.US,2025-10-31,308.54,312.87,307.25,311.12,7721297
KO.US,2025-10-31,68.55,69.07,67.9,68.9,16742681
MSFT.US,2025-10-31,528.88,529.32,515.1,517.81,34006424
XOM.US,2025-10-31,113.98,115.23,112.62,114.36,20213352
0005.HK,2025-11-03,108.1,108.8,107.6,108.3,6430188
0700.HK,2025-11-03,630.5,634.0,622.5,628.0,11591004
1810.HK,2025-11-03,43.8,45.08,43.8,44.72,210374637
3690.HK,2025-11-03,102.9,103.8,101.4,102.3,31041608
9988.HK,2025-11-03,164.9,166.3,161.5,163.2,74773287
AAPL.US,2025-11-03,270.42,270.85,266.25,269.05,50194583
BABA.US,2025-11-03,168.31,168.94,165.58,167.69,9702276
JPM.US,2025-11-03,311.0,312.32,306.21,309.35,7770040
KO.US,2025-11-03,68.8,68.89,67.66,67.97,15660354
MSFT.US,2025-11-03,519.81,524.96,514.59,517.03,22374742
XOM.US,2025-11-03,114.5,114.99,113.64,113.76,12290304
0005.HK,2025-11-04,108.5,109.4,108.0,108.0,9496069
0700.HK,2025-11-04,631.0,640.0,625.5,629.0,14972125
1810.HK,2025-11-04,44.72,44.9,43.28,43.42,136346196
3690.HK,2025-11-04,101.8,102.2,99.2,99.9,44273602
9988.HK,2025-11-04,164.0,164.0,158.1,159.0,89529769
AAPL.US,2025-11-04,268.33,271.49,267.62,270.04,49274846
BABA.US,2025-11-04,162.6,166.5,162.2,164.3,9693135
JPM.US,2025-11-04,306.71,312.22,305.1,309.25,7085164
KO.US,2025-11-04,68.47,68.73,68.16,68.66,12743781
MSFT.US,2025-11-04,511.76,515.55,507.84,514.33,20958663
XOM.US,2025-11-04,113.38,114.35,112.51,114.14,16860741
0005.HK,2025-11-05,108.0,108.2,107.0,108.2,10200607
0700.HK,2025-11-05,621.0,632.0,613.0,629.0,13309811
1810.HK,2025-11-05,42.6,43.32,42.16,43.32,127723032
3690.HK,2025-11-05,98.6,102.0,98.3,101.2,42049675
9988.HK,2025-11-05,156.6,159.3,154.2,158.5,94071358
AAPL.US,2025-11-05,268.61,271.7,266.93,270.14,43683072
BABA.US,2025-11-05,164.4,166.88,163.6,164.82,8631419
JPM.US,2025-11-05,309.61,313.1,305.63,311.68,6865198
KO.US,2025-11-05,68.66,68.83,68.18,68.51,12850125
MSFT.US,2025-11-05,513.3,514.83,506.58,507.16,23024342
XOM.US,2025-11-05,114.09,115.18,113.67,113.68,12400921
0005.HK,2025-11-06,109.0,110.7,108.8,110.7,19883780
0700.HK,2025-11-06,629.5,645.5,629.5,644.0,13081287
1810.HK,2025-11-06,43.62,43.7,42.92,43.44,122167159
3690.HK,2025-11-06,102.1,103.6,101.5,103.3,42887298
9988.HK,2025-11-06,160.8,165.3,159.9,165.0,83528391
AAPL.US,2025-11-06,267.89,273.4,267.89,269.77,51204045
BABA.US,2025-11-06,169.0,170.55,165.52,167.61,12438908
JPM.US,2025-11-06,310.99,314.84,310.26,313.42,7206111
KO.US,2025-11-06,68.3,69.14,67.92,69.06,15906651
MSFT.US,2025-11-06,505.66,505.7,495.81,497.1,27406496
XOM.US,2025-11-06,113.64,114.94,113.64,114.5,14219654
0005.HK,2025-11-07,110.4,110.7,109.6,110.0,9251490
0700.HK,2025-11-07,638.0,643.0,628.5,634.0,13314360
1810.HK,2025-11-07,43.2,43.2,41.92,42.24,175915458
3690.HK,2025-11-07,101.9,102.2,100.8,102.0,29757750
9988.HK,2025-11-07,163.2,163.2,158.9,160.1,66709927
AAPL.US,2025-11-07,269.8,272.29,266.77,268.47,48227365
BABA.US,2025-11-07,162.96,166.38,161.22,166.34,11581220
JPM.US,2025-11-07,311.89,314.43,307.64,314.21,7302347
KO.US,2025-11-07,69.81,70.87,69.41,70.55,25108308
MSFT.US,2025-11-07,496.95,499.38,493.25,496.82,24019764
XOM.US,2025-11-07,115.21,117.51,114.9,117.22,17181149
0005.HK,2025-11-10,110.0,111.0,109.5,110.5,8965474
0700.HK,2025-11-10,641.0,651.0,641.0,649.5,14513815
1810.HK,2025-11-10,42.24,42.86,41.68,42.36,163981822
3690.HK,2025-11-10,102.0,103.6,101.2,103.3,30303643
9988.HK,2025-11-10,162.8,164.2,160.4,163.4,57596575
AAPL.US,2025-11-10,268.96,273.73,267.46,269.43,41312412
BABA.US,2025-11-10,167.62,168.0,163.64,165.89,9348727
JPM.US,2025-11-10,315.0,319.56,314.21,316.89,5794505
KO.US,2025-11-10,70.01,70.66,69.44,70.52,15317986
MSFT.US,2025-11-10,500.04,506.85,498.8,506.0,26101480
XOM.US,2025-11-10,117.44,118.45,115.46,118.22,13047958
0005.HK,2025-11-11,111.4,113.0,111.4,112.4,14732300
0700.HK,2025-11-11,662.0,662.0,641.0,650.0,13087772
1810.HK,2025-11-11,42.64,43.42,42.36,42.98,152392565
3690.HK,2025-11-11,103.3,104.4,100.6,102.0,41269159
9988.HK,2025-11-11,161.5,162.4,158.6,160.4,73054852
AAPL.US,2025-11-11,269.81,275.91,269.8,275.25,46208318
BABA.US,2025-11-11,164.59,165.58,160.16,160.8,11354390
JPM.US,2025-11-11,317.5,319.05,315.28,315.62,5030216
KO.US,2025-11-11,70.98,71.75,70.66,71.61,16160212
MSFT.US,2025-11-11,504.8,509.6,502.35,508.68,17980020
XOM.US,2025-11-11,118.83,120.81,118.83,119.78,16077101
0005.HK,2025-11-12,112.4,114.3,112.4,113.5,14317119
0700.HK,2025-11-12,655.0,658.5,652.0,657.0,13658568
1810.HK,2025-11-12,43.4,44.62,42.86,43.7,219603402
3690.HK,2025-11-12,102.0,102.4,100.8,101.8,24968884
9988.HK,2025-11-12,157.1,158.4,155.2,156.8,96741580
AAPL.US,2025-11-12,275.0,275.73,271.7,273.47,48397982
BABA.US,2025-11-12,160.98,161.19,156.2,157.91,13920804
JPM.US,2025-11-12,316.26,322.25,316.21,320.41,10578266
KO.US,2025-11-12,71.49,71.89,71.34,71.51,13612613
MSFT.US,2025-11-12,509.36,511.67,499.12,511.14,26574851
XOM.US,2025-11-12,119.1,119.28,117.79,118.12,13790889
0005.HK,2025-11-13,113.8,114.8,113.5,114.3,13596262
0700.HK,2025-11-13,649.5,660.0,645.0,656.0,17299913
1810.HK,2025-11-13,43.76,44.24,42.9,43.5,158595312
3690.HK,2025-11-13,101.0,103.0,99.5,102.1,33815896
9988.HK,2025-11-13,153.9,166.0,153.3,162.0,155447392
AAPL.US,2025-11-13,274.11,276.7,272.09,272.95,49602794
BABA.US,2025-11-13,164.0,164.0,158.5,159.84,17212992
JPM.US,2025-11-13,319.23,320.63,309.1,309.48,8973258
KO.US,2025-11-13,71.42,71.67,71.0,71.07,14002824
MSFT.US,2025-11-13,510.31,513.5,501.29,503.29,25273114
XOM.US,2025-11-13,118.63,119.76,118.28,118.79,17291874
0005.HK,2025-11-14,113.3,114.2,112.9,112.9,9511429
0700.HK,2025-11-14,645.0,659.0,640.0,641.0,19956444
1810.HK,2025-11-14,42.6,42.86,42.28,42.36,139429210
3690.HK,2025-11-14,100.6,101.6,99.5,100.0,35419273
9988.HK,2025-11-14,156.5,158.4,154.5,154.9,101354219
AAPL.US,2025-11-14,271.05,275.96,269.6,272.41,47431331
BABA.US,2025-11-14,156.94,162.62,151.78,153.8,33991002
JPM.US,2025-11-14,307.51,307.64,301.23,303.61,10326983
KO.US,2025-11-14,71.41,71.64,70.6,71.16,13172016
MSFT.US,2025-11-14,498.23,511.6,497.44,510.18,28505746
XOM.US,2025-11-14,118.45,119.48,116.66,119.29,17064267
0005.HK,2025-11-17,112.0,112.4,111.4,112.1,8779723
0700.HK,2025-11-17,640.0,642.5,633.0,636.5,13794477
1810.HK,2025-11-17,42.4,42.78,41.7,41.96,131317369
3690.HK,2025-11-17,99.5,102.5,99.5,100.3,28915570
9988.HK,2025-11-17,152.3,158.0,152.1,154.9,113907864
AAPL.US,2025-11-17,268.82,270.49,265.73,267.46,45018260
BABA.US,2025-11-17,157.98,161.03,156.9,157.71,16911369
JPM.US,2025-11-17,304.0,305.59,297.67,300.37,8344046
KO.US,2025-11-17,71.2,71.53,70.62,70.68,14772285
MSFT.US,2025-11-17,508.45,512.12,504.91,507.49,19092752
XOM.US,2025-11-17,118.97,119.5,117.11,117.68,16034860
0005.HK,2025-11-18,111.0,111.0,108.8,109.6,14883339
0700.HK,2025-11-18,628.0,641.0,620.5,623.5,18818609
1810.HK,2025-11-18,41.78,41.78,40.52,40.78,214473888
3690.HK,2025-11-18,99.35,100.1,98.05,98.6,33786187
9988.HK,2025-11-18,153.2,158.4,153.2,154.6,102880519
AAPL.US,2025-11-18,269.99,270.71,265.32,267.44,45677278
BABA.US,2025-11-18,157.31,161.28,156.7,159.72,12438918
JPM.US,2025-11-18,299.5,302.95,297.02,299.41,8077315
KO.US,2025-11-18,70.99,71.34,70.57,71.22,12838923
MSFT.US,2025-11-18,495.37,502.98,486.78,493.79,33815114
XOM.US,2025-11-18,117.26,119.48,116.48,119.03,15808518
0005.HK,2025-11-19,108.4,109.1,107.7,107.8,12267840
0700.HK,2025-11-19,627.5,631.5,619.5,622.5,13959708
1810.HK,2025-11-19,40.0,40.98,38.22,38.82,480542429
3690.HK,2025-11-19,98.65,99.65,97.7,98.0,25108369
9988.HK,2025-11-19,155.8,157.9,155.1,156.4,71141046
AAPL.US,2025-11-19,265.53,272.21,265.5,268.56,40424492
BABA.US,2025-11-19,159.33,160.97,158.04,158.89,7949937
JPM.US,2025-11-19,299.74,304.45,299.27,303.27,5546555
KO.US,2025-11-19,71.2,71.45,70.81,71.11,12401529
MSFT.US,2025-11-19,490.1,495.19,482.83,487.12,23245314
XOM.US,2025-11-19,116.85,118.18,115.93,117.35,15919239
0005.HK,2025-11-20,108.0,108.9,107.4,107.6,9430635
0700.HK,2025-11-20,626.5,630.5,615.5,621.0,14015988
1810.HK,2025-11-20,38.8,38.86,37.3,37.7,348136827
3690.HK,2025-11-20,98.95,99.4,97.2,98.5,24966349
9988.HK,2025-11-20,158.3,159.8,154.0,154.8,65486765
AAPL.US,2025-11-20,270.83,275.43,265.92,266.25,45823568
BABA.US,2025-11-20,159.0,161.39,153.0,153.28,13466893
JPM.US,2025-11-20,306.34,309.92,298.16,298.38,7501582
KO.US,2025-11-20,70.95,71.48,70.61,71.21,15396543
MSFT.US,2025-11-20,492.71,493.57,475.5,478.43,26802542
XOM.US,2025-11-20,117.98,119.01,116.74,117.02,14401011
0005.HK,2025-11-21,106.0,106.6,105.0,105.1,13752751
0700.HK,2025-11-21,610.0,615.0,606.0,610.0,23732050
1810.HK,2025-11-21,36.8,38.9,36.62,38.08,417607492
3690.HK,2025-11-21,97.0,97.25,95.15,95.55,46164332
9988.HK,2025-11-21,150.0,150.6,146.9,147.6,141043093
AAPL.US,2025-11-21,265.95,273.33,265.67,271.49,59030832
BABA.US,2025-11-21,151.98,155.88,148.64,152.93,16240767
JPM.US,2025-11-21,301.29,301.68,292.81,298.02,11766810
KO.US,2025-11-21,71.68,73.19,71.49,72.95,26492529
MSFT.US,2025-11-21,478.5,478.92,468.27,472.12,31769248
XOM.US,2025-11-21,116.99,117.38,115.65,117.08,15667596
0005.HK,2025-11-24,106.9,107.6,106.2,107.3,12057743
0700.HK,2025-11-24,615.0,627.5,613.5,624.5,22376801
1810.HK,2025-11-24,38.8,38.94,37.76,38.66,236144311
3690.HK,2025-11-24,96.05,98.6,95.65,98.15,38950345
9988.HK,2025-11-24,147.8,156.3,147.8,154.5,199790253
AAPL.US,2025-11-24,270.9,277.0,270.9,275.92,65585796
BABA.US,2025-11-24,160.0,161.5,158.7,160.73,21796582
JPM.US,2025-11-24,298.24,299.82,294.51,298.0,10940186
KO.US,2025-11-24,73.16,73.16,71.57,72.59,39818553
MSFT.US,2025-11-24,475.0,476.9,468.02,474.0,34421046
XOM.US,2025-11-24,117.2,117.2,114.74,115.97,18034923
0005.HK,2025-11-25,107.3,107.7,106.1,106.8,10642240
0700.HK,2025-11-25,633.0,635.0,620.5,625.0,14877620
1810.HK,2025-11-25,39.8,41.1,39.58,40.34,317034207
3690.HK,2025-11-25,99.2,99.6,97.45,98.25,29485452
9988.HK,2025-11-25,159.0,160.5,153.4,157.8,147102629
AAPL.US,2025-11-25,275.27,280.38,275.25,276.97,46914220
BABA.US,2025-11-25,165.2,166.37,156.15,157.01,27097482
JPM.US,2025-11-25,300.05,304.5,295.56,303.0,8877188
KO.US,2025-11-25,72.8,72.93,72.14,72.61,17451155
MSFT.US,2025-11-25,474.07,479.15,464.89,476.99,28019793
XOM.US,2025-11-25,115.18,115.9,114.19,114.51,14434558
0005.HK,2025-11-26,107.6,108.2,106.8,107.6,10128177
0700.HK,2025-11-26,628.5,630.0,618.0,619.5,14429595
1810.HK,2025-11-26,40.58,41.12,39.9,40.1,200500143
3690.HK,2025-11-26,102.4,105.2,102.1,103.8,128129815
9988.HK,2025-11-26,154.0,158.0,153.4,154.8,110863259
AAPL.US,2025-11-26,276.96,279.53,276.63,277.55,33431423
BABA.US,2025-11-26,159.1,161.46,150.0,157.6,21453064
JPM.US,2025-11-26,305.0,308.53,303.2,307.64,7910851
KO.US,2025-11-26,72.6,73.09,72.39,72.88,11795061
MSFT.US,2025-11-26,486.31,488.31,481.2,485.5,25709079
XOM.US,2025-11-26,114.41,115.74,114.31,114.77,11650597
0005.HK,2025-11-27,109.0,109.2,107.8,109.0,16714313
0700.HK,2025-11-27,618.0,620.5,609.0,611.5,15493209
1810.HK,2025-11-27,40.24,41.8,40.22,41.1,209296970
3690.HK,2025-11-27,103.6,104.8,101.9,104.0,58022656
9988.HK,2025-11-27,154.0,154.9,150.1,150.6,103303822
0005.HK,2025-11-28,109.0,109.3,108.5,109.3,6108819
0700.HK,2025-11-28,611.5,617.0,608.5,611.5,13216245
1810.HK,2025-11-28,41.18,41.2,40.62,41.02,85614446
3690.HK,2025-11-28,104.5,104.8,102.3,102.5,43785936
9988.HK,2025-11-28,151.8,153.2,151.0,151.5,66572166
AAPL.US,2025-11-28,277.26,279.0,275.99,278.85,20135620
BABA.US,2025-11-28,156.16,158.69,155.68,157.3,7185491
JPM.US,2025-11-28,309.1,313.72,308.24,313.08,4322448
KO.US,2025-11-28,73.0,73.23,72.76,73.12,7423049
MSFT.US,2025-11-28,487.6,492.63,486.65,492.01,14386730
XOM.US,2025-11-28,114.95,118.74,114.82,115.92,7240825
0005.HK,2025-12-01,109.3,111.3,109.3,110.5,9127025
0700.HK,2025-12-01,613.5,623.0,613.0,619.5,12643338
1810.HK,2025-12-01,41.24,41.28,39.84,40.3,195409729
3690.HK,2025-12-01,100.1,103.4,98.6,99.55,86464495
9988.HK,2025-12-01,153.0,156.9,152.0,154.9,93259220
AAPL.US,2025-12-01,278.01,283.42,276.14,283.1,46587722
BABA.US,2025-12-01,160.5,164.85,159.41,164.26,15321150
JPM.US,2025-12-01,312.95,314.04,308.54,308.92,7727324
KO.US,2025-12-01,72.6,72.91,71.93,71.95,14388075
MSFT.US,2025-12-01,488.44,489.86,484.65,486.74,23963993
XOM.US,2025-12-01,116.1,117.41,116.1,116.63,12658100
0005.HK,2025-12-02,110.5,111.7,110.3,111.0,7973452
0700.HK,2025-12-02,625.5,626.0,615.0,617.0,11460186
1810.HK,2025-12-02,40.54,41.3,40.08,40.7,140246380
3690.HK,2025-12-02,99.5,99.7,95.7,96.5,80744936
9988.HK,2025-12-02,160.1,160.1,156.3,157.0,74133971
AAPL.US,2025-12-02,283.0,287.4,282.63,286.19,53669532
BABA.US,2025-12-02,161.2,161.73,159.12,161.13,9878480
JPM.US,2025-12-02,308.74,310.48,307.09,307.88,7249043
KO.US,2025-12-02,71.8,71.8,70.43,70.67,19871302
MSFT.US,2025-12-02,486.72,493.5,486.32,490.0,19562722
XOM.US,2025-12-02,116.44,116.6,114.69,115.38,14607704
0005.HK,2025-12-03,111.4,111.4,110.6,111.2,10933998
0700.HK,2025-12-03,616.0,616.0,608.5,611.0,11002158
1810.HK,2025-12-03,40.7,40.94,40.1,40.22,107270957
3690.HK,2025-12-03,96.5,97.4,95.4,95.9,39051180
9988.HK,2025-12-03,155.8,156.6,153.1,153.6,54076752
AAPL.US,2025-12-03,286.2,288.62,283.3,284.15,43538687
BABA.US,2025-12-03,157.4,158.45,156.53,158.08,6967995
JPM.US,2025-12-03,307.2,312.36,306.8,312.13,8535260
KO.US,2025-12-03,70.88,71.4,70.61,70.81,17001667
MSFT.US,2025-12-03,476.32,484.24,475.2,477.73,34615102
XOM.US,2025-12-03,115.95,117.98,115.88,117.8,16819130
0005.HK,2025-12-04,111.1,111.5,110.3,111.5,8153363
0700.HK,2025-12-04,610.0,613.0,605.0,612.0,15329748
1810.HK,2025-12-04,40.34,42.16,40.18,41.98,186514763
3690.HK,2025-12-04,96.8,98.8,96.25,98.1,49912883
9988.HK,2025-12-04,153.1,155.1,152.5,154.4,57110210
AAPL.US,2025-12-04,284.1,284.73,278.59,280.7,43989056
BABA.US,2025-12-04,158.27,158.8,156.41,157.44,6666349
JPM.US,2025-12-04,313.26,318.49,313.0,316.1,9627834
KO.US,2025-12-04,70.83,71.34,70.37,70.45,17710032
MSFT.US,2025-12-04,479.76,481.32,476.49,480.84,22318155
XOM.US,2025-12-04,117.5,118.34,116.66,117.14,13686897
0005.HK,2025-12-05,111.2,111.6,110.7,111.0,21391217
0700.HK,2025-12-05,605.0,611.0,604.0,610.0,14638391
1810.HK,2025-12-05,41.7,43.18,41.3,42.78,274587981
3690.HK,2025-12-05,97.6,99.75,96.65,99.05,44529788
9988.HK,2025-12-05,153.2,155.1,152.6,155.0,78815068
AAPL.US,2025-12-05,280.54,281.14,278.05,278.78,47265845
BABA.US,2025-12-05,159.15,159.49,157.68,158.32,6277149
JPM.US,2025-12-05,315.64,318.48,314.68,315.04,6518908
KO.US,2025-12-05,70.32,70.71,69.87,70.0,13978242
MSFT.US,2025-12-05,482.52,483.4,478.88,483.16,22608710
XOM.US,2025-12-05,116.75,118.78,116.41,116.54,12516864
0005.HK,2025-12-08,110.0,110.6,108.6,109.1,19058791
0700.HK,2025-12-08,607.5,609.5,604.0,605.0,13421327
1810.HK,2025-12-08,42.92,43.64,42.02,42.58,242628730
3690.HK,2025-12-08,98.4,101.2,98.4,99.5,31145522
9988.HK,2025-12-08,155.0,155.5,152.8,153.4,75226835
AAPL.US,2025-12-08,278.13,279.67,276.15,277.89,38211832
BABA.US,2025-12-08,157.57,158.74,156.41,158.13,7342015
JPM.US,2025-12-08,315.06,316.47,313.35,315.21,7417191
KO.US,2025-12-08,69.84,70.38,69.49,70.25,17775097
MSFT.US,2025-12-08,484.89,492.3,484.38,491.02,21965900
XOM.US,2025-12-08,115.83,117.0,115.04,115.98,14904164
0005.HK,2025-12-09,109.7,110.3,109.2,109.5,11079729
0700.HK,2025-12-09,609.5,610.0,596.0,602.5,17431321
1810.HK,2025-12-09,42.48,42.88,41.02,41.26,182989838
3690.HK,2025-12-09,99.5,99.7,97.2,97.35,36058225
9988.HK,2025-12-09,155.1,156.8,150.4,150.9,69789164
AAPL.US,2025-12-09,278.16,280.03,276.92,277.18,32193256
BABA.US,2025-12-09,154.44,156.6,154.3,155.96,6458051
JPM.US,2025-12-09,314.95,318.8,300.02,300.51,18049223
KO.US,2025-12-09,70.37,70.63,69.83,70.09,13010623
MSFT.US,2025-12-09,489.1,492.12,488.5,492.02,14696078
XOM.US,2025-12-09,116.9,120.47,116.89,118.25,23790815
0005.HK,2025-12-10,110.0,111.7,108.7,111.7,15672710
0700.HK,2025-12-10,602.0,603.0,595.0,603.0,14750743
1810.HK,2025-12-10,41.32,41.94,40.86,41.78,113257196
3690.HK,2025-12-10,98.4,100.5,97.65,100.0,51497713
9988.HK,2025-12-10,150.5,153.4,149.6,153.2,61369895
AAPL.US,2025-12-10,277.75,279.75,276.44,278.78,33038318
BABA.US,2025-12-10,159.64,160.74,157.5,158.82,10928552
JPM.US,2025-12-10,300.5,311.19,298.46,310.11,18874092
KO.US,2025-12-10,70.39,70.53,69.78,70.21,29789356
MSFT.US,2025-12-10,484.03,484.25,475.08,478.56,35756229
XOM.US,2025-12-10,118.73,119.87,118.37,119.54,19845192
0005.HK,2025-12-11,114.4,115.3,113.7,114.0,21622514
0700.HK,2025-12-11,609.0,612.0,599.0,601.5,12480887
1810.HK,2025-12-11,41.78,42.46,41.6,42.18,123140679
3690.HK,2025-12-11,100.2,102.0,99.8,101.5,41406607
9988.HK,2025-12-11,155.0,155.5,150.5,150.6,59433982
AAPL.US,2025-12-11,279.1,279.59,273.81,278.03,33247986
BABA.US,2025-12-11,155.15,157.05,153.36,156.9,8171243
JPM.US,2025-12-11,309.24,318.0,309.24,317.38,9721859
KO.US,2025-12-11,70.55,70.69,68.79,69.11,23124157
MSFT.US,2025-12-11,476.63,486.03,475.86,483.47,24669180
XOM.US,2025-12-11,119.11,120.36,119.07,119.54,14781787
0005.HK,2025-12-12,116.1,117.9,116.0,117.3,33397964
0700.HK,2025-12-12,608.0,616.0,601.5,616.0,17825495
1810.HK,2025-12-12,42.66,43.6,42.18,42.96,243323268
3690.HK,2025-12-12,102.0,104.0,101.4,102.4,85213513
9988.HK,2025-12-12,152.7,154.1,150.8,154.1,88532981
AAPL.US,2025-12-12,277.9,279.22,276.82,278.28,39532887
BABA.US,2025-12-12,157.77,158.95,153.8,155.68,6708382
JPM.US,2025-12-12,319.68,320.27,316.6,318.52,8982911
KO.US,2025-12-12,69.11,70.62,69.04,70.52,18444506
MSFT.US,2025-12-12,479.82,482.45,476.34,478.53,21248102
XOM.US,2025-12-12,119.44,119.92,118.31,118.82,14459538
0005.HK,2025-12-15,116.4,116.7,115.6,116.2,11925266
0700.HK,2025-12-15,606.0,608.5,602.0,603.0,15165502
1810.HK,2025-12-15,42.3,42.6,41.72,41.84,132614562
3690.HK,2025-12-15,101.6,102.8,100.5,100.9,38535431
9988.HK,2025-12-15,150.8,151.7,148.5,148.6,94298860
AAPL.US,2025-12-15,280.15,280.15,272.84,274.11,50409078
BABA.US,2025-12-15,153.18,153.21,149.58,150.09,11233112
JPM.US,2025-12-15,319.59,322.88,318.39,320.02,10864122
KO.US,2025-12-15,70.43,71.32,70.32,70.97,18660053
MSFT.US,2025-12-15,480.1,480.72,472.52,474.82,23727694
XOM.US,2025-12-15,119.01,119.03,116.85,117.76,16358669
0005.HK,2025-12-16,116.3,116.5,115.2,116.2,8579394
0700.HK,2025-12-16,602.5,603.0,592.0,596.5,15987678
1810.HK,2025-12-16,41.3,41.5,40.3,40.9,145947185
3690.HK,2025-12-16,100.2,101.3,98.65,99.5,32115324
9988.HK,2025-12-16,146.9,147.0,141.6,144.2,118119058
AAPL.US,2025-12-16,272.82,275.5,271.79,274.61,37648628
BABA.US,2025-12-16,148.95,149.97,147.51,149.29,9051912
JPM.US,2025-12-16,319.09,319.52,314.4,315.55,8331336
KO.US,2025-12-16,71.3,71.3,70.32,70.37,17370016
MSFT.US,2025-12-16,471.91,477.89,470.88,476.39,20705560
XOM.US,2025-12-16,116.77,116.84,114.61,114.68,17638716
0005.HK,2025-12-17,115.7,117.5,115.4,117.5,9505813
0700.HK,2025-12-17,597.0,606.0,594.5,605.0,14824785
1810.HK,2025-12-17,41.28,41.46,40.4,41.22,101356700
3690.HK,2025-12-17,99.6,103.0,98.9,101.3,38155110
9988.HK,2025-12-17,144.2,147.3,143.1,146.0,60486179
AAPL.US,2025-12-17,275.01,276.16,271.64,271.84,50138743
BABA.US,2025-12-17,150.6,151.39,146.75,147.09,8271036
JPM.US,2025-12-17,318.43,319.37,314.66,314.98,8718653
KO.US,2025-12-17,70.57,70.92,70.31,70.67,13672698
MSFT.US,2025-12-17,476.91,480.0,475.0,476.12,24527176
XOM.US,2025-12-17,115.21,117.62,115.17,117.41,18502152
0005.HK,2025-12-18,118.1,118.8,117.5,118.7,12554309
0700.HK,2025-12-18,601.0,606.0,599.0,605.0,10153604
1810.HK,2025-12-18,40.38,40.44,39.9,40.2,128195819
3690.HK,2025-12-18,100.7,102.1,100.2,101.4,22759882
9988.HK,2025-12-18,143.1,144.9,142.9,144.1,47014025
AAPL.US,2025-12-18,273.61,273.63,266.95,272.19,51630721
BABA.US,2025-12-18,148.65,149.2,147.12,147.32,6597386
JPM.US,2025-12-18,316.0,317.7,312.22,313.0,11444909
KO.US,2025-12-18,70.27,70.8,70.17,70.36,15524801
MSFT.US,2025-12-18,478.19,489.6,477.89,483.98,28573545
XOM.US,2025-12-18,116.99,116.99,115.63,116.54,13705560
0005.HK,2025-12-19,118.8,119.8,118.6,119.3,13434142
0700.HK,2025-12-19,610.0,617.5,607.0,614.0,17765762
1810.HK,2025-12-19,40.44,40.64,39.9,40.54,108587118
3690.HK,2025-12-19,102.2,104.5,101.7,102.7,50727640
9988.HK,2025-12-19,145.0,146.7,144.2,145.3,70392591
AAPL.US,2025-12-19,272.15,274.6,269.9,273.67,144632048
BABA.US,2025-12-19,149.01,151.47,148.88,149.79,9004211
JPM.US,2025-12-19,313.79,318.56,313.19,317.21,24494412
KO.US,2025-12-19,70.06,70.77,70.03,70.06,36911057
MSFT.US,2025-12-19,487.36,487.85,482.49,485.92,70836105
XOM.US,2025-12-19,116.75,117.57,115.96,116.69,45412814
0005.HK,2025-12-22,120.5,121.6,120.3,121.3,19346571
0700.HK,2025-12-22,620.0,621.5,610.0,614.5,13868060
1810.HK,2025-12-22,40.38,40.62,39.5,39.8,165917014
3690.HK,2025-12-22,104.2,105.2,102.4,102.8,31556484
9988.HK,2025-12-22,146.0,148.5,145.0,146.4,58877432
AAPL.US,2025-12-22,272.86,273.88,270.51,270.97,36571827
BABA.US,2025-12-22,150.41,151.82,149.12,150.96,6779097
JPM.US,2025-12-22,317.51,323.23,317.51,323.09,8354588
KO.US,2025-12-22,69.93,70.22,69.66,70.21,12828517
MSFT.US,2025-12-22,486.12,488.73,482.69,484.92,16963019
XOM.US,2025-12-22,117.34,118.46,117.34,118.15,11768611
0005.HK,2025-12-23,121.9,122.4,121.6,122.3,10892666
0700.HK,2025-12-23,613.5,614.5,601.5,602.0,15623392
1810.HK,2025-12-23,39.7,39.76,39.06,39.2,127074303
3690.HK,2025-12-23,103.7,104.0,102.5,103.2,21108052
9988.HK,2025-12-23,146.7,148.0,146.4,147.2,47601549
AAPL.US,2025-12-23,270.84,272.5,269.56,272.36,29641999
BABA.US,2025-12-23,150.58,151.3,149.27,151.23,5373306
JPM.US,2025-12-23,323.61,327.78,323.09,325.93,6668305
KO.US,2025-12-23,70.2,70.26,69.69,69.87,9471036
MSFT.US,2025-12-23,484.98,487.83,484.74,486.85,14683582
XOM.US,2025-12-23,118.47,120.03,118.32,119.42,12567630
0005.HK,2025-12-24,122.6,124.5,122.6,123.8,12363308
0700.HK,2025-12-24,598.0,604.5,598.0,603.0,7324553
1810.HK,2025-12-24,39.1,39.46,39.06,39.22,41922197
3690.HK,2025-12-24,102.8,104.2,102.7,103.2,12043868
9988.HK,2025-12-24,147.0,148.1,145.1,146.0,28967695
AAPL.US,2025-12-24,272.34,275.43,272.2,273.81,17910574
BABA.US,2025-12-24,150.5,150.79,149.92,150.06,3274182
JPM.US,2025-12-24,326.24,329.99,325.5,329.17,4289306
KO.US,2025-12-24,69.9,70.16,69.75,70.11,4515327
MSFT.US,2025-12-24,485.68,489.16,484.83,488.02,5855880
XOM.US,2025-12-24,119.33,120.05,119.12,119.22,6137406
AAPL.US,2025-12-26,274.16,275.37,272.86,273.4,21521802
BABA.US,2025-12-26,150.29,152.98,150.06,152.24,6037198
JPM.US,2025-12-26,329.11,330.86,326.54,327.91,4158293
KO.US,2025-12-26,69.95,70.16,69.73,69.87,5711350
MSFT.US,2025-12-26,486.71,488.12,485.96,487.71,8842175
XOM.US,2025-12-26,118.89,119.55,118.53,119.11,8066129
0005.HK,2025-12-29,123.7,123.7,121.5,121.9,13132355
0700.HK,2025-12-29,606.0,611.0,596.0,596.5,18502650
1810.HK,2025-12-29,38.68,39.96,37.94,38.58,195594721
3690.HK,2025-12-29,104.0,106.7,103.8,104.2,56811243
9988.HK,2025-12-29,147.1,148.5,143.3,143.3,62656820
AAPL.US,2025-12-29,272.69,274.36,272.35,273.76,23715213
BABA.US,2025-12-29,147.72,148.75,147.21,148.49,8900020
JPM.US,2025-12-29,327.0,327.77,323.53,323.75,8635338
KO.US,2025-12-29,70.0,70.42,69.85,70.16,9686936
MSFT.US,2025-12-29,484.86,488.35,484.18,487.1,10893408
XOM.US,2025-12-29,120.15,121.3,119.4,120.53,14782512
0005.HK,2025-12-30,121.2,123.3,121.2,123.0,11747636
0700.HK,2025-12-30,598.5,601.0,594.0,600.0,13582535
1810.HK,2025-12-30,38.58,39.72,38.46,39.36,107157354
3690.HK,2025-12-30,104.0,105.1,103.7,104.3,32946951
9988.HK,2025-12-30,143.3,145.7,143.2,144.5,60201594
AAPL.US,2025-12-30,272.81,274.08,272.28,273.08,22139617
BABA.US,2025-12-30,148.84,149.1,147.35,147.36,6832251
JPM.US,2025-12-30,324.81,324.94,322.49,323.42,7904263
KO.US,2025-12-30,70.0,70.24,69.8,70.07,8610896
MSFT.US,2025-12-30,485.93,489.68,485.5,487.48,13944512
XOM.US,2025-12-30,121.1,121.8,120.63,120.99,11150486
0005.HK,2025-12-31,123.0,123.0,121.7,122.4,5594974
0700.HK,2025-12-31,597.5,602.5,596.0,599.0,10838209
1810.HK,2025-12-31,39.7,39.82,39.0,39.3,53804989
3690.HK,2025-12-31,103.7,104.3,102.5,103.3,21806552
9988.HK,2025-12-31,143.7,143.8,142.4,142.8,35628222
AAPL.US,2025-12-31,273.06,273.68,271.75,271.86,27293639
BABA.US,2025-12-31,146.69,147.37,145.64,146.58,6116035
JPM.US,2025-12-31,324.34,324.88,322.04,322.22,5048531
KO.US,2025-12-31,70.07,70.16,69.88,69.91,8127801
MSFT.US,2025-12-31,487.84,488.14,483.3,483.62,15601554
XOM.US,2025-12-31,121.18,121.26,119.87,120.34,10559866
0005.HK,2026-01-02,121.8,124.7,121.8,124.3,11545169
0700.HK,2026-01-02,600.5,624.5,600.5,623.0,16200058
1810.HK,2026-01-02,39.4,40.5,39.22,40.28,61202300
3690.HK,2026-01-02,103.3,105.8,102.2,104.6,24476486
9988.HK,2026-01-02,143.2,149.7,142.9,149.0,48902470
AAPL.US,2026-01-02,272.26,277.84,269.0,271.01,37838054
BABA.US,2026-01-02,152.62,156.65,151.8,155.74,15778326
JPM.US,2026-01-02,322.5,325.73,320.74,325.48,8054040
KO.US,2026-01-02,69.85,69.87,68.98,69.12,12151309
MSFT.US,2026-01-02,484.39,484.66,470.16,472.94,25571567
XOM.US,2026-01-02,120.09,122.68,119.61,122.65,14175055
0005.HK,2026-01-05,124.6,125.2,124.1,124.9,9171037
0700.HK,2026-01-05,624.0,628.0,615.5,624.5,19947025
1810.HK,2026-01-05,40.6,40.6,39.14,39.34,159063197
3690.HK,2026-01-05,104.2,106.2,103.7,105.4,40887247
9988.HK,2026-01-05,151.1,153.8,150.0,152.8,102834720
AAPL.US,2026-01-05,270.64,271.51,266.14,267.26,45647190
BABA.US,2026-01-05,155.78,156.55,152.17,156.26,14743961
JPM.US,2026-01-05,325.5,337.25,325.19,334.04,10752627
KO.US,2026-01-05,68.92,68.92,67.92,67.94,21186642
MSFT.US,2026-01-05,474.06,476.07,469.5,472.85,25250260
XOM.US,2026-01-05,125.21,125.93,122.39,125.36,30112238
0005.HK,2026-01-06,126.4,129.5,126.4,128.8,21686487
0700.HK,2026-01-06,627.0,638.5,626.0,632.5,24168431
1810.HK,2026-01-06,39.22,39.4,38.74,38.76,196715183
3690.HK,2026-01-06,106.2,108.0,105.7,106.1,47681423
9988.HK,2026-01-06,150.9,153.2,150.5,150.8,112004139
AAPL.US,2026-01-06,267.0,267.55,262.12,262.36,52352090
BABA.US,2026-01-06,155.22,155.84,150.86,150.9,12998105
JPM.US,2026-01-06,332.62,335.87,330.65,334.61,7660787
KO.US,2026-01-06,68.01,68.25,67.59,67.84,21019861
MSFT.US,2026-01-06,473.8,478.74,469.75,478.51,23037665
XOM.US,2026-01-06,125.35,125.8,121.0,121.05,23328636
0005.HK,2026-01-07,127.4,128.0,126.5,127.2,9809659
0700.HK,2026-01-07,627.5,629.5,615.0,624.5,21378622
1810.HK,2026-01-07,38.76,39.2,38.02,38.16,190926334
3690.HK,2026-01-07,106.1,106.1,103.5,104.5,43863326
9988.HK,2026-01-07,147.1,147.8,143.5,145.9,149677478
AAPL.US,2026-01-07,263.2,263.68,259.81,260.33,48309804
BABA.US,2026-01-07,148.38,148.38,146.61,146.75,12613212
JPM.US,2026-01-07,331.14,332.15,324.6,326.99,9815240
KO.US,2026-01-07,67.99,68.07,67.27,67.54,20223362
MSFT.US,2026-01-07,479.76,489.7,477.95,483.47,25564196
XOM.US,2026-01-07,119.8,120.12,118.27,118.49,20352950
0005.HK,2026-01-08,124.5,125.0,123.3,124.3,14152243
0700.HK,2026-01-08,618.5,621.0,610.0,616.0,18742539
1810.HK,2026-01-08,38.0,38.18,37.3,38.02,173278787
3690.HK,2026-01-08,103.7,103.9,99.65,101.0,71725824
9988.HK,2026-01-08,143.6,144.9,141.0,142.6,107421412
AAPL.US,2026-01-08,257.02,259.29,255.7,259.04,50419337
BABA.US,2026-01-08,146.1,155.29,145.27,154.47,20981676
JPM.US,2026-01-08,326.39,331.4,325.65,329.79,11737068
KO.US,2026-01-08,67.54,69.46,67.45,69.37,19236983
MSFT.US,2026-01-08,481.24,482.66,475.86,478.11,18162616
XOM.US,2026-01-08,118.98,123.63,118.66,122.91,20232721
0005.HK,2026-01-09,125.4,125.4,123.0,124.8,11800959
0700.HK,2026-01-09,616.0,617.0,610.0,611.0,17813669
1810.HK,2026-01-09,38.08,38.5,37.64,37.82,124268815
3690.HK,2026-01-09,100.0,100.6,98.2,98.5,71605201
9988.HK,2026-01-09,148.0,149.5,145.9,146.5,115234256
AAPL.US,2026-01-09,259.08,260.21,256.22,259.37,39996967
BABA.US,2026-01-09,151.33,151.57,148.52,150.96,11437935
JPM.US,2026-01-09,329.34,331.9,328.17,329.19,6738143
KO.US,2026-01-09,69.43,70.66,69.12,70.51,19638646
MSFT.US,2026-01-09,474.06,479.82,472.2,479.28,18491036
XOM.US,2026-01-09,123.23,124.86,123.1,124.61,16137674
0005.HK,2026-01-12,124.4,124.7,123.5,124.1,8758673
0700.HK,2026-01-12,616.0,627.5,613.5,623.0,27530129
1810.HK,2026-01-12,37.74,38.76,37.18,38.74,213876786
3690.HK,2026-01-12,101.3,106.4,100.8,105.0,108743770
9988.HK,2026-01-12,146.9,154.6,146.0,154.3,164580300
AAPL.US,2026-01-12,259.16,261.3,256.8,260.25,45263767
BABA.US,2026-01-12,157.47,167.69,157.47,166.31,35379014
JPM.US,2026-01-12,321.88,326.02,321.23,324.49,12805062
KO.US,2026-01-12,70.9,70.97,70.24,70.5,20582473
MSFT.US,2026-01-12,476.67,480.99,475.68,477.18,23519895
XOM.US,2026-01-12,124.46,124.5,122.56,124.03,15314895
0005.HK,2026-01-13,126.2,127.4,125.9,126.4,12174381
0700.HK,2026-01-13,637.0,639.0,622.5,627.5,24212695
1810.HK,2026-01-13,39.28,39.48,37.88,37.98,209118651
3690.HK,2026-01-13,106.5,107.0,103.9,104.9,52013088
9988.HK,2026-01-13,162.0,164.0,157.4,159.9,153153842
AAPL.US,2026-01-13,258.72,261.81,258.39,261.05,45730847
BABA.US,2026-01-13,165.5,170.68,164.91,167.01,18850362
JPM.US,2026-01-13,324.3,326.86,310.57,310.9,19371171
KO.US,2026-01-13,70.42,71.24,70.27,71.24,18324762
MSFT.US,2026-01-13,474.68,475.78,465.95,470.67,28545800
XOM.US,2026-01-13,125.0,127.14,124.81,126.54,21619727
0005.HK,2026-01-14,127.0,127.1,126.2,127.0,9036194
0700.HK,2026-01-14,634.0,638.5,626.0,633.0,28677291
1810.HK,2026-01-14,37.98,38.48,37.58,37.78,176626667
3690.HK,2026-01-14,104.9,104.9,100.4,101.5,80092305
9988.HK,2026-01-14,163.8,169.8,162.1,169.0,244622843
AAPL.US,2026-01-14,259.49,261.82,256.71,259.96,40019421
BABA.US,2026-01-14,171.57,172.8,169.85,169.9,17475064
JPM.US,2026-01-14,308.2,311.76,306.12,307.87,25951464
KO.US,2026-01-14,71.17,71.71,70.81,71.44,16739070
MSFT.US,2026-01-14,466.46,468.2,457.17,459.38,28184302
XOM.US,2026-01-14,127.35,131.72,127.13,130.2,27593938
0005.HK,2026-01-15,126.6,128.2,126.6,128.2,10374153
0700.HK,2026-01-15,631.0,632.5,618.5,622.0,26194252
1810.HK,2026-01-15,37.78,38.24,37.36,37.86,116208908
3690.HK,2026-01-15,102.0,102.3,100.2,100.8,39093176
9988.HK,2026-01-15,168.9,170.1,163.1,164.6,133061563
AAPL.US,2026-01-15,260.65,261.04,257.05,258.21,39388564
BABA.US,2026-01-15,169.65,173.3,167.34,170.93,12606974
JPM.US,2026-01-15,308.47,312.94,307.75,309.26,14751447
KO.US,2026-01-15,71.59,71.6,70.37,70.48,15464124
MSFT.US,2026-01-15,464.12,464.25,455.9,456.66,23225839
XOM.US,2026-01-15,129.13,130.2,128.3,129.13,17400039
0005.HK,2026-01-16,129.0,130.3,128.2,128.5,11375202
0700.HK,2026-01-16,627.0,630.0,613.5,617.5,20616793
1810.HK,2026-01-16,38.0,38.36,37.0,37.1,197999131
3690.HK,2026-01-16,101.9,102.5,99.35,100.0,37523001
9988.HK,2026-01-16,167.9,168.7,165.0,166.2,79370877
AAPL.US,2026-01-16,257.9,258.9,254.93,255.53,72142773
BABA.US,2026-01-16,169.78,169.85,163.5,165.4,18598277
JPM.US,2026-01-16,310.35,317.21,310.0,312.47,14652508
KO.US,2026-01-16,70.29,70.74,70.04,70.44,20027535
MSFT.US,2026-01-16,457.83,463.19,456.48,459.86,34246650
XOM.US,2026-01-16,128.91,130.16,128.87,129.89,16592354
0005.HK,2026-01-19,127.0,127.5,126.2,127.0,10059540
0700.HK,2026-01-19,613.5,614.5,608.5,610.0,13233330
1810.HK,2026-01-19,36.62,36.82,36.22,36.48,182457077
3690.HK,2026-01-19,98.8,99.9,98.3,98.5,37288820
9988.HK,2026-01-19,162.0,162.5,160.1,160.4,72500898
0005.HK,2026-01-20,129.1,130.0,128.0,128.4,13402142
0700.HK,2026-01-20,601.0,607.0,598.0,601.0,24332228
1810.HK,2026-01-20,36.02,36.64,35.44,35.48,224571684
3690.HK,2026-01-20,98.3,99.45,97.05,97.35,45401371
9988.HK,2026-01-20,159.8,162.2,158.6,159.7,55456218
AAPL.US,2026-01-20,252.73,254.79,243.42,246.7,80267517
BABA.US,2026-01-20,161.83,166.17,161.68,162.39,9885048
JPM.US,2026-01-20,306.21,311.15,301.86,302.74,12900620
KO.US,2026-01-20,70.0,71.78,69.79,71.75,22152209
MSFT.US,2026-01-20,451.22,456.8,449.28,454.52,26129992
XOM.US,2026-01-20,131.51,131.94,130.07,130.46,16477282
0005.HK,2026-01-21,128.2,129.1,127.9,128.2,7138446
0700.HK,2026-01-21,598.0,606.0,598.0,602.5,16003431
1810.HK,2026-01-21,35.1,35.74,34.5,35.42,266881560
3690.HK,2026-01-21,97.0,98.0,96.3,97.3,38515912
9988.HK,2026-01-21,158.3,164.9,158.3,163.2,67441221
AAPL.US,2026-01-21,248.7,251.56,245.18,247.65,54641725
BABA.US,2026-01-21,167.58,169.87,165.66,168.67,11713726
JPM.US,2026-01-21,303.43,305.4,301.15,302.04,10270144
KO.US,2026-01-21,71.98,72.24,70.83,72.01,21660567
MSFT.US,2026-01-21,452.6,452.69,438.68,444.11,37980510
XOM.US,2026-01-21,131.91,133.73,131.91,133.61,18879887
0005.HK,2026-01-22,129.1,129.7,128.4,129.7,7970685
0700.HK,2026-01-22,604.5,605.5,596.0,597.5,27168713
1810.HK,2026-01-22,35.74,35.8,34.72,35.24,134701337
3690.HK,2026-01-22,97.35,98.1,96.2,97.0,34480371
9988.HK,2026-01-22,166.0,166.5,162.8,164.8,59810988
AAPL.US,2026-01-22,249.2,251.0,248.15,248.35,39708340
BABA.US,2026-01-22,176.43,181.1,174.77,177.18,32031059
JPM.US,2026-01-22,304.86,308.2,302.9,303.63,10535822
KO.US,2026-01-22,71.83,72.04,71.44,71.87,13962778
MSFT.US,2026-01-22,447.62,452.84,444.7,451.14,25349378
XOM.US,2026-01-22,133.05,134.18,131.85,133.64,16600126
0005.HK,2026-01-23,130.4,130.8,129.4,130.0,11454836
0700.HK,2026-01-23,597.5,602.0,595.0,595.0,19177660
1810.HK,2026-01-23,35.5,36.44,35.5,36.24,178365582
3690.HK,2026-01-23,97.3,98.8,97.0,97.55,37200891
9988.HK,2026-01-23,171.2,172.0,168.3,168.5,93252549
AAPL.US,2026-01-23,247.32,249.41,244.68,248.04,41688982
BABA.US,2026-01-23,175.44,175.61,171.94,173.23,13064063
JPM.US,2026-01-23,302.0,302.37,296.51,297.72,11107925
KO.US,2026-01-23,72.02,73.06,71.78,72.88,18307084
MSFT.US,2026-01-23,451.87,471.1,450.53,465.95,38000159
XOM.US,2026-01-23,135.09,135.98,134.48,134.97,17758214
0005.HK,2026-01-26,130.0,131.0,130.0,131.0,11309536
0700.HK,2026-01-26,595.0,605.0,594.0,599.5,17439619
1810.HK,2026-01-26,36.36,36.36,35.02,35.22,156493519
3690.HK,2026-01-26,97.95,97.95,96.2,97.1,31250095
9988.HK,2026-01-26,169.5,170.2,164.5,165.2,67819829
AAPL.US,2026-01-26,251.48,256.56,249.8,255.41,55969234
BABA.US,2026-01-26,169.79,172.99,168.68,171.37,10166147
JPM.US,2026-01-26,297.81,301.78,297.45,301.04,11752666
KO.US,2026-01-26,72.86,73.3,72.54,72.56,14017420
MSFT.US,2026-01-26,465.31,474.25,462.0,470.28,29291235
XOM.US,2026-01-26,136.93,136.94,134.17,134.84,16056066
0005.HK,2026-01-27,132.0,134.9,131.8,134.5,20380297
0700.HK,2026-01-27,600.0,610.5,598.5,607.0,23887447
1810.HK,2026-01-27,35.24,35.76,35.0,35.56,113268822
3690.HK,2026-01-27,97.1,97.55,96.2,96.55,27407450
9988.HK,2026-01-27,166.8,169.9,164.9,169.9,73661350
AAPL.US,2026-01-27,259.17,261.95,258.21,258.27,49648271
BABA.US,2026-01-27,174.05,176.46,172.22,172.72,8931278
JPM.US,2026-01-27,301.33,301.97,298.15,300.31,11527448
KO.US,2026-01-27,72.44,73.56,72.27,73.55,13239184
MSFT.US,2026-01-27,473.7,482.87,473.16,480.58,29213923
XOM.US,2026-01-27,135.25,136.93,134.71,136.83,14517025
0005.HK,2026-01-28,137.5,138.8,137.1,137.5,23365990
0700.HK,2026-01-28,613.0,623.0,610.5,621.0,25577066
1810.HK,2026-01-28,35.56,36.32,35.38,36.32,149736767
3690.HK,2026-01-28,97.0,98.4,96.1,98.35,39950423
9988.HK,2026-01-28,170.5,173.8,168.6,173.5,102209414
AAPL.US,2026-01-28,257.65,258.86,254.51,256.44,41287971
BABA.US,2026-01-28,176.25,177.87,174.56,175.66,9001486
JPM.US,2026-01-28,300.27,301.92,298.05,300.77,9556743
KO.US,2026-01-28,73.21,73.62,72.57,73.06,14633680
MSFT.US,2026-01-28,483.21,483.74,478.0,481.63,36875403
XOM.US,2026-01-28,137.69,138.01,136.67,137.58,15637279
0005.HK,2026-01-29,135.1,138.7,135.1,137.6,14607498
0700.HK,2026-01-29,614.5,625.0,612.5,622.0,22951530
1810.HK,2026-01-29,35.96,37.5,35.62,36.62,181865895
3690.HK,2026-01-29,97.3,98.9,97.05,98.6,27680308
9988.HK,2026-01-29,171.1,174.2,170.3,173.3,67539478
AAPL.US,2026-01-29,258.0,259.65,254.41,258.28,67253009
BABA.US,2026-01-29,178.34,180.75,171.6,174.25,12062505
JPM.US,2026-01-29,302.4,306.83,302.22,306.42,11579987
KO.US,2026-01-29,73.18,74.09,73.14,73.43,20862070
MSFT.US,2026-01-29,439.99,442.5,421.02,433.5,128855323
XOM.US,2026-01-29,140.32,142.34,139.11,140.51,35760620
0005.HK,2026-01-30,137.6,138.2,136.4,136.6,11263295
0700.HK,2026-01-30,615.0,619.5,605.5,606.0,21479886
1810.HK,2026-01-30,36.2,36.4,35.5,35.5,142212291
3690.HK,2026-01-30,98.05,98.95,97.2,97.2,28956959
9988.HK,2026-01-30,170.0,170.7,167.0,169.2,75134065
AAPL.US,2026-01-30,255.17,261.9,252.18,259.48,92443408
BABA.US,2026-01-30,172.7,174.0,169.47,169.56,10846082
JPM.US,2026-01-30,305.25,307.93,302.56,305.89,11953180
KO.US,2026-01-30,73.71,74.9,73.54,74.81,26420468
MSFT.US,2026-01-30,439.17,439.6,426.45,430.29,58566819
XOM.US,2026-01-30,138.74,142.21,137.83,141.4,29657667
0005.HK,2026-02-02,135.8,136.5,133.2,134.7,16159218
0700.HK,2026-02-02,598.0,604.5,590.5,598.5,27926332
1810.HK,2026-02-02,35.2,35.36,34.36,35.06,184610777
3690.HK,2026-02-02,96.5,96.95,94.05,94.85,54620063
9988.HK,2026-02-02,164.7,167.9,161.0,163.3,100747598
AAPL.US,2026-02-02,260.03,270.49,259.21,270.01,73913425
BABA.US,2026-02-02,167.98,169.56,167.34,168.39,6551750
JPM.US,2026-02-02,304.46,309.3,301.37,308.14,9839360
KO.US,2026-02-02,75.01,75.7,74.4,75.33,19301500
MSFT.US,2026-02-02,430.24,430.74,422.25,423.37,42219858
XOM.US,2026-02-02,139.83,140.32,138.06,138.4,27735570
0005.HK,2026-02-03,138.7,139.0,137.3,138.9,19499165
0700.HK,2026-02-03,598.5,601.5,561.0,581.0,65128647
1810.HK,2026-02-03,34.82,35.28,34.36,34.6,141720849
3690.HK,2026-02-03,95.1,95.65,91.15,93.2,50436330
9988.HK,2026-02-03,165.4,166.0,155.2,161.0,111086312
AAPL.US,2026-02-03,269.2,271.88,267.61,269.48,64394655
BABA.US,2026-02-03,163.88,165.35,160.61,163.65,10066594
JPM.US,2026-02-03,309.73,316.25,309.1,314.85,12687963
KO.US,2026-02-03,75.27,77.5,75.13,76.89,27007053
MSFT.US,2026-02-03,422.01,422.05,408.56,411.21,61424123
XOM.US,2026-02-03,138.64,145.01,138.31,143.73,37577844
0005.HK,2026-02-04,138.5,139.3,137.8,139.0,10559866
0700.HK,2026-02-04,572.0,574.5,558.0,558.0,60374834
1810.HK,2026-02-04,34.52,34.6,33.7,33.96,181137056
3690.HK,2026-02-04,91.5,92.65,90.7,92.15,53329150
9988.HK,2026-02-04,159.4,162.3,157.1,159.5,71689072
AAPL.US,2026-02-04,272.29,278.95,272.29,276.49,90545710
BABA.US,2026-02-04,162.33,162.85,156.78,159.14,11851371
JPM.US,2026-02-04,314.41,319.31,314.41,317.27,9848802
KO.US,2026-02-04,77.27,78.11,77.08,77.35,28607287
MSFT.US,2026-02-04,411.0,419.8,409.24,414.19,45012374
XOM.US,2026-02-04,144.12,147.84,144.12,147.59,29426241
0005.HK,2026-02-05,139.0,139.0,136.5,138.5,15078576
0700.HK,2026-02-05,550.0,561.5,541.0,558.5,79306977
1810.HK,2026-02-05,33.8,35.14,33.32,34.92,203360331
3690.HK,2026-02-05,90.2,93.95,90.2,93.8,39784843
9988.HK,2026-02-05,155.5,160.4,154.0,159.6,89720504
AAPL.US,2026-02-05,278.13,279.5,273.23,275.91,52977441
BABA.US,2026-02-05,161.14,161.47,156.71,157.76,10936668
JPM.US,2026-02-05,315.0,316.01,305.54,310.16,9387999
KO.US,2026-02-05,77.82,78.86,77.59,78.51,21633461
MSFT.US,2026-02-05,407.44,408.3,392.32,393.67,66289247
XOM.US,2026-02-05,146.58,146.73,143.8,146.08,18431739
0005.HK,2026-02-06,134.8,135.4,133.1,134.8,18601846
0700.HK,2026-02-06,546.0,557.5,543.0,547.5,35402860
1810.HK,2026-02-06,34.32,35.48,34.3,35.18,134239254
3690.HK,2026-02-06,92.55,94.5,91.15,91.4,39226920
9988.HK,2026-02-06,153.5,156.8,153.2,155.0,78125091
AAPL.US,2026-02-06,277.12,280.91,276.93,278.12,50453414
BABA.US,2026-02-06,160.46,162.86,159.5,162.51,10972061
JPM.US,2026-02-06,314.71,324.25,314.71,322.4,17797443
KO.US,2026-02-06,78.5,79.2,78.26,79.03,18512362
MSFT.US,2026-02-06,399.17,401.79,392.92,401.14,53515311
XOM.US,2026-02-06,146.62,149.57,146.09,149.05,17216025
0005.HK,2026-02-09,138.9,139.5,138.1,139.3,16236415
0700.HK,2026-02-09,550.0,562.5,550.0,560.0,26375723
1810.HK,2026-02-09,35.38,35.62,34.98,35.2,123593633
3690.HK,2026-02-09,93.0,93.2,90.4,91.05,42466515
9988.HK,2026-02-09,159.5,160.2,157.6,157.9,58582947
AAPL.US,2026-02-09,277.91,278.2,271.7,274.62,44623396
BABA.US,2026-02-09,161.89,165.03,160.89,163.0,7260483
JPM.US,2026-02-09,321.34,326.4,320.11,322.1,11477473
KO.US,2026-02-09,78.67,79.11,77.54,77.97,23415623
MSFT.US,2026-02-09,404.85,414.89,400.87,413.6,45480526
XOM.US,2026-02-09,149.26,151.55,148.63,151.21,21297302
0005.HK,2026-02-10,140.5,141.5,139.2,140.3,12641156
0700.HK,2026-02-10,563.0,566.0,547.0,551.0,29211865
1810.HK,2026-02-10,35.5,36.16,35.46,35.58,107406481
3690.HK,2026-02-10,91.05,91.7,88.1,88.8,74372071
9988.HK,2026-02-10,159.7,162.6,158.7,160.5,58402811
AAPL.US,2026-02-10,274.89,275.37,272.94,273.68,34376898
BABA.US,2026-02-10,163.74,168.26,162.3,166.51,10989984
JPM.US,2026-02-10,322.55,326.13,315.12,318.28,9902224
KO.US,2026-02-10,76.63,77.51,76.01,76.81,28848184
MSFT.US,2026-02-10,419.62,423.68,412.7,413.27,44857850
XOM.US,2026-02-10,151.35,151.78,149.82,151.59,15800255
0005.HK,2026-02-11,139.7,139.9,138.6,139.8,7423588
0700.HK,2026-02-11,543.0,550.5,543.0,548.0,23759058
1810.HK,2026-02-11,35.8,37.5,35.52,37.1,223116919
3690.HK,2026-02-11,88.4,89.4,87.25,88.85,37829736
9988.HK,2026-02-11,161.3,162.7,159.6,160.1,51639528
AAPL.US,2026-02-11,274.7,280.18,274.45,275.5,51931283
BABA.US,2026-02-11,164.09,165.2,161.38,164.32,8756875
JPM.US,2026-02-11,323.24,325.28,308.73,310.82,8703519
KO.US,2026-02-11,76.88,79.05,76.58,78.6,22649713
MSFT.US,2026-02-11,416.18,416.46,401.01,404.37,42491012
XOM.US,2026-02-11,153.97,156.93,153.57,155.56,23091488
0005.HK,2026-02-12,139.0,139.5,138.4,139.5,6789124
0700.HK,2026-02-12,537.0,541.0,530.5,535.5,39790780
1810.HK,2026-02-12,37.1,37.26,36.3,36.52,143588099
3690.HK,2026-02-12,86.65,87.8,84.3,84.85,90415198
9988.HK,2026-02-12,157.9,159.5,156.1,158.6,56768511
AAPL.US,2026-02-12,275.59,275.72,260.18,261.73,81077229
BABA.US,2026-02-12,163.12,163.37,156.96,158.73,11457824
JPM.US,2026-02-12,312.28,313.62,300.02,302.64,13443363
KO.US,2026-02-12,78.98,80.41,78.79,79.0,26043534
MSFT.US,2026-02-12,405.0,406.2,398.01,401.84,40802362
XOM.US,2026-02-12,153.89,155.25,149.88,149.93,30652471
0005.HK,2026-02-13,135.6,137.0,135.6,135.7,14586816
0700.HK,2026-02-13,525.5,534.5,525.0,532.0,26900740
1810.HK,2026-02-13,36.3,37.0,35.78,36.84,127717263
3690.HK,2026-02-13,84.05,84.25,80.8,82.15,99656113
9988.HK,2026-02-13,154.0,156.4,153.9,155.4,69945660
AAPL.US,2026-02-13,262.01,262.23,255.45,255.78,56290673
BABA.US,2026-02-13,152.86,158.11,152.86,155.73,16045579
JPM.US,2026-02-13,298.52,304.29,296.52,302.55,9114526
KO.US,2026-02-13,78.45,79.4,78.13,78.68,16711872
MSFT.US,2026-02-13,404.45,405.54,398.05,401.32,34091553
XOM.US,2026-02-13,150.55,151.66,147.98,148.45,20166031
0005.HK,2026-02-16,133.4,134.5,133.2,134.2,8527013
0700.HK,2026-02-16,530.0,535.0,527.5,533.0,7224483
1810.HK,2026-02-16,36.84,36.86,35.48,36.66,40204215
3690.HK,2026-02-16,81.65,82.4,79.25,82.05,23648794
9988.HK,2026-02-16,152.6,154.9,150.5,154.7,29215118
AAPL.US,2026-02-17,258.05,266.29,255.54,263.88,58469094
BABA.US,2026-02-17,156.38,158.13,153.46,155.43,6803612
JPM.US,2026-02-17,302.76,308.24,302.5,307.13,8896753
KO.US,2026-02-17,78.99,79.64,78.74,79.56,16260202
MSFT.US,2026-02-17,399.22,400.52,394.53,396.86,32078794
XOM.US,2026-02-17,148.2,149.13,145.15,146.19,19766567
AAPL.US,2026-02-18,263.6,266.82,262.45,264.35,34203337
BABA.US,2026-02-18,156.88,157.5,155.57,155.77,4506642
JPM.US,2026-02-18,308.46,312.28,307.22,308.78,7209556
KO.US,2026-02-18,79.5,79.84,78.92,79.49,16304880
MSFT.US,2026-02-18,398.13,402.56,396.32,399.6,23223417
XOM.US,2026-02-18,148.15,150.98,147.61,150.68,19849670
AAPL.US,2026-02-19,262.6,264.48,260.05,260.58,30845294
BABA.US,2026-02-19,155.23,155.5,153.15,154.27,6582473
JPM.US,2026-02-19,307.17,309.18,305.12,308.05,6737705
KO.US,2026-02-19,79.46,79.67,78.59,78.91,14924650
MSFT.US,2026-02-19,400.69,404.43,396.67,398.46,28234001
XOM.US,2026-02-19,152.2,153.38,150.84,150.97,20305026
0005.HK,2026-02-20,135.0,135.3,133.7,134.3,10372959
0700.HK,2026-02-20,531.5,533.0,518.0,522.0,21351884
1810.HK,2026-02-20,36.66,36.86,35.32,35.36,93269892
3690.HK,2026-02-20,81.15,82.0,80.1,80.75,27220396
9988.HK,2026-02-20,150.0,151.7,147.1,147.1,70273864
AAPL.US,2026-02-20,258.97,264.75,258.16,264.58,42070499
BABA.US,2026-02-20,150.85,155.49,150.43,154.45,8758715
JPM.US,2026-02-20,308.4,311.0,305.68,310.79,7792735
KO.US,2026-02-20,79.33,79.84,78.89,79.84,17175104
MSFT.US,2026-02-20,396.11,400.12,395.16,397.23,34015249
XOM.US,2026-02-20,150.49,150.81,146.46,147.28,25908581
0005.HK,2026-02-23,135.0,136.4,134.9,135.9,13451321
0700.HK,2026-02-23,529.0,543.0,528.0,538.0,22136687
1810.HK,2026-02-23,35.86,36.76,35.7,36.56,85749873
3690.HK,2026-02-23,83.2,87.5,82.65,85.0,65205703
9988.HK,2026-02-23,150.1,153.3,149.5,152.2,44852186
AAPL.US,2026-02-23,263.49,269.43,263.38,266.18,37308155
BABA.US,2026-02-23,155.5,156.33,152.57,152.78,6751014
JPM.US,2026-02-23,308.8,311.0,295.1,297.67,12955428
KO.US,2026-02-23,79.52,80.85,79.5,80.56,17157674
MSFT.US,2026-02-23,395.0,395.36,383.1,384.47,43238273
XOM.US,2026-02-23,148.15,151.27,148.13,150.76,16073091
0005.HK,2026-02-24,134.3,135.7,133.0,135.3,15223740
0700.HK,2026-02-24,534.5,534.5,516.0,520.0,36134943
1810.HK,2026-02-24,36.08,36.48,35.44,35.74,142300259
3690.HK,2026-02-24,84.2,84.2,80.65,81.4,67807380
9988.HK,2026-02-24,149.9,150.4,147.0,148.0,82838070
AAPL.US,2026-02-24,267.86,274.89,267.71,272.14,47014619
BABA.US,2026-02-24,152.1,153.73,150.9,153.11,6655157
JPM.US,2026-02-24,296.82,299.75,291.38,297.3,13554127
KO.US,2026-02-24,80.54,81.09,79.85,80.72,16448503
MSFT.US,2026-02-24,384.14,389.36,381.71,389.0,33884653
XOM.US,2026-02-24,150.42,150.72,148.03,149.26,14185457
0005.HK,2026-02-25,135.9,142.7,133.8,142.7,44603757
0700.HK,2026-02-25,522.5,529.0,522.0,522.5,22838866
1810.HK,2026-02-25,35.74,36.02,35.44,35.6,95406041
3690.HK,2026-02-25,82.4,83.6,81.5,82.7,39932923
9988.HK,2026-02-25,149.8,150.2,148.1,148.3,47742854
AAPL.US,2026-02-25,271.78,274.94,271.05,274.23,33714342
BABA.US,2026-02-25,152.8,153.55,150.96,152.28,5813403
JPM.US,2026-02-25,298.64,303.66,297.01,303.3,8095520
KO.US,2026-02-25,80.4,80.69,79.56,80.47,18086883
MSFT.US,2026-02-25,390.53,401.47,390.16,400.6,43625483
XOM.US,2026-02-25,149.91,150.18,147.33,149.06,15225745
0005.HK,2026-02-26,146.8,148.0,144.5,145.0,30158366
0700.HK,2026-02-26,529.0,529.5,512.0,512.0,25547825
1810.HK,2026-02-26,35.76,36.3,35.18,35.18,122377342
3690.HK,2026-02-26,82.7,83.2,80.35,80.45,40036885
9988.HK,2026-02-26,148.3,148.8,143.0,143.0,98872855
AAPL.US,2026-02-26,274.95,276.11,270.8,272.95,32345114
BABA.US,2026-02-26,148.36,149.06,145.6,148.05,10256414
JPM.US,2026-02-26,304.58,309.01,303.64,306.13,7007804
KO.US,2026-02-26,80.75,80.89,80.02,80.5,12843186
MSFT.US,2026-02-26,404.71,407.49,398.74,401.72,34405869
XOM.US,2026-02-26,147.81,150.96,146.77,148.54,15632097
0005.HK,2026-02-27,146.8,147.8,145.8,147.3,18075411
0700.HK,2026-02-27,510.5,530.5,510.5,518.0,32229030
1810.HK,2026-02-27,34.9,35.24,34.62,34.9,136362387
3690.HK,2026-02-27,81.0,82.45,80.45,81.15,42462533
9988.HK,2026-02-27,143.0,145.5,142.2,142.9,88719769
AAPL.US,2026-02-27,272.81,272.81,262.89,264.18,72366505
BABA.US,2026-02-27,145.46,146.4,143.33,144.11,9780307
JPM.US,2026-02-27,300.0,302.95,294.45,300.3,18620786
KO.US,2026-02-27,80.94,82.0,80.82,81.56,28483489
MSFT.US,2026-02-27,390.88,396.82,389.88,392.74,51367196
XOM.US,2026-02-27,151.0,153.65,149.25,152.5,30275132
0005.HK,2026-03-02,142.5,144.4,139.7,139.7,30135411
0700.HK,2026-03-02,511.5,520.0,507.0,514.0,30816358
1810.HK,2026-03-02,34.2,34.36,33.0,33.14,316564745
3690.HK,2026-03-02,79.6,80.2,77.1,77.4,57081668
9988.HK,2026-03-02,139.6,140.5,135.6,136.4,134838521
AAPL.US,2026-03-02,262.41,266.53,260.2,264.72,41827946
BABA.US,2026-03-02,139.19,143.0,139.06,142.56,9428263
JPM.US,2026-03-02,294.81,299.98,293.21,297.56,8508910
KO.US,2026-03-02,81.25,81.4,80.15,80.22,18137229
MSFT.US,2026-03-02,392.86,401.19,390.63,398.55,35474907
XOM.US,2026-03-02,159.35,159.61,153.03,154.22,31493082
0005.HK,2026-03-03,140.4,141.0,135.8,135.8,22180267
0700.HK,2026-03-03,518.0,525.5,510.5,510.5,27370602
1810.HK,2026-03-03,33.14,33.16,31.46,31.58,279341876
3690.HK,2026-03-03,77.25,78.15,75.35,75.65,64441703
9988.HK,2026-03-03,139.0,139.2,134.6,134.8,88507248
AAPL.US,2026-03-03,263.48,265.56,260.13,263.75,38568921
BABA.US,2026-03-03,136.38,137.08,133.4,135.59,18476768
JPM.US,2026-03-03,292.29,302.39,289.5,300.26,10278216
KO.US,2026-03-03,79.86,80.08,78.56,79.34,20549265
MSFT.US,2026-03-03,393.14,406.7,392.67,403.93,38199209
XOM.US,2026-03-03,155.43,156.05,150.3,151.83,25198873
0005.HK,2026-03-04,133.0,133.2,129.5,130.8,35572176
0700.HK,2026-03-04,506.0,515.0,498.8,506.0,32965198
1810.HK,2026-03-04,31.46,32.56,31.2,32.0,205303841
3690.HK,2026-03-04,74.65,75.65,73.6,75.4,62511701
9988.HK,2026-03-04,131.2,133.0,127.7,129.9,163124992
AAPL.US,2026-03-04,264.65,266.15,261.42,262.52,39803119
BABA.US,2026-03-04,134.99,135.12,132.72,133.27,14293901
JPM.US,2026-03-04,299.99,301.0,295.82,299.39,8055673
KO.US,2026-03-04,79.29,79.47,77.75,78.1,21011847
MSFT.US,2026-03-04,401.27,411.03,400.31,405.2,35807990
XOM.US,2026-03-04,150.72,151.16,147.86,149.82,16764761
0005.HK,2026-03-05,134.7,137.5,133.0,133.9,26146424
0700.HK,2026-03-05,509.5,515.5,501.5,502.0,23955443
1810.HK,2026-03-05,32.56,33.04,32.1,32.2,134042468
3690.HK,2026-03-05,76.65,76.65,73.85,74.5,44459291
9988.HK,2026-03-05,130.5,131.4,125.1,126.3,141677427
AAPL.US,2026-03-05,260.79,261.56,257.25,260.29,49658626
BABA.US,2026-03-05,129.7,131.63,128.6,130.35,18612932
JPM.US,2026-03-05,297.98,301.24,292.43,293.55,12732488
KO.US,2026-03-05,77.68,77.72,76.5,77.03,23165654
MSFT.US,2026-03-05,404.42,411.61,404.4,410.68,39001315
XOM.US,2026-03-05,151.0,152.33,149.47,150.76,22969271
0005.HK,2026-03-06,133.4,135.4,132.1,135.2,40598641
0700.HK,2026-03-06,504.0,522.0,502.0,519.0,30359878
1810.HK,2026-03-06,32.48,34.14,31.98,33.42,293556057
3690.HK,2026-03-06,74.5,77.95,73.65,76.85,81436279
9988.HK,2026-03-06,126.9,132.0,126.5,130.7,100859931
AAPL.US,2026-03-06,258.63,258.77,254.37,257.46,41120042
BABA.US,2026-03-06,129.3,132.43,128.8,130.79,10956991
JPM.US,2026-03-06,286.34,289.99,283.71,289.48,13496526
KO.US,2026-03-06,76.8,77.19,76.35,77.04,15516030
MSFT.US,2026-03-06,409.2,413.05,408.51,408.96,31123859
XOM.US,2026-03-06,153.15,153.8,149.96,151.21,21136427
0005.HK,2026-03-09,128.4,130.9,127.4,129.9,59465930
0700.HK,2026-03-09,502.5,517.5,502.5,516.0,31383491
1810.HK,2026-03-09,32.68,33.82,32.56,33.68,176802011
3690.HK,2026-03-09,74.4,79.0,74.0,78.7,67180598
9988.HK,2026-03-09,125.2,129.4,125.1,128.7,102893047
AAPL.US,2026-03-09,255.69,261.15,253.68,259.88,38218533
BABA.US,2026-03-09,130.24,132.91,128.55,132.64,10072449
JPM.US,2026-03-09,285.5,291.1,280.45,289.92,12241052
KO.US,2026-03-09,76.62,78.07,76.53,77.8,18554053
MSFT.US,2026-03-09,404.92,410.21,403.5,409.41,30131854
XOM.US,2026-03-09,152.02,153.89,149.47,150.44,25532656
0005.HK,2026-03-10,133.3,135.9,133.0,135.9,20552580
0700.HK,2026-03-10,525.0,556.0,525.0,553.5,57862244
1810.HK,2026-03-10,34.56,34.56,33.24,33.62,144887256
3690.HK,2026-03-10,80.0,80.55,77.55,79.1,46241432
9988.HK,2026-03-10,131.0,134.2,130.0,133.5,98445281
AAPL.US,2026-03-10,257.65,262.48,256.95,260.83,30590765
BABA.US,2026-03-10,135.71,139.22,134.56,136.85,15264286
JPM.US,2026-03-10,289.29,292.75,287.18,288.73,8344876
KO.US,2026-03-10,77.48,78.41,77.1,77.88,17243873
MSFT.US,2026-03-10,410.03,410.2,402.93,405.76,31706375
XOM.US,2026-03-10,149.25,150.4,147.7,148.13,19617590
0005.HK,2026-03-11,135.0,135.6,133.0,133.0,15084104
0700.HK,2026-03-11,578.0,578.0,548.0,552.0,47623240
1810.HK,2026-03-11,33.62,33.98,33.14,33.34,127324683
3690.HK,2026-03-11,79.15,79.6,76.65,77.4,39917143
9988.HK,2026-03-11,135.5,136.1,132.4,133.2,61695884
AAPL.US,2026-03-11,261.09,262.13,259.55,260.81,26218927
BABA.US,2026-03-11,135.57,136.74,134.82,136.29,6685065
JPM.US,2026-03-11,288.81,290.48,284.86,287.52,10204994
KO.US,2026-03-11,77.71,77.71,76.6,77.63,11551199
MSFT.US,2026-03-11,405.57,409.01,401.59,404.88,25512139
XOM.US,2026-03-11,147.99,151.81,147.66,151.58,15297412
0005.HK,2026-03-12,129.7,130.8,128.1,128.9,14658068
0700.HK,2026-03-12,550.5,557.0,541.5,546.5,19663840
1810.HK,2026-03-12,33.08,33.72,33.0,33.3,78757356
3690.HK,2026-03-12,76.5,77.2,75.4,76.7,37947010
9988.HK,2026-03-12,130.6,133.5,129.6,131.6,57889342
AAPL.US,2026-03-12,258.66,258.95,254.18,255.76,40794020
BABA.US,2026-03-12,135.38,136.0,133.45,134.2,7591786
JPM.US,2026-03-12,282.83,283.88,279.1,282.89,13760505
KO.US,2026-03-12,77.42,78.16,76.9,77.61,16842182
MSFT.US,2026-03-12,404.63,406.12,401.71,401.86,27263886
XOM.US,2026-03-12,152.27,155.0,151.63,153.53,26053965
0005.HK,2026-03-13,125.8,126.4,122.5,122.5,35689160
0700.HK,2026-03-13,546.5,558.5,543.0,547.5,17183958
1810.HK,2026-03-13,33.3,33.68,32.78,33.32,90631843
3690.HK,2026-03-13,76.0,77.4,75.85,75.95,18836697
9988.HK,2026-03-13,131.3,134.6,130.4,132.5,51862084
AAPL.US,2026-03-13,255.48,256.33,249.52,250.12,36929988
BABA.US,2026-03-13,136.07,137.2,134.7,135.21,6438401
JPM.US,2026-03-13,284.67,287.19,282.95,283.44,9091183
KO.US,2026-03-13,77.47,78.05,77.19,77.34,11974497
MSFT.US,2026-03-13,401.0,404.8,394.25,395.55,26848000
XOM.US,2026-03-13,154.3,156.89,152.98,156.12,22414094
0005.HK,2026-03-16,119.2,125.4,119.2,124.3,21752570
0700.HK,2026-03-16,551.0,565.5,543.5,558.5,24217363
1810.HK,2026-03-16,33.52,35.28,33.4,35.2,227090440
3690.HK,2026-03-16,76.9,79.0,76.5,78.3,38287519
9988.HK,2026-03-16,132.9,135.1,130.8,134.0,50025123
AAPL.US,2026-03-16,252.11,253.89,249.88,252.82,32074209
BABA.US,2026-03-16,138.8,138.8,136.5,136.71,9972344
JPM.US,2026-03-16,286.34,289.27,284.61,286.16,8149008
KO.US,2026-03-16,78.0,78.43,77.74,77.82,11761239
MSFT.US,2026-03-16,398.07,400.63,394.79,399.95,27733721
XOM.US,2026-03-16,156.0,157.78,154.76,157.23,22835633
0005.HK,2026-03-17,125.0,126.2,124.5,124.8,11183283
0700.HK,2026-03-17,563.0,566.0,549.0,550.0,22872974
1810.HK,2026-03-17,35.4,36.62,35.22,35.36,206256757
3690.HK,2026-03-17,78.45,82.2,78.4,80.0,52313278
9988.HK,2026-03-17,135.2,138.5,134.6,134.6,76247583
AAPL.US,2026-03-17,252.96,255.13,252.18,254.23,32361607
BABA.US,2026-03-17,137.88,138.22,135.97,136.57,10005699
JPM.US,2026-03-17,289.0,291.76,285.95,286.89,8961193
KO.US,2026-03-17,78.0,78.3,77.45,77.58,14900071
MSFT.US,2026-03-17,400.27,404.4,397.75,399.41,26228279
XOM.US,2026-03-17,158.25,160.45,156.8,158.81,21592171
0005.HK,2026-03-18,126.6,128.4,125.1,127.9,11978057
0700.HK,2026-03-18,546.5,552.0,542.5,550.5,21350876
1810.HK,2026-03-18,35.38,35.8,34.56,35.14,138424731
3690.HK,2026-03-18,80.55,81.4,79.6,80.3,26863720
9988.HK,2026-03-18,134.4,140.2,133.1,137.7,108384226
AAPL.US,2026-03-18,252.63,254.94,249.0,249.94,35757874
BABA.US,2026-03-18,138.45,139.16,134.37,134.43,17158597
JPM.US,2026-03-18,286.83,289.41,285.12,287.74,10057039
KO.US,2026-03-18,77.08,77.13,75.85,75.97,13134637
MSFT.US,2026-03-18,397.13,398.0,391.0,391.79,25908484
XOM.US,2026-03-18,159.66,160.18,157.53,157.59,18947142
0005.HK,2026-03-19,124.8,125.7,123.8,124.0,16808610
0700.HK,2026-03-19,528.0,529.5,512.0,513.0,59432770
1810.HK,2026-03-19,36.06,37.18,35.7,36.32,348023057
3690.HK,2026-03-19,78.7,81.55,78.5,80.7,50616607
9988.HK,2026-03-19,132.7,134.2,131.2,132.0,112049539
AAPL.US,2026-03-19,249.4,251.83,247.3,248.96,34864082
BABA.US,2026-03-19,123.02,126.92,121.16,124.9,33440469
JPM.US,2026-03-19,286.88,289.51,284.62,287.97,9846696
KO.US,2026-03-19,76.0,76.45,75.53,75.55,13023339
MSFT.US,2026-03-19,390.1,392.49,387.06,389.02,25138772
XOM.US,2026-03-19,158.26,159.56,154.84,158.16,27082733
0005.HK,2026-03-20,123.9,124.5,122.5,124.5,21143449
0700.HK,2026-03-20,505.0,519.0,505.0,508.0,24924662
1810.HK,2026-03-20,35.5,35.64,33.2,33.2,396613712
3690.HK,2026-03-20,81.55,82.65,78.15,79.15,64632837
9988.HK,2026-03-20,123.5,126.8,122.4,123.7,206068855
AAPL.US,2026-03-20,247.98,249.2,246.0,247.99,88331081
BABA.US,2026-03-20,125.72,126.48,122.09,122.41,15479264
JPM.US,2026-03-20,288.08,290.71,285.27,286.56,22436492
KO.US,2026-03-20,75.57,76.05,74.39,74.75,33298715
MSFT.US,2026-03-20,386.79,387.0,380.12,381.87,50853154
XOM.US,2026-03-20,159.35,162.44,159.1,159.67,53942142
0005.HK,2026-03-23,120.1,120.5,118.5,118.9,34864925
0700.HK,2026-03-23,497.8,506.0,495.2,498.4,35123702
1810.HK,2026-03-23,32.9,33.04,31.62,32.06,252029044
3690.HK,2026-03-23,77.8,78.5,75.85,76.55,54303511
9988.HK,2026-03-23,120.8,121.6,117.7,119.7,136352855
AAPL.US,2026-03-23,253.97,254.6,250.28,251.49,40546109
BABA.US,2026-03-23,123.24,127.27,123.1,126.06,15583917
JPM.US,2026-03-23,294.31,295.75,287.97,289.91,11470841
KO.US,2026-03-23,75.34,75.45,74.55,75.11,15054915
MSFT.US,2026-03-23,383.9,387.21,381.68,383.0,29680059
XOM.US,2026-03-23,156.12,161.42,155.02,161.13,25021288
0005.HK,2026-03-24,123.5,123.6,120.8,123.6,19779772
0700.HK,2026-03-24,508.0,520.0,500.0,514.0,29358876
1810.HK,2026-03-24,32.4,32.86,32.06,32.68,167841875
3690.HK,2026-03-24,76.75,79.2,76.75,79.0,44636705
9988.HK,2026-03-24,122.0,124.0,119.8,123.2,86973171
AAPL.US,2026-03-24,250.35,254.83,249.55,251.64,45152288
BABA.US,2026-03-24,124.36,125.75,123.92,125.48,8516233
JPM.US,2026-03-24,286.17,295.48,285.37,292.4,11092328
KO.US,2026-03-24,74.86,75.69,74.63,74.67,15653726
MSFT.US,2026-03-24,382.36,382.47,371.85,372.74,42733625
XOM.US,2026-03-24,161.71,167.48,161.25,165.38,26131824
0005.HK,2026-03-25,124.4,125.2,123.4,125.0,19072875
0700.HK,2026-03-25,519.0,521.5,502.0,505.5,37353909
1810.HK,2026-03-25,32.04,32.94,31.52,32.52,313561967
3690.HK,2026-03-25,79.95,91.55,78.55,90.0,252756064
9988.HK,2026-03-25,125.2,131.4,123.4,128.9,148277825
AAPL.US,2026-03-25,254.1,255.0,251.6,252.62,28476668
BABA.US,2026-03-25,129.48,130.65,128.34,129.87,12843020
JPM.US,2026-03-25,294.15,297.64,292.44,295.42,12188164
KO.US,2026-03-25,74.59,75.65,74.07,75.25,14787906
MSFT.US,2026-03-25,376.92,377.06,369.63,371.04,31181163
XOM.US,2026-03-25,163.87,165.0,162.93,163.26,17192333
0005.HK,2026-03-26,125.6,125.8,123.6,124.8,12844795
0700.HK,2026-03-26,501.0,507.5,495.0,495.6,22623215
1810.HK,2026-03-26,32.36,33.18,32.22,32.44,200494255
3690.HK,2026-03-26,90.0,90.65,85.5,86.7,121140962
9988.HK,2026-03-26,128.0,128.0,122.6,123.0,87500096
AAPL.US,2026-03-26,252.12,257.0,250.77,252.89,41796650
BABA.US,2026-03-26,126.72,127.05,124.59,125.41,9239994
JPM.US,2026-03-26,292.58,294.99,290.73,291.66,8669196
KO.US,2026-03-26,75.19,75.75,74.65,74.69,11202133
MSFT.US,2026-03-26,370.82,374.72,365.19,365.97,36836574
XOM.US,2026-03-26,164.09,165.68,162.06,165.43,18625249
0005.HK,2026-03-27,124.8,125.4,123.8,124.8,10258490
0700.HK,2026-03-27,491.2,498.2,487.6,493.4,20345920
1810.HK,2026-03-27,32.3,33.4,31.92,33.0,143817444
3690.HK,2026-03-27,86.15,90.7,84.7,85.9,99424658
9988.HK,2026-03-27,123.0,124.1,121.4,122.6,53442572
AAPL.US,2026-03-27,253.9,255.49,248.07,248.8,47899998
BABA.US,2026-03-27,123.97,124.44,122.23,122.69,8104989
JPM.US,2026-03-27,289.14,290.11,281.75,282.84,9873292
KO.US,2026-03-27,74.82,76.05,74.7,75.71,17461033
MSFT.US,2026-03-27,361.9,362.45,356.51,356.77,37883400
XOM.US,2026-03-27,165.58,171.23,164.8,170.99,30338313
0005.HK,2026-03-30,122.7,123.6,121.3,123.6,17920263
0700.HK,2026-03-30,485.0,485.8,476.0,481.6,28410968
1810.HK,2026-03-30,32.3,32.62,32.04,32.38,146061694
3690.HK,2026-03-30,83.7,86.6,82.7,84.2,60221748
9988.HK,2026-03-30,118.2,121.4,117.9,120.5,80519074
AAPL.US,2026-03-30,250.07,250.87,245.51,246.63,39446213
BABA.US,2026-03-30,123.28,123.78,121.55,121.98,7226650
JPM.US,2026-03-30,284.74,287.25,282.33,283.77,11734351
KO.US,2026-03-30,75.93,77.0,75.72,76.27,18502820
MSFT.US,2026-03-30,361.9,365.36,356.28,358.96,44797002
XOM.US,2026-03-30,172.51,176.41,171.05,171.47,29813504
0005.HK,2026-03-31,124.8,125.8,123.3,125.8,13897520
0700.HK,2026-03-31,484.4,492.0,480.0,484.0,25801397
1810.HK,2026-03-31,32.38,32.86,31.52,31.76,173246657
3690.HK,2026-03-31,83.8,84.8,82.5,82.95,41291471
9988.HK,2026-03-31,120.8,122.1,117.8,119.0,72026359
AAPL.US,2026-03-31,247.91,255.48,247.1,253.79,49598091
BABA.US,2026-03-31,121.99,125.78,121.38,125.46,9486079
JPM.US,2026-03-31,288.47,295.07,284.95,294.16,12956879
KO.US,2026-03-31,76.53,77.02,75.51,76.05,18301806
MSFT.US,2026-03-31,364.55,372.9,363.07,370.17,45244365
XOM.US,2026-03-31,172.67,174.38,165.97,169.66,32006724
0005.HK,2026-04-01,129.2,131.1,128.5,130.3,25202839
0700.HK,2026-04-01,504.0,504.0,493.0,496.6,21275055
1810.HK,2026-04-01,32.36,32.64,31.58,32.02,158899200
3690.HK,2026-04-01,85.0,85.6,80.95,81.95,57818900
9988.HK,2026-04-01,123.3,124.0,121.5,122.7,67832865
AAPL.US,2026-04-01,254.08,256.18,253.33,255.63,40059432
BABA.US,2026-04-01,125.48,126.39,123.12,123.73,10297423
JPM.US,2026-04-01,295.39,298.72,292.91,295.38,11267167
KO.US,2026-04-01,76.15,76.36,75.26,76.08,15834262
MSFT.US,2026-04-01,373.49,373.99,368.2,369.37,29417206
XOM.US,2026-04-01,165.77,168.0,159.53,160.78,37927639
0005.HK,2026-04-02,131.3,131.3,128.1,130.0,17411159
0700.HK,2026-04-02,496.0,496.0,485.0,489.2,17030828
1810.HK,2026-04-02,31.7,31.72,30.52,30.88,260224828
3690.HK,2026-04-02,81.3,81.5,78.7,80.25,47181021
9988.HK,2026-04-02,121.0,121.0,117.5,118.5,95121535
AAPL.US,2026-04-02,254.2,256.13,250.65,255.92,31289369
BABA.US,2026-04-02,120.27,122.85,120.14,122.05,8830234
JPM.US,2026-04-02,291.91,295.62,288.72,294.6,6669252
KO.US,2026-04-02,76.58,76.96,76.12,76.72,14573420
MSFT.US,2026-04-02,367.21,373.64,364.15,373.46,24099067
XOM.US,2026-04-02,164.49,166.9,159.59,160.69,25377657
AAPL.US,2026-04-06,256.51,262.16,256.46,258.86,29329911
BABA.US,2026-04-06,122.05,123.65,121.7,122.31,3987630
JPM.US,2026-04-06,294.06,296.83,293.2,295.45,7142621
KO.US,2026-04-06,76.64,77.28,76.22,77.22,8259893
MSFT.US,2026-04-06,373.49,373.73,369.5,372.88,16146572
XOM.US,2026-04-06,160.57,163.75,159.53,163.37,16344261
AAPL.US,2026-04-07,256.16,256.2,245.7,253.5,62148008
BABA.US,2026-04-07,121.15,121.98,117.93,119.72,10879162
JPM.US,2026-04-07,293.14,298.18,292.7,297.4,7849083
KO.US,2026-04-07,77.2,77.6,75.63,75.91,12769170
MSFT.US,2026-04-07,370.34,372.45,366.56,372.29,21443349
XOM.US,2026-04-07,164.22,166.24,161.77,163.91,25227501
0005.HK,2026-04-08,138.1,139.3,136.0,138.6,40142380
0700.HK,2026-04-08,504.5,510.0,501.0,508.0,32856156
1810.HK,2026-04-08,31.54,32.76,31.54,32.76,256433453
3690.HK,2026-04-08,82.55,89.9,82.5,88.5,106097187
9988.HK,2026-04-08,121.9,127.9,121.3,126.5,181819816
AAPL.US,2026-04-08,258.45,259.75,256.53,258.9,41032772
BABA.US,2026-04-08,128.11,129.34,124.86,125.32,17638077
JPM.US,2026-04-08,307.97,311.26,305.33,307.97,10590165
KO.US,2026-04-08,75.81,77.37,75.32,77.29,12331304
MSFT.US,2026-04-08,384.98,385.0,371.41,374.33,33064818
XOM.US,2026-04-08,153.52,156.35,150.98,156.22,31311201
0005.HK,2026-04-09,138.8,139.8,137.0,138.9,18417735
0700.HK,2026-04-09,506.5,514.5,503.0,508.5,20722763
1810.HK,2026-04-09,32.32,32.34,31.28,31.36,168319928
3690.HK,2026-04-09,87.25,89.7,86.9,88.0,34932772
9988.HK,2026-04-09,123.1,124.0,122.0,122.9,82451818
AAPL.US,2026-04-09,259.0,261.12,256.07,260.49,28121574
BABA.US,2026-04-09,124.52,127.78,123.96,127.68,10014556
JPM.US,2026-04-09,306.95,311.26,306.11,310.33,6586601
KO.US,2026-04-09,76.65,78.29,76.37,78.18,14310985
MSFT.US,2026-04-09,372.5,373.5,367.05,373.07,30435297
XOM.US,2026-04-09,156.86,159.23,154.31,155.04,25868377
0005.HK,2026-04-10,139.6,140.5,139.1,139.7,16727101
0700.HK,2026-04-10,508.0,514.0,501.0,504.5,20671874
1810.HK,2026-04-10,31.42,31.96,30.84,30.9,168300156
3690.HK,2026-04-10,88.25,90.85,87.3,87.6,31529595
9988.HK,2026-04-10,125.1,127.5,125.0,125.5,78382509
AAPL.US,2026-04-10,259.98,262.19,259.02,260.48,31291473
BABA.US,2026-04-10,129.14,129.76,127.05,127.33,9356300
JPM.US,2026-04-10,310.0,310.35,306.72,309.87,6069693
KO.US,2026-04-10,77.98,78.17,77.31,77.47,11081413
MSFT.US,2026-04-10,372.98,375.64,370.03,370.87,28111128
XOM.US,2026-04-10,154.04,155.12,151.92,152.51,21065019
0005.HK,2026-04-13,138.5,139.0,137.2,138.8,15319683
0700.HK,2026-04-13,498.4,503.0,487.8,490.0,21140848
1810.HK,2026-04-13,30.7,30.76,30.26,30.66,118774442
3690.HK,2026-04-13,86.7,87.1,85.3,86.45,23659777
9988.HK,2026-04-13,124.5,124.5,122.5,123.2,51100996
AAPL.US,2026-04-13,259.73,260.18,256.66,259.2,36234698
BABA.US,2026-04-13,125.99,128.09,125.55,128.01,5550175
JPM.US,2026-04-13,307.47,313.74,305.46,313.68,8318221
KO.US,2026-04-13,77.32,77.45,75.83,76.41,12696173
MSFT.US,2026-04-13,373.61,384.54,371.02,384.37,35745781
XOM.US,2026-04-13,154.27,154.62,151.28,152.64,18685605
0005.HK,2026-04-14,141.0,141.5,140.1,141.0,18252258
0700.HK,2026-04-14,497.4,497.4,486.2,493.2,17833779
1810.HK,2026-04-14,31.16,31.26,30.44,30.88,108582040
3690.HK,2026-04-14,87.4,87.9,83.75,85.1,36646937
9988.HK,2026-04-14,125.5,126.8,123.2,124.5,52390198
AAPL.US,2026-04-14,259.25,261.93,257.19,258.83,48370710
BABA.US,2026-04-14,128.47,132.88,128.47,131.35,11718520
JPM.US,2026-04-14,309.82,314.32,308.87,311.12,11455513
KO.US,2026-04-14,75.97,76.62,75.8,75.9,12397626
MSFT.US,2026-04-14,387.92,394.69,386.52,393.11,37504486
XOM.US,2026-04-14,150.07,150.11,146.72,149.24,18528163
0005.HK,2026-04-15,142.3,142.7,141.3,141.4,13052754
0700.HK,2026-04-15,500.0,510.0,497.4,499.0,20288791
1810.HK,2026-04-15,31.2,31.34,30.64,30.9,105366843
3690.HK,2026-04-15,86.05,88.2,85.3,86.3,37510423
9988.HK,2026-04-15,129.5,131.0,128.4,128.6,95222677
AAPL.US,2026-04-15,258.16,266.56,257.81,266.43,49913510
BABA.US,2026-04-15,132.7,133.6,131.37,133.28,8749496
JPM.US,2026-04-15,313.95,314.24,304.26,305.93,9885824
KO.US,2026-04-15,75.74,75.74,74.72,75.31,16212103
MSFT.US,2026-04-15,398.0,414.37,396.73,411.22,45063389
XOM.US,2026-04-15,148.6,150.23,146.9,149.01,15626519
0005.HK,2026-04-16,141.3,142.5,141.0,142.3,10451552
0700.HK,2026-04-16,506.5,517.0,504.0,517.0,22559081
1810.HK,2026-04-16,31.06,32.22,31.06,32.06,183635718
3690.HK,2026-04-16,86.85,89.45,86.0,88.75,44399802
9988.HK,2026-04-16,131.7,136.1,131.2,135.8,127392595
AAPL.US,2026-04-16,266.8,267.16,261.27,263.4,43323112
BABA.US,2026-04-16,137.8,140.9,135.74,138.59,17122238
JPM.US,2026-04-16,305.35,309.95,305.2,309.95,8208612
KO.US,2026-04-16,75.03,75.84,74.9,75.18,11501936
MSFT.US,2026-04-16,419.86,420.82,412.14,420.26,41642361
XOM.US,2026-04-16,149.53,152.78,149.35,151.98,15191033
0005.HK,2026-04-17,141.5,142.4,140.7,141.5,10001944
0700.HK,2026-04-17,512.0,517.0,506.0,510.5,13747249
1810.HK,2026-04-17,31.78,32.18,31.32,32.0,119020532
3690.HK,2026-04-17,87.5,87.9,84.6,86.5,46743644
9988.HK,2026-04-17,135.0,137.2,134.6,136.4,83379143
AAPL.US,2026-04-17,266.96,272.3,266.72,270.23,61436228
BABA.US,2026-04-17,141.15,143.78,139.88,141.01,12886521
JPM.US,2026-04-17,312.47,314.9,310.09,310.29,11082391
KO.US,2026-04-17,74.95,76.06,74.8,75.74,15033868
MSFT.US,2026-04-17,424.82,431.58,420.69,422.79,48568190
XOM.US,2026-04-17,144.86,146.8,141.97,146.44,28947445
0005.HK,2026-04-20,142.5,142.8,141.2,142.2,13863095
0700.HK,2026-04-20,509.5,526.5,504.5,522.5,23428202
1810.HK,2026-04-20,32.02,32.94,31.84,32.32,125873323
3690.HK,2026-04-20,85.85,85.95,84.35,85.15,36368973
9988.HK,2026-04-20,135.7,138.4,134.7,137.0,71204282
AAPL.US,2026-04-20,270.33,274.28,270.29,273.05,36590169
BABA.US,2026-04-20,140.47,140.93,138.87,140.17,7823286
JPM.US,2026-04-20,310.85,317.13,310.37,316.99,10772003
KO.US,2026-04-20,75.82,76.22,75.36,75.48,10141759
MSFT.US,2026-04-20,421.15,423.33,416.3,418.07,27582237
XOM.US,2026-04-20,147.38,149.37,146.35,147.68,16354430
0005.HK,2026-04-21,142.2,143.9,142.1,143.7,13859824
0700.HK,2026-04-21,523.0,525.5,515.5,519.0,13113816
1810.HK,2026-04-21,32.32,32.58,32.02,32.4,72569687
3690.HK,2026-04-21,85.8,87.2,84.65,86.45,24682917
9988.HK,2026-04-21,138.2,138.2,134.9,136.3,44920044
AAPL.US,2026-04-21,271.5,272.8,265.4,266.17,50209755
BABA.US,2026-04-21,139.25,139.25,134.46,135.38,11388172
JPM.US,2026-04-21,317.49,320.24,312.75,313.0,7084264
KO.US,2026-04-21,75.48,75.53,74.62,74.7,11806942
MSFT.US,2026-04-21,420.24,427.18,417.2,424.16,32048495
XOM.US,2026-04-21,147.37,148.81,146.24,148.36,17515930
0005.HK,2026-04-22,142.5,144.1,142.2,144.0,9399619
0700.HK,2026-04-22,513.5,514.5,502.0,504.0,23170931
1810.HK,2026-04-22,32.18,32.2,31.72,31.8,81506568
3690.HK,2026-04-22,85.2,85.3,83.8,84.25,31118161
9988.HK,2026-04-22,133.3,133.4,130.6,131.5,69494718
AAPL.US,2026-04-22,267.82,273.74,266.87,273.17,43249204
BABA.US,2026-04-22,136.91,137.33,135.38,136.42,9258281
JPM.US,2026-04-22,314.85,315.15,311.94,313.02,5545909
KO.US,2026-04-22,74.9,75.38,74.55,74.63,9352264
MSFT.US,2026-04-22,426.19,433.7,423.67,432.92,29378173
XOM.US,2026-04-22,149.37,150.68,148.18,149.5,13738700
0005.HK,2026-04-23,142.0,143.0,140.6,141.1,15795912
0700.HK,2026-04-23,500.0,502.0,495.2,495.2,23497267
1810.HK,2026-04-23,31.8,31.8,30.84,31.18,135471125
3690.HK,2026-04-23,84.0,84.2,82.35,83.1,27552166
9988.HK,2026-04-23,132.6,132.7,129.5,130.4,54768842
AAPL.US,2026-04-23,275.05,275.77,271.65,273.43,33399639
BABA.US,2026-04-23,133.78,133.9,129.62,131.7,10749898
JPM.US,2026-04-23,313.52,314.99,308.89,311.69,6969656
KO.US,2026-04-23,75.44,76.66,75.16,76.28,12060271
MSFT.US,2026-04-23,419.89,423.66,411.41,415.75,38307959
XOM.US,2026-04-23,149.85,151.23,148.5,150.53,12970401
0005.HK,2026-04-24,139.8,140.6,139.8,140.0,7627274
0700.HK,2026-04-24,487.0,495.0,487.0,493.4,18566187
1810.HK,2026-04-24,31.0,31.34,30.8,31.2,77321253
3690.HK,2026-04-24,83.0,83.5,81.7,82.45,36155043
9988.HK,2026-04-24,128.1,132.8,126.7,131.8,63648525
AAPL.US,2026-04-24,272.76,273.06,269.65,271.06,38157110
BABA.US,2026-04-24,133.68,136.2,133.0,135.82,9046794
JPM.US,2026-04-24,311.15,311.15,307.89,308.28,5215321
KO.US,2026-04-24,76.71,77.01,76.17,76.63,12008675
MSFT.US,2026-04-24,416.97,424.95,415.8,424.62,27457404
XOM.US,2026-04-24,149.64,150.3,146.95,148.91,13735857
0005.HK,2026-04-27,139.6,140.4,139.2,140.2,6235801
0700.HK,2026-04-27,490.0,491.0,478.0,478.6,45048027
1810.HK,2026-04-27,31.2,31.34,30.62,31.1,88584715
3690.HK,2026-04-27,82.45,82.45,80.4,81.85,39390929
9988.HK,2026-04-27,131.8,133.9,130.1,130.2,51858735
AAPL.US,2026-04-27,266.09,268.36,265.07,267.61,41466762
BABA.US,2026-04-27,133.0,133.41,132.09,132.52,6462056
JPM.US,2026-04-27,306.88,312.58,306.88,311.63,7925317
KO.US,2026-04-27,76.71,76.71,75.4,75.44,15812212
MSFT.US,2026-04-27,422.38,427.11,417.07,424.82,30867303
XOM.US,2026-04-27,149.16,151.18,147.97,148.19,13940841
0005.HK,2026-04-28,139.6,141.0,139.6,140.6,7774218
0700.HK,2026-04-28,476.0,481.6,472.0,473.8,25793090
1810.HK,2026-04-28,31.1,31.2,29.9,29.92,211802864
3690.HK,2026-04-28,80.85,81.65,80.2,80.3,33674973
9988.HK,2026-04-28,128.8,130.6,126.0,126.5,72924924
AAPL.US,2026-04-28,272.34,273.23,268.66,270.71,40018940
BABA.US,2026-04-28,129.5,130.92,128.95,130.85,6088113
JPM.US,2026-04-28,315.2,315.45,311.17,311.45,7398596
KO.US,2026-04-28,79.52,80.32,78.08,78.35,30710675
MSFT.US,2026-04-28,424.57,429.92,421.9,429.25,30438087
XOM.US,2026-04-28,151.53,152.31,149.83,150.56,15173622
0005.HK,2026-04-29,140.6,142.0,140.6,141.0,11924004
0700.HK,2026-04-29,474.6,480.6,474.6,479.2,19321018
1810.HK,2026-04-29,29.92,30.36,29.7,30.14,167446422
3690.HK,2026-04-29,81.45,84.15,80.65,83.15,45687332
9988.HK,2026-04-29,128.8,130.6,128.2,130.6,59643280
AAPL.US,2026-04-29,267.55,271.04,267.04,270.17,30047869
BABA.US,2026-04-29,131.95,132.03,129.96,130.43,6386040
JPM.US,2026-04-29,310.57,312.05,307.29,309.25,8031805
KO.US,2026-04-29,78.37,79.28,78.19,78.87,18294748
MSFT.US,2026-04-29,424.58,426.82,420.29,424.46,38288316
XOM.US,2026-04-29,152.02,154.95,151.01,154.67,14669140
0005.HK,2026-04-30,139.8,141.1,139.1,140.2,18699023
0700.HK,2026-04-30,474.0,474.8,463.2,467.8,38406905
1810.HK,2026-04-30,29.82,29.88,28.8,29.02,284581634
3690.HK,2026-04-30,81.9,84.5,81.25,83.25,45918845
9988.HK,2026-04-30,128.2,128.5,126.0,126.0,88190461
AAPL.US,2026-04-30,270.5,276.0,268.14,271.35,91848230
BABA.US,2026-04-30,130.15,132.64,129.35,131.88,7416640
JPM.US,2026-04-30,307.07,314.1,306.57,313.23,8865387
KO.US,2026-04-30,78.8,79.12,78.33,78.76,15142172
MSFT.US,2026-04-30,410.81,414.42,398.01,407.78,70909408
XOM.US,2026-04-30,152.43,155.69,151.34,154.33,22885900
AAPL.US,2026-05-01,278.86,287.22,278.37,280.14,79915442
BABA.US,2026-05-01,131.76,133.15,131.36,131.5,6199254
JPM.US,2026-05-01,313.95,316.08,311.83,312.47,6135359
KO.US,2026-05-01,79.29,79.64,78.04,78.58,12610373
MSFT.US,2026-05-01,412.8,417.11,410.44,414.44,31372361
XOM.US,2026-05-01,152.61,155.01,151.13,152.75,15458208
0005.HK,2026-05-04,144.1,144.8,142.8,143.4,10396179
0700.HK,2026-05-04,469.8,478.8,469.8,473.0,23758824
1810.HK,2026-05-04,29.06,32.14,29.06,30.98,234369711
3690.HK,2026-05-04,84.0,86.8,83.65,84.45,16917991
9988.HK,2026-05-04,128.8,134.2,128.7,131.7,67792478
AAPL.US,2026-05-04,279.66,280.63,274.86,276.83,46668401
BABA.US,2026-05-04,133.98,136.12,133.26,133.27,8317188
JPM.US,2026-05-04,310.62,310.65,306.51,307.65,7338179
KO.US,2026-05-04,78.06,78.77,77.73,78.19,12672439
MSFT.US,2026-05-04,411.54,420.78,410.8,413.62,28066528
XOM.US,2026-05-04,152.67,154.47,149.52,153.69,14238533
0005.HK,2026-05-05,141.2,141.6,136.0,136.0,31713313
0700.HK,2026-05-05,469.0,472.4,465.6,472.2,13004679
1810.HK,2026-05-05,30.8,30.92,29.84,30.46,110953102
3690.HK,2026-05-05,83.6,83.95,82.2,83.55,10874630
9988.HK,2026-05-05,131.2,132.7,129.9,131.2,25517465
AAPL.US,2026-05-05,276.93,284.57,276.5,284.18,49311712
BABA.US,2026-05-05,134.63,134.72,132.17,132.26,6919340
JPM.US,2026-05-05,307.71,310.97,306.8,309.4,6316845
KO.US,2026-05-05,78.19,78.78,77.74,78.48,11637537
MSFT.US,2026-05-05,415.32,416.78,408.8,411.38,25700891
XOM.US,2026-05-05,153.1,155.29,152.41,154.88,12494644
0005.HK,2026-05-06,136.6,140.5,136.2,140.5,22396052
0700.HK,2026-05-06,470.6,473.4,460.2,463.0,44367227
1810.HK,2026-05-06,30.52,31.18,30.3,30.82,208359203
3690.HK,2026-05-06,83.95,84.55,82.15,82.5,38773772
9988.HK,2026-05-06,132.4,137.3,130.9,134.2,115976497
AAPL.US,2026-05-06,281.92,288.03,281.07,287.51,58336072
BABA.US,2026-05-06,137.31,142.2,136.74,141.44,16958926
JPM.US,2026-05-06,311.45,316.26,311.35,314.9,8629538
KO.US,2026-05-06,78.78,79.33,78.57,79.23,14060316
MSFT.US,2026-05-06,408.0,418.42,405.11,413.96,30285898
XOM.US,2026-05-06,149.07,150.33,147.09,148.69,20526977
0005.HK,2026-05-07,141.8,143.2,141.7,143.1,13291951
0700.HK,2026-05-07,472.2,481.0,472.2,477.4,40989511
1810.HK,2026-05-07,31.22,31.48,30.76,31.12,142253475
3690.HK,2026-05-07,84.5,85.3,83.8,84.25,41734088
9988.HK,2026-05-07,139.5,140.9,138.5,140.9,116084635
AAPL.US,2026-05-07,289.27,292.13,285.78,287.44,45224300
BABA.US,2026-05-07,143.77,143.95,140.44,141.0,10698816
JPM.US,2026-05-07,314.65,316.3,306.14,306.27,8359599
KO.US,2026-05-07,78.79,79.15,78.1,78.43,16531418
MSFT.US,2026-05-07,420.11,427.98,418.76,420.77,34942445
XOM.US,2026-05-07,146.8,147.08,144.19,146.58,22509403
0005.HK,2026-05-08,139.4,140.2,138.2,138.7,15750818
0700.HK,2026-05-08,475.0,475.6,468.4,471.4,25207039
1810.HK,2026-05-08,31.02,31.92,30.86,31.68,132137552
3690.HK,2026-05-08,83.6,84.7,83.2,84.05,24167472
9988.HK,2026-05-08,138.9,139.8,138.2,139.0,59348966
AAPL.US,2026-05-08,290.01,294.76,290.0,293.32,52692761
BABA.US,2026-05-08,142.05,143.8,139.37,140.06,10062038
JPM.US,2026-05-08,308.25,308.99,300.5,302.1,9464267
KO.US,2026-05-08,78.57,79.2,78.12,78.42,12447167
MSFT.US,2026-05-08,417.39,418.63,414.0,415.12,33383790
XOM.US,2026-05-08,145.85,146.5,143.92,144.57,19550073
0005.HK,2026-05-11,140.0,141.2,138.5,141.2,9073683
0700.HK,2026-05-11,465.0,471.2,463.6,464.4,27814648
1810.HK,2026-05-11,31.52,32.0,31.08,31.7,113289085
3690.HK,2026-05-11,83.1,84.8,82.4,84.35,29716251
9988.HK,2026-05-11,136.8,137.6,133.3,133.9,98275069
AAPL.US,2026-05-11,291.98,293.88,290.23,292.68,42247285
BABA.US,2026-05-11,137.66,138.85,136.22,137.3,9859181
JPM.US,2026-05-11,302.1,303.19,298.88,300.0,9511957
KO.US,2026-05-11,78.16,78.73,77.84,78.66,10967894
MSFT.US,2026-05-11,407.87,412.69,405.5,412.66,35657943
XOM.US,2026-05-11,146.02,149.72,146.0,149.68,14849473
0005.HK,2026-05-12,141.2,141.3,138.6,138.6,9948950
0700.HK,2026-05-12,462.0,469.0,457.2,457.2,32469707
1810.HK,2026-05-12,31.7,32.1,31.36,31.46,96395374
3690.HK,2026-05-12,83.9,85.65,83.75,84.15,25067034
9988.HK,2026-05-12,133.5,136.0,133.1,133.3,57483637
AAPL.US,2026-05-12,292.56,295.27,292.56,294.8,45748129
BABA.US,2026-05-12,136.49,136.97,133.82,134.78,16128951
JPM.US,2026-05-12,300.02,306.06,295.55,304.88,9498214
KO.US,2026-05-12,79.0,80.32,78.28,80.03,19883100
MSFT.US,2026-05-12,414.48,415.5,406.64,407.77,38594221
XOM.US,2026-05-12,151.25,151.81,149.77,150.63,16443098
0005.HK,2026-05-13,140.8,141.6,140.2,141.1,11585598
0700.HK,2026-05-13,456.0,465.8,454.0,462.6,26616535
1810.HK,2026-05-13,31.52,32.08,31.12,31.8,102172260
3690.HK,2026-05-13,84.7,88.95,84.2,87.6,63062497
9988.HK,2026-05-13,132.0,134.2,130.3,132.8,89332520
AAPL.US,2026-05-13,293.5,300.92,293.5,298.87,52684260
BABA.US,2026-05-13,132.06,146.87,130.33,145.81,40214629
JPM.US,2026-05-13,302.27,303.0,300.07,300.25,7709525
KO.US,2026-05-13,79.87,81.03,79.84,80.26,12356954
MSFT.US,2026-05-13,403.2,406.31,401.03,405.21,29667073
XOM.US,2026-05-13,150.06,151.79,149.68,151.57,15772782
0005.HK,2026-05-14,141.5,141.7,140.1,140.5,10046420
0700.HK,2026-05-14,474.2,479.6,458.6,460.2,39339032
1810.HK,2026-05-14,32.5,32.88,31.72,31.72,160864410
3690.HK,2026-05-14,91.05,91.35,85.6,85.7,56592595
9988.HK,2026-05-14,143.1,144.0,137.4,137.9,171292701
AAPL.US,2026-05-14,299.82,300.45,295.38,298.21,35324922
BABA.US,2026-05-14,140.98,143.98,138.61,141.12,19422031
JPM.US,2026-05-14,302.25,303.75,298.81,299.91,7364315
KO.US,2026-05-14,80.73,80.92,79.91,80.45,10641988
MSFT.US,2026-05-14,404.48,411.84,400.88,409.43,27077542
XOM.US,2026-05-14,151.9,153.12,151.26,152.78,11331469
0005.HK,2026-05-15,141.0,141.2,138.7,139.4,9189819
0700.HK,2026-05-15,459.0,462.6,454.2,456.4,26449868
1810.HK,2026-05-15,31.6,31.72,30.46,30.7,152641980
3690.HK,2026-05-15,84.5,85.5,82.25,82.7,41139543
9988.HK,2026-05-15,138.0,138.0,131.1,132.3,90144879
AAPL.US,2026-05-15,297.9,303.2,296.52,300.23,54862836
BABA.US,2026-05-15,135.88,135.88,131.95,132.59,17985114
JPM.US,2026-05-15,300.21,300.79,296.45,297.81,8699281
KO.US,2026-05-15,81.36,81.36,80.45,80.82,17527196
MSFT.US,2026-05-15,414.27,428.17,412.91,421.92,50771160
XOM.US,2026-05-15,153.75,158.0,153.0,157.92,27882407
0005.HK,2026-05-18,138.8,138.8,136.5,138.1,12750222
0700.HK,2026-05-18,455.0,457.8,445.8,449.2,29497076
1810.HK,2026-05-18,31.0,31.06,30.14,30.66,116608436
3690.HK,2026-05-18,82.2,82.7,81.05,82.15,41351975
9988.HK,2026-05-18,130.4,134.9,128.6,131.7,94625028
AAPL.US,2026-05-18,300.24,300.66,294.91,297.84,34482959
BABA.US,2026-05-18,133.95,134.88,132.57,133.26,10379391
JPM.US,2026-05-18,298.0,301.26,297.22,300.73,7546296
KO.US,2026-05-18,80.87,81.39,80.39,81.2,12375523
MSFT.US,2026-05-18,416.62,425.12,415.61,423.54,32564130
XOM.US,2026-05-18,157.32,161.73,155.23,160.49,20065227
0005.HK,2026-05-19,140.0,140.3,138.1,140.3,12110298
0700.HK,2026-05-19,449.2,468.8,448.6,460.0,33736701
1810.HK,2026-05-19,30.68,31.06,30.34,30.64,89701522
3690.HK,2026-05-19,81.55,84.0,81.25,83.05,30801678
9988.HK,2026-05-19,130.5,135.3,130.5,133.3,75905647
AAPL.US,2026-05-19,296.97,300.51,296.35,298.97,42243561
BABA.US,2026-05-19,135.35,136.78,134.79,135.64,11084232
JPM.US,2026-05-19,301.09,301.79,295.26,295.7,8066927
KO.US,2026-05-19,81.41,82.66,81.26,81.92,16595249
MSFT.US,2026-05-19,429.9,432.7,416.49,417.42,33018678
XOM.US,2026-05-19,161.5,163.32,159.64,162.55,20715553
0005.HK,2026-05-20,138.9,139.2,138.1,138.7,7692378
0700.HK,2026-05-20,460.0,463.4,453.6,455.2,18927606
1810.HK,2026-05-20,30.54,30.54,29.86,30.14,109868643
3690.HK,2026-05-20,83.0,83.7,82.1,82.85,25163892
9988.HK,2026-05-20,132.9,135.5,131.0,131.9,64904996
AAPL.US,2026-05-20,298.18,302.8,298.08,302.25,38229843
BABA.US,2026-05-20,135.86,135.89,132.73,134.47,7035407
JPM.US,2026-05-20,296.7,302.93,293.67,301.98,9327002
KO.US,2026-05-20,82.17,82.4,81.52,81.55,16999670
MSFT.US,2026-05-20,414.17,422.1,411.3,421.06,27864016
XOM.US,2026-05-20,161.61,163.68,156.27,156.28,18509731
0005.HK,2026-05-21,143.1,143.5,141.0,141.7,16979986
0700.HK,2026-05-21,460.0,460.0,438.4,439.0,39653795
1810.HK,2026-05-21,30.2,30.6,29.42,29.66,117068449
3690.HK,2026-05-21,84.2,86.85,82.1,82.1,45111086
9988.HK,2026-05-21,132.6,132.6,125.5,126.0,124833824
AAPL.US,2026-05-21,301.06,305.54,300.4,304.99,42965126
BABA.US,2026-05-21,129.55,131.76,128.09,131.47,12621453
JPM.US,2026-05-21,301.23,303.98,300.21,303.0,7874388
KO.US,2026-05-21,81.79,81.8,80.72,81.17,15708429
MSFT.US,2026-05-21,424.75,426.34,415.71,419.09,31393469
XOM.US,2026-05-21,158.42,159.39,153.46,155.29,17061717
0005.HK,2026-05-22,143.2,144.0,142.6,143.9,18580283
0700.HK,2026-05-22,442.2,445.0,438.8,441.4,23998219
1810.HK,2026-05-22,30.08,30.18,29.74,30.0,100960958
3690.HK,2026-05-22,83.1,83.1,80.55,81.35,39784370
9988.HK,2026-05-22,128.2,128.6,126.0,127.0,67105437
AAPL.US,2026-05-22,306.12,311.4,305.84,308.82,43670223
BABA.US,2026-05-22,126.93,130.75,126.93,130.0,11868364
JPM.US,2026-05-22,304.68,307.45,303.84,306.38,5978568
KO.US,2026-05-22,81.18,81.68,80.92,81.48,8244441
MSFT.US,2026-05-22,419.54,424.4,416.33,418.57,22390344
XOM.US,2026-05-22,154.03,155.55,153.17,154.92,12948454
0005.HK,2026-05-26,144.4,145.5,143.5,145.5,19646590
0700.HK,2026-05-26,438.0,441.0,432.0,439.0,32795639
1810.HK,2026-05-26,30.0,30.52,29.3,29.76,148283733
3690.HK,2026-05-26,79.95,80.5,77.0,78.8,67357066
9988.HK,2026-05-26,127.2,129.3,124.3,127.6,81943801
AAPL.US,2026-05-26,309.56,311.82,307.67,308.33,48000493
BABA.US,2026-05-26,130.1,130.24,129.08,129.47,5598986
JPM.US,2026-05-26,308.49,309.93,305.44,306.74,7731840
KO.US,2026-05-26,80.84,81.6,80.24,80.46,13012313
MSFT.US,2026-05-26,416.43,419.77,413.02,416.03,30398049
XOM.US,2026-05-26,153.5,154.55,149.47,149.81,13057760
0005.HK,2026-05-27,145.5,146.8,145.0,146.6,14520391
0700.HK,2026-05-27,435.8,442.6,433.6,434.4,24863984
1810.HK,2026-05-27,29.6,30.68,28.24,28.4,283417486
3690.HK,2026-05-27,78.3,79.0,77.3,77.7,34078568
9988.HK,2026-05-27,127.7,127.9,123.6,124.3,73913384
AAPL.US,2026-05-27,308.33,313.26,308.3,310.85,50430919
BABA.US,2026-05-27,126.32,129.0,126.25,127.76,8272827
JPM.US,2026-05-27,305.0,305.9,295.75,299.28,11785439
KO.US,2026-05-27,81.1,82.51,80.8,81.62,13212855
MSFT.US,2026-05-27,411.01,415.94,409.58,412.67,28901479
XOM.US,2026-05-27,147.23,148.69,145.75,147.9,16241133
0005.HK,2026-05-28,146.8,147.0,143.2,145.3,17372582
0700.HK,2026-05-28,431.0,432.8,420.4,425.0,42196103
1810.HK,2026-05-28,28.34,28.76,27.5,28.56,238003859
3690.HK,2026-05-28,77.2,77.3,72.25,73.3,94713412
9988.HK,2026-05-28,123.7,123.9,120.0,121.8,113734767
AAPL.US,2026-05-28,310.68,312.8,309.57,312.51,48220390
BABA.US,2026-05-28,124.72,126.57,123.54,126.16,11541348
JPM.US,2026-05-28,297.57,301.07,295.75,296.73,9766204
KO.US,2026-05-28,81.32,81.76,80.34,80.41,14691358
MSFT.US,2026-05-28,412.98,429.49,412.67,426.99,47250541
XOM.US,2026-05-28,149.34,150.21,146.87,146.96,14012470
0005.HK,2026-05-29,145.2,145.7,143.6,145.1,13019970
0700.HK,2026-05-29,428.2,438.4,423.6,427.2,48005475
1810.HK,2026-05-29,28.56,28.62,27.52,28.04,248812612
3690.HK,2026-05-29,73.6,76.1,72.35,73.45,81724196
9988.HK,2026-05-29,123.2,124.3,120.6,120.9,106781469
AAPL.US,2026-05-29,311.78,315.0,309.53,312.06,70026752
BABA.US,2026-05-29,124.39,125.04,123.43,124.22,12504288
JPM.US,2026-05-29,296.4,299.88,295.2,299.31,13973665
KO.US,2026-05-29,80.04,80.33,78.91,79.01,32476970
MSFT.US,2026-05-29,432.55,450.33,432.36,450.24,79654376
XOM.US,2026-05-29,146.19,146.93,144.71,145.26,27959898
0005.HK,2026-06-01,145.7,146.5,144.9,146.3,11125038
0700.HK,2026-06-01,432.4,442.0,430.0,436.0,35164391
1810.HK,2026-06-01,28.04,28.96,28.04,28.72,164616523
3690.HK,2026-06-01,75.2,79.35,74.4,78.25,72625452
9988.HK,2026-06-01,121.3,124.2,121.2,122.8,64910941
AAPL.US,2026-06-01,309.63,310.94,305.02,306.31,48849933
BABA.US,2026-06-01,124.2,126.35,123.99,125.4,9297825
JPM.US,2026-06-01,297.69,299.55,295.27,296.58,7929978
KO.US,2026-06-01,78.58,79.2,78.43,78.64,12776262
MSFT.US,2026-06-01,464.84,466.32,458.27,460.52,53628910
XOM.US,2026-06-01,147.02,149.65,147.0,149.38,16732078
0005.HK,2026-06-02,144.8,147.2,142.7,147.2,17445189
0700.HK,2026-06-02,438.0,484.8,437.4,481.6,101874275
1810.HK,2026-06-02,28.8,29.74,28.6,29.62,178513477
3690.HK,2026-06-02,79.3,85.75,79.0,85.5,136662320
9988.HK,2026-06-02,124.1,131.2,123.4,130.9,126607691
AAPL.US,2026-06-02,307.46,315.45,306.69,315.2,44534716
BABA.US,2026-06-02,132.25,134.09,130.52,130.82,15355106
JPM.US,2026-06-02,296.5,302.07,295.27,300.96,8296234
KO.US,2026-06-02,78.88,79.2,78.25,78.41,12533215
MSFT.US,2026-06-02,446.88,453.5,440.43,441.31,37036801
XOM.US,2026-06-02,149.03,150.83,148.5,149.56,10462402
0005.HK,2026-06-03,147.8,148.8,146.3,146.9,13176862
0700.HK,2026-06-03,484.0,484.0,461.6,466.4,49104320
1810.HK,2026-06-03,29.5,29.68,28.54,28.58,142370227
3690.HK,2026-06-03,85.7,85.75,79.65,80.4,83942077
9988.HK,2026-06-03,130.0,130.3,126.5,126.6,90810223
AAPL.US,2026-06-03,314.18,316.94,308.85,310.26,50836705
BABA.US,2026-06-03,128.76,128.89,126.83,127.21,8646189
JPM.US,2026-06-03,299.92,301.96,296.56,300.85,7003935
KO.US,2026-06-03,78.29,79.03,78.11,78.76,14964273
MSFT.US,2026-06-03,438.45,440.39,424.25,427.34,39037007
XOM.US,2026-06-03,150.61,154.91,150.02,152.53,14372958
0005.HK,2026-06-04,145.8,146.9,144.5,146.4,11968429
0700.HK,2026-06-04,462.6,468.6,454.8,459.0,29053909
1810.HK,2026-06-04,28.62,28.76,28.06,28.38,88262656
3690.HK,2026-06-04,79.7,80.0,77.9,78.6,43047835
9988.HK,2026-06-04,125.2,125.6,122.8,123.5,60737375
AAPL.US,2026-06-04,313.23,313.54,309.65,311.23,44869134
BABA.US,2026-06-04,126.62,128.17,125.94,125.95,6928094
JPM.US,2026-06-04,305.74,312.91,304.44,310.89,10345161
KO.US,2026-06-04,79.78,80.04,76.81,76.82,19361649
MSFT.US,2026-06-04,435.81,436.15,426.41,428.05,26899511
XOM.US,2026-06-04,152.05,153.43,150.94,152.04,11799385
0005.HK,2026-06-05,143.8,144.5,141.2,141.8,29293119
0700.HK,2026-06-05,461.6,466.2,452.2,453.2,31649780
1810.HK,2026-06-05,28.62,28.74,27.8,27.8,154054795
3690.HK,2026-06-05,79.0,80.3,77.7,79.95,57489919
9988.HK,2026-06-05,123.5,125.1,121.6,122.4,75982909
AAPL.US,2026-06-05,312.86,315.17,307.15,307.34,65310502
BABA.US,2026-06-05,125.01,125.23,120.46,121.06,12891385
JPM.US,2026-06-05,314.29,315.0,309.6,312.37,9118778
KO.US,2026-06-05,77.51,80.74,77.48,79.48,25708070
MSFT.US,2026-06-05,428.34,429.47,414.4,416.67,34782164
XOM.US,2026-06-05,152.01,152.13,149.3,149.92,16583961
0005.HK,2026-06-08,140.6,142.5,139.4,142.3,15193347
0700.HK,2026-06-08,447.8,458.2,443.2,446.4,29019096
1810.HK,2026-06-08,27.34,28.1,26.98,27.38,152036878
3690.HK,2026-06-08,77.3,77.75,75.1,76.25,63060620
9988.HK,2026-06-08,118.3,120.2,117.8,118.8,84021112
AAPL.US,2026-06-08,308.74,317.4,301.17,301.54,77949082
BABA.US,2026-06-08,121.76,122.36,119.61,120.07,9493315
JPM.US,2026-06-08,313.25,316.3,310.78,311.11,6827027
KO.US,2026-06-08,79.31,79.93,79.1,79.54,12828923
MSFT.US,2026-06-08,414.14,417.16,408.56,411.74,32086714
XOM.US,2026-06-08,151.16,153.81,150.9,151.75,13870875
0005.HK,2026-06-09,142.3,143.3,140.8,142.1,11622898
0700.HK,2026-06-09,443.8,468.4,443.2,453.2,37387399
1810.HK,2026-06-09,27.1,27.46,26.98,27.2,103973917
3690.HK,2026-06-09,76.25,78.3,75.5,77.2,34253879
9988.HK,2026-06-09,117.6,119.2,117.1,117.1,66707175
AAPL.US,2026-06-09,300.28,300.75,287.78,290.55,70108847
BABA.US,2026-06-09,121.3,122.42,118.37,119.7,11871006
JPM.US,2026-06-09,313.51,316.42,309.01,312.7,11594550
KO.US,2026-06-09,79.55,81.76,79.38,81.34,20591574
MSFT.US,2026-06-09,409.03,411.98,398.48,403.41,35317302
XOM.US,2026-06-09,150.91,151.13,147.78,148.91,18163527
0005.HK,2026-06-10,138.2,139.2,133.6,135.3,35400697
0700.HK,2026-06-10,454.8,471.0,451.6,465.6,35788237
1810.HK,2026-06-10,27.02,27.02,25.78,26.32,226252092
3690.HK,2026-06-10,77.1,80.45,76.45,79.0,56328337
9988.HK,2026-06-10,116.1,116.6,111.1,113.5,115892674
AAPL.US,2026-06-10,290.74,294.75,287.38,291.58,52793266
BABA.US,2026-06-10,116.0,118.18,115.37,115.38,10880859
JPM.US,2026-06-10,312.56,314.75,309.03,309.14,7446218
KO.US,2026-06-10,82.68,83.85,82.12,83.59,20880461
MSFT.US,2026-06-10,398.55,405.04,397.16,397.36,32576041
XOM.US,2026-06-10,151.23,152.49,149.56,150.62,14596495
0005.HK,2026-06-11,134.6,139.1,133.5,138.5,17746424
0700.HK,2026-06-11,469.8,475.6,455.0,457.2,28580619
1810.HK,2026-06-11,26.2,26.46,25.58,25.84,124356371
3690.HK,2026-06-11,78.8,80.1,77.1,78.1,34922354
9988.HK,2026-06-11,112.3,112.9,106.1,107.4,160350719
AAPL.US,2026-06-11,293.72,297.0,289.59,295.63,42572497
BABA.US,2026-06-11,110.88,112.82,109.66,112.69,16403565
JPM.US,2026-06-11,309.56,314.72,308.88,313.49,9116617
KO.US,2026-06-11,83.92,84.04,82.49,82.53,14264529
MSFT.US,2026-06-11,395.21,396.85,384.0,390.34,47224135
XOM.US,2026-06-11,152.3,152.49,146.42,146.6,17285829
0005.HK,2026-06-12,140.9,142.8,140.7,142.8,14715851
0700.HK,2026-06-12,466.0,467.0,459.4,463.6,22334646
1810.HK,2026-06-12,26.06,26.5,25.96,26.2,131880583
3690.HK,2026-06-12,78.1,78.4,75.7,77.9,47407244
9988.HK,2026-06-12,109.0,111.2,108.8,110.2,74743889
AAPL.US,2026-06-12,296.03,297.14,289.62,291.13,38784789
BABA.US,2026-06-12,112.57,112.82,110.97,112.82,8157874
JPM.US,2026-06-12,315.97,321.3,315.55,320.72,7426164
KO.US,2026-06-12,82.71,82.89,81.87,82.62,11757678
MSFT.US,2026-06-12,391.43,391.74,382.27,390.74,34922036
XOM.US,2026-06-12,145.63,148.91,145.15,147.01,17713141
0005.HK,2026-06-15,144.8,146.7,143.4,145.8,19088018
0700.HK,2026-06-15,475.0,476.8,457.8,459.6,19748938
1810.HK,2026-06-15,26.7,26.78,26.18,26.26,94789343
3690.HK,2026-06-15,79.5,79.65,77.1,78.25,24420087
9988.HK,2026-06-15,113.1,113.2,108.0,109.3,83179704
AAPL.US,2026-06-15,294.12,297.78,291.7,296.42,45732573
BABA.US,2026-06-15,112.66,113.82,112.11,112.55,10426109
JPM.US,2026-06-15,323.92,325.92,318.84,319.4,7988879
KO.US,2026-06-15,81.08,81.2,80.25,80.91,20055205
MSFT.US,2026-06-15,396.8,401.75,392.85,399.76,32266437
XOM.US,2026-06-15,139.74,141.98,137.72,140.92,23631398
0005.HK,2026-06-16,145.0,146.0,144.0,146.0,10893438
0700.HK,2026-06-16,462.6,462.6,445.4,447.4,24323142
1810.HK,2026-06-16,26.26,26.36,25.5,25.66,113820644
3690.HK,2026-06-16,76.95,77.55,74.85,75.3,40104507
9988.HK,2026-06-16,110.0,110.2,106.3,107.0,69138026
AAPL.US,2026-06-16,295.25,300.48,293.97,299.24,39874404
BABA.US,2026-06-16,109.33,111.25,109.05,110.97,14128119
JPM.US,2026-06-16,324.3,331.75,324.02,331.14,11094894
KO.US,2026-06-16,81.15,81.39,79.84,80.28,17565145
MSFT.US,2026-06-16,395.79,396.84,390.69,393.83,31506846
XOM.US,2026-06-16,140.19,142.15,139.98,141.86,18925363
0005.HK,2026-06-17,147.4,148.3,147.1,148.0,20033026
0700.HK,2026-06-17,445.6,454.0,445.4,445.4,16962334
1810.HK,2026-06-17,25.64,25.78,25.14,25.42,109311095
3690.HK,2026-06-17,75.0,75.95,73.8,74.4,22507016
9988.HK,2026-06-17,108.3,108.4,105.8,106.9,71467113
AAPL.US,2026-06-17,300.85,302.07,294.36,295.95,42745060
BABA.US,2026-06-17,109.51,110.58,107.38,107.44,13280670
JPM.US,2026-06-17,332.18,337.77,331.5,333.46,12246449
KO.US,2026-06-17,79.95,80.33,78.99,79.93,17055397
MSFT.US,2026-06-17,390.25,390.37,377.32,378.91,41987834
XOM.US,2026-06-17,141.22,142.34,140.32,140.74,16663230
0005.HK,2026-06-18,149.0,149.1,148.2,149.0,28019812
0700.HK,2026-06-18,440.0,446.2,435.6,440.2,30119117
1810.HK,2026-06-18,25.1,25.1,24.36,24.58,199675798
3690.HK,2026-06-18,75.1,76.25,71.1,71.8,68421090
9988.HK,2026-06-18,105.4,106.0,102.4,104.9,160333163
AAPL.US,2026-06-18,298.11,300.57,295.62,298.01,85962201
BABA.US,2026-06-18,106.49,107.37,105.51,107.1,14602988
JPM.US,2026-06-18,336.95,338.09,324.16,325.22,20111030
KO.US,2026-06-18,79.87,80.01,78.74,79.39,46857949
MSFT.US,2026-06-18,377.82,381.37,373.28,379.4,59714157
XOM.US,2026-06-18,138.32,138.46,135.85,137.81,48063443
0005.HK,2026-06-22,147.0,148.6,146.0,147.9,11432504
0700.HK,2026-06-22,439.0,439.0,428.4,433.0,31563111
1810.HK,2026-06-22,24.2,24.3,23.52,23.72,241866864
3690.HK,2026-06-22,72.2,73.2,69.5,72.0,57148117
9988.HK,2026-06-22,102.8,103.8,100.8,102.9,99214294
AAPL.US,2026-06-22,297.31,302.42,296.76,297.01,44879914
BABA.US,2026-06-22,105.09,106.53,103.91,104.97,13220753
JPM.US,2026-06-22,329.7,332.77,326.75,331.48,10182506
KO.US,2026-06-22,79.25,80.06,79.06,79.53,21205887
MSFT.US,2026-06-22,375.74,381.63,367.07,367.34,45171106
XOM.US,2026-06-22,138.54,139.0,137.02,138.47,15783290
0005.HK,2026-06-23,150.0,150.5,147.7,148.7,14752507
0700.HK,2026-06-23,430.0,432.4,413.6,414.8,43435789
1810.HK,2026-06-23,23.5,23.6,22.5,22.62,244561408
3690.HK,2026-06-23,72.7,72.7,69.2,69.6,33267703
9988.HK,2026-06-23,103.4,103.4,98.7,98.95,98049349
AAPL.US,2026-06-23,297.54,301.64,294.18,294.3,52010929
BABA.US,2026-06-23,102.38,103.54,101.83,102.6,11335713
JPM.US,2026-06-23,329.47,335.37,327.21,334.14,7582217
KO.US,2026-06-23,81.33,81.33,79.83,80.31,16853958
MSFT.US,2026-06-23,372.38,377.22,370.67,373.94,40647605
XOM.US,2026-06-23,139.46,140.39,138.5,139.73,13699424
0005.HK,2026-06-24,148.8,149.9,147.9,148.2,10676159
0700.HK,2026-06-24,414.0,439.8,412.6,428.8,39958288
1810.HK,2026-06-24,22.62,23.16,22.26,22.96,219904218
3690.HK,2026-06-24,69.3,70.0,67.2,67.75,53080662
9988.HK,2026-06-24,99.15,101.5,97.65,99.4,103216499
AAPL.US,2026-06-24,295.36,299.7,292.94,293.08,53081859
BABA.US,2026-06-24,101.25,101.67,99.1,99.8,15334294
JPM.US,2026-06-24,333.07,334.53,329.77,333.45,7907442
KO.US,2026-06-24,80.89,81.58,80.56,80.6,20632554
MSFT.US,2026-06-24,371.57,378.88,364.78,365.46,44509854
XOM.US,2026-06-24,137.12,137.64,135.59,136.9,16212918
0005.HK,2026-06-25,148.2,148.6,146.8,148.3,8637696
0700.HK,2026-06-25,428.6,428.6,418.0,421.4,29472428
1810.HK,2026-06-25,22.74,22.8,21.86,22.3,178920826
3690.HK,2026-06-25,67.35,67.35,64.75,66.1,63246385
9988.HK,2026-06-25,97.3,98.25,94.0,95.0,141402714
AAPL.US,2026-06-25,287.4,288.8,273.75,275.15,107253659
BABA.US,2026-06-25,97.68,98.1,94.71,95.07,20248162
JPM.US,2026-06-25,334.96,343.45,334.76,335.12,10049358
KO.US,2026-06-25,80.53,81.38,79.97,80.42,16034483
MSFT.US,2026-06-25,362.77,364.23,349.2,352.83,66360473
XOM.US,2026-06-25,135.64,138.07,134.95,137.55,13297155
0005.HK,2026-06-26,148.8,149.6,146.6,147.7,17958141
0700.HK,2026-06-26,418.0,421.2,411.0,411.8,31872909
1810.HK,2026-06-26,21.98,22.16,21.3,21.42,191622768
3690.HK,2026-06-26,65.75,68.35,63.65,64.25,84453570
9988.HK,2026-06-26,92.0,92.5,88.65,89.5,176208269
AAPL.US,2026-06-26,275.0,285.95,274.21,283.78,261775450
BABA.US,2026-06-26,92.0,95.72,91.99,94.81,18307561
JPM.US,2026-06-26,336.0,336.4,327.5,329.05,17640907
KO.US,2026-06-26,80.96,82.81,80.7,82.63,53357493
MSFT.US,2026-06-26,357.15,376.61,355.43,372.97,186201631
XOM.US,2026-06-26,136.97,137.58,135.92,136.54,22684232
0005.HK,2026-06-29,146.8,147.7,145.4,147.6,14007945
0700.HK,2026-06-29,417.0,432.0,415.0,420.2,33066070
1810.HK,2026-06-29,21.7,22.28,21.4,21.86,206092162
3690.HK,2026-06-29,66.5,69.45,66.15,67.65,79469292
9988.HK,2026-06-29,91.7,95.45,91.15,93.0,123324036
AAPL.US,2026-06-29,286.73,288.37,279.85,281.74,66427002
BABA.US,2026-06-29,96.14,97.47,94.4,95.51,21078867
JPM.US,2026-06-29,328.28,332.39,327.2,329.39,7981795
KO.US,2026-06-29,82.83,83.62,82.21,82.65,15015760
MSFT.US,2026-06-29,377.5,380.5,359.9,368.57,51229885
XOM.US,2026-06-29,136.58,137.39,135.39,136.06,11972700
0005.HK,2026-06-30,147.5,148.3,146.1,147.9,13123569
0700.HK,2026-06-30,421.2,435.6,418.4,429.8,38994409
1810.HK,2026-06-30,21.88,22.1,21.34,21.64,173878074
3690.HK,2026-06-30,68.5,69.45,67.2,68.5,65133829
9988.HK,2026-06-30,93.0,93.95,91.3,92.85,89897596
AAPL.US,2026-06-30,281.17,289.94,280.7,289.36,65100155
BABA.US,2026-06-30,94.99,96.96,94.36,95.98,11816054
JPM.US,2026-06-30,328.89,330.44,326.68,327.33,8080064
KO.US,2026-06-30,82.5,82.54,81.01,81.27,16422120
MSFT.US,2026-06-30,371.03,374.15,367.45,373.02,44945696
XOM.US,2026-06-30,136.48,137.3,135.33,136.72,28784045
AAPL.US,2026-07-01,293.44,296.59,289.2,294.38,50164232
BABA.US,2026-07-01,95.6,99.46,95.53,97.99,11888579
JPM.US,2026-07-01,328.37,335.64,325.01,334.07,15210192
KO.US,2026-07-01,81.7,81.98,80.96,81.29,21734809
MSFT.US,2026-07-01,380.83,388.83,374.89,384.28,48065801
XOM.US,2026-07-01,136.53,137.49,135.63,136.28,12433376
0005.HK,2026-07-02,149.2,149.6,147.0,149.5,18641915
0700.HK,2026-07-02,442.6,447.0,429.4,430.2,40905100
1810.HK,2026-07-02,22.4,22.88,22.02,22.6,222813169
3690.HK,2026-07-02,69.85,73.65,69.45,70.85,68122830
9988.HK,2026-07-02,95.3,97.4,93.55,94.5,106165597
AAPL.US,2026-07-02,294.12,309.42,293.68,308.63,75400626
BABA.US,2026-07-02,96.89,97.95,95.19,96.14,11764187
JPM.US,2026-07-02,338.02,340.0,331.77,334.47,8415407
KO.US,2026-07-02,81.63,84.14,81.4,84.14,18320541
MSFT.US,2026-07-02,384.48,392.2,383.7,390.49,42194409
XOM.US,2026-07-02,137.15,139.14,136.33,137.09,13708010
0005.HK,2026-07-03,150.0,152.1,149.5,152.0,29828005
0700.HK,2026-07-03,433.0,445.8,431.2,431.2,24957296
1810.HK,2026-07-03,22.98,24.1,22.8,22.96,268232162
3690.HK,2026-07-03,71.35,72.65,70.4,71.6,33741448
9988.HK,2026-07-03,94.15,96.0,93.5,94.1,67295654
0005.HK,2026-07-06,151.3,152.0,149.5,152.0,11329676
0700.HK,2026-07-06,432.8,453.4,425.4,452.0,41502083
1810.HK,2026-07-06,23.3,23.76,22.58,23.28,160205588
3690.HK,2026-07-06,71.5,74.95,70.2,74.95,50530384
9988.HK,2026-07-06,94.25,97.4,92.5,95.95,81423639
AAPL.US,2026-07-06,307.36,314.2,307.0,312.66,53589977
BABA.US,2026-07-06,97.41,98.03,96.37,97.91,8948126
JPM.US,2026-07-06,335.0,339.72,334.11,337.72,8673530
KO.US,2026-07-06,84.1,84.56,82.32,82.96,18992643
MSFT.US,2026-07-06,387.04,389.15,381.22,386.74,34224543
XOM.US,2026-07-06,136.55,137.37,136.01,136.44,13915097
0005.HK,2026-07-07,153.0,154.4,152.1,153.3,13801029
0700.HK,2026-07-07,459.0,479.8,457.0,461.2,55418434
1810.HK,2026-07-07,23.3,24.18,23.02,23.1,202757349
3690.HK,2026-07-07,75.45,81.65,75.1,78.35,117135979
9988.HK,2026-07-07,96.15,100.5,95.3,95.8,100211364
AAPL.US,2026-07-07,315.29,315.48,310.15,310.66,42490002
BABA.US,2026-07-07,97.8,99.74,97.39,98.14,10204156
JPM.US,2026-07-07,340.98,341.4,337.09,339.22,7115819
KO.US,2026-07-07,84.6,85.68,83.64,84.05,17835225
MSFT.US,2026-07-07,392.49,395.57,388.22,388.84,29297524
XOM.US,2026-07-07,138.56,141.74,138.13,141.69,14667799
0005.HK,2026-07-08,151.9,153.9,150.3,151.9,10812738
0700.HK,2026-07-08,461.2,482.8,460.6,478.8,56278627
1810.HK,2026-07-08,23.5,25.66,23.36,25.3,409721593
3690.HK,2026-07-08,77.85,81.25,77.85,80.9,72737280
9988.HK,2026-07-08,96.95,109.0,96.55,107.5,282125685
AAPL.US,2026-07-08,311.91,314.82,307.05,313.39,41323480
BABA.US,2026-07-08,107.6,109.82,105.65,108.98,38869294
JPM.US,2026-07-08,336.53,336.53,330.13,330.62,18505243
KO.US,2026-07-08,84.17,84.83,83.27,83.4,14160014
MSFT.US,2026-07-08,384.03,385.31,381.33,383.34,25908255
XOM.US,2026-07-08,143.44,143.99,139.81,141.13,18291406
0005.HK,2026-07-09,149.9,152.3,149.8,152.3,8992416
0700.HK,2026-07-09,479.0,485.0,467.2,469.6,42402152
1810.HK,2026-07-09,25.42,26.16,24.48,25.0,348613728
3690.HK,2026-07-09,80.75,81.7,78.2,78.5,55805531
9988.HK,2026-07-09,110.1,112.9,107.5,108.0,190535828
AAPL.US,2026-07-09,310.51,316.53,308.16,316.22,48124490
BABA.US,2026-07-09,109.12,112.17,108.85,111.14,14110623
JPM.US,2026-07-09,331.46,337.0,330.81,335.47,15570588
KO.US,2026-07-09,82.09,82.82,81.71,82.63,15782455
MSFT.US,2026-07-09,374.45,384.65,373.35,384.36,31083197
XOM.US,2026-07-09,139.66,140.05,137.12,137.46,14110195
0005.HK,2026-07-10,152.6,154.6,152.6,153.5,11223212
0700.HK,2026-07-10,472.8,473.6,458.8,460.2,40440298
1810.HK,2026-07-10,25.22,26.3,24.5,25.84,254498794
3690.HK,2026-07-10,78.5,79.85,76.5,78.7,38059821
9988.HK,2026-07-10,110.0,113.0,109.0,110.2,103843838
AAPL.US,2026-07-10,314.72,316.91,312.17,315.32,34132321
BABA.US,2026-07-10,113.24,115.58,112.01,112.33,16162163
JPM.US,2026-07-10,337.47,338.59,335.77,336.47,6299028
KO.US,2026-07-10,82.73,83.74,82.41,83.49,10694617
MSFT.US,2026-07-10,387.8,391.91,381.5,385.1,24644605
XOM.US,2026-07-10,137.9,138.97,137.14,138.88,9753512
0005.HK,2026-07-13,153.5,154.5,152.6,153.8,7632722
0700.HK,2026-07-13,463.2,473.8,456.2,457.6,24291842
1810.HK,2026-07-13,25.84,26.78,25.58,25.84,206564861
3690.HK,2026-07-13,78.05,80.0,76.65,77.95,40167927
9988.HK,2026-07-13,110.8,115.1,110.3,110.7,100489536
AAPL.US,2026-07-13,317.02,323.45,315.78,317.31,43257804
BABA.US,2026-07-13,112.86,114.2,111.82,112.35,9559939
JPM.US,2026-07-13,338.34,338.35,332.5,334.53,7120251
KO.US,2026-07-13,83.9,84.68,83.67,84.25,12085769
MSFT.US,2026-07-13,387.75,393.65,384.15,390.99,28914877
XOM.US,2026-07-13,140.92,145.23,140.49,144.51,18724339
0005.HK,2026-07-14,152.8,153.9,151.3,152.6,10672156
0700.HK,2026-07-14,457.6,459.2,447.4,456.2,25540540
1810.HK,2026-07-14,26.06,26.28,25.24,26.04,235763261
3690.HK,2026-07-14,77.9,79.9,76.65,79.2,49973353
9988.HK,2026-07-14,110.3,112.6,107.0,110.8,100890456
AAPL.US,2026-07-14,313.76,316.19,311.91,314.86,36336829
BABA.US,2026-07-14,112.95,113.35,111.23,112.32,8272264
JPM.US,2026-07-14,327.0,344.73,325.75,342.89,14537914
KO.US,2026-07-14,84.17,84.63,83.08,83.08,13775386
MSFT.US,2026-07-14,382.82,388.19,378.65,384.93,27863916
XOM.US,2026-07-14,145.51,146.0,143.89,145.09,16096427
0005.HK,2026-07-15,154.9,156.3,154.5,155.3,15259993
0700.HK,2026-07-15,467.6,476.4,455.4,474.0,33780856
1810.HK,2026-07-15,26.04,26.2,25.28,25.86,151795185
3690.HK,2026-07-15,78.95,84.45,77.0,83.4,88085818
9988.HK,2026-07-15,111.6,114.8,109.1,113.4,112769038
AAPL.US,2026-07-15,317.62,328.73,317.32,327.5,60957644
BABA.US,2026-07-15,117.4,121.22,117.15,117.69,20233332
JPM.US,2026-07-15,345.85,351.24,344.05,346.91,10749985
KO.US,2026-07-15,82.93,83.24,82.23,82.45,18383759
MSFT.US,2026-07-15,387.8,398.96,386.4,395.63,36253745
XOM.US,2026-07-15,145.09,145.09,142.03,144.51,13444492
0005.HK,2026-07-16,156.0,157.6,155.6,156.9,13900318
0700.HK,2026-07-16,478.0,494.8,477.4,484.0,42851475
1810.HK,2026-07-16,26.12,27.86,26.1,27.5,319311311
3690.HK,2026-07-16,84.45,88.95,84.3,87.2,100388858
9988.HK,2026-07-16,116.2,119.8,116.0,116.9,153608858
AAPL.US,2026-07-16,328.01,334.68,326.79,333.26,62970617
BABA.US,2026-07-16,118.48,119.94,117.42,117.49,9653547
JPM.US,2026-07-16,349.28,349.34,341.11,343.15,12432392
KO.US,2026-07-16,83.5,84.95,83.28,84.92,17889854
MSFT.US,2026-07-16,398.31,405.99,392.05,401.1,37047443
XOM.US,2026-07-16,145.28,146.87,144.55,145.95,13518027
0005.HK,2026-07-17,156.9,158.4,154.9,156.9,17653835
0700.HK,2026-07-17,488.8,488.8,458.0,461.6,36237657
1810.HK,2026-07-17,28.08,28.22,26.36,26.88,279882322
3690.HK,2026-07-17,87.2,87.75,81.6,83.65,79212029
9988.HK,2026-07-17,116.3,118.0,110.7,112.6,125635830
AAPL.US,2026-07-17,331.98,334.99,329.0,333.74,63407059
BABA.US,2026-07-17,114.65,115.93,113.94,114.97,11282129
JPM.US,2026-07-17,339.03,346.13,335.05,341.1,9250854
KO.US,2026-07-17,85.37,85.56,80.83,81.56,32902956
MSFT.US,2026-07-17,394.86,398.39,389.39,393.82,33049842
XOM.US,2026-07-17,149.03,150.0,147.17,147.36,19031354
0005.HK,2026-07-20,157.0,157.8,155.5,157.8,12386814
0700.HK,2026-07-20,465.6,481.8,465.6,477.8,30822839
1810.HK,2026-07-20,27.5,27.86,27.04,27.74,167547303
3690.HK,2026-07-20,85.7,87.65,84.35,86.3,63809984
9988.HK,2026-07-20,116.0,118.9,115.3,116.8,125351835
AAPL.US,2026-07-20,333.51,333.71,323.68,326.59,53468008
BABA.US,2026-07-20,118.91,121.86,117.87,120.34,14750920
JPM.US,2026-07-20,341.8,344.26,337.37,338.87,7723269
KO.US,2026-07-20,81.55,82.37,81.3,82.12,14967195
MSFT.US,2026-07-20,391.41,403.18,389.65,402.29,27915762
XOM.US,2026-07-20,146.5,149.09,146.23,148.36,12149247
0005.HK,2026-07-21,155.7,157.2,155.5,156.5,9738890
0700.HK,2026-07-21,478.2,482.6,472.8,474.0,21362780
1810.HK,2026-07-21,27.34,28.16,27.24,27.42,158569307
3690.HK,2026-07-21,84.9,86.7,84.5,85.2,33366001
9988.HK,2026-07-21,119.9,121.0,115.5,117.0,98262426
AAPL.US,2026-07-21,323.13,329.6,322.22,327.74,41338917
BABA.US,2026-07-21,118.66,119.45,117.65,117.97,9338238
JPM.US,2026-07-21,340.12,345.74,337.3,345.23,6015334
KO.US,2026-07-21,81.97,82.4,81.32,81.97,12949406
MSFT.US,2026-07-21,398.81,401.47,396.32,397.75,24126632
XOM.US,2026-07-21,149.01,151.76,148.48,151.71,13145278
0005.HK,2026-07-22,157.8,158.9,157.3,158.9,14270934
0700.HK,2026-07-22,468.0,468.0,440.6,440.6,66379871
1810.HK,2026-07-22,27.34,27.34,26.3,26.68,147613446
3690.HK,2026-07-22,83.5,84.15,81.85,83.65,40530626
9988.HK,2026-07-22,115.9,116.3,112.7,113.6,120611396
AAPL.US,2026-07-22,327.87,329.0,323.34,325.89,38755929
BABA.US,2026-07-22,116.23,116.83,115.14,116.56,7085823
JPM.US,2026-07-22,345.07,349.07,344.25,348.21,8040220
KO.US,2026-07-22,82.85,82.92,81.96,82.2,11701276
MSFT.US,2026-07-22,399.58,401.0,386.96,390.34,28142511
XOM.US,2026-07-22,153.86,154.8,152.95,154.45,13788729
0005.HK,2026-07-23,160.6,162.0,160.2,161.5,16595815
0700.HK,2026-07-23,440.0,450.8,439.0,445.2,22888528
1810.HK,2026-07-23,26.4,27.2,26.04,27.14,87139468
3690.HK,2026-07-23,83.8,88.8,82.6,87.3,63249932
9988.HK,2026-07-23,114.1,115.1,110.5,114.9,52344763
AAPL.US,2026-07-23,321.73,323.3,319.35,321.66,40840778
BABA.US,2026-07-23,115.76,116.41,113.1,114.06,8500196
JPM.US,2026-07-23,346.58,349.92,345.42,349.9,10913025
KO.US,2026-07-23,81.67,81.87,80.88,81.17,13755640
MSFT.US,2026-07-23,389.97,391.78,377.39,381.58,30351752
XOM.US,2026-07-23,156.6,158.57,156.06,156.89,15822786
0005.HK,2026-07-24,159.8,161.6,159.3,161.4,10606273
0700.HK,2026-07-24,438.2,438.8,432.0,434.6,22959603
1810.HK,2026-07-24,26.54,27.46,26.44,26.72,100009828
3690.HK,2026-07-24,85.15,87.35,84.9,86.7,32833485
9988.HK,2026-07-24,111.5,112.2,108.2,110.0,107488512
AAPL.US,2026-07-24,321.79,334.37,321.62,333.02,47489415
BABA.US,2026-07-24,112.79,113.33,111.66,112.14,6943033
JPM.US,2026-07-24,350.64,353.37,347.5,353.21,7520829
KO.US,2026-07-24,81.57,82.33,80.9,82.25,11980404
MSFT.US,2026-07-24,387.05,389.03,380.65,381.7,27659388
XOM.US,2026-07-24,156.99,158.71,155.68,156.94,12091569
0005.HK,2026-07-27,161.0,163.4,160.7,162.8,12937163
0700.HK,2026-07-27,438.8,446.4,435.4,443.0,14454552
1810.HK,2026-07-27,26.9,29.08,26.84,28.68,274937407
3690.HK,2026-07-27,87.25,91.95,86.75,89.3,65382089
9988.HK,2026-07-27,111.4,111.6,108.8,111.0,58415973
AAPL.US,2026-07-27,334.54,339.57,334.02,336.91,49604297
BABA.US,2026-07-27,114.12,115.02,112.61,115.0,9232683
JPM.US,2026-07-27,357.89,359.05,352.58,356.2,7888760
KO.US,2026-07-27,83.08,84.14,82.5,84.07,19937636
MSFT.US,2026-07-27,390.08,394.2,387.99,389.1,27856160
XOM.US,2026-07-27,153.07,155.42,152.5,154.77,13958932
0005.HK,2026-07-28,162.0,162.5,160.6,162.0,8011395
0700.HK,2026-07-28,447.8,452.0,441.6,447.2,18143997
1810.HK,2026-07-28,29.2,29.66,28.58,29.26,227304562
3690.HK,2026-07-28,90.8,92.2,89.35,90.3,63694323
9988.HK,2026-07-28,113.0,114.2,111.0,112.0,75913853
AAPL.US,2026-07-28,340.03,342.89,335.6,340.08,51859042
BABA.US,2026-07-28,114.71,115.99,113.55,115.19,6426689
JPM.US,2026-07-28,357.3,359.3,354.15,357.31,6538299
KO.US,2026-07-28,88.3,90.22,86.25,88.27,34982910
MSFT.US,2026-07-28,393.16,400.32,391.3,393.35,32367546
XOM.US,2026-07-28,154.17,156.18,151.88,153.04,16299897
0005.HK,2026-07-29,162.8,164.7,160.4,164.7,20520250
0700.HK,2026-07-29,453.0,469.4,450.0,466.4,36203193
1810.HK,2026-07-29,29.7,32.0,29.48,31.88,482247702
3690.HK,2026-07-29,91.45,94.0,90.9,92.3,81344260
9988.HK,2026-07-29,113.9,115.5,111.7,113.6,93154775
AAPL.US,2026-07-29,339.73,344.57,337.35,338.19,56090840
BABA.US,2026-07-29,114.71,117.66,113.94,115.03,9066399
JPM.US,2026-07-29,356.5,357.37,343.78,344.71,8272605
KO.US,2026-07-29,88.65,90.92,88.64,89.08,21711746
MSFT.US,2026-07-29,393.4,401.25,388.74,390.54,47209032
XOM.US,2026-07-29,157.72,159.07,155.86,156.75,14581267
0005.HK,2026-07-30,162.2,164.6,162.2,164.5,21285981
0700.HK,2026-07-30,466.4,475.0,462.8,471.8,31791979
1810.HK,2026-07-30,32.4,32.4,30.8,31.04,242298426
3690.HK,2026-07-30,94.2,94.5,91.05,92.65,50353885
9988.HK,2026-07-30,114.0,114.8,110.3,111.8,74326961
AAPL.US,2026-07-30,333.1,334.75,329.59,333.43,74817792
BABA.US,2026-07-30,114.0,116.33,112.94,116.32,7921305
JPM.US,2026-07-30,347.54,352.28,345.37,350.85,7607701
KO.US,2026-07-30,87.63,88.64,87.21,88.49,17626057
MSFT.US,2026-07-30,437.9,458.69,432.44,451.1,110160704
XOM.US,2026-07-30,155.09,157.78,154.53,156.97,12578058
0005.HK,2026-07-31,166.6,168.9,166.4,168.2,21451778
0700.HK,2026-07-31,470.0,479.8,462.0,475.2,31100240
1810.HK,2026-07-31,29.3,29.5,27.76,28.78,414222166
3690.HK,2026-07-31,90.0,93.6,88.7,92.5,50464900
9988.HK,2026-07-31,114.1,119.3,113.3,117.0,144668807
AAPL.US,2026-07-31,304.81,310.69,300.0,308.91,132489137
BABA.US,2026-07-31,120.11,122.59,119.22,122.25,17030456
JPM.US,2026-07-31,353.3,354.47,349.7,351.79,6603422
KO.US,2026-07-31,87.66,88.0,86.82,87.59,14725876
MSFT.US,2026-07-31,450.0,466.84,449.33,464.72,60845971
XOM.US,2026-07-31,153.74,156.16,152.14,155.44,15714152
0005.HK,2026-08-03,168.0,168.7,166.4,168.2,12417142
0700.HK,2026-08-03,482.0,491.0,480.6,490.4,38649910
1810.HK,2026-08-03,28.74,28.76,27.2,27.96,291271451
3690.HK,2026-08-03,93.0,94.15,91.6,93.45,39105188
9988.HK,2026-08-03,121.0,126.0,120.1,125.2,192268809
AAPL.US,2026-08-03,309.58,311.8,302.56,303.42,75051951
BABA.US,2026-08-03,126.6,129.5,126.04,127.3,14603734
JPM.US,2026-08-03,353.75,355.62,350.84,352.64,6436597
KO.US,2026-08-03,88.48,88.48,86.63,86.86,23197085
MSFT.US,2026-08-03,476.13,491.65,475.0,487.65,66762074
XOM.US,2026-08-03,153.46,155.91,152.65,155.06,14532755
0005.HK,2026-08-04,168.4,169.7,164.0,166.5,27429003
0700.HK,2026-08-04,491.0,494.8,480.8,487.6,24860019
1810.HK,2026-08-04,27.86,28.34,27.18,27.96,154554311
3690.HK,2026-08-04,92.95,94.7,91.3,92.7,45144070
9988.HK,2026-08-04,126.8,129.2,124.7,125.8,125358922
AAPL.US,2026-08-04,302.73,310.42,301.32,309.38,68000969
BABA.US,2026-08-04,126.06,129.62,125.79,128.99,10755832
JPM.US,2026-08-04,355.0,363.0,353.87,357.52,8477203
KO.US,2026-08-04,85.79,86.68,85.16,86.56,17085650
MSFT.US,2026-08-04,480.9,499.44,479.17,492.81,50455454
XOM.US,2026-08-04,151.62,154.84,149.09,153.96,14347938
0005.HK,2026-08-05,165.5,166.0,162.0,162.1,23150626
0700.HK,2026-08-05,493.4,497.8,482.2,492.2,25662478
1810.HK,2026-08-05,28.0,28.4,27.46,27.64,140378692
3690.HK,2026-08-05,91.65,93.65,91.1,93.05,39987699
9988.HK,2026-08-05,128.4,129.0,125.6,128.1,93382622
AAPL.US,2026-08-05,309.36,311.71,305.67,311.0,49438763
BABA.US,2026-08-05,130.65,130.99,128.22,128.53,9553936
JPM.US,2026-08-05,358.97,362.17,358.2,359.24,5269490
KO.US,2026-08-05,87.05,87.15,86.19,86.83,15868646
MSFT.US,2026-08-05,496.36,498.24,485.68,487.46,33388871
XOM.US,2026-08-05,155.04,155.04,151.15,151.63,12227544
0005.HK,2026-08-06,159.6,160.2,157.5,160.1,20372701
0700.HK,2026-08-06,491.0,491.0,479.0,479.2,21801977
1810.HK,2026-08-06,27.64,28.04,26.64,26.86,199623572
3690.HK,2026-08-06,92.95,93.9,91.4,92.2,25553923
9988.HK,2026-08-06,126.5,126.5,123.7,124.4,67212277
AAPL.US,2026-08-06,314.34,316.29,309.23,312.41,46139901
BABA.US,2026-08-06,126.78,127.21,125.56,126.81,4900079
JPM.US,2026-08-06,362.81,362.81,354.95,356.3,5820107
KO.US,2026-08-06,87.86,87.97,86.42,86.85,13568499
MSFT.US,2026-08-06,488.55,501.56,488.52,499.86,36441544
XOM.US,2026-08-06,154.22,154.87,151.84,154.84,11879075
0005.HK,2026-08-07,159.7,161.2,159.2,161.2,11750647
0700.HK,2026-08-07,479.0,483.2,475.4,478.8,16319939
1810.HK,2026-08-07,26.66,27.16,26.06,27.06,148233931
3690.HK,2026-08-07,92.25,93.2,90.85,92.2,28419007
9988.HK,2026-08-07,125.3,125.8,121.6,123.8,58259425
AAPL.US,2026-08-07,311.45,314.81,310.74,313.33,34437191
BABA.US,2026-08-07,127.61,128.62,126.07,128.41,6061712
JPM.US,2026-08-07,355.76,358.85,353.33,357.52,4566210
KO.US,2026-08-07,86.51,87.17,86.19,87.05,11221651
MSFT.US,2026-08-07,499.21,505.18,498.73,499.99,28846235
XOM.US,2026-08-07,152.64,153.67,151.53,153.04,18455203
0005.HK,2026-08-10,161.8,162.8,161.3,162.5,8270003
0700.HK,2026-08-10,479.0,483.6,476.4,481.4,15508724
1810.HK,2026-08-10,27.1,27.82,26.82,27.62,149650782
3690.HK,2026-08-10,92.2,93.95,90.7,93.9,25201362
9988.HK,2026-08-10,125.4,127.5,124.2,126.7,53629555
AAPL.US,2026-08-10,306.83,308.26,304.61,308.26,44812503
BABA.US,2026-08-10,128.62,132.57,128.12,132.32,9449368
JPM.US,2026-08-10,357.96,359.99,356.5,359.79,5327471
KO.US,2026-08-10,87.11,87.53,86.43,86.87,13710831
MSFT.US,2026-08-10,503.44,513.73,502.27,506.06,31206137
XOM.US,2026-08-10,154.5,160.37,154.45,159.79,19761555
0005.HK,2026-08-11,162.7,162.9,161.6,161.7,9756226
0700.HK,2026-08-11,481.2,483.8,469.6,470.8,19558079
1810.HK,2026-08-11,27.38,27.56,26.6,26.66,120335468
3690.HK,2026-08-11,94.0,96.45,93.0,93.05,33413204
9988.HK,2026-08-11,129.4,130.3,125.9,126.4,74286963
AAPL.US,2026-08-11,307.75,309.97,302.79,304.91,37476746
BABA.US,2026-08-11,129.19,129.19,127.66,127.85,6783922
JPM.US,2026-08-11,360.05,363.12,358.6,362.04,4576473
KO.US,2026-08-11,86.62,87.05,86.11,86.48,16017978
MSFT.US,2026-08-11,504.33,505.33,499.55,503.81,23049791
XOM.US,2026-08-11,159.66,161.67,159.27,159.8,13744513
0005.HK,2026-08-12,161.0,162.0,160.6,161.4,7210163
0700.HK,2026-08-12,464.6,467.2,456.2,461.6,27593015
1810.HK,2026-08-12,26.46,26.52,26.12,26.36,106974043
3690.HK,2026-08-12,92.3,92.3,89.8,91.65,33443066
9988.HK,2026-08-12,124.4,124.9,121.3,122.6,65057854
AAPL.US,2026-08-12,305.1,305.66,300.57,302.25,41657768
BABA.US,2026-08-12,125.33,125.76,123.7,125.22,9231724
JPM.US,2026-08-12,362.97,366.09,361.3,365.18,4366754
KO.US,2026-08-12,85.78,87.29,85.66,86.71,12651949
MSFT.US,2026-08-12,499.99,501.5,491.52,492.43,29001478
XOM.US,2026-08-12,158.55,160.23,157.56,159.75,13219468
0005.HK,2026-08-13,161.2,163.0,161.2,163.0,7977764
0700.HK,2026-08-13,446.4,452.2,439.6,441.0,66424623
1810.HK,2026-08-13,26.1,26.48,25.8,25.88,116473440
3690.HK,2026-08-13,90.6,92.2,90.5,91.25,21499771
9988.HK,2026-08-13,121.2,124.1,121.1,121.9,58154432
AAPL.US,2026-08-13,304.21,306.0,302.05,305.26,40349289
BABA.US,2026-08-13,123.52,124.28,121.45,122.16,11583611
JPM.US,2026-08-13,366.5,366.5,361.52,363.11,5102686
KO.US,2026-08-13,87.14,87.75,86.91,87.42,10140616
MSFT.US,2026-08-13,493.27,501.34,493.01,496.88,23038979
XOM.US,2026-08-13,158.03,159.76,157.43,158.61,10542836
0005.HK,2026-08-14,162.8,162.8,160.6,160.8,6724838
0700.HK,2026-08-14,436.0,445.0,436.0,440.0,30601060
1810.HK,2026-08-14,25.86,26.12,25.44,25.62,91055676
3690.HK,2026-08-14,90.0,90.15,85.7,87.2,75329330
9988.HK,2026-08-14,120.3,120.8,118.5,119.9,56905091
AAPL.US,2026-08-14,306.0,307.49,304.3,305.93,28229375
BABA.US,2026-08-14,122.79,124.96,122.35,123.81,8221740
JPM.US,2026-08-14,363.0,365.9,361.45,362.84,5058591
KO.US,2026-08-14,87.3,87.97,87.2,87.71,9166442
MSFT.US,2026-08-14,496.36,500.01,493.92,495.4,16217647
XOM.US,2026-08-14,159.71,161.26,159.25,160.1,10231343
0005.HK,2026-08-17,161.9,163.9,161.8,163.5,7607874
0700.HK,2026-08-17,444.8,450.4,442.6,446.4,19842808
1810.HK,2026-08-17,25.8,26.24,25.8,25.88,100082735
3690.HK,2026-08-17,87.2,88.75,87.15,87.65,26917411
9988.HK,2026-08-17,122.0,123.4,120.8,122.2,48563292
AAPL.US,2026-08-17,306.21,307.66,302.94,305.59,38169263
BABA.US,2026-08-17,126.0,126.19,123.49,124.71,8894607
JPM.US,2026-08-17,361.94,365.75,360.96,360.96,5282595
KO.US,2026-08-17,87.3,88.02,86.85,86.98,12056407
MSFT.US,2026-08-17,490.14,492.66,478.41,480.35,29635848
XOM.US,2026-08-17,160.1,162.51,159.09,161.46,12858118
0005.HK,2026-08-18,162.9,162.9,161.8,162.1,5696185
0700.HK,2026-08-18,444.2,446.2,437.6,442.4,23218078
1810.HK,2026-08-18,25.5,26.54,25.22,26.18,179217011
3690.HK,2026-08-18,86.4,87.5,84.05,85.55,52928312
9988.HK,2026-08-18,122.0,128.3,121.0,126.7,120433806
AAPL.US,2026-08-18,307.58,311.49,305.74,310.03,53424535
BABA.US,2026-08-18,127.76,128.79,126.34,128.15,12809763
JPM.US,2026-08-18,362.34,363.57,359.27,363.25,5525081
KO.US,2026-08-18,88.4,88.96,87.88,88.82,12524517
MSFT.US,2026-08-18,481.54,484.27,477.15,481.63,24087591
XOM.US,2026-08-18,164.35,165.67,163.25,165.56,18952655
0005.HK,2026-08-19,161.6,161.6,159.6,161.2,8430459
0700.HK,2026-08-19,438.2,449.4,438.2,447.2,19773887
1810.HK,2026-08-19,26.96,28.08,26.38,27.44,339866011
3690.HK,2026-08-19,85.6,88.2,85.5,87.05,36756666
9988.HK,2026-08-19,124.6,126.5,123.2,124.2,70727616
AAPL.US,2026-08-19,310.14,319.28,309.6,316.83,50505646
BABA.US,2026-08-19,127.77,129.5,127.54,128.9,11645941
JPM.US,2026-08-19,363.01,363.05,355.65,357.26,6696210
KO.US,2026-08-19,88.59,90.76,88.59,90.35,15993861
MSFT.US,2026-08-19,480.07,489.3,479.36,484.31,19961871
XOM.US,2026-08-19,166.07,168.21,164.66,164.77,13648940
0005.HK,2026-08-20,160.3,161.0,159.5,160.3,9506422
0700.HK,2026-08-20,454.6,457.4,448.8,451.4,19621298
1810.HK,2026-08-20,27.78,28.64,27.5,27.76,178685384
3690.HK,2026-08-20,88.8,89.4,85.8,85.85,28598752
9988.HK,2026-08-20,126.6,129.0,124.3,126.2,92028319
AAPL.US,2026-08-20,317.46,320.28,310.65,311.3,40959184
BABA.US,2026-08-20,123.47,130.62,121.88,130.53,28101555
JPM.US,2026-08-20,357.6,357.95,351.55,351.55,6799673
KO.US,2026-08-20,90.18,91.87,89.73,90.5,14928006
MSFT.US,2026-08-20,483.3,484.16,479.5,481.15,20020822
XOM.US,2026-08-20,167.02,168.64,166.07,166.15,13803014
0005.HK,2026-08-21,160.3,163.9,160.3,162.9,11360351
0700.HK,2026-08-21,451.0,457.2,445.0,457.0,22326906
1810.HK,2026-08-21,28.4,29.1,28.0,29.02,180377953
3690.HK,2026-08-21,85.7,85.9,83.3,85.0,42935990
9988.HK,2026-08-21,129.2,129.8,121.5,123.0,146890540
AAPL.US,2026-08-21,312.05,312.38,307.01,309.35,46876815
BABA.US,2026-08-21,125.35,125.77,119.23,119.34,32550515
JPM.US,2026-08-21,354.07,356.86,350.37,351.58,8112130
KO.US,2026-08-21,90.85,91.2,90.32,91.1,15595836
MSFT.US,2026-08-21,479.88,486.36,478.53,483.24,22510774
XOM.US,2026-08-21,166.54,168.0,164.61,165.11,14314260
0005.HK,2026-08-24,162.9,162.9,160.3,161.5,10625499
0700.HK,2026-08-24,450.0,451.4,438.4,440.0,29180102
1810.HK,2026-08-24,28.6,28.84,27.54,27.82,158110022
3690.HK,2026-08-24,82.9,83.85,81.8,82.7,46001232
9988.HK,2026-08-24,113.1,113.5,110.1,112.5,362953456
AAPL.US,2026-08-24,311.47,313.36,309.97,310.34,34673582
BABA.US,2026-08-24,116.9,120.47,116.4,118.47,23933728
JPM.US,2026-08-24,353.3,358.28,352.82,356.39,4397594
KO.US,2026-08-24,92.12,92.49,91.45,91.99,14787699
MSFT.US,2026-08-24,483.21,490.61,481.86,487.31,17230751
XOM.US,2026-08-24,163.87,165.22,162.25,164.05,10843400
0005.HK,2026-08-25,162.4,164.2,162.4,163.2,7585911
0700.HK,2026-08-25,440.0,444.6,438.0,442.0,13032108
1810.HK,2026-08-25,28.32,28.48,27.64,27.76,81489138
3690.HK,2026-08-25,82.9,83.2,77.1,77.2,91016673
9988.HK,2026-08-25,114.8,115.0,112.2,114.2,124296637
AAPL.US,2026-08-25,310.79,313.59,308.21,309.9,25869807
BABA.US,2026-08-25,117.94,119.48,117.31,119.44,15750943
JPM.US,2026-08-25,357.0,357.37,353.07,356.69,4298730
KO.US,2026-08-25,91.57,92.08,91.3,91.64,11942069
MSFT.US,2026-08-25,485.44,492.44,484.3,491.71,19518987
XOM.US,2026-08-25,161.45,162.81,160.46,160.64,17525316
0005.HK,2026-08-26,162.7,163.2,161.0,161.7,8201958
0700.HK,2026-08-26,445.0,450.0,443.2,445.4,14643242
1810.HK,2026-08-26,28.0,29.14,27.8,28.46,142477417
3690.HK,2026-08-26,78.2,79.45,77.75,78.05,30472291
9988.HK,2026-08-26,115.7,117.8,115.6,116.6,133860910
AAPL.US,2026-08-26,310.3,315.43,308.8,313.45,34024486
BABA.US,2026-08-26,119.34,121.4,119.34,119.83,12882068
JPM.US,2026-08-26,356.5,358.35,354.6,356.5,5802515
KO.US,2026-08-26,92.21,92.21,90.0,90.08,17133851
MSFT.US,2026-08-26,487.85,497.4,487.31,496.37,20758853
XOM.US,2026-08-26,158.0,161.13,157.76,158.19,14847885
0005.HK,2026-08-27,162.3,162.4,161.2,161.8,4651498
0700.HK,2026-08-27,450.8,451.8,446.6,447.8,11487100
1810.HK,2026-08-27,28.46,28.64,27.36,27.48,145686928
3690.HK,2026-08-27,78.5,78.5,76.9,77.5,27630800
9988.HK,2026-08-27,117.4,117.4,115.1,115.5,83206714
AAPL.US,2026-08-27,310.55,315.4,309.4,314.58,32419233
BABA.US,2026-08-27,117.49,117.89,115.09,116.31,14372285
JPM.US,2026-08-27,354.68,357.57,352.23,354.22,5214828
KO.US,2026-08-27,89.41,90.03,88.96,89.06,13452625
MSFT.US,2026-08-27,494.88,506.48,490.08,505.06,28688756
XOM.US,2026-08-27,157.63,158.19,156.14,156.44,14297271
0005.HK,2026-08-28,160.6,162.2,160.2,161.4,7128635
0700.HK,2026-08-28,444.0,462.2,443.4,455.2,27742475
1810.HK,2026-08-28,27.48,28.26,27.36,27.82,85331331
3690.HK,2026-08-28,76.55,78.4,76.2,77.5,33410203
9988.HK,2026-08-28,113.1,114.8,112.5,113.9,73086522
AAPL.US,2026-08-28,316.85,322.37,315.45,319.7,38649398
BABA.US,2026-08-28,117.06,119.76,116.85,118.9,9678259
JPM.US,2026-08-28,355.67,358.73,354.22,357.62,3916485
KO.US,2026-08-28,89.21,90.04,89.07,89.66,9889569
MSFT.US,2026-08-28,505.33,517.78,504.87,513.53,29207325
XOM.US,2026-08-28,156.6,157.42,155.32,156.71,11362130
0005.HK,2026-08-31,160.5,161.2,159.5,161.0,6579275
0700.HK,2026-08-31,451.0,456.2,446.0,453.0,20149770
1810.HK,2026-08-31,27.88,27.96,27.42,27.62,90434800
3690.HK,2026-08-31,79.45,80.3,76.35,78.9,92013016
9988.HK,2026-08-31,115.0,115.0,112.2,114.2,82619229
AAPL.US,2026-08-31,319.6,321.24,312.8,316.85,41242724
BABA.US,2026-08-31,116.67,116.83,113.93,114.02,9340068
JPM.US,2026-08-31,355.9,357.77,354.77,356.02,7964106
KO.US,2026-08-31,89.51,89.53,88.6,88.67,23771378
MSFT.US,2026-08-31,510.38,512.19,506.39,507.29,27208911
XOM.US,2026-08-31,159.94,161.59,158.74,160.95,18369118
0005.HK,2026-09-01,161.0,161.3,158.8,160.6,11434136
0700.HK,2026-09-01,446.4,447.6,440.6,441.4,20289781
1810.HK,2026-09-01,27.52,28.12,27.36,27.56,86622519
3690.HK,2026-09-01,78.3,79.45,76.05,76.65,52924730
9988.HK,2026-09-01,112.2,112.7,109.5,110.4,99751649
AAPL.US,2026-09-01,316.98,327.3,314.73,325.13,53167388
BABA.US,2026-09-01,112.18,113.86,112.07,112.85,9865205
JPM.US,2026-09-01,355.73,359.93,354.12,354.95,5079819
KO.US,2026-09-01,89.59,89.78,87.81,88.0,14832923
MSFT.US,2026-09-01,497.52,505.97,496.78,501.02,21046892
XOM.US,2026-09-01,163.6,164.7,162.22,164.55,11389651
0005.HK,2026-09-02,161.5,162.6,160.2,162.6,9489389
0700.HK,2026-09-02,439.0,441.4,435.0,438.2,21341328
1810.HK,2026-09-02,27.5,28.14,27.08,28.06,115694198
3690.HK,2026-09-02,75.95,78.9,74.45,78.75,51240708
9988.HK,2026-09-02,110.2,110.4,107.3,109.9,76466094
AAPL.US,2026-09-02,326.87,328.4,323.53,324.96,33776370
BABA.US,2026-09-02,112.52,113.07,111.53,111.81,6875197
JPM.US,2026-09-02,357.55,361.47,353.79,356.22,5343789
KO.US,2026-09-02,87.9,88.95,87.73,88.24,18496492
MSFT.US,2026-09-02,499.85,500.27,493.81,496.82,15336074
XOM.US,2026-09-02,163.93,165.02,162.76,164.15,11289258
0005.HK,2026-09-03,162.7,164.8,162.7,163.5,13990143
0700.HK,2026-09-03,444.2,445.6,433.0,433.0,17387096
1810.HK,2026-09-03,28.3,28.56,27.02,27.44,117455962
3690.HK,2026-09-03,78.7,79.5,77.5,77.65,31028252
9988.HK,2026-09-03,110.5,110.7,106.5,107.5,69972408
AAPL.US,2026-09-03,324.87,330.81,324.11,328.21,37225838
BABA.US,2026-09-03,110.39,112.06,109.67,111.81,8604955
JPM.US,2026-09-03,358.68,362.85,356.39,362.06,5416619
KO.US,2026-09-03,88.11,89.23,88.01,88.81,13766575
MSFT.US,2026-09-03,501.66,515.65,500.8,510.12,24125893
XOM.US,2026-09-03,164.43,165.65,162.09,162.21,13761099
0005.HK,2026-09-04,166.0,167.7,165.0,166.7,30851316
0700.HK,2026-09-04,442.4,447.6,440.0,442.8,24025286
1810.HK,2026-09-04,27.68,28.76,27.66,28.44,178857691
3690.HK,2026-09-04,78.7,81.8,78.55,81.75,55906440
9988.HK,2026-09-04,109.5,111.9,109.5,110.1,103698738
AAPL.US,2026-09-04,328.31,328.93,317.86,319.97,39606884
BABA.US,2026-09-04,112.37,113.41,111.97,113.24,7182522
JPM.US,2026-09-04,361.0,362.86,355.2,358.64,4875394
KO.US,2026-09-04,88.59,88.91,87.85,88.07,17295131
MSFT.US,2026-09-04,510.0,511.0,499.36,499.7,18101758
XOM.US,2026-09-04,161.02,161.48,159.16,159.47,16206352
0005.HK,2026-09-07,166.7,167.9,166.5,167.6,17178832
0700.HK,2026-09-07,440.6,442.6,438.2,438.4,10442987
1810.HK,2026-09-07,28.22,28.4,27.12,27.5,172668949
3690.HK,2026-09-07,81.5,81.5,79.75,80.05,21973574
9988.HK,2026-09-07,110.3,111.0,109.1,109.6,40367117
0005.HK,2026-09-08,166.0,167.0,164.8,164.9,7225458
0700.HK,2026-09-08,437.0,439.8,435.0,435.4,10414838
1810.HK,2026-09-08,27.26,27.36,26.56,26.92,169791507
3690.HK,2026-09-08,79.4,82.4,79.35,80.6,22046144
9988.HK,2026-09-08,109.0,111.7,108.6,109.5,44150465
AAPL.US,2026-09-08,317.1,320.7,314.9,316.22,35477090
BABA.US,2026-09-08,112.56,113.12,111.27,112.66,6965707
JPM.US,2026-09-08,357.1,358.55,353.23,353.51,5633145
KO.US,2026-09-08,87.55,88.55,87.55,88.36,19426903
MSFT.US,2026-09-08,493.01,495.19,490.15,493.95,18882338
XOM.US,2026-09-08,160.61,163.11,158.75,160.66,12616378
0005.HK,2026-09-09,166.5,166.7,165.5,166.0,6256877
0700.HK,2026-09-09,436.2,438.4,432.8,434.0,17643957
1810.HK,2026-09-09,26.7,26.8,26.1,26.38,120334499
3690.HK,2026-09-09,80.2,80.2,77.1,77.8,31841713
9988.HK,2026-09-09,110.5,110.9,108.6,109.8,46572012
AAPL.US,2026-09-09,315.49,319.15,309.9,315.34,65639962
BABA.US,2026-09-09,111.69,111.8,109.39,109.4,9100923
JPM.US,2026-09-09,352.0,356.33,348.69,354.71,6319796
KO.US,2026-09-09,88.31,88.4,87.41,87.55,12343677
MSFT.US,2026-09-09,493.07,494.39,489.8,491.65,12889572
XOM.US,2026-09-09,162.88,165.18,162.55,164.23,13133546
0005.HK,2026-09-10,163.7,165.1,163.5,164.7,6179267
0700.HK,2026-09-10,430.0,430.8,425.0,425.6,22333165
1810.HK,2026-09-10,26.04,26.4,25.68,25.92,148663013
3690.HK,2026-09-10,76.25,76.7,74.4,74.75,47472674
9988.HK,2026-09-10,107.2,107.2,105.2,106.9,65902181
AAPL.US,2026-09-10,316.67,326.74,316.51,326.57,70011913
BABA.US,2026-09-10,108.63,109.19,107.72,108.56,6616093
JPM.US,2026-09-10,353.51,354.22,351.12,353.56,4186391
KO.US,2026-09-10,88.58,88.96,87.8,87.83,12026800
MSFT.US,2026-09-10,488.32,494.52,486.0,492.44,16038805
XOM.US,2026-09-10,167.0,167.37,163.18,165.23,16623704
0005.HK,2026-09-11,163.3,163.6,161.5,163.3,9758966
0700.HK,2026-09-11,419.4,430.8,419.4,428.4,15628379
1810.HK,2026-09-11,25.66,26.66,25.44,26.36,113533443
3690.HK,2026-09-11,74.0,75.6,73.4,75.1,25980880
9988.HK,2026-09-11,105.0,107.7,104.7,107.5,56226973
AAPL.US,2026-09-11,327.45,336.22,326.3,332.27,50716865
BABA.US,2026-09-11,109.57,110.69,109.0,109.3,5943712
JPM.US,2026-09-11,358.32,360.05,354.79,356.23,5355273
KO.US,2026-09-11,88.44,88.65,87.81,88.29,9990959
MSFT.US,2026-09-11,495.65,498.97,492.58,495.63,14518435
XOM.US,2026-09-11,165.07,167.09,164.08,165.99,11369957
0005.HK,2026-09-14,163.0,165.0,163.0,164.9,6722791
0700.HK,2026-09-14,423.8,435.4,423.8,430.6,11363985
1810.HK,2026-09-14,26.42,27.34,26.42,27.16,110183277
3690.HK,2026-09-14,74.15,75.3,73.75,75.05,17247251
9988.HK,2026-09-14,105.5,106.6,104.7,105.9,48442049
AAPL.US,2026-09-14,334.79,335.5,331.34,333.08,39269147
BABA.US,2026-09-14,108.28,110.44,107.83,109.23,6946666
JPM.US,2026-09-14,354.23,355.28,347.55,350.13,9612162
KO.US,2026-09-14,90.0,90.36,88.87,89.35,14071444
MSFT.US,2026-09-14,497.06,509.95,495.34,505.41,23091892
XOM.US,2026-09-14,168.7,169.45,164.04,165.08,13945702
0005.HK,2026-09-15,163.0,163.1,159.4,159.6,14661444
0700.HK,2026-09-15,428.0,446.0,428.0,438.8,21791117
1810.HK,2026-09-15,27.12,27.4,26.5,26.5,77282311
3690.HK,2026-09-15,76.0,76.3,74.7,74.75,14849739
9988.HK,2026-09-15,107.0,108.8,105.8,107.2,47161376
AAPL.US,2026-09-15,330.14,331.78,328.35,331.34,31748183
BABA.US,2026-09-15,109.76,111.25,109.28,109.34,7768638
JPM.US,2026-09-15,351.0,354.7,343.07,352.49,14030793
KO.US,2026-09-15,88.53,88.9,87.8,88.71,13152144
MSFT.US,2026-09-15,500.06,505.9,495.54,497.12,17794612
XOM.US,2026-09-15,165.36,169.64,165.15,169.32,12336368
0005.HK,2026-09-16,160.8,161.4,160.1,160.9,6192853
0700.HK,2026-09-16,438.8,438.8,432.6,433.4,12686315
1810.HK,2026-09-16,26.5,26.66,25.92,26.18,74216945
3690.HK,2026-09-16,74.75,75.6,73.55,74.45,16747522
9988.HK,2026-09-16,107.7,107.7,106.1,106.2,34061594
