symbol,date,open,high,low,close,volume
0857.HK,2021-09-17,3.75,3.83,3.66,3.8,244553356
2318.HK,2021-09-17,56.5,56.85,52.5,54.5,105298669
2628.HK,2021-09-17,13.0,13.04,12.74,12.94,60881722
2899.HK,2021-09-17,10.78,10.84,10.42,10.64,73066800
3968.HK,2021-09-17,63.6,64.25,63.15,63.45,31549810
BAC.US,2021-09-17,40.34,40.67,40.08,40.5,92752611
DIS.US,2021-09-17,182.91,185.9,182.73,183.47,10039204
PG.US,2021-09-17,144.37,146.28,144.23,144.34,18738769
0857.HK,2021-09-20,3.77,3.78,3.6,3.69,153617086
2318.HK,2021-09-20,51.55,51.9,49.9,51.35,80351181
2628.HK,2021-09-20,12.7,12.7,12.22,12.44,47746337
2899.HK,2021-09-20,10.38,10.42,9.86,10.2,46700798
3968.HK,2021-09-20,62.0,62.6,56.05,57.5,60581780
BAC.US,2021-09-20,39.38,39.46,38.36,39.11,67566156
DIS.US,2021-09-20,179.74,180.88,176.55,178.61,8056648
PG.US,2021-09-20,144.22,144.85,141.97,142.89,10238721
0857.HK,2021-09-21,3.65,3.74,3.6,3.72,109069471
2318.HK,2021-09-21,50.35,53.45,49.0,52.6,100273185
2628.HK,2021-09-21,12.3,12.6,12.26,12.52,34031664
2899.HK,2021-09-21,10.0,10.26,9.96,10.2,18159499
3968.HK,2021-09-21,56.75,58.05,55.55,57.65,55021176
BAC.US,2021-09-21,39.27,39.6,38.94,39.13,38271079
DIS.US,2021-09-21,180.32,182.23,169.03,171.17,23216027
PG.US,2021-09-21,142.98,144.53,142.88,143.11,6651313
BAC.US,2021-09-22,39.75,40.52,39.75,40.14,46261392
DIS.US,2021-09-22,172.94,175.34,171.66,173.65,14214525
PG.US,2021-09-22,143.82,144.35,142.86,143.6,6332653
0857.HK,2021-09-23,3.91,3.91,3.73,3.79,187701660
2318.HK,2021-09-23,53.0,55.85,53.0,53.1,62399848
2628.HK,2021-09-23,12.64,12.94,12.56,12.74,40077335
2899.HK,2021-09-23,10.64,10.78,9.93,10.12,60653941
3968.HK,2021-09-23,59.45,62.4,58.45,58.65,49734272
BAC.US,2021-09-23,40.76,41.88,40.65,41.69,49779810
DIS.US,2021-09-23,174.94,177.19,174.37,176.25,8052869
PG.US,2021-09-23,144.06,144.69,143.49,144.19,5171154
0857.HK,2021-09-24,3.81,3.9,3.76,3.8,197071041
2318.HK,2021-09-24,53.0,55.6,53.0,54.25,50368004
2628.HK,2021-09-24,12.8,13.04,12.62,12.7,24175650
2899.HK,2021-09-24,9.98,10.2,9.92,9.96,40671012
3968.HK,2021-09-24,57.8,59.85,57.8,58.25,25556845
BAC.US,2021-09-24,41.72,42.34,41.65,42.14,39042262
DIS.US,2021-09-24,175.3,176.7,175.08,176.0,5712778
PG.US,2021-09-24,143.8,144.45,143.09,143.55,5009363
0857.HK,2021-09-27,3.86,3.9,3.78,3.85,166252838
2318.HK,2021-09-27,54.3,56.45,54.3,55.0,48380818
2628.HK,2021-09-27,12.7,12.94,12.66,12.7,21653723
2899.HK,2021-09-27,10.0,10.06,9.64,9.76,47136903
3968.HK,2021-09-27,58.3,60.4,58.3,59.05,23639647
BAC.US,2021-09-27,42.68,43.43,42.64,43.26,49755388
DIS.US,2021-09-27,176.63,179.45,175.96,178.26,7754953
PG.US,2021-09-27,143.15,143.17,141.52,141.66,5749826
0857.HK,2021-09-28,3.89,3.94,3.84,3.93,222842591
2318.HK,2021-09-28,54.45,55.45,53.85,55.1,37485132
2628.HK,2021-09-28,12.7,12.84,12.66,12.74,22901647
2899.HK,2021-09-28,9.8,9.99,9.61,9.83,32157900
3968.HK,2021-09-28,59.45,61.4,59.2,60.15,28806139
BAC.US,2021-09-28,43.43,44.04,43.06,43.16,60781198
DIS.US,2021-09-28,177.75,178.0,173.86,174.52,9133118
PG.US,2021-09-28,141.05,141.37,139.56,140.59,7015310
0857.HK,2021-09-29,3.87,3.87,3.64,3.67,242953039
2318.HK,2021-09-29,54.65,55.25,53.4,54.55,34398950
2628.HK,2021-09-29,12.66,12.9,12.6,12.84,44733208
2899.HK,2021-09-29,9.7,9.7,9.49,9.55,51826020
3968.HK,2021-09-29,59.8,62.6,59.0,62.3,25753123
BAC.US,2021-09-29,43.18,43.32,42.74,43.07,44260237
DIS.US,2021-09-29,174.25,174.96,172.59,172.68,6240771
PG.US,2021-09-29,140.27,142.68,140.18,142.02,5459953
0857.HK,2021-09-30,3.67,3.73,3.64,3.69,126437970
2318.HK,2021-09-30,54.3,54.35,52.6,53.25,43629937
2628.HK,2021-09-30,12.72,12.8,12.62,12.78,17591538
2899.HK,2021-09-30,9.46,9.7,9.39,9.62,33804136
3968.HK,2021-09-30,61.95,62.25,60.7,62.05,17367536
BAC.US,2021-09-30,43.35,43.35,42.23,42.45,47410812
DIS.US,2021-09-30,173.1,173.68,169.1,169.17,13977983
PG.US,2021-09-30,142.64,142.74,139.53,139.8,6936629
BAC.US,2021-10-01,42.48,43.43,42.39,43.08,40987055
DIS.US,2021-10-01,172.28,177.32,171.97,176.01,12165022
PG.US,2021-10-01,139.93,140.23,138.32,139.58,5587249
0857.HK,2021-10-04,3.66,3.69,3.61,3.69,87088831
2318.HK,2021-10-04,52.5,52.75,50.8,51.25,40628565
2628.HK,2021-10-04,12.68,12.78,12.48,12.64,21205605
2899.HK,2021-10-04,9.6,9.73,8.95,9.03,49091429
3968.HK,2021-10-04,61.55,61.55,59.0,59.6,14749317
BAC.US,2021-10-04,43.11,44.07,43.07,43.34,48273432
DIS.US,2021-10-04,175.56,175.96,172.67,173.46,7200589
PG.US,2021-10-04,139.39,140.4,137.61,138.79,5816040
0857.HK,2021-10-05,3.71,3.98,3.69,3.97,306269562
2318.HK,2021-10-05,50.8,51.15,48.8,51.0,52360061
2628.HK,2021-10-05,12.52,12.72,12.46,12.66,18630991
2899.HK,2021-10-05,8.9,9.56,8.9,9.4,38294675
3968.HK,2021-10-05,58.65,59.55,58.1,58.95,19437906
BAC.US,2021-10-05,43.77,44.75,43.67,44.22,54070663
DIS.US,2021-10-05,173.83,176.24,173.61,174.61,6798224
PG.US,2021-10-05,138.8,140.52,138.72,139.33,6902715
0857.HK,2021-10-06,4.0,4.2,3.99,4.14,295231693
2318.HK,2021-10-06,51.1,53.05,50.2,52.6,39377150
2628.HK,2021-10-06,12.64,12.72,12.52,12.7,14851876
2899.HK,2021-10-06,9.45,9.45,9.18,9.23,16638416
3968.HK,2021-10-06,59.35,59.35,57.3,57.95,18761133
BAC.US,2021-10-06,43.85,44.29,43.55,44.24,47031650
DIS.US,2021-10-06,173.0,175.71,171.55,175.48,6005169
PG.US,2021-10-06,138.99,141.26,138.62,141.19,5333051
0857.HK,2021-10-07,4.05,4.08,3.95,4.04,172431518
2318.HK,2021-10-07,53.4,56.3,53.3,56.3,46252441
2628.HK,2021-10-07,12.78,12.98,12.76,12.94,18432635
2899.HK,2021-10-07,9.37,9.51,9.22,9.46,24292570
3968.HK,2021-10-07,58.95,59.8,58.5,59.5,14883263
BAC.US,2021-10-07,44.79,44.87,44.03,44.12,46258843
DIS.US,2021-10-07,177.7,179.63,177.33,177.71,7779997
PG.US,2021-10-07,141.75,143.03,141.75,142.32,5334558
0857.HK,2021-10-08,4.1,4.14,3.96,4.06,186617979
2318.HK,2021-10-08,57.5,58.1,55.8,57.85,58721239
2628.HK,2021-10-08,13.0,13.6,12.96,13.48,89677452
2899.HK,2021-10-08,9.66,9.73,9.39,9.63,38877719
3968.HK,2021-10-08,60.35,61.2,59.35,60.3,27413082
BAC.US,2021-10-08,44.07,44.81,43.92,44.34,39389385
DIS.US,2021-10-08,177.93,178.6,176.4,176.74,4132182
PG.US,2021-10-08,142.29,142.62,141.04,141.73,6131852
0857.HK,2021-10-11,4.14,4.2,4.07,4.11,168399846
2318.HK,2021-10-11,58.85,60.4,58.6,59.85,50107463
2628.HK,2021-10-11,13.52,13.94,13.52,13.8,57124040
2899.HK,2021-10-11,10.06,10.52,9.96,10.3,90376274
3968.HK,2021-10-11,60.9,64.55,60.9,63.3,22630576
BAC.US,2021-10-11,44.6,44.81,43.75,43.78,36283507
DIS.US,2021-10-11,176.02,176.52,173.48,173.52,8046270
PG.US,2021-10-11,142.37,142.77,141.77,142.32,5995592
0857.HK,2021-10-12,4.15,4.15,3.96,4.03,132955536
2318.HK,2021-10-12,58.4,58.55,56.1,56.75,41590356
2628.HK,2021-10-12,13.64,13.88,13.58,13.7,33953733
2899.HK,2021-10-12,10.5,10.56,10.04,10.26,42631333
3968.HK,2021-10-12,63.0,63.65,61.85,63.2,10247016
BAC.US,2021-10-12,43.67,44.0,43.27,43.54,36898283
DIS.US,2021-10-12,173.62,174.49,172.55,173.13,5188380
PG.US,2021-10-12,142.6,143.04,141.7,142.11,6734918
BAC.US,2021-10-13,43.55,43.64,42.33,43.14,43907977
DIS.US,2021-10-13,173.63,173.7,170.94,172.96,8918152
PG.US,2021-10-13,142.4,142.76,141.03,142.44,5689846
BAC.US,2021-10-14,44.37,45.1,43.48,45.07,82201013
DIS.US,2021-10-14,174.07,176.02,174.0,174.41,7453306
PG.US,2021-10-14,142.83,144.31,142.81,144.05,6778788
0857.HK,2021-10-15,4.03,4.05,3.89,4.03,172070520
2318.HK,2021-10-15,56.4,57.45,54.9,57.45,41107011
2628.HK,2021-10-15,13.6,13.74,13.46,13.72,24354464
2899.HK,2021-10-15,10.7,11.72,10.6,11.04,103218142
3968.HK,2021-10-15,63.2,64.55,62.25,63.7,15007434
BAC.US,2021-10-15,45.77,46.67,45.36,46.37,64264903
DIS.US,2021-10-15,175.69,178.89,174.1,176.46,13943894
PG.US,2021-10-15,144.52,144.87,143.68,144.42,6923850
0857.HK,2021-10-18,4.08,4.13,4.01,4.09,102895463
2318.HK,2021-10-18,57.85,57.85,55.85,56.8,23231667
2628.HK,2021-10-18,13.72,13.74,13.64,13.72,25130574
2899.HK,2021-10-18,11.5,11.58,10.92,11.5,84284528
3968.HK,2021-10-18,63.7,63.7,61.9,62.45,12489363
BAC.US,2021-10-18,46.29,46.89,46.03,46.28,49542471
DIS.US,2021-10-18,172.36,173.34,169.8,171.14,20494788
PG.US,2021-10-18,143.55,143.7,142.1,142.34,9119005
0857.HK,2021-10-19,4.11,4.12,4.04,4.09,75886877
2318.HK,2021-10-19,56.8,58.95,56.65,58.0,35030581
2628.HK,2021-10-19,13.8,14.06,13.76,13.96,41201417
2899.HK,2021-10-19,11.5,11.8,11.26,11.74,39693988
3968.HK,2021-10-19,62.8,64.75,62.8,64.45,11165405
BAC.US,2021-10-19,46.5,46.63,46.2,46.48,32515486
DIS.US,2021-10-19,171.44,171.58,170.18,171.18,9669482
PG.US,2021-10-19,139.08,140.82,138.8,140.66,9555253
0857.HK,2021-10-20,4.1,4.1,4.0,4.06,114655536
2318.HK,2021-10-20,59.0,59.15,57.75,58.35,26932639
2628.HK,2021-10-20,13.96,14.2,13.92,13.98,29187782
2899.HK,2021-10-20,11.56,11.62,11.26,11.58,33805319
3968.HK,2021-10-20,65.0,65.25,64.1,64.9,6661729
BAC.US,2021-10-20,46.49,47.24,46.05,47.09,40410994
DIS.US,2021-10-20,170.97,171.02,169.88,170.55,9737626
PG.US,2021-10-20,140.15,141.96,139.85,141.21,7352748
0857.HK,2021-10-21,4.08,4.11,4.03,4.05,113303335
2318.HK,2021-10-21,59.0,63.45,58.1,62.75,84293191
2628.HK,2021-10-21,14.02,14.5,13.84,14.28,63017268
2899.HK,2021-10-21,11.74,11.86,11.28,11.36,39909142
3968.HK,2021-10-21,65.0,66.6,64.85,65.4,11716012
BAC.US,2021-10-21,47.1,47.48,46.61,46.83,36848582
DIS.US,2021-10-21,170.2,172.5,170.1,171.34,7508956
PG.US,2021-10-21,140.86,141.16,139.18,139.33,6545835
0857.HK,2021-10-22,4.0,4.01,3.85,3.9,179833370
2318.HK,2021-10-22,64.5,64.65,62.0,62.65,37619033
2628.HK,2021-10-22,14.32,14.44,14.16,14.24,34741672
2899.HK,2021-10-22,11.22,11.32,11.02,11.26,35676380
3968.HK,2021-10-22,65.65,67.2,65.65,66.8,12502068
BAC.US,2021-10-22,46.99,47.62,46.99,47.57,36225598
DIS.US,2021-10-22,170.57,170.8,168.6,169.42,7854323
PG.US,2021-10-22,139.39,141.01,139.32,140.83,5265017
0857.HK,2021-10-25,3.87,4.0,3.86,3.95,84849999
2318.HK,2021-10-25,62.65,62.65,60.3,61.65,24019360
2628.HK,2021-10-25,14.24,14.38,14.08,14.2,20841706
2899.HK,2021-10-25,11.3,11.46,11.02,11.4,20980656
3968.HK,2021-10-25,67.45,67.45,65.7,66.9,12681467
BAC.US,2021-10-25,47.8,47.98,47.2,47.51,31679516
DIS.US,2021-10-25,169.9,172.57,169.03,172.01,9798688
PG.US,2021-10-25,140.41,140.92,139.05,140.85,5382085
0857.HK,2021-10-26,4.0,4.0,3.93,3.96,45796345
2318.HK,2021-10-26,61.9,61.9,60.3,60.65,21066913
2628.HK,2021-10-26,14.18,14.24,14.1,14.14,18827653
2899.HK,2021-10-26,11.62,11.74,11.36,11.56,26503343
3968.HK,2021-10-26,67.15,68.3,67.0,68.05,11464628
BAC.US,2021-10-26,47.66,48.43,47.44,47.96,35674753
DIS.US,2021-10-26,172.95,173.12,170.71,172.04,5850210
PG.US,2021-10-26,141.62,143.18,141.24,142.85,6234859
0857.HK,2021-10-27,3.96,3.96,3.84,3.88,76580564
2318.HK,2021-10-27,60.0,60.55,59.25,59.8,18664115
2628.HK,2021-10-27,14.1,14.16,13.98,14.1,22981826
2899.HK,2021-10-27,11.5,11.56,11.02,11.14,23289128
3968.HK,2021-10-27,67.75,68.3,66.75,67.55,11828068
BAC.US,2021-10-27,47.48,48.17,47.03,47.04,45790789
DIS.US,2021-10-27,171.77,172.04,169.43,169.55,7054716
PG.US,2021-10-27,143.14,143.68,141.69,141.83,9643487
0857.HK,2021-10-28,3.81,3.83,3.67,3.74,197754170
2318.HK,2021-10-28,59.0,59.5,57.1,58.35,41916419
2628.HK,2021-10-28,13.9,14.08,13.74,14.0,30649070
2899.HK,2021-10-28,11.0,11.06,10.52,10.7,32847222
3968.HK,2021-10-28,67.9,67.9,66.5,67.05,12180183
BAC.US,2021-10-28,47.59,48.0,47.3,47.78,37209574
DIS.US,2021-10-28,169.48,170.35,168.6,169.68,7884519
PG.US,2021-10-28,141.89,142.88,141.71,142.68,4538687
0857.HK,2021-10-29,3.74,3.77,3.69,3.76,110243879
2318.HK,2021-10-29,57.0,57.3,55.25,55.9,56156449
2628.HK,2021-10-29,13.8,13.8,13.38,13.56,55800395
2899.HK,2021-10-29,10.74,11.04,10.6,10.84,28889580
3968.HK,2021-10-29,66.8,67.05,65.4,65.55,16329930
BAC.US,2021-10-29,47.75,48.13,47.52,47.78,31756195
DIS.US,2021-10-29,169.02,170.46,168.15,169.07,7598849
PG.US,2021-10-29,142.16,143.48,142.02,142.99,6239699
0857.HK,2021-11-01,3.79,3.8,3.69,3.75,93499817
2318.HK,2021-11-01,54.2,57.3,53.8,56.6,27054529
2628.HK,2021-11-01,13.32,13.8,13.22,13.66,29074703
2899.HK,2021-11-01,10.84,10.88,10.46,10.52,16988561
3968.HK,2021-11-01,66.0,67.0,65.0,67.0,8803601
BAC.US,2021-11-01,48.1,48.17,47.28,47.85,36937171
DIS.US,2021-11-01,169.21,171.25,169.09,170.19,8182898
PG.US,2021-11-01,143.36,143.8,142.49,142.64,5038861
0857.HK,2021-11-02,3.81,3.82,3.65,3.69,120154577
2318.HK,2021-11-02,57.5,57.55,55.7,55.95,18663564
2628.HK,2021-11-02,13.74,13.94,13.52,13.62,25875943
2899.HK,2021-11-02,10.52,10.72,10.1,10.3,32780200
3968.HK,2021-11-02,67.75,67.75,62.4,63.15,22675823
BAC.US,2021-11-02,47.57,48.42,47.35,47.88,36283363
DIS.US,2021-11-02,170.03,170.85,168.98,169.83,6777230
PG.US,2021-11-02,142.72,144.58,142.28,144.06,9954302
0857.HK,2021-11-03,3.67,3.7,3.58,3.62,133245383
2318.HK,2021-11-03,55.9,56.6,55.45,55.75,22754691
2628.HK,2021-11-03,13.62,13.76,13.5,13.56,16932644
2899.HK,2021-11-03,10.26,10.42,10.16,10.42,18109298
3968.HK,2021-11-03,63.15,63.75,62.85,63.55,8967233
BAC.US,2021-11-03,47.8,48.69,47.61,48.37,42552970
DIS.US,2021-11-03,169.7,170.19,168.37,170.08,6829310
PG.US,2021-11-03,144.13,145.11,143.52,145.05,7620097
0857.HK,2021-11-04,3.58,3.62,3.54,3.62,94468525
2318.HK,2021-11-04,55.7,56.15,54.55,55.0,35668134
2628.HK,2021-11-04,13.52,13.74,13.46,13.5,18803598
2899.HK,2021-11-04,10.46,10.46,10.16,10.38,15267046
3968.HK,2021-11-04,63.75,64.2,63.4,64.1,6832012
BAC.US,2021-11-04,48.15,48.15,46.88,47.33,47646283
DIS.US,2021-11-04,170.03,170.42,168.67,170.28,7505507
PG.US,2021-11-04,142.84,145.39,142.34,145.32,6402451
0857.HK,2021-11-05,3.6,3.6,3.42,3.44,206297064
2318.HK,2021-11-05,54.6,55.3,54.0,54.05,23085121
2628.HK,2021-11-05,13.42,13.54,13.26,13.4,21273452
2899.HK,2021-11-05,10.2,10.44,10.12,10.2,18506129
3968.HK,2021-11-05,64.0,64.1,63.05,63.45,8502839
BAC.US,2021-11-05,47.6,47.82,46.82,46.97,38271181
DIS.US,2021-11-05,173.5,176.99,172.33,175.63,16859184
PG.US,2021-11-05,145.44,146.37,144.8,146.04,6062769
0857.HK,2021-11-08,3.47,3.58,3.46,3.51,82970269
2318.HK,2021-11-08,54.3,56.7,54.3,56.2,35441510
2628.HK,2021-11-08,13.4,13.86,13.4,13.74,33690295
2899.HK,2021-11-08,10.48,10.74,10.3,10.72,42418900
3968.HK,2021-11-08,63.45,64.4,62.7,63.85,9921911
BAC.US,2021-11-08,47.35,47.8,47.25,47.34,33815457
DIS.US,2021-11-08,178.69,179.25,176.1,176.87,10584586
PG.US,2021-11-08,145.5,146.1,144.02,144.95,5854509
0857.HK,2021-11-09,3.52,3.55,3.46,3.51,59910432
2318.HK,2021-11-09,57.0,57.15,55.6,56.2,17752140
2628.HK,2021-11-09,13.78,13.9,13.6,13.66,9618996
2899.HK,2021-11-09,10.92,10.92,10.46,10.6,20377043
3968.HK,2021-11-09,64.4,64.45,62.5,62.75,10715652
BAC.US,2021-11-09,46.65,47.36,46.41,46.88,36900258
DIS.US,2021-11-09,176.95,177.12,173.21,175.11,7293301
PG.US,2021-11-09,145.03,145.83,144.58,145.39,4873235
0857.HK,2021-11-10,3.57,3.57,3.45,3.52,69649119
2318.HK,2021-11-10,56.0,56.95,54.5,56.7,31225241
2628.HK,2021-11-10,13.56,13.62,13.36,13.58,17223883
2899.HK,2021-11-10,10.6,10.62,10.22,10.58,23376722
3968.HK,2021-11-10,62.75,62.95,61.2,62.45,15164686
BAC.US,2021-11-10,46.75,47.52,46.65,47.23,39385606
DIS.US,2021-11-10,174.69,176.87,173.87,174.45,11045826
PG.US,2021-11-10,145.74,147.31,145.59,146.82,7334936
0857.HK,2021-11-11,3.48,3.54,3.44,3.53,105114468
2318.HK,2021-11-11,56.05,59.35,55.35,58.85,52699407
2628.HK,2021-11-11,13.46,13.92,13.46,13.86,20104126
2899.HK,2021-11-11,10.58,10.86,10.58,10.78,23143944
3968.HK,2021-11-11,61.4,65.0,61.4,64.95,14365341
BAC.US,2021-11-11,47.31,47.89,47.01,47.49,31194769
DIS.US,2021-11-11,162.89,163.96,158.33,162.11,62366499
PG.US,2021-11-11,146.86,146.97,146.21,146.4,4096274
0857.HK,2021-11-12,3.56,3.56,3.5,3.55,65576230
2318.HK,2021-11-12,59.8,59.85,58.1,58.65,31584847
2628.HK,2021-11-12,13.96,14.0,13.74,13.9,12284432
2899.HK,2021-11-12,11.0,11.12,10.76,10.8,17288923
3968.HK,2021-11-12,65.95,65.95,64.2,64.85,5949302
BAC.US,2021-11-12,47.51,47.53,46.76,46.91,44268506
DIS.US,2021-11-12,163.52,163.61,158.93,159.63,25638370
PG.US,2021-11-12,146.74,147.08,145.98,146.56,5687659
0857.HK,2021-11-15,3.56,3.57,3.47,3.54,69739848
2318.HK,2021-11-15,58.9,59.4,56.95,57.7,18241821
2628.HK,2021-11-15,13.94,13.96,13.64,13.82,9640974
2899.HK,2021-11-15,10.92,11.08,10.64,10.8,16471001
3968.HK,2021-11-15,65.0,65.9,64.15,65.0,7707728
BAC.US,2021-11-15,47.26,47.39,46.9,47.05,35335506
DIS.US,2021-11-15,160.09,160.72,157.66,158.43,21285347
PG.US,2021-11-15,147.03,147.75,146.47,147.4,5510265
0857.HK,2021-11-16,3.57,3.62,3.52,3.58,105867400
2318.HK,2021-11-16,58.0,58.55,57.5,58.4,18470766
2628.HK,2021-11-16,13.78,13.92,13.74,13.88,16996509
2899.HK,2021-11-16,10.74,10.86,10.52,10.82,25532406
3968.HK,2021-11-16,64.5,65.3,64.35,65.2,7872572
BAC.US,2021-11-16,47.18,47.28,46.69,47.08,35120791
DIS.US,2021-11-16,159.06,160.24,158.55,158.83,15516161
PG.US,2021-11-16,147.39,148.59,147.01,147.19,7603940
0857.HK,2021-11-17,3.56,3.66,3.55,3.64,103021586
2318.HK,2021-11-17,57.25,58.6,57.05,58.6,21870423
2628.HK,2021-11-17,13.74,13.88,13.72,13.82,10863443
2899.HK,2021-11-17,10.8,10.8,10.5,10.7,20819030
3968.HK,2021-11-17,64.4,65.05,63.95,64.5,8853300
BAC.US,2021-11-17,47.08,47.2,46.45,46.51,32963714
DIS.US,2021-11-17,158.73,158.89,156.75,157.33,14695528
PG.US,2021-11-17,146.97,147.78,146.42,147.1,4900232
0857.HK,2021-11-18,3.62,3.62,3.52,3.54,89107095
2318.HK,2021-11-18,57.2,58.1,57.0,57.5,19866965
2628.HK,2021-11-18,13.8,13.82,13.64,13.76,11618123
2899.HK,2021-11-18,10.68,10.84,10.58,10.72,25009646
3968.HK,2021-11-18,63.6,64.55,63.2,64.15,7897770
BAC.US,2021-11-18,46.71,46.81,46.21,46.32,30644334
DIS.US,2021-11-18,157.09,157.3,153.71,155.58,14487740
PG.US,2021-11-18,147.04,148.08,146.51,147.12,5509373
0857.HK,2021-11-19,3.51,3.57,3.47,3.54,66581585
2318.HK,2021-11-19,57.5,57.9,56.3,57.35,25067287
2628.HK,2021-11-19,13.6,13.8,13.54,13.74,10908053
2899.HK,2021-11-19,10.76,10.9,10.6,10.9,20958217
3968.HK,2021-11-19,64.5,65.2,63.4,64.6,9835518
BAC.US,2021-11-19,45.7,45.77,44.83,45.4,48429479
DIS.US,2021-11-19,155.02,155.21,152.77,154.0,16776492
PG.US,2021-11-19,147.95,148.23,146.79,146.82,6274297
0857.HK,2021-11-22,3.49,3.52,3.45,3.48,75984352
2318.HK,2021-11-22,57.35,58.1,57.05,57.5,16090841
2628.HK,2021-11-22,13.74,13.82,13.64,13.72,10031102
2899.HK,2021-11-22,10.86,10.96,10.74,10.9,26364058
3968.HK,2021-11-22,64.55,65.0,63.6,63.85,5229010
BAC.US,2021-11-22,46.72,46.87,45.91,46.28,53697126
DIS.US,2021-11-22,153.23,155.82,152.57,154.16,12790408
PG.US,2021-11-22,146.97,148.94,146.83,147.8,6625408
0857.HK,2021-11-23,3.5,3.55,3.47,3.5,61770592
2318.HK,2021-11-23,56.85,58.3,56.65,57.6,18937719
2628.HK,2021-11-23,13.76,13.86,13.58,13.72,14770935
2899.HK,2021-11-23,10.8,11.02,10.76,10.82,24872156
3968.HK,2021-11-23,63.85,64.7,63.15,63.6,8082633
BAC.US,2021-11-23,46.87,47.65,46.67,47.5,49362882
DIS.US,2021-11-23,153.84,154.25,150.19,151.03,17382893
PG.US,2021-11-23,147.83,149.5,147.67,149.44,7913048
0857.HK,2021-11-24,3.61,3.7,3.56,3.57,120083760
2318.HK,2021-11-24,57.6,57.65,56.85,57.15,11662881
2628.HK,2021-11-24,13.7,13.74,13.6,13.7,8983059
2899.HK,2021-11-24,10.92,10.98,10.48,10.5,16224959
3968.HK,2021-11-24,64.05,64.25,62.75,63.4,8204532
BAC.US,2021-11-24,47.42,47.98,47.21,47.63,40059953
DIS.US,2021-11-24,150.69,151.41,148.8,151.34,14123739
PG.US,2021-11-24,148.77,148.88,147.68,148.66,5665173
0857.HK,2021-11-25,3.6,3.61,3.51,3.53,57345177
2318.HK,2021-11-25,57.35,58.0,56.75,57.3,15400195
2628.HK,2021-11-25,13.62,13.64,13.52,13.58,12736882
2899.HK,2021-11-25,10.66,10.7,10.5,10.62,12177386
3968.HK,2021-11-25,63.35,63.5,62.75,63.4,4528958
0857.HK,2021-11-26,3.5,3.5,3.38,3.41,134291713
2318.HK,2021-11-26,56.65,56.75,54.95,55.4,35037901
2628.HK,2021-11-26,13.52,13.52,13.12,13.2,31630427
2899.HK,2021-11-26,10.56,10.7,10.22,10.28,17749157
3968.HK,2021-11-26,62.4,62.65,61.45,61.75,7992322
BAC.US,2021-11-26,45.52,46.04,44.75,45.76,55110129
DIS.US,2021-11-26,146.8,148.85,145.85,148.11,12027675
PG.US,2021-11-26,148.58,149.72,147.31,147.47,6299783
0857.HK,2021-11-29,3.37,3.44,3.34,3.41,115961542
2318.HK,2021-11-29,55.85,57.0,54.6,55.55,32871097
2628.HK,2021-11-29,13.24,13.32,12.96,13.08,21654920
2899.HK,2021-11-29,10.26,10.38,10.0,10.24,20202341
3968.HK,2021-11-29,61.75,62.25,60.3,60.95,9155615
BAC.US,2021-11-29,46.42,46.7,45.17,45.59,50231117
DIS.US,2021-11-29,148.81,149.3,144.25,147.81,21231323
PG.US,2021-11-29,147.79,149.66,146.79,149.02,7113503
0857.HK,2021-11-30,3.41,3.48,3.34,3.39,159253257
2318.HK,2021-11-30,55.0,55.75,53.8,54.05,46850765
2628.HK,2021-11-30,12.96,13.14,12.72,12.84,42578188
2899.HK,2021-11-30,10.42,10.44,10.14,10.36,38518264
3968.HK,2021-11-30,60.75,61.65,59.85,60.3,18775547
BAC.US,2021-11-30,44.76,45.22,44.36,44.47,77193560
DIS.US,2021-11-30,146.72,147.28,143.11,144.9,26011109
PG.US,2021-11-30,147.81,148.54,144.12,144.58,11696448
0857.HK,2021-12-01,3.37,3.45,3.36,3.43,105123414
2318.HK,2021-12-01,54.55,55.3,53.85,54.25,30133862
2628.HK,2021-12-01,13.0,13.08,12.9,12.96,21052376
2899.HK,2021-12-01,10.2,10.34,10.08,10.18,27809943
3968.HK,2021-12-01,60.75,62.5,60.2,61.5,12097268
BAC.US,2021-12-01,45.22,45.7,43.81,43.84,60636844
DIS.US,2021-12-01,146.7,148.37,142.04,142.15,16503227
PG.US,2021-12-01,144.85,147.87,144.85,146.4,8313557
0857.HK,2021-12-02,3.38,3.49,3.36,3.44,84651367
2318.HK,2021-12-02,54.25,55.65,54.1,55.35,32129425
2628.HK,2021-12-02,12.94,13.1,12.92,13.08,22899662
2899.HK,2021-12-02,10.08,10.12,9.88,10.0,37099564
3968.HK,2021-12-02,61.15,63.6,61.15,63.4,14025185
BAC.US,2021-12-02,44.33,45.5,44.0,44.89,57821426
DIS.US,2021-12-02,142.84,147.65,142.77,147.2,18177709
PG.US,2021-12-02,147.01,148.46,146.94,147.26,9468906
0857.HK,2021-12-03,3.45,3.53,3.4,3.51,117439474
2318.HK,2021-12-03,55.45,55.8,54.4,55.45,31040056
2628.HK,2021-12-03,13.0,13.2,12.84,13.12,32395691
2899.HK,2021-12-03,10.0,10.1,9.86,10.06,36416956
3968.HK,2021-12-03,63.35,64.1,62.6,63.95,15479934
BAC.US,2021-12-03,45.0,45.07,43.6,43.87,74605310
DIS.US,2021-12-03,147.81,148.32,144.32,146.22,14975619
PG.US,2021-12-03,148.02,150.0,147.66,149.88,11200808
0857.HK,2021-12-06,3.52,3.57,3.48,3.51,100208103
2318.HK,2021-12-06,54.35,56.1,54.35,55.7,30128785
2628.HK,2021-12-06,13.08,13.24,13.0,13.08,22168347
2899.HK,2021-12-06,9.98,10.12,9.82,9.97,24197022
3968.HK,2021-12-06,63.85,65.45,63.45,64.7,15998855
BAC.US,2021-12-06,44.56,44.88,43.96,44.15,48193063
DIS.US,2021-12-06,147.28,150.74,146.67,150.37,14333932
PG.US,2021-12-06,150.19,152.39,150.19,152.15,11935078
0857.HK,2021-12-07,3.56,3.58,3.49,3.52,74052676
2318.HK,2021-12-07,55.75,57.65,55.05,57.6,27771393
2628.HK,2021-12-07,13.16,13.48,13.06,13.42,29720545
2899.HK,2021-12-07,10.16,10.22,9.88,10.2,22923155
3968.HK,2021-12-07,65.1,65.25,63.65,65.05,12696515
BAC.US,2021-12-07,44.56,44.91,44.43,44.71,40740776
DIS.US,2021-12-07,151.84,152.76,149.72,150.81,14661067
PG.US,2021-12-07,151.95,152.58,151.27,151.75,7913393
0857.HK,2021-12-08,3.55,3.58,3.51,3.55,93551416
2318.HK,2021-12-08,57.6,58.35,57.35,58.3,28233980
2628.HK,2021-12-08,13.42,13.42,13.2,13.32,14021224
2899.HK,2021-12-08,10.26,10.34,10.1,10.2,30072349
3968.HK,2021-12-08,65.05,65.2,64.05,64.95,10596080
BAC.US,2021-12-08,44.68,44.8,44.09,44.16,50560328
DIS.US,2021-12-08,150.91,153.66,150.56,153.34,12886261
PG.US,2021-12-08,151.67,152.66,150.28,152.43,8329342
0857.HK,2021-12-09,3.58,3.65,3.54,3.58,88373690
2318.HK,2021-12-09,58.55,59.4,58.3,58.9,25555735
2628.HK,2021-12-09,13.42,13.68,13.38,13.52,22228797
2899.HK,2021-12-09,10.32,10.52,10.3,10.42,33093470
3968.HK,2021-12-09,65.6,67.05,65.0,66.5,16176153
BAC.US,2021-12-09,43.91,44.73,43.65,44.49,37316660
DIS.US,2021-12-09,152.27,154.29,151.7,152.94,11862333
PG.US,2021-12-09,152.31,154.19,151.6,153.32,8334318
0857.HK,2021-12-10,3.55,3.58,3.5,3.53,35979114
2318.HK,2021-12-10,58.3,58.95,57.7,57.8,14545772
2628.HK,2021-12-10,13.38,13.54,13.24,13.32,17769069
2899.HK,2021-12-10,10.3,10.36,10.06,10.1,19004392
3968.HK,2021-12-10,65.85,66.85,65.7,66.2,11330237
BAC.US,2021-12-10,44.71,44.83,44.07,44.52,37700187
DIS.US,2021-12-10,153.58,154.66,151.45,152.71,10247891
PG.US,2021-12-10,153.86,155.8,153.43,155.46,7172321
0857.HK,2021-12-13,3.54,3.58,3.51,3.55,38571898
2318.HK,2021-12-13,58.4,59.45,57.65,57.75,22112396
2628.HK,2021-12-13,13.4,13.64,13.26,13.3,19594966
2899.HK,2021-12-13,10.1,10.22,9.95,10.14,32991040
3968.HK,2021-12-13,66.9,67.9,65.35,65.8,12314025
BAC.US,2021-12-13,44.27,44.4,43.39,43.58,38653895
DIS.US,2021-12-13,152.12,152.5,149.29,150.43,10195818
PG.US,2021-12-13,155.3,158.33,154.91,157.67,8944147
0857.HK,2021-12-14,3.51,3.52,3.43,3.5,62064535
2318.HK,2021-12-14,56.75,57.85,56.5,57.0,19710689
2628.HK,2021-12-14,13.1,13.2,12.96,13.02,23352502
2899.HK,2021-12-14,10.14,10.14,9.68,9.74,37020831
3968.HK,2021-12-14,65.05,65.7,63.4,64.0,11497469
BAC.US,2021-12-14,43.59,44.82,43.53,44.13,47099409
DIS.US,2021-12-14,149.26,151.62,148.52,149.1,10872028
PG.US,2021-12-14,157.9,158.63,156.66,158.25,8677544
0857.HK,2021-12-15,3.49,3.5,3.43,3.45,57401547
2318.HK,2021-12-15,56.2,57.8,56.2,56.55,17583393
2628.HK,2021-12-15,12.96,13.1,12.84,12.98,11438058
2899.HK,2021-12-15,9.76,9.79,9.28,9.42,54675859
3968.HK,2021-12-15,63.15,64.15,62.6,63.4,11463544
BAC.US,2021-12-15,44.37,44.45,43.62,43.94,60057119
DIS.US,2021-12-15,148.76,150.92,147.35,150.4,12231479
PG.US,2021-12-15,157.64,159.64,157.64,158.86,9152566
0857.HK,2021-12-16,3.44,3.53,3.44,3.53,72239807
2318.HK,2021-12-16,56.0,57.35,55.9,56.9,31888665
2628.HK,2021-12-16,12.92,13.06,12.88,12.98,15720076
2899.HK,2021-12-16,9.42,9.61,9.31,9.54,33402379
3968.HK,2021-12-16,62.85,63.8,62.7,62.9,17092343
BAC.US,2021-12-16,44.7,45.36,44.09,45.0,69487169
DIS.US,2021-12-16,151.35,152.06,148.58,148.75,11145624
PG.US,2021-12-16,158.73,161.32,158.42,161.11,10852862
0857.HK,2021-12-17,3.54,3.56,3.49,3.51,73958167
2318.HK,2021-12-17,56.15,57.75,56.15,56.65,21586496
2628.HK,2021-12-17,13.1,13.16,12.98,13.04,19345859
2899.HK,2021-12-17,9.62,9.95,9.6,9.64,85893123
3968.HK,2021-12-17,63.5,63.65,62.65,62.65,12981997
BAC.US,2021-12-17,44.5,44.7,43.62,43.88,124712237
DIS.US,2021-12-17,148.51,149.84,146.57,148.76,13878798
PG.US,2021-12-17,160.66,161.72,157.31,157.46,24352824
0857.HK,2021-12-20,3.48,3.48,3.37,3.43,106742178
2318.HK,2021-12-20,56.65,57.05,55.7,56.1,14019422
2628.HK,2021-12-20,13.0,13.04,12.88,12.94,13033940
2899.HK,2021-12-20,9.74,9.74,9.29,9.32,25749665
3968.HK,2021-12-20,62.45,63.45,61.85,62.0,12094830
BAC.US,2021-12-20,43.27,43.36,42.7,43.16,56455216
DIS.US,2021-12-20,146.98,147.73,145.08,146.47,11201921
PG.US,2021-12-20,156.6,158.46,156.57,157.86,9202608
0857.HK,2021-12-21,3.43,3.43,3.33,3.37,98858874
2318.HK,2021-12-21,57.0,57.75,56.4,56.85,18846279
2628.HK,2021-12-21,13.0,13.0,12.86,12.88,16973951
2899.HK,2021-12-21,9.35,9.42,9.19,9.35,16115454
3968.HK,2021-12-21,63.05,63.05,61.6,62.0,12440519
BAC.US,2021-12-21,43.54,44.48,43.54,44.19,47845606
DIS.US,2021-12-21,147.56,151.43,147.39,151.05,10781406
PG.US,2021-12-21,157.65,158.15,156.79,157.76,6946009
0857.HK,2021-12-22,3.4,3.42,3.37,3.4,46352307
2318.HK,2021-12-22,57.0,57.15,55.65,56.0,17706183
2628.HK,2021-12-22,12.92,12.98,12.8,12.92,11179954
2899.HK,2021-12-22,9.39,9.46,9.31,9.37,13362089
3968.HK,2021-12-22,62.65,62.65,61.45,62.0,8299143
BAC.US,2021-12-22,44.08,44.58,43.88,44.28,35715710
DIS.US,2021-12-22,150.42,152.2,149.87,151.88,7820439
PG.US,2021-12-22,157.77,159.58,157.27,159.32,6626414
0857.HK,2021-12-23,3.42,3.52,3.4,3.47,88293545
2318.HK,2021-12-23,55.7,56.5,55.6,56.2,10604148
2628.HK,2021-12-23,12.92,12.98,12.88,12.96,13481649
2899.HK,2021-12-23,9.43,9.7,9.39,9.66,19638116
3968.HK,2021-12-23,62.2,62.35,61.45,61.75,8098782
BAC.US,2021-12-23,44.68,45.07,44.4,44.42,34053478
DIS.US,2021-12-23,152.32,154.19,151.93,153.63,6572351
PG.US,2021-12-23,159.5,160.92,159.44,160.1,5640972
0857.HK,2021-12-24,3.54,3.54,3.48,3.48,20434036
2318.HK,2021-12-24,56.0,56.45,55.9,56.15,4562017
2628.HK,2021-12-24,12.98,13.0,12.86,12.9,11909283
2899.HK,2021-12-24,9.68,9.8,9.41,9.5,6745476
3968.HK,2021-12-24,62.4,62.4,61.2,61.65,3798648
BAC.US,2021-12-27,44.55,44.82,44.31,44.64,33888223
DIS.US,2021-12-27,152.88,154.02,151.4,152.8,7765470
PG.US,2021-12-27,160.67,161.99,160.61,161.97,4548828
0857.HK,2021-12-28,3.51,3.54,3.48,3.5,48363283
2318.HK,2021-12-28,56.0,57.6,56.0,57.35,15526557
2628.HK,2021-12-28,12.9,13.14,12.9,13.1,15438807
2899.HK,2021-12-28,9.6,9.6,9.36,9.45,15006750
3968.HK,2021-12-28,61.45,62.0,60.9,61.75,9809293
BAC.US,2021-12-28,44.47,45.08,44.42,44.7,32499239
DIS.US,2021-12-28,152.62,156.5,152.41,155.2,12198679
PG.US,2021-12-28,161.96,163.38,161.94,162.84,5929835
0857.HK,2021-12-29,3.52,3.52,3.48,3.51,28361069
2318.HK,2021-12-29,57.25,57.6,56.75,56.8,8752780
2628.HK,2021-12-29,13.12,13.14,13.02,13.06,6562570
2899.HK,2021-12-29,9.44,9.44,9.2,9.28,13764525
3968.HK,2021-12-29,61.75,61.75,59.6,60.0,13721960
BAC.US,2021-12-29,44.85,45.12,44.6,44.63,25294895
DIS.US,2021-12-29,154.56,155.92,154.18,154.87,8737004
PG.US,2021-12-29,163.21,164.98,163.08,164.19,5346427
0857.HK,2021-12-30,3.51,3.51,3.43,3.47,44788480
2318.HK,2021-12-30,57.0,57.2,56.15,56.3,14293760
2628.HK,2021-12-30,13.0,13.1,12.86,12.9,17158455
2899.HK,2021-12-30,9.5,9.5,9.2,9.23,9370951
3968.HK,2021-12-30,60.0,60.85,59.65,60.5,11948175
BAC.US,2021-12-30,44.75,45.1,44.48,44.53,23852174
DIS.US,2021-12-30,155.71,157.07,155.52,155.93,7228438
PG.US,2021-12-30,164.4,164.59,162.61,162.77,5911500
0857.HK,2021-12-31,3.48,3.49,3.43,3.47,26880000
2318.HK,2021-12-31,56.6,56.9,56.1,56.15,10377182
2628.HK,2021-12-31,13.0,13.02,12.9,12.92,6539072
2899.HK,2021-12-31,9.23,9.4,9.2,9.28,12848000
3968.HK,2021-12-31,60.9,61.2,60.3,60.55,4387731
BAC.US,2021-12-31,44.52,44.72,44.28,44.49,24253944
DIS.US,2021-12-31,155.87,156.57,154.74,154.89,6410235
PG.US,2021-12-31,162.86,163.73,162.46,163.58,5327027
0857.HK,2022-01-03,3.47,3.51,3.45,3.48,36654422
2318.HK,2022-01-03,56.8,56.95,55.6,55.75,7231921
2628.HK,2022-01-03,13.04,13.14,12.94,13.0,8525838
2899.HK,2022-01-03,9.34,9.42,9.2,9.28,9830200
3968.HK,2022-01-03,60.95,61.7,60.25,60.35,4841487
BAC.US,2022-01-03,45.09,46.49,44.98,46.18,58630072
DIS.US,2022-01-03,155.83,157.56,155.36,156.76,10228257
PG.US,2022-01-03,161.69,162.94,159.88,162.9,9317892
0857.HK,2022-01-04,3.51,3.51,3.43,3.46,60100797
2318.HK,2022-01-04,55.95,56.95,55.75,56.5,17975862
2628.HK,2022-01-04,13.0,13.12,12.94,13.06,18165912
2899.HK,2022-01-04,9.34,9.34,9.0,9.12,34949878
3968.HK,2022-01-04,60.65,60.8,59.15,60.5,11652209
BAC.US,2022-01-04,47.06,48.43,47.04,47.99,74606669
DIS.US,2022-01-04,158.59,160.32,155.55,155.73,16582041
PG.US,2022-01-04,162.29,164.39,162.18,163.47,9253754
0857.HK,2022-01-05,3.48,3.54,3.44,3.51,84686482
2318.HK,2022-01-05,57.5,58.0,56.6,56.8,28768656
2628.HK,2022-01-05,13.06,13.3,13.04,13.14,20352960
2899.HK,2022-01-05,9.16,9.27,9.02,9.08,21665165
3968.HK,2022-01-05,60.8,62.1,60.4,61.75,25522771
BAC.US,2022-01-05,48.14,48.37,47.16,47.18,57791631
DIS.US,2022-01-05,156.52,159.38,155.1,155.19,12272097
PG.US,2022-01-05,163.44,165.32,163.4,164.21,9330245
0857.HK,2022-01-06,3.53,3.53,3.46,3.49,54020615
2318.HK,2022-01-06,56.9,58.0,56.9,58.0,15464523
2628.HK,2022-01-06,13.2,13.28,13.04,13.16,13055791
2899.HK,2022-01-06,9.07,9.16,8.68,8.93,50488632
3968.HK,2022-01-06,61.65,61.9,60.2,60.35,15861501
BAC.US,2022-01-06,47.98,48.16,47.19,48.13,52040852
DIS.US,2022-01-06,156.24,157.77,153.68,156.9,11095326
PG.US,2022-01-06,164.34,165.2,162.61,162.83,7555999
0857.HK,2022-01-07,3.54,3.72,3.51,3.71,258293020
2318.HK,2022-01-07,58.0,61.1,57.55,61.1,46904651
2628.HK,2022-01-07,13.16,13.48,13.06,13.46,30481148
2899.HK,2022-01-07,8.93,8.93,8.36,8.74,56457230
3968.HK,2022-01-07,60.2,63.05,60.15,63.05,25696261
BAC.US,2022-01-07,48.15,49.31,48.06,49.18,59082564
DIS.US,2022-01-07,156.9,159.3,156.29,157.83,9554622
PG.US,2022-01-07,163.13,163.53,161.95,162.74,6098455
0857.HK,2022-01-10,3.71,3.72,3.67,3.72,70220385
2318.HK,2022-01-10,61.3,62.2,60.1,61.9,30731684
2628.HK,2022-01-10,13.18,13.32,13.12,13.24,36739953
2899.HK,2022-01-10,8.77,9.1,8.62,9.1,32104008
3968.HK,2022-01-10,63.0,63.4,62.05,62.7,16263446
BAC.US,2022-01-10,49.91,50.08,48.34,48.93,66839466
DIS.US,2022-01-10,157.98,158.27,154.65,156.6,8672855
PG.US,2022-01-10,162.51,163.12,160.17,160.52,8054984
0857.HK,2022-01-11,3.69,3.75,3.65,3.7,69530563
2318.HK,2022-01-11,61.8,62.15,60.45,60.9,27442637
2628.HK,2022-01-11,13.16,13.4,13.12,13.26,19258398
2899.HK,2022-01-11,9.13,9.35,8.96,9.27,35649865
3968.HK,2022-01-11,62.85,63.8,62.3,63.7,16643894
BAC.US,2022-01-11,48.99,49.25,48.64,49.21,40454357
DIS.US,2022-01-11,156.62,158.22,155.95,157.89,8042556
PG.US,2022-01-11,160.22,160.22,156.91,158.66,11957885
0857.HK,2022-01-12,3.82,3.87,3.77,3.82,124623614
2318.HK,2022-01-12,60.9,61.5,59.65,61.1,22981141
2628.HK,2022-01-12,13.3,13.42,13.24,13.34,19177650
2899.HK,2022-01-12,9.37,9.76,9.37,9.72,36638053
3968.HK,2022-01-12,64.3,64.3,62.85,64.15,15762432
BAC.US,2022-01-12,49.17,49.38,48.68,48.86,41377987
DIS.US,2022-01-12,158.5,158.99,156.33,157.8,6995649
PG.US,2022-01-12,158.26,159.36,157.83,159.01,7126650
0857.HK,2022-01-13,3.88,3.93,3.85,3.89,158687887
2318.HK,2022-01-13,61.95,62.8,61.35,61.95,25546228
2628.HK,2022-01-13,13.4,13.64,13.38,13.58,32366982
2899.HK,2022-01-13,10.28,10.38,9.88,10.0,56547999
3968.HK,2022-01-13,64.0,64.6,63.2,63.8,9627342
BAC.US,2022-01-13,48.92,49.49,48.63,48.76,46337483
DIS.US,2022-01-13,157.7,158.53,155.17,155.44,9680583
PG.US,2022-01-13,159.31,159.45,157.78,158.29,6551083
0857.HK,2022-01-14,3.88,3.89,3.85,3.87,72563381
2318.HK,2022-01-14,62.0,62.25,60.45,61.35,20388914
2628.HK,2022-01-14,13.56,13.62,13.38,13.46,16130338
2899.HK,2022-01-14,9.95,9.98,9.7,9.93,15110136
3968.HK,2022-01-14,63.5,63.8,61.25,61.9,15757209
BAC.US,2022-01-14,47.52,48.23,47.19,47.91,72953325
DIS.US,2022-01-14,152.35,152.62,148.42,151.94,16831957
PG.US,2022-01-14,158.07,160.49,157.56,159.81,10708197
0857.HK,2022-01-17,3.86,3.93,3.86,3.9,79152129
2318.HK,2022-01-17,61.0,61.15,60.3,60.65,13193036
2628.HK,2022-01-17,13.34,13.5,13.34,13.46,8603863
2899.HK,2022-01-17,9.95,10.06,9.7,9.82,22370650
3968.HK,2022-01-17,62.2,63.3,62.0,62.8,16167684
0857.HK,2022-01-18,3.9,3.98,3.87,3.97,125219803
2318.HK,2022-01-18,61.0,61.45,60.25,60.85,11347260
2628.HK,2022-01-18,13.46,13.64,13.42,13.52,15380194
2899.HK,2022-01-18,9.83,10.2,9.82,10.06,21309499
3968.HK,2022-01-18,63.2,63.7,62.7,63.35,8950426
BAC.US,2022-01-18,47.85,47.92,46.05,46.26,65935012
DIS.US,2022-01-18,151.11,153.13,149.83,152.27,10425768
PG.US,2022-01-18,158.53,158.53,156.04,156.73,10991410
0857.HK,2022-01-19,4.02,4.04,3.98,4.02,124486954
2318.HK,2022-01-19,61.55,62.2,60.75,61.4,20422063
2628.HK,2022-01-19,13.54,13.8,13.52,13.68,20663517
2899.HK,2022-01-19,10.06,10.22,10.0,10.1,21027208
3968.HK,2022-01-19,64.4,64.75,63.55,64.65,17979910
BAC.US,2022-01-19,48.39,48.58,46.35,46.44,84451792
DIS.US,2022-01-19,150.84,152.86,149.96,150.11,10413247
PG.US,2022-01-19,157.61,164.19,156.97,162.0,14088282
0857.HK,2022-01-20,3.9,3.97,3.88,3.95,171080466
2318.HK,2022-01-20,61.8,65.9,61.45,65.8,65654241
2628.HK,2022-01-20,13.8,14.24,13.76,14.2,64601919
2899.HK,2022-01-20,10.36,10.52,10.22,10.5,54495625
3968.HK,2022-01-20,65.15,67.95,65.0,67.6,31336439
BAC.US,2022-01-20,46.69,47.05,45.66,45.75,46265258
DIS.US,2022-01-20,150.91,152.66,147.15,147.62,11760374
PG.US,2022-01-20,160.12,164.33,160.12,162.0,10799065
0857.HK,2022-01-21,3.89,3.9,3.79,3.9,194347636
2318.HK,2022-01-21,65.7,65.95,64.8,65.95,37051689
2628.HK,2022-01-21,14.26,14.34,14.0,14.1,22694393
2899.HK,2022-01-21,10.54,10.98,10.4,10.98,73958676
3968.HK,2022-01-21,67.85,68.55,67.3,68.55,18512550
BAC.US,2022-01-21,45.57,46.02,44.66,44.92,71303560
DIS.US,2022-01-21,141.23,141.87,136.63,137.38,34491847
PG.US,2022-01-21,163.0,165.35,162.1,162.62,10900398
0857.HK,2022-01-24,3.89,3.96,3.87,3.92,67355905
2318.HK,2022-01-24,65.45,65.85,64.45,65.45,28427376
2628.HK,2022-01-24,13.98,14.06,13.84,14.04,14800934
2899.HK,2022-01-24,10.8,11.0,10.58,10.72,35635299
3968.HK,2022-01-24,68.55,68.55,67.35,67.75,15160867
BAC.US,2022-01-24,43.9,44.69,42.59,44.55,90782210
DIS.US,2022-01-24,134.82,137.68,129.26,137.46,31523846
PG.US,2022-01-24,163.43,164.12,158.72,161.3,14846686
0857.HK,2022-01-25,3.86,3.92,3.83,3.87,109387132
2318.HK,2022-01-25,64.05,64.65,61.1,61.7,42535624
2628.HK,2022-01-25,13.8,13.94,13.74,13.9,27193536
2899.HK,2022-01-25,10.6,11.0,10.46,10.6,38285474
3968.HK,2022-01-25,67.0,67.55,66.15,67.45,13916046
BAC.US,2022-01-25,44.29,45.57,43.83,45.43,73555340
DIS.US,2022-01-25,135.29,137.75,132.38,136.51,14694413
PG.US,2022-01-25,160.45,161.3,157.89,159.54,9369589
0857.HK,2022-01-26,3.93,3.97,3.91,3.94,103628014
2318.HK,2022-01-26,62.5,64.15,62.3,63.1,25384709
2628.HK,2022-01-26,13.98,14.02,13.8,13.84,15690562
2899.HK,2022-01-26,10.76,10.84,10.56,10.72,18993441
3968.HK,2022-01-26,67.65,68.0,66.6,67.5,11177114
BAC.US,2022-01-26,45.78,46.46,45.26,45.9,63735815
DIS.US,2022-01-26,137.71,138.2,132.26,133.6,14569916
PG.US,2022-01-26,157.34,159.57,156.38,158.15,10707105
0857.HK,2022-01-27,3.96,3.97,3.88,3.93,76510452
2318.HK,2022-01-27,62.1,62.85,61.0,61.1,30045645
2628.HK,2022-01-27,13.68,13.72,13.58,13.66,19271234
2899.HK,2022-01-27,10.64,10.66,10.2,10.34,22709750
3968.HK,2022-01-27,66.95,67.5,66.05,67.35,24198905
BAC.US,2022-01-27,46.37,46.75,45.09,45.47,63402378
DIS.US,2022-01-27,135.07,137.91,134.02,135.42,11913900
PG.US,2022-01-27,158.73,161.35,158.58,159.13,9084347
0857.HK,2022-01-28,3.95,3.96,3.85,3.9,71806389
2318.HK,2022-01-28,61.45,61.95,60.25,60.55,19418146
2628.HK,2022-01-28,13.72,13.78,13.42,13.5,21498952
2899.HK,2022-01-28,10.24,10.4,9.85,10.08,18388800
3968.HK,2022-01-28,68.15,68.15,64.6,65.05,18380816
BAC.US,2022-01-28,45.33,45.89,44.45,45.87,51048296
DIS.US,2022-01-28,135.21,138.69,133.56,138.63,10011666
PG.US,2022-01-28,158.61,160.95,157.32,160.5,9494403
0857.HK,2022-01-31,3.89,3.9,3.84,3.87,43143790
2318.HK,2022-01-31,61.0,61.75,60.2,60.9,10379383
2628.HK,2022-01-31,13.52,13.66,13.44,13.62,9473758
2899.HK,2022-01-31,10.0,10.06,9.82,9.96,12265000
3968.HK,2022-01-31,65.05,65.5,63.7,64.9,6431719
BAC.US,2022-01-31,45.52,46.27,45.22,46.14,44793662
DIS.US,2022-01-31,138.86,143.15,138.47,142.97,10185499
PG.US,2022-01-31,159.35,160.65,158.87,160.45,8950094
BAC.US,2022-02-01,46.21,47.1,45.9,46.94,40326643
DIS.US,2022-02-01,143.02,144.69,142.25,144.49,8573340
PG.US,2022-02-01,160.79,161.3,157.73,159.74,6284069
BAC.US,2022-02-02,46.72,46.96,46.3,46.89,41125582
DIS.US,2022-02-02,144.19,144.59,141.38,142.62,9529884
PG.US,2022-02-02,160.14,162.84,159.47,162.6,7558750
BAC.US,2022-02-03,47.22,47.29,46.35,46.43,35879926
DIS.US,2022-02-03,140.0,142.04,139.25,140.03,9820585
PG.US,2022-02-03,161.98,164.98,161.62,164.14,10474542
0857.HK,2022-02-04,3.95,4.0,3.95,3.97,101173605
2318.HK,2022-02-04,61.8,64.25,61.8,63.7,31145605
2628.HK,2022-02-04,13.8,13.98,13.68,13.9,22006440
2899.HK,2022-02-04,10.38,10.4,10.0,10.38,17585892
3968.HK,2022-02-04,66.5,67.35,66.15,67.0,12672638
BAC.US,2022-02-04,47.08,48.69,46.68,48.28,60297055
DIS.US,2022-02-04,140.04,143.19,139.53,142.02,8061075
PG.US,2022-02-04,163.13,164.49,161.41,161.53,8960135
0857.HK,2022-02-07,4.01,4.13,4.0,4.1,190113656
2318.HK,2022-02-07,63.7,64.1,62.35,63.7,22569018
2628.HK,2022-02-07,13.92,14.06,13.82,14.02,20955321
2899.HK,2022-02-07,10.56,10.6,10.22,10.36,27568974
3968.HK,2022-02-07,67.0,68.25,66.2,68.1,16524997
BAC.US,2022-02-07,48.56,48.76,47.99,48.51,44824807
DIS.US,2022-02-07,143.39,144.09,141.61,142.51,10937517
PG.US,2022-02-07,161.87,162.27,159.67,160.32,6430488
0857.HK,2022-02-08,4.1,4.15,4.06,4.13,177377584
2318.HK,2022-02-08,64.5,65.15,63.1,64.2,21613235
2628.HK,2022-02-08,14.08,14.36,14.04,14.18,27535211
2899.HK,2022-02-08,10.42,10.5,10.08,10.2,39099996
3968.HK,2022-02-08,68.3,68.85,67.35,67.8,14570004
BAC.US,2022-02-08,49.15,50.02,48.94,49.38,49560540
DIS.US,2022-02-08,141.79,142.89,140.74,142.48,9231697
PG.US,2022-02-08,161.12,161.27,159.65,159.96,5048797
0857.HK,2022-02-09,4.07,4.15,4.05,4.12,102565959
2318.HK,2022-02-09,65.5,66.2,64.65,65.5,35183353
2628.HK,2022-02-09,14.44,14.48,14.22,14.3,33689145
2899.HK,2022-02-09,10.42,11.12,10.4,10.98,64201620
3968.HK,2022-02-09,67.85,69.3,67.65,68.4,16534924
BAC.US,2022-02-09,49.22,49.79,49.03,49.28,33861086
DIS.US,2022-02-09,144.37,147.36,143.25,147.23,22877397
PG.US,2022-02-09,160.36,160.64,159.27,159.6,8077550
0857.HK,2022-02-10,4.12,4.14,4.06,4.09,87120131
2318.HK,2022-02-10,65.5,66.7,64.85,66.7,27321538
2628.HK,2022-02-10,14.38,14.46,14.26,14.46,32065218
2899.HK,2022-02-10,11.32,11.66,11.2,11.62,69323324
3968.HK,2022-02-10,68.8,68.8,67.5,68.7,13289183
BAC.US,2022-02-10,49.68,50.11,48.76,49.05,47082839
DIS.US,2022-02-10,156.02,157.5,151.11,152.16,42500322
PG.US,2022-02-10,159.09,159.5,156.65,157.17,7032976
0857.HK,2022-02-11,4.1,4.17,4.07,4.14,91463508
2318.HK,2022-02-11,67.1,69.4,66.45,69.3,50383109
2628.HK,2022-02-11,14.46,15.04,14.32,14.94,102257723
2899.HK,2022-02-11,11.38,11.88,11.38,11.6,52031752
3968.HK,2022-02-11,67.85,70.8,67.85,70.2,13888614
BAC.US,2022-02-11,48.63,49.44,47.5,47.92,61056045
DIS.US,2022-02-11,153.54,154.69,148.56,149.47,17975207
PG.US,2022-02-11,158.01,158.58,155.58,156.29,9341436
0857.HK,2022-02-14,4.25,4.29,4.22,4.25,184711016
2318.HK,2022-02-14,68.75,68.85,66.1,66.65,33151011
2628.HK,2022-02-14,14.78,14.88,14.36,14.48,44421157
2899.HK,2022-02-14,11.64,11.84,11.5,11.74,35566637
3968.HK,2022-02-14,70.2,70.25,68.05,68.45,14859218
BAC.US,2022-02-14,48.02,48.19,46.94,47.42,44791948
DIS.US,2022-02-14,149.37,153.73,149.21,150.85,14694683
PG.US,2022-02-14,156.14,157.06,153.36,156.74,9472171
0857.HK,2022-02-15,4.25,4.25,4.06,4.1,106091143
2318.HK,2022-02-15,65.3,65.65,63.65,64.3,33897128
2628.HK,2022-02-15,14.3,14.42,13.82,13.98,57501547
2899.HK,2022-02-15,11.7,11.78,11.18,11.24,27013979
3968.HK,2022-02-15,68.1,68.25,65.9,66.9,12254598
BAC.US,2022-02-15,48.0,48.37,47.57,47.79,42402240
DIS.US,2022-02-15,153.54,154.85,152.51,154.72,12730923
PG.US,2022-02-15,157.77,159.32,156.11,156.82,6659367
0857.HK,2022-02-16,3.98,4.11,3.96,4.09,103107790
2318.HK,2022-02-16,64.65,66.6,64.5,66.55,25654389
2628.HK,2022-02-16,14.06,14.12,13.9,13.98,33442717
2899.HK,2022-02-16,11.26,11.54,11.2,11.54,18323848
3968.HK,2022-02-16,67.45,68.35,66.6,68.35,9159703
BAC.US,2022-02-16,47.44,48.24,47.31,47.68,36664598
DIS.US,2022-02-16,154.98,156.73,153.75,156.35,10656352
PG.US,2022-02-16,156.83,158.78,156.27,158.01,9315668
0857.HK,2022-02-17,4.12,4.13,4.05,4.12,54040657
2318.HK,2022-02-17,66.75,67.45,65.0,66.6,20747960
2628.HK,2022-02-17,14.04,14.08,13.62,13.72,49659622
2899.HK,2022-02-17,11.4,11.98,11.4,11.92,52105361
3968.HK,2022-02-17,68.5,69.3,67.95,69.3,7321761
BAC.US,2022-02-17,47.0,47.29,45.95,46.07,49442407
DIS.US,2022-02-17,154.69,155.36,152.61,152.95,8110299
PG.US,2022-02-17,158.38,160.38,157.35,159.82,7925454
0857.HK,2022-02-18,4.1,4.13,4.04,4.09,51232487
2318.HK,2022-02-18,66.6,67.3,65.85,66.7,22644335
2628.HK,2022-02-18,13.7,13.82,13.62,13.76,22592601
2899.HK,2022-02-18,12.0,12.08,11.72,11.9,37504658
3968.HK,2022-02-18,69.15,69.6,68.7,69.05,6214477
BAC.US,2022-02-18,46.07,46.54,45.72,45.96,37856547
DIS.US,2022-02-18,152.91,153.68,150.05,151.36,10785503
PG.US,2022-02-18,159.5,161.06,158.82,159.9,8063159
0857.HK,2022-02-21,4.09,4.12,4.02,4.1,71906110
2318.HK,2022-02-21,66.7,67.25,65.85,67.2,19398855
2628.HK,2022-02-21,13.78,13.78,13.6,13.76,16952264
2899.HK,2022-02-21,11.8,12.06,11.68,11.86,21507143
3968.HK,2022-02-21,69.15,69.6,68.15,69.5,8629275
0857.HK,2022-02-22,4.16,4.25,4.1,4.17,121948810
2318.HK,2022-02-22,65.85,65.9,63.95,64.45,27767266
2628.HK,2022-02-22,13.58,13.62,13.38,13.56,31593409
2899.HK,2022-02-22,11.94,11.98,11.6,11.76,32449050
3968.HK,2022-02-22,67.3,68.45,67.25,67.8,11849759
BAC.US,2022-02-22,45.17,45.98,45.04,45.56,51905575
DIS.US,2022-02-22,150.19,150.79,147.61,148.09,12227209
PG.US,2022-02-22,160.11,160.88,156.66,157.93,8179551
0857.HK,2022-02-23,4.19,4.19,4.1,4.12,71027254
2318.HK,2022-02-23,64.3,64.8,63.8,64.15,14498596
2628.HK,2022-02-23,13.56,13.56,13.4,13.56,23863566
2899.HK,2022-02-23,11.78,11.78,11.32,11.36,24884793
3968.HK,2022-02-23,68.55,68.55,67.2,67.8,7278764
BAC.US,2022-02-23,45.95,46.11,44.57,44.78,45704865
DIS.US,2022-02-23,149.5,149.74,145.5,145.87,9300697
PG.US,2022-02-23,158.3,158.6,155.6,155.96,6273013
0857.HK,2022-02-24,4.11,4.29,4.09,4.26,318063228
2318.HK,2022-02-24,62.0,63.15,61.15,61.35,42257959
2628.HK,2022-02-24,13.32,13.38,13.0,13.16,57474952
2899.HK,2022-02-24,11.36,11.8,11.18,11.38,54011863
3968.HK,2022-02-24,66.7,67.65,65.05,65.55,15205517
BAC.US,2022-02-24,43.0,43.68,42.05,43.6,80484789
DIS.US,2022-02-24,140.0,149.57,140.0,149.4,12475485
PG.US,2022-02-24,155.64,155.98,150.56,151.76,13145073
0857.HK,2022-02-25,4.26,4.26,4.05,4.1,319608071
2318.HK,2022-02-25,61.35,62.25,60.45,60.6,28176635
2628.HK,2022-02-25,13.12,13.16,12.9,12.98,48260771
2899.HK,2022-02-25,11.5,11.52,11.1,11.2,30162150
3968.HK,2022-02-25,65.3,66.25,64.6,64.8,11930672
BAC.US,2022-02-25,43.81,45.35,43.63,45.02,68530688
DIS.US,2022-02-25,149.56,150.28,147.22,149.53,10149515
PG.US,2022-02-25,152.33,158.94,152.25,158.24,8866983
0857.HK,2022-02-28,4.12,4.18,4.09,4.17,152082344
2318.HK,2022-02-28,60.3,60.7,59.5,60.4,37009640
2628.HK,2022-02-28,12.92,13.0,12.76,12.96,35667312
2899.HK,2022-02-28,11.34,11.66,11.18,11.58,34960968
3968.HK,2022-02-28,65.15,66.1,64.35,65.8,15001573
BAC.US,2022-02-28,43.72,44.26,43.44,44.2,69955301
DIS.US,2022-02-28,147.83,149.48,146.46,148.46,10834719
PG.US,2022-02-28,156.29,157.19,153.82,155.89,8669154
0857.HK,2022-03-01,4.17,4.2,4.09,4.13,90053879
2318.HK,2022-03-01,60.7,61.3,59.7,60.7,21443051
2628.HK,2022-03-01,13.02,13.12,12.9,13.06,22968382
2899.HK,2022-03-01,11.58,11.58,11.16,11.36,29840261
3968.HK,2022-03-01,66.75,66.75,65.2,65.7,7650688
BAC.US,2022-03-01,43.71,43.74,41.93,42.47,74895594
DIS.US,2022-03-01,147.86,148.15,143.78,145.7,8943991
PG.US,2022-03-01,154.31,155.4,152.34,153.31,8311984
0857.HK,2022-03-02,4.21,4.29,4.18,4.25,198834435
2318.HK,2022-03-02,60.15,60.5,58.6,58.85,27505078
2628.HK,2022-03-02,12.94,13.04,12.84,12.86,26975576
2899.HK,2022-03-02,11.5,12.06,11.5,11.84,62115769
3968.HK,2022-03-02,65.0,65.8,64.3,64.6,10216492
BAC.US,2022-03-02,42.74,43.54,42.62,43.16,70834634
DIS.US,2022-03-02,146.31,148.47,145.92,147.34,7851027
PG.US,2022-03-02,152.96,155.08,152.6,153.79,6111319
0857.HK,2022-03-03,4.29,4.35,4.27,4.3,139731422
2318.HK,2022-03-03,58.85,60.3,58.8,59.05,18375763
2628.HK,2022-03-03,12.92,13.04,12.9,12.92,16582832
2899.HK,2022-03-03,12.0,12.38,11.9,12.2,76980769
3968.HK,2022-03-03,64.25,65.3,64.25,65.05,6725218
BAC.US,2022-03-03,43.09,43.5,42.21,42.49,48733788
DIS.US,2022-03-03,147.31,148.65,144.45,145.57,8048440
PG.US,2022-03-03,153.77,155.86,153.77,154.36,7451233
0857.HK,2022-03-04,4.19,4.3,4.18,4.28,165062787
2318.HK,2022-03-04,58.45,58.8,57.85,58.05,28972681
2628.HK,2022-03-04,12.7,12.86,12.7,12.82,25925739
2899.HK,2022-03-04,12.18,12.26,11.84,12.06,42241455
3968.HK,2022-03-04,64.05,64.15,63.25,63.75,14848176
BAC.US,2022-03-04,41.43,41.44,40.32,40.95,75615521
DIS.US,2022-03-04,144.01,144.26,139.55,140.72,12925361
PG.US,2022-03-04,153.12,155.35,152.55,155.14,8639712
0857.HK,2022-03-07,4.48,4.49,4.37,4.47,296156368
2318.HK,2022-03-07,57.0,57.25,55.0,55.05,42285899
2628.HK,2022-03-07,12.6,12.64,12.38,12.5,35990129
2899.HK,2022-03-07,12.5,12.86,12.1,12.38,92445324
3968.HK,2022-03-07,62.05,62.4,60.3,61.0,22886863
BAC.US,2022-03-07,39.93,40.11,38.21,38.34,109778958
DIS.US,2022-03-07,140.28,140.89,133.44,133.5,14549670
PG.US,2022-03-07,154.49,154.52,151.14,152.84,8374459
0857.HK,2022-03-08,4.48,4.48,4.29,4.32,210958889
2318.HK,2022-03-08,55.5,56.1,53.55,53.95,35884847
2628.HK,2022-03-08,12.4,12.54,12.14,12.18,52591250
2899.HK,2022-03-08,12.2,12.2,11.38,11.76,58130383
3968.HK,2022-03-08,60.25,61.05,59.15,59.75,16843061
BAC.US,2022-03-08,39.07,39.66,38.17,38.59,76553809
DIS.US,2022-03-08,133.02,135.49,129.29,131.75,16552011
PG.US,2022-03-08,152.18,152.95,146.58,146.79,9517238
0857.HK,2022-03-09,4.3,4.34,4.04,4.17,220126240
2318.HK,2022-03-09,54.3,55.05,52.1,53.35,38150491
2628.HK,2022-03-09,12.3,12.3,11.78,11.86,76104727
2899.HK,2022-03-09,11.76,12.16,11.38,11.66,56904026
3968.HK,2022-03-09,59.5,60.25,57.35,58.7,18800665
BAC.US,2022-03-09,40.31,41.61,40.16,41.04,78207910
DIS.US,2022-03-09,135.49,135.5,133.36,133.65,14673081
PG.US,2022-03-09,148.83,150.47,147.81,148.77,7044122
0857.HK,2022-03-10,4.08,4.09,3.98,4.01,233751108
2318.HK,2022-03-10,55.1,55.8,54.05,55.05,27457662
2628.HK,2022-03-10,12.08,12.16,11.9,12.12,30379339
2899.HK,2022-03-10,11.48,11.7,10.96,11.64,52800857
3968.HK,2022-03-10,60.25,60.5,59.0,60.25,17057044
BAC.US,2022-03-10,40.29,41.48,40.11,40.67,48804380
DIS.US,2022-03-10,132.36,134.2,131.62,133.64,8447238
PG.US,2022-03-10,147.8,148.28,143.94,144.94,9221108
0857.HK,2022-03-11,4.0,4.0,3.81,3.95,174567532
2318.HK,2022-03-11,54.8,55.75,52.85,54.85,34598291
2628.HK,2022-03-11,11.96,12.18,11.82,12.08,35280456
2899.HK,2022-03-11,11.64,11.8,11.18,11.64,31516465
3968.HK,2022-03-11,59.15,59.85,57.3,58.95,21799515
BAC.US,2022-03-11,41.04,41.38,40.29,40.33,43946613
DIS.US,2022-03-11,135.08,136.16,131.57,131.75,7058388
PG.US,2022-03-11,145.4,146.16,143.03,143.22,7086146
0857.HK,2022-03-14,3.87,3.94,3.74,3.79,154958560
2318.HK,2022-03-14,52.85,54.35,52.6,53.05,39426431
2628.HK,2022-03-14,12.0,12.0,11.72,11.8,47475916
2899.HK,2022-03-14,11.6,11.6,10.54,10.74,57460793
3968.HK,2022-03-14,58.95,58.95,55.3,56.05,31394698
BAC.US,2022-03-14,40.9,42.18,40.9,41.2,54262362
DIS.US,2022-03-14,130.98,133.07,128.38,129.03,9971526
PG.US,2022-03-14,144.45,146.04,143.36,145.05,7964794
0857.HK,2022-03-15,3.67,3.69,3.46,3.54,300938967
2318.HK,2022-03-15,51.35,51.6,45.8,46.35,114500513
2628.HK,2022-03-15,11.76,11.76,10.86,11.02,109638207
2899.HK,2022-03-15,10.28,10.32,9.39,9.55,85004603
3968.HK,2022-03-15,54.15,54.5,50.75,52.15,43955334
BAC.US,2022-03-15,41.26,41.78,40.87,41.5,41395327
DIS.US,2022-03-15,129.74,134.56,129.51,134.2,9834809
PG.US,2022-03-15,147.01,150.54,146.89,150.27,9868370
0857.HK,2022-03-16,3.55,3.66,3.47,3.63,197754028
2318.HK,2022-03-16,48.15,50.8,46.35,50.05,74007574
2628.HK,2022-03-16,11.3,11.64,11.02,11.5,76527537
2899.HK,2022-03-16,9.74,10.42,9.53,10.3,50227906
3968.HK,2022-03-16,53.0,56.3,52.2,55.4,35588175
BAC.US,2022-03-16,42.24,43.05,41.92,42.8,59477628
DIS.US,2022-03-16,135.65,138.98,134.94,138.14,10638735
PG.US,2022-03-16,150.63,151.79,148.04,149.76,6908879
0857.HK,2022-03-17,3.68,3.8,3.6,3.79,172378457
2318.HK,2022-03-17,53.8,55.55,52.0,55.3,72683525
2628.HK,2022-03-17,11.88,12.16,11.8,12.14,83649994
2899.HK,2022-03-17,10.7,11.14,10.4,11.14,49967600
3968.HK,2022-03-17,60.0,60.65,58.4,60.6,54438916
BAC.US,2022-03-17,42.41,43.04,41.83,43.03,50260244
DIS.US,2022-03-17,137.44,139.47,136.56,139.47,6816024
PG.US,2022-03-17,149.99,150.47,148.5,150.23,6003952
0857.HK,2022-03-18,3.83,3.94,3.81,3.85,227589331
2318.HK,2022-03-18,54.1,58.15,53.4,57.95,73953352
2628.HK,2022-03-18,11.98,12.58,11.86,12.42,123825271
2899.HK,2022-03-18,11.06,11.32,10.76,11.2,85669677
3968.HK,2022-03-18,60.6,61.65,58.1,61.4,42692387
BAC.US,2022-03-18,42.76,42.93,42.26,42.9,74470561
DIS.US,2022-03-18,139.55,140.73,138.3,140.3,11308777
PG.US,2022-03-18,150.87,150.87,148.24,150.15,15570273
0857.HK,2022-03-21,3.89,3.89,3.78,3.81,119366911
2318.HK,2022-03-21,57.95,57.95,54.25,54.7,49443901
2628.HK,2022-03-21,12.56,12.56,12.04,12.12,28434712
2899.HK,2022-03-21,11.2,11.74,11.0,11.18,51816645
3968.HK,2022-03-21,61.6,61.6,59.25,59.95,19614880
BAC.US,2022-03-21,43.35,43.43,42.51,42.84,47106351
DIS.US,2022-03-21,138.9,139.3,136.88,138.62,9090316
PG.US,2022-03-21,150.44,151.42,149.24,150.72,6937482
0857.HK,2022-03-22,3.87,4.02,3.87,3.99,135260457
2318.HK,2022-03-22,54.65,56.5,54.35,55.9,37614721
2628.HK,2022-03-22,12.24,12.28,11.94,12.18,41845665
2899.HK,2022-03-22,11.34,11.74,11.18,11.7,47191242
3968.HK,2022-03-22,60.25,61.25,60.0,61.25,11976087
BAC.US,2022-03-22,43.82,44.63,43.7,44.18,52360577
DIS.US,2022-03-22,139.06,142.19,138.9,140.11,8511566
PG.US,2022-03-22,153.43,153.6,150.52,151.88,7292080
0857.HK,2022-03-23,3.97,3.99,3.9,3.93,110962080
2318.HK,2022-03-23,56.0,56.95,55.35,56.7,30629848
2628.HK,2022-03-23,12.18,12.4,12.1,12.32,30514879
2899.HK,2022-03-23,11.72,11.86,11.6,11.82,36201619
3968.HK,2022-03-23,61.25,61.55,60.45,61.45,15641121
BAC.US,2022-03-23,43.72,44.01,43.03,43.09,48539323
DIS.US,2022-03-23,139.07,139.76,137.54,137.64,8761269
PG.US,2022-03-23,152.2,153.01,150.69,150.82,5531995
0857.HK,2022-03-24,3.99,4.08,3.96,4.0,118817651
2318.HK,2022-03-24,56.2,57.6,55.9,56.85,19302204
2628.HK,2022-03-24,12.32,12.34,12.14,12.26,25566016
2899.HK,2022-03-24,11.8,12.38,11.8,12.26,71030448
3968.HK,2022-03-24,61.1,61.55,60.4,61.45,8555243
BAC.US,2022-03-24,43.38,43.43,42.89,43.07,30360801
DIS.US,2022-03-24,138.58,139.27,137.41,138.96,5858789
PG.US,2022-03-24,150.89,151.56,150.16,151.08,4203133
0857.HK,2022-03-25,3.93,4.08,3.92,4.02,74441418
2318.HK,2022-03-25,56.2,57.4,55.1,55.45,22571776
2628.HK,2022-03-25,12.2,12.2,11.92,11.98,60301127
2899.HK,2022-03-25,12.14,12.4,12.04,12.22,36205236
3968.HK,2022-03-25,60.5,61.5,59.8,60.1,9657557
BAC.US,2022-03-25,43.48,44.26,43.33,43.73,38968128
DIS.US,2022-03-25,139.28,140.38,138.12,139.14,5952130
PG.US,2022-03-25,151.63,153.92,151.51,152.83,5047710
0857.HK,2022-03-28,4.08,4.15,4.03,4.11,107909793
2318.HK,2022-03-28,55.0,56.1,54.1,55.4,20427980
2628.HK,2022-03-28,11.98,12.02,11.68,11.92,25808467
2899.HK,2022-03-28,12.3,12.32,11.84,12.26,25264591
3968.HK,2022-03-28,60.4,60.4,58.95,59.95,11153521
BAC.US,2022-03-28,43.71,43.75,42.83,43.55,37428599
DIS.US,2022-03-28,138.88,139.63,136.28,138.72,8456087
PG.US,2022-03-28,153.64,153.9,152.63,153.88,4234012
0857.HK,2022-03-29,4.07,4.15,4.03,4.13,72924394
2318.HK,2022-03-29,55.75,55.85,54.65,55.45,12596203
2628.HK,2022-03-29,11.84,11.94,11.7,11.82,30919699
2899.HK,2022-03-29,12.18,12.54,12.14,12.4,44597257
3968.HK,2022-03-29,59.9,60.25,59.35,60.1,8739655
BAC.US,2022-03-29,44.25,44.39,43.11,43.44,46355825
DIS.US,2022-03-29,140.96,144.46,140.96,142.38,11280683
PG.US,2022-03-29,155.37,156.47,154.02,155.46,5643428
0857.HK,2022-03-30,4.09,4.14,4.06,4.12,112443714
2318.HK,2022-03-30,55.0,56.75,55.0,56.4,24284905
2628.HK,2022-03-30,11.88,12.16,11.88,12.06,35358598
2899.HK,2022-03-30,12.48,12.48,11.98,12.1,37057593
3968.HK,2022-03-30,60.45,61.4,60.15,61.05,13773362
BAC.US,2022-03-30,43.44,43.65,42.75,43.0,36601763
DIS.US,2022-03-30,141.31,143.27,140.08,140.96,7922426
PG.US,2022-03-30,152.5,154.43,151.94,154.39,5779503
0857.HK,2022-03-31,4.06,4.14,4.03,4.06,92027397
2318.HK,2022-03-31,56.4,56.55,55.3,55.65,20646612
2628.HK,2022-03-31,12.02,12.2,11.94,12.04,19339116
2899.HK,2022-03-31,12.32,12.38,12.02,12.06,24135340
3968.HK,2022-03-31,60.95,61.85,60.7,61.55,11399553
BAC.US,2022-03-31,42.84,42.89,41.2,41.22,67902492
DIS.US,2022-03-31,140.14,140.88,137.11,137.16,12306461
PG.US,2022-03-31,154.1,154.34,152.4,152.8,7538629
0857.HK,2022-04-01,3.95,4.0,3.89,3.99,143022672
2318.HK,2022-04-01,55.25,56.5,55.2,56.5,18243494
2628.HK,2022-04-01,11.98,12.18,11.84,12.16,20981324
2899.HK,2022-04-01,12.24,12.5,12.1,12.48,31176050
3968.HK,2022-04-01,61.8,61.95,60.85,61.8,12732568
BAC.US,2022-04-01,41.69,41.74,40.35,40.9,61929179
DIS.US,2022-04-01,137.34,138.1,135.53,137.0,10341044
PG.US,2022-04-01,153.52,155.46,152.06,155.09,5742629
0857.HK,2022-04-04,3.99,4.09,3.97,4.05,97892470
2318.HK,2022-04-04,56.95,59.3,56.15,59.25,37866551
2628.HK,2022-04-04,12.16,12.48,12.06,12.44,27857645
2899.HK,2022-04-04,12.5,13.08,12.5,12.8,23361500
3968.HK,2022-04-04,62.2,62.8,60.9,62.65,7663706
BAC.US,2022-04-04,40.48,41.14,40.16,40.83,53789438
DIS.US,2022-04-04,136.97,139.26,136.89,138.58,8182004
PG.US,2022-04-04,153.81,154.35,151.26,154.08,5992017
BAC.US,2022-04-05,40.44,40.76,40.04,40.14,51781682
DIS.US,2022-04-05,137.74,139.2,135.13,135.62,8694095
PG.US,2022-04-05,153.61,157.37,153.54,154.62,7653018
0857.HK,2022-04-06,4.0,4.21,4.0,4.13,156273833
2318.HK,2022-04-06,58.55,59.65,57.75,58.45,34879600
2628.HK,2022-04-06,12.34,12.34,12.12,12.24,30798641
2899.HK,2022-04-06,12.72,12.72,12.34,12.56,46672087
3968.HK,2022-04-06,62.25,62.7,61.6,62.05,11943189
BAC.US,2022-04-06,39.74,40.01,39.35,39.7,54159784
DIS.US,2022-04-06,133.75,133.93,130.81,132.57,11679732
PG.US,2022-04-06,154.42,157.29,153.94,156.83,8884737
0857.HK,2022-04-07,4.15,4.16,4.07,4.08,76207188
2318.HK,2022-04-07,57.9,58.5,56.8,57.3,15741981
2628.HK,2022-04-07,12.14,12.24,12.02,12.08,23076561
2899.HK,2022-04-07,12.32,12.6,12.32,12.5,29467966
3968.HK,2022-04-07,61.95,62.35,60.75,61.3,10676525
BAC.US,2022-04-07,39.89,39.98,38.85,39.39,54585008
DIS.US,2022-04-07,133.01,133.21,130.02,131.87,9858728
PG.US,2022-04-07,157.87,159.39,156.97,158.86,6889726
0857.HK,2022-04-08,4.08,4.13,4.05,4.09,78026089
2318.HK,2022-04-08,57.3,59.2,57.3,59.0,21789977
2628.HK,2022-04-08,12.04,12.28,12.04,12.26,17914416
2899.HK,2022-04-08,12.52,13.0,12.52,13.0,34523596
3968.HK,2022-04-08,60.55,61.75,60.55,61.6,11256015
BAC.US,2022-04-08,39.49,40.1,39.32,39.67,41018857
DIS.US,2022-04-08,132.0,133.12,130.63,131.87,6701966
PG.US,2022-04-08,159.7,160.53,158.92,160.1,6045430
0857.HK,2022-04-11,4.09,4.1,4.0,4.02,76383208
2318.HK,2022-04-11,58.9,58.9,55.35,55.75,27848101
2628.HK,2022-04-11,12.22,12.22,11.92,12.0,27699472
2899.HK,2022-04-11,13.2,13.28,12.56,12.68,27020841
3968.HK,2022-04-11,60.8,60.85,58.45,58.75,18004712
BAC.US,2022-04-11,39.48,40.4,39.39,39.59,34198718
DIS.US,2022-04-11,130.04,132.43,130.04,130.65,9915280
PG.US,2022-04-11,159.95,161.21,158.63,159.49,6158360
0857.HK,2022-04-12,4.0,4.02,3.9,3.95,103917951
2318.HK,2022-04-12,55.6,56.25,54.6,55.45,21404986
2628.HK,2022-04-12,12.04,12.08,11.88,12.0,22528845
2899.HK,2022-04-12,12.84,12.84,12.32,12.68,33836631
3968.HK,2022-04-12,58.8,59.9,58.25,58.7,16894822
BAC.US,2022-04-12,39.57,40.08,38.85,39.17,42855311
DIS.US,2022-04-12,131.81,133.21,130.15,130.84,7885640
PG.US,2022-04-12,159.31,160.63,158.7,159.01,7221479
0857.HK,2022-04-13,4.0,4.09,3.99,4.03,71560768
2318.HK,2022-04-13,55.35,55.85,54.75,55.3,17441683
2628.HK,2022-04-13,11.96,12.1,11.92,12.08,9919224
2899.HK,2022-04-13,12.78,13.86,12.62,13.7,102717278
3968.HK,2022-04-13,58.65,59.25,58.05,58.65,15840687
BAC.US,2022-04-13,38.5,39.01,38.36,38.82,45484230
DIS.US,2022-04-13,131.05,132.89,130.75,132.35,7694467
PG.US,2022-04-13,159.08,160.41,158.71,159.46,5247722
0857.HK,2022-04-14,4.09,4.14,4.07,4.08,69492160
2318.HK,2022-04-14,55.85,57.7,55.3,57.3,23274761
2628.HK,2022-04-14,12.08,12.28,12.06,12.16,15980117
2899.HK,2022-04-14,14.0,14.18,13.7,13.88,44949658
3968.HK,2022-04-14,59.4,60.15,59.2,59.75,9977874
BAC.US,2022-04-14,38.49,38.97,37.42,37.57,79032031
DIS.US,2022-04-14,132.81,133.59,130.35,130.47,7283466
PG.US,2022-04-14,159.98,160.3,158.45,158.57,7806452
BAC.US,2022-04-18,37.42,39.31,37.22,38.85,80080290
DIS.US,2022-04-18,130.07,130.22,126.82,127.77,10571011
PG.US,2022-04-18,158.48,158.98,156.53,157.06,6034506
0857.HK,2022-04-19,4.09,4.18,4.07,4.12,91164111
2318.HK,2022-04-19,55.55,55.95,54.2,54.95,28497005
2628.HK,2022-04-19,12.06,12.08,11.88,11.98,13607431
2899.HK,2022-04-19,13.9,13.9,13.14,13.56,60091438
3968.HK,2022-04-19,53.7,54.45,52.3,52.9,114088409
BAC.US,2022-04-19,39.21,39.88,39.11,39.57,53714213
DIS.US,2022-04-19,128.09,133.19,127.79,131.9,12767220
PG.US,2022-04-19,156.77,160.03,156.3,159.41,7897048
0857.HK,2022-04-20,4.01,4.09,3.98,4.0,93136408
2318.HK,2022-04-20,54.5,54.9,53.1,53.4,32504875
2628.HK,2022-04-20,11.94,12.04,11.9,11.94,14859603
2899.HK,2022-04-20,13.4,13.4,12.42,12.48,49974631
3968.HK,2022-04-20,51.95,52.15,50.2,50.3,72835605
BAC.US,2022-04-20,40.15,40.37,39.61,39.66,47064325
DIS.US,2022-04-20,126.05,127.35,124.11,124.57,36465676
PG.US,2022-04-20,160.5,164.48,160.0,163.65,10196125
0857.HK,2022-04-21,4.0,4.06,3.91,3.94,86501358
2318.HK,2022-04-21,52.9,54.15,52.85,53.65,17668306
2628.HK,2022-04-21,11.94,12.04,11.84,11.92,20379965
2899.HK,2022-04-21,12.3,12.58,11.8,12.22,37641714
3968.HK,2022-04-21,49.5,52.65,49.5,50.8,58755628
BAC.US,2022-04-21,40.0,40.21,38.62,38.91,46245947
DIS.US,2022-04-21,125.54,126.45,121.28,121.66,18688636
PG.US,2022-04-21,163.82,164.9,162.43,162.61,9365701
0857.HK,2022-04-22,3.89,3.93,3.85,3.91,99442976
2318.HK,2022-04-22,52.5,53.65,52.2,52.65,26110964
2628.HK,2022-04-22,11.8,11.98,11.7,11.94,15512116
2899.HK,2022-04-22,11.9,12.4,11.72,12.36,43578799
3968.HK,2022-04-22,49.55,52.3,49.55,52.05,43382657
BAC.US,2022-04-22,38.81,38.85,37.5,37.56,50409832
DIS.US,2022-04-22,120.01,121.89,118.15,118.27,19472838
PG.US,2022-04-22,163.24,163.52,160.91,161.25,9394646
0857.HK,2022-04-25,3.8,3.84,3.71,3.74,125838414
2318.HK,2022-04-25,52.45,52.45,49.95,50.6,42882174
2628.HK,2022-04-25,11.78,11.78,11.36,11.44,43116564
2899.HK,2022-04-25,11.86,11.9,11.28,11.36,37069475
3968.HK,2022-04-25,49.4,49.4,46.15,46.7,100177318
BAC.US,2022-04-25,36.89,37.4,35.93,37.29,64301121
DIS.US,2022-04-25,117.66,120.33,116.75,119.95,16490965
PG.US,2022-04-25,161.7,163.29,159.8,162.55,6986760
0857.HK,2022-04-26,3.74,3.75,3.63,3.69,116353783
2318.HK,2022-04-26,50.6,50.9,48.95,49.35,33256704
2628.HK,2022-04-26,11.5,11.5,11.06,11.12,40883551
2899.HK,2022-04-26,11.42,11.46,10.6,10.84,62070250
3968.HK,2022-04-26,45.75,46.55,44.6,44.7,78347519
BAC.US,2022-04-26,36.88,37.54,36.42,36.45,44809898
DIS.US,2022-04-26,119.15,119.15,115.64,115.77,16116022
PG.US,2022-04-26,162.68,163.64,159.75,159.79,7769465
0857.HK,2022-04-27,3.73,3.78,3.67,3.73,103444819
2318.HK,2022-04-27,48.0,49.25,47.55,48.95,32668945
2628.HK,2022-04-27,11.0,11.2,11.0,11.1,19606829
2899.HK,2022-04-27,10.6,11.6,10.6,11.46,42717762
3968.HK,2022-04-27,43.3,45.2,43.3,44.4,81370523
BAC.US,2022-04-27,36.27,36.91,36.18,36.25,39824871
DIS.US,2022-04-27,115.43,116.9,113.39,115.21,15553005
PG.US,2022-04-27,160.21,161.45,159.11,159.36,6754947
0857.HK,2022-04-28,3.78,3.82,3.72,3.77,146679853
2318.HK,2022-04-28,49.05,50.05,48.4,49.95,27549387
2628.HK,2022-04-28,11.1,11.34,11.0,11.26,25205477
2899.HK,2022-04-28,11.7,11.7,11.24,11.46,40779977
3968.HK,2022-04-28,45.25,47.8,44.35,46.95,37450746
BAC.US,2022-04-28,36.73,36.95,36.16,36.81,39567841
DIS.US,2022-04-28,115.22,116.0,112.69,115.29,23192139
PG.US,2022-04-28,160.54,163.71,159.27,163.41,9308388
0857.HK,2022-04-29,3.85,3.85,3.71,3.8,219449656
2318.HK,2022-04-29,49.8,51.65,48.9,51.4,31098398
2628.HK,2022-04-29,11.14,11.56,11.1,11.52,28069781
2899.HK,2022-04-29,11.46,11.76,11.34,11.7,27601957
3968.HK,2022-04-29,46.45,47.9,45.9,47.9,23971898
BAC.US,2022-04-29,36.75,37.13,35.54,35.68,47420201
DIS.US,2022-04-29,115.2,115.99,111.36,111.63,16907020
PG.US,2022-04-29,162.47,162.95,160.2,160.55,10637046
BAC.US,2022-05-02,36.03,36.28,35.4,36.14,46652228
DIS.US,2022-05-02,111.71,113.66,111.01,113.5,14300708
PG.US,2022-05-02,161.6,162.0,156.19,158.38,10351637
0857.HK,2022-05-03,3.82,3.91,3.78,3.85,103897547
2318.HK,2022-05-03,51.4,52.85,50.9,52.15,17571056
2628.HK,2022-05-03,11.38,11.66,11.36,11.58,10744824
2899.HK,2022-05-03,11.3,11.38,10.82,11.1,36042641
3968.HK,2022-05-03,46.4,47.55,46.1,47.2,14926858
BAC.US,2022-05-03,36.34,37.63,36.33,37.13,48926008
DIS.US,2022-05-03,114.05,114.83,112.69,113.55,11149544
PG.US,2022-05-03,158.22,158.99,155.01,156.21,10344012
0857.HK,2022-05-04,3.86,3.92,3.86,3.92,72492811
2318.HK,2022-05-04,51.95,52.05,51.1,51.3,10507968
2628.HK,2022-05-04,11.58,11.66,11.52,11.6,10753852
2899.HK,2022-05-04,11.08,11.32,10.92,11.08,13469849
3968.HK,2022-05-04,47.75,47.9,47.05,47.3,10703749
BAC.US,2022-05-04,37.37,38.75,37.29,38.62,57860341
DIS.US,2022-05-04,113.37,116.44,111.83,116.19,11488272
PG.US,2022-05-04,155.83,157.55,155.15,157.36,7770988
0857.HK,2022-05-05,4.01,4.03,3.97,4.0,126537565
2318.HK,2022-05-05,51.35,52.1,50.95,51.0,13403007
2628.HK,2022-05-05,11.64,11.76,11.54,11.56,14851819
2899.HK,2022-05-05,11.4,11.62,11.12,11.36,32486470
3968.HK,2022-05-05,47.45,48.4,46.5,46.7,18192319
BAC.US,2022-05-05,38.05,38.21,36.87,37.54,48860647
DIS.US,2022-05-05,114.74,115.27,111.48,112.61,12720190
PG.US,2022-05-05,156.3,157.3,153.14,154.46,8217145
0857.HK,2022-05-06,3.94,4.02,3.91,3.95,68700510
2318.HK,2022-05-06,50.15,50.3,48.65,48.65,21618000
2628.HK,2022-05-06,11.38,11.44,11.24,11.28,16617692
2899.HK,2022-05-06,10.84,10.9,10.48,10.54,37217681
3968.HK,2022-05-06,45.8,45.8,43.8,44.05,36252699
BAC.US,2022-05-06,37.37,37.62,36.61,37.45,50440080
DIS.US,2022-05-06,111.77,112.09,108.3,110.29,12525166
PG.US,2022-05-06,154.77,156.24,153.87,156.0,7304756
BAC.US,2022-05-09,36.87,37.06,36.06,36.37,51241970
DIS.US,2022-05-09,108.11,110.74,106.48,106.98,17941596
PG.US,2022-05-09,153.96,156.76,152.75,155.61,8540760
0857.HK,2022-05-10,3.71,3.8,3.7,3.78,159688937
2318.HK,2022-05-10,47.05,48.5,47.0,48.0,27514694
2628.HK,2022-05-10,11.14,11.28,11.02,11.2,17270508
2899.HK,2022-05-10,9.64,9.96,9.53,9.89,81280639
3968.HK,2022-05-10,42.1,43.15,40.6,42.45,44876098
BAC.US,2022-05-10,36.75,37.13,35.18,35.76,60235259
DIS.US,2022-05-10,109.84,110.7,106.14,107.68,15657721
PG.US,2022-05-10,155.55,156.62,153.94,154.79,7447352
0857.HK,2022-05-11,3.73,3.75,3.72,3.73,98627177
2318.HK,2022-05-11,47.6,48.25,47.3,47.55,28119896
2628.HK,2022-05-11,11.2,11.28,11.1,11.2,14462593
2899.HK,2022-05-11,9.99,10.32,9.61,9.99,58874225
3968.HK,2022-05-11,42.2,43.15,41.55,42.2,42500092
BAC.US,2022-05-11,35.9,36.92,35.51,35.57,54969264
DIS.US,2022-05-11,107.9,110.07,104.79,105.21,26933332
PG.US,2022-05-11,154.03,155.9,152.35,152.61,7692196
0857.HK,2022-05-12,3.77,3.83,3.68,3.71,78142953
2318.HK,2022-05-12,46.8,47.7,46.0,46.3,31490164
2628.HK,2022-05-12,11.1,11.28,11.08,11.14,14418859
2899.HK,2022-05-12,9.65,9.94,9.53,9.6,35749449
3968.HK,2022-05-12,41.2,42.3,41.2,41.6,17523642
BAC.US,2022-05-12,35.01,35.43,34.26,35.07,61231467
DIS.US,2022-05-12,102.9,105.0,99.47,104.31,36298829
PG.US,2022-05-12,153.52,153.61,149.88,151.99,9600841
0857.HK,2022-05-13,3.74,3.77,3.71,3.75,65552206
2318.HK,2022-05-13,46.55,47.35,46.0,46.75,31414465
2628.HK,2022-05-13,11.12,11.26,11.08,11.2,18814383
2899.HK,2022-05-13,9.5,9.72,9.45,9.66,29229068
3968.HK,2022-05-13,41.5,42.9,41.5,42.6,19767911
BAC.US,2022-05-13,35.53,35.73,34.76,35.17,49117857
DIS.US,2022-05-13,105.36,107.69,105.31,107.33,16782625
PG.US,2022-05-13,152.58,153.73,150.42,153.62,5675512
0857.HK,2022-05-16,3.8,3.82,3.68,3.71,79794877
2318.HK,2022-05-16,47.0,47.25,45.85,46.55,27875359
2628.HK,2022-05-16,11.2,11.26,11.0,11.06,20222674
2899.HK,2022-05-16,9.74,9.86,9.6,9.76,15706581
3968.HK,2022-05-16,42.55,43.65,42.1,43.1,21444178
BAC.US,2022-05-16,35.0,35.17,34.41,34.81,39076463
DIS.US,2022-05-16,107.46,107.62,104.85,105.18,11993642
PG.US,2022-05-16,153.47,155.9,152.03,155.12,5970990
0857.HK,2022-05-17,3.77,3.84,3.74,3.82,96248148
2318.HK,2022-05-17,47.05,48.5,46.7,48.45,30737702
2628.HK,2022-05-17,11.18,11.38,11.1,11.38,20904947
2899.HK,2022-05-17,9.89,10.48,9.86,10.44,40664069
3968.HK,2022-05-17,43.8,46.5,43.8,46.35,51737747
BAC.US,2022-05-17,35.62,36.22,35.43,35.99,42635615
DIS.US,2022-05-17,107.73,108.79,106.3,108.64,11847643
PG.US,2022-05-17,155.13,156.75,153.07,154.68,6509118
0857.HK,2022-05-18,3.81,3.88,3.78,3.84,69077933
2318.HK,2022-05-18,48.95,48.95,47.9,48.4,17484174
2628.HK,2022-05-18,11.3,11.42,11.26,11.36,10551776
2899.HK,2022-05-18,10.5,10.5,10.12,10.28,27639729
3968.HK,2022-05-18,47.9,47.9,45.8,47.15,44609092
BAC.US,2022-05-18,35.62,35.69,34.61,34.88,47396915
DIS.US,2022-05-18,107.38,107.66,103.88,104.3,11793977
PG.US,2022-05-18,154.67,154.76,144.55,145.04,9670680
0857.HK,2022-05-19,3.77,3.84,3.76,3.83,49362919
2318.HK,2022-05-19,47.5,47.7,46.75,47.0,25884469
2628.HK,2022-05-19,11.2,11.42,11.2,11.32,15032166
2899.HK,2022-05-19,9.81,10.04,9.76,9.96,19499970
3968.HK,2022-05-19,46.0,46.25,45.2,45.75,26391299
BAC.US,2022-05-19,34.29,34.84,34.25,34.45,47002714
DIS.US,2022-05-19,103.43,105.3,102.96,103.14,11284951
PG.US,2022-05-19,143.41,143.42,140.6,141.7,9694141
0857.HK,2022-05-20,3.85,3.94,3.85,3.91,101943872
2318.HK,2022-05-20,47.3,48.6,47.3,48.5,26017118
2628.HK,2022-05-20,11.38,11.64,11.38,11.56,17603066
2899.HK,2022-05-20,10.2,10.48,10.12,10.36,24479226
3968.HK,2022-05-20,47.4,49.2,47.2,49.1,51860405
BAC.US,2022-05-20,34.8,34.98,32.96,33.86,62406548
DIS.US,2022-05-20,104.49,104.8,100.05,102.42,15650431
PG.US,2022-05-20,142.15,142.45,139.18,141.79,7786869
0857.HK,2022-05-23,3.93,3.97,3.9,3.94,66038379
2318.HK,2022-05-23,48.05,48.35,47.15,47.7,21587137
2628.HK,2022-05-23,11.56,11.64,11.44,11.56,11137910
2899.HK,2022-05-23,10.38,10.44,10.2,10.3,16856789
3968.HK,2022-05-23,49.15,49.3,48.05,48.6,27609339
BAC.US,2022-05-23,34.76,36.26,34.66,35.87,69081852
DIS.US,2022-05-23,103.76,106.03,101.56,105.83,14402432
PG.US,2022-05-23,142.84,145.63,142.08,145.05,7134483
0857.HK,2022-05-24,3.94,3.98,3.9,3.94,72302856
2318.HK,2022-05-24,47.65,48.3,46.75,47.0,19290687
2628.HK,2022-05-24,11.6,11.74,11.44,11.5,12478546
2899.HK,2022-05-24,10.34,10.46,9.96,10.06,22770832
3968.HK,2022-05-24,48.45,49.05,47.5,47.85,18625114
BAC.US,2022-05-24,35.47,35.96,34.96,35.65,46146669
DIS.US,2022-05-24,103.71,103.84,100.13,101.59,13970239
PG.US,2022-05-24,144.89,147.94,144.82,147.63,7207400
0857.HK,2022-05-25,3.98,4.04,3.95,4.02,75795257
2318.HK,2022-05-25,46.95,47.45,46.55,46.85,23314654
2628.HK,2022-05-25,11.56,11.56,11.36,11.46,16523603
2899.HK,2022-05-25,10.06,10.32,10.06,10.14,16378303
3968.HK,2022-05-25,47.55,48.35,47.35,47.5,16195794
BAC.US,2022-05-25,35.5,36.27,35.29,35.84,49343427
DIS.US,2022-05-25,101.43,103.81,101.16,103.26,11026597
PG.US,2022-05-25,147.11,147.14,143.5,145.21,8217750
0857.HK,2022-05-26,4.04,4.05,3.97,4.04,82131041
2318.HK,2022-05-26,46.85,47.2,46.2,46.6,22005787
2628.HK,2022-05-26,11.44,11.52,11.34,11.5,10572481
2899.HK,2022-05-26,10.3,10.3,9.98,10.2,17376278
3968.HK,2022-05-26,47.85,47.95,46.15,46.95,15713279
BAC.US,2022-05-26,36.5,36.84,36.34,36.67,60201240
DIS.US,2022-05-26,104.22,106.13,103.96,105.61,11297797
PG.US,2022-05-26,146.48,147.38,145.04,146.48,5702555
0857.HK,2022-05-27,4.08,4.19,4.08,4.13,135622053
2318.HK,2022-05-27,47.4,48.4,47.35,48.4,28697404
2628.HK,2022-05-27,11.68,11.78,11.6,11.74,28896713
2899.HK,2022-05-27,10.3,10.34,10.1,10.3,24509788
3968.HK,2022-05-27,47.5,48.4,47.3,48.1,22429387
BAC.US,2022-05-27,36.89,37.05,36.58,37.02,43365604
DIS.US,2022-05-27,106.89,109.37,106.53,109.32,13671313
PG.US,2022-05-27,146.97,148.72,146.63,148.72,6028846
0857.HK,2022-05-30,4.16,4.19,4.11,4.12,69121977
2318.HK,2022-05-30,49.1,49.75,48.75,49.5,32347314
2628.HK,2022-05-30,11.9,12.1,11.8,11.92,32955861
2899.HK,2022-05-30,10.5,10.56,10.28,10.38,18082393
3968.HK,2022-05-30,48.5,48.8,47.95,48.45,17080644
0857.HK,2022-05-31,4.12,4.21,4.12,4.21,164639437
2318.HK,2022-05-31,49.65,50.3,49.2,50.3,120325146
2628.HK,2022-05-31,11.86,12.04,11.86,12.04,26855049
2899.HK,2022-05-31,10.4,10.66,10.26,10.66,47489846
3968.HK,2022-05-31,48.8,50.0,48.25,50.0,38690273
BAC.US,2022-05-31,36.82,37.53,36.61,37.2,71609155
DIS.US,2022-05-31,110.0,111.24,107.91,110.44,20274632
PG.US,2022-05-31,147.29,148.99,146.16,147.88,12416917
0857.HK,2022-06-01,4.17,4.19,4.12,4.18,110579874
2318.HK,2022-06-01,48.1,48.55,47.7,48.05,33642838
2628.HK,2022-06-01,12.04,12.08,11.94,12.04,12377007
2899.HK,2022-06-01,10.66,10.66,10.1,10.34,29072337
3968.HK,2022-06-01,49.9,49.9,48.9,49.5,21740876
BAC.US,2022-06-01,37.46,37.47,36.17,36.67,35237941
DIS.US,2022-06-01,112.01,112.85,108.27,109.19,11829744
PG.US,2022-06-01,148.0,148.12,144.71,145.64,7036042
0857.HK,2022-06-02,4.14,4.15,4.08,4.15,73406975
2318.HK,2022-06-02,47.65,47.65,46.7,47.0,27835393
2628.HK,2022-06-02,11.94,11.98,11.84,11.96,14327956
2899.HK,2022-06-02,10.22,10.4,10.1,10.34,27730000
3968.HK,2022-06-02,48.55,48.95,48.15,48.75,12286509
BAC.US,2022-06-02,36.41,36.71,36.07,36.7,35341881
DIS.US,2022-06-02,109.43,110.95,107.91,110.87,8829877
PG.US,2022-06-02,145.97,147.26,142.63,147.21,6480034
BAC.US,2022-06-03,36.48,36.68,36.13,36.19,25235197
DIS.US,2022-06-03,109.17,109.85,107.92,108.67,6767601
PG.US,2022-06-03,146.36,147.21,145.12,145.89,4720680
0857.HK,2022-06-06,4.25,4.25,4.15,4.19,103647047
2318.HK,2022-06-06,47.3,48.7,46.35,48.65,24462022
2628.HK,2022-06-06,11.98,12.28,11.8,12.22,23362356
2899.HK,2022-06-06,10.58,11.0,10.5,11.0,38980745
3968.HK,2022-06-06,48.55,49.15,47.7,49.0,13662651
BAC.US,2022-06-06,36.7,37.21,36.1,36.15,40394048
DIS.US,2022-06-06,109.75,110.19,107.65,107.83,7575890
PG.US,2022-06-06,147.37,147.64,144.59,145.32,4751096
0857.HK,2022-06-07,4.2,4.25,4.14,4.23,74646562
2318.HK,2022-06-07,48.7,48.7,47.6,48.15,23482802
2628.HK,2022-06-07,12.2,12.28,12.08,12.24,15951097
2899.HK,2022-06-07,11.08,11.08,10.76,10.84,19209051
3968.HK,2022-06-07,48.65,49.15,48.3,48.85,10898732
BAC.US,2022-06-07,35.9,36.41,35.74,36.35,29152216
DIS.US,2022-06-07,106.79,107.92,106.0,107.79,7279062
PG.US,2022-06-07,143.67,147.18,143.43,146.94,4918620
0857.HK,2022-06-08,4.31,4.34,4.25,4.33,127106932
2318.HK,2022-06-08,48.25,49.4,48.0,49.35,29382849
2628.HK,2022-06-08,12.38,12.38,12.16,12.3,15900083
2899.HK,2022-06-08,11.0,11.04,10.78,11.0,24999537
3968.HK,2022-06-08,49.0,49.65,48.4,49.6,21691555
BAC.US,2022-06-08,35.92,36.11,35.52,35.89,33590631
DIS.US,2022-06-08,107.43,109.36,106.96,107.34,7019489
PG.US,2022-06-08,146.3,146.43,144.99,145.11,4369642
0857.HK,2022-06-09,4.35,4.43,4.32,4.36,97220082
2318.HK,2022-06-09,49.35,49.85,48.7,48.8,25166241
2628.HK,2022-06-09,12.2,12.38,12.14,12.18,17030754
2899.HK,2022-06-09,11.0,11.04,10.78,10.84,14902006
3968.HK,2022-06-09,49.45,50.6,49.1,49.75,21508866
BAC.US,2022-06-09,35.74,35.84,34.5,34.51,49464073
DIS.US,2022-06-09,106.53,107.06,103.25,103.3,8271206
PG.US,2022-06-09,145.41,146.89,142.34,142.49,4626787
0857.HK,2022-06-10,4.27,4.35,4.25,4.31,89040563
2318.HK,2022-06-10,48.9,48.9,47.9,48.45,24012244
2628.HK,2022-06-10,12.0,12.32,12.0,12.26,22860301
2899.HK,2022-06-10,10.7,10.78,10.5,10.72,24908376
3968.HK,2022-06-10,49.05,49.5,48.3,48.9,19891669
BAC.US,2022-06-10,33.68,34.04,33.02,33.17,49346170
DIS.US,2022-06-10,101.43,102.12,99.38,99.4,15386009
PG.US,2022-06-10,140.89,143.15,139.45,141.95,6632052
0857.HK,2022-06-13,4.21,4.32,4.2,4.31,93953641
2318.HK,2022-06-13,47.3,47.45,46.7,46.75,29281957
2628.HK,2022-06-13,11.88,12.06,11.86,11.96,25011741
2899.HK,2022-06-13,10.66,10.68,10.46,10.58,17085858
3968.HK,2022-06-13,47.05,47.8,46.6,47.1,21993315
BAC.US,2022-06-13,32.39,32.77,31.74,32.02,61216575
DIS.US,2022-06-13,97.61,97.61,94.83,95.71,15239650
PG.US,2022-06-13,139.5,140.49,137.63,138.15,8549451
0857.HK,2022-06-14,4.27,4.36,4.22,4.32,130992144
2318.HK,2022-06-14,46.1,47.6,45.8,46.8,28682151
2628.HK,2022-06-14,11.96,12.08,11.8,12.0,15932158
2899.HK,2022-06-14,10.46,10.54,10.2,10.42,25425460
3968.HK,2022-06-14,46.15,47.55,45.85,46.95,16444279
BAC.US,2022-06-14,31.92,32.6,31.23,31.46,49349754
DIS.US,2022-06-14,96.27,96.27,93.1,94.22,12443662
PG.US,2022-06-14,137.51,137.58,132.54,133.84,9980162
0857.HK,2022-06-15,4.3,4.32,4.21,4.24,84058882
2318.HK,2022-06-15,46.5,51.3,46.5,50.55,67626944
2628.HK,2022-06-15,11.92,12.84,11.92,12.64,91165144
2899.HK,2022-06-15,10.42,10.62,10.4,10.48,18549729
3968.HK,2022-06-15,46.75,49.35,46.75,48.8,21706180
BAC.US,2022-06-15,31.98,32.49,31.42,32.05,51540135
DIS.US,2022-06-15,94.61,97.3,94.09,95.88,11751580
PG.US,2022-06-15,134.44,134.9,129.5,132.51,12178070
0857.HK,2022-06-16,4.2,4.22,4.06,4.09,108151784
2318.HK,2022-06-16,51.1,52.0,48.8,49.45,36613694
2628.HK,2022-06-16,12.7,12.78,12.3,12.4,29885136
2899.HK,2022-06-16,10.6,10.6,10.2,10.3,15065427
3968.HK,2022-06-16,49.35,49.5,47.6,48.15,13404147
BAC.US,2022-06-16,31.5,32.0,30.86,31.85,61363408
DIS.US,2022-06-16,94.01,95.38,93.41,94.28,15298482
PG.US,2022-06-16,131.03,135.07,130.6,133.32,9683288
0857.HK,2022-06-17,4.0,4.05,3.98,3.98,184945538
2318.HK,2022-06-17,49.45,51.2,49.3,50.65,32822941
2628.HK,2022-06-17,12.4,12.78,12.34,12.66,39790795
2899.HK,2022-06-17,10.3,10.46,10.1,10.36,40186038
3968.HK,2022-06-17,48.35,48.75,47.7,48.25,15433464
BAC.US,2022-06-17,32.03,32.58,31.64,31.92,80470252
DIS.US,2022-06-17,94.01,95.97,93.47,94.34,15403769
PG.US,2022-06-17,132.56,134.26,131.43,132.36,17113329
0857.HK,2022-06-20,3.79,3.81,3.72,3.8,142054682
2318.HK,2022-06-20,50.3,51.2,49.65,51.15,29994727
2628.HK,2022-06-20,12.56,12.76,12.46,12.68,17696648
2899.HK,2022-06-20,10.22,10.24,9.77,9.91,35000920
3968.HK,2022-06-20,48.35,48.9,48.0,48.75,9868034
0857.HK,2022-06-21,3.82,3.87,3.81,3.85,58696582
2318.HK,2022-06-21,51.75,53.5,51.2,52.55,37427985
2628.HK,2022-06-21,12.68,13.26,12.66,13.18,69727694
2899.HK,2022-06-21,9.98,10.06,9.9,10.02,24384237
3968.HK,2022-06-21,48.8,50.0,48.55,49.55,14302371
BAC.US,2022-06-21,32.89,33.29,32.62,32.85,53537219
DIS.US,2022-06-21,94.9,95.45,93.27,93.29,16649792
PG.US,2022-06-21,134.62,137.0,133.43,136.37,9017016
0857.HK,2022-06-22,3.82,3.83,3.67,3.69,189312121
2318.HK,2022-06-22,52.6,52.75,51.5,51.5,23999363
2628.HK,2022-06-22,13.12,13.28,13.02,13.06,30337719
2899.HK,2022-06-22,10.08,10.08,9.65,9.69,40943210
3968.HK,2022-06-22,50.1,50.1,48.25,48.45,17121305
BAC.US,2022-06-22,32.39,32.94,32.32,32.6,38335789
DIS.US,2022-06-22,92.17,94.61,92.01,93.5,11415080
PG.US,2022-06-22,135.68,139.69,135.67,138.5,8374622
0857.HK,2022-06-23,3.69,3.72,3.67,3.7,92927928
2318.HK,2022-06-23,51.55,53.05,51.55,52.5,23044265
2628.HK,2022-06-23,13.08,13.52,13.06,13.48,48718417
2899.HK,2022-06-23,9.62,9.7,9.45,9.55,49845485
3968.HK,2022-06-23,48.85,49.85,48.7,49.5,12966234
BAC.US,2022-06-23,32.38,32.41,31.26,32.08,44091460
DIS.US,2022-06-23,93.96,94.65,92.07,94.3,11348816
PG.US,2022-06-23,139.05,142.48,138.9,142.3,6418526
0857.HK,2022-06-24,3.65,3.68,3.6,3.67,148693631
2318.HK,2022-06-24,52.95,53.8,52.65,53.6,34271569
2628.HK,2022-06-24,13.48,13.6,13.28,13.42,24962599
2899.HK,2022-06-24,9.52,9.52,9.28,9.32,62089507
3968.HK,2022-06-24,50.0,50.45,49.3,49.6,18668324
BAC.US,2022-06-24,31.25,32.77,31.23,32.31,79504692
DIS.US,2022-06-24,95.45,98.57,95.4,97.78,11681152
PG.US,2022-06-24,144.2,145.24,143.12,144.35,19440635
0857.HK,2022-06-27,3.7,3.75,3.65,3.73,144808242
2318.HK,2022-06-27,54.05,54.65,53.2,54.4,34675690
2628.HK,2022-06-27,13.52,13.62,13.42,13.54,32300018
2899.HK,2022-06-27,9.33,9.79,9.33,9.7,34926644
3968.HK,2022-06-27,50.55,51.8,49.8,51.4,19180990
BAC.US,2022-06-27,32.42,32.6,31.91,32.35,47900293
DIS.US,2022-06-27,98.22,98.23,95.8,96.61,10793748
PG.US,2022-06-27,144.12,144.76,142.71,143.25,5618524
0857.HK,2022-06-28,3.79,3.84,3.78,3.82,101537754
2318.HK,2022-06-28,54.0,54.55,53.25,54.4,27898247
2628.HK,2022-06-28,13.48,13.66,13.42,13.64,33783946
2899.HK,2022-06-28,9.67,9.92,9.52,9.88,29818634
3968.HK,2022-06-28,51.5,51.8,50.75,51.4,11568765
BAC.US,2022-06-28,32.83,33.5,32.19,32.26,49915905
DIS.US,2022-06-28,99.74,100.4,95.78,95.92,16838236
PG.US,2022-06-28,143.54,144.09,140.58,140.92,6100267
0857.HK,2022-06-29,3.86,3.89,3.78,3.78,97913934
2318.HK,2022-06-29,54.3,54.9,53.3,53.8,28968872
2628.HK,2022-06-29,13.46,13.74,13.46,13.58,33637801
2899.HK,2022-06-29,9.6,9.79,9.45,9.45,24952291
3968.HK,2022-06-29,51.4,52.0,50.8,51.0,15162112
BAC.US,2022-06-29,32.23,32.44,31.66,31.86,35149746
DIS.US,2022-06-29,95.95,96.2,94.53,95.65,8653197
PG.US,2022-06-29,141.6,142.86,141.15,142.2,5174562
0857.HK,2022-06-30,3.77,3.78,3.72,3.74,80283300
2318.HK,2022-06-30,53.6,54.25,53.05,53.35,24442537
2628.HK,2022-06-30,13.56,13.76,13.5,13.66,31892631
2899.HK,2022-06-30,9.38,9.7,9.38,9.61,34030405
3968.HK,2022-06-30,50.85,53.0,50.75,52.5,32310325
BAC.US,2022-06-30,31.17,31.55,30.64,31.13,46312262
DIS.US,2022-06-30,94.42,95.44,92.54,94.4,10983520
PG.US,2022-06-30,141.69,144.44,141.23,143.79,7410304
BAC.US,2022-07-01,30.98,31.67,30.63,31.56,40236080
DIS.US,2022-07-01,94.24,96.31,93.98,96.14,10543380
PG.US,2022-07-01,144.24,146.25,143.4,146.11,5937238
0857.HK,2022-07-04,3.72,3.74,3.67,3.71,95601262
2318.HK,2022-07-04,53.25,53.95,52.7,53.5,23698625
2628.HK,2022-07-04,13.58,13.58,13.34,13.5,17519659
2899.HK,2022-07-04,9.51,9.51,9.23,9.27,51427017
3968.HK,2022-07-04,51.5,52.0,51.0,51.75,17893998
0857.HK,2022-07-05,3.72,3.78,3.7,3.71,69724360
2318.HK,2022-07-05,53.9,54.45,52.9,53.3,15417988
2628.HK,2022-07-05,13.6,13.76,13.52,13.54,25100392
2899.HK,2022-07-05,9.29,9.55,9.27,9.32,26345044
3968.HK,2022-07-05,51.75,52.4,51.1,51.45,10832367
BAC.US,2022-07-05,30.8,31.24,30.45,31.24,47442656
DIS.US,2022-07-05,94.26,97.23,92.31,97.18,10674623
PG.US,2022-07-05,144.58,146.1,142.55,144.7,5761117
0857.HK,2022-07-06,3.56,3.61,3.49,3.55,224806266
2318.HK,2022-07-06,53.25,53.25,51.35,52.15,25038258
2628.HK,2022-07-06,12.64,12.64,12.26,12.48,43824207
2899.HK,2022-07-06,9.11,9.13,8.91,9.03,49321154
3968.HK,2022-07-06,51.4,51.5,49.3,50.25,20078725
BAC.US,2022-07-06,31.01,31.25,30.64,30.98,35933728
DIS.US,2022-07-06,97.53,98.19,95.4,96.08,8640229
PG.US,2022-07-06,145.51,147.49,144.97,146.05,5485269
0857.HK,2022-07-07,3.48,3.53,3.47,3.53,84341252
2318.HK,2022-07-07,51.4,52.75,51.35,52.5,14494098
2628.HK,2022-07-07,12.34,12.56,12.34,12.54,17824597
2899.HK,2022-07-07,8.96,9.11,8.86,9.02,26998227
3968.HK,2022-07-07,48.2,48.7,47.85,48.6,12173753
BAC.US,2022-07-07,31.5,32.01,31.47,31.86,40137866
DIS.US,2022-07-07,96.9,97.53,95.93,97.43,7813050
PG.US,2022-07-07,145.29,146.19,144.6,146.0,6623363
0857.HK,2022-07-08,3.59,3.61,3.55,3.56,56879743
2318.HK,2022-07-08,53.2,53.4,52.5,52.85,11600697
2628.HK,2022-07-08,12.68,12.7,12.48,12.62,14238289
2899.HK,2022-07-08,9.3,9.37,9.16,9.22,31996752
3968.HK,2022-07-08,49.15,49.2,48.1,48.75,10887080
BAC.US,2022-07-08,32.01,32.25,31.56,31.79,31153758
DIS.US,2022-07-08,96.57,97.12,95.35,95.86,7717297
PG.US,2022-07-08,145.99,146.81,144.58,145.02,4294177
0857.HK,2022-07-11,3.55,3.57,3.51,3.54,31745067
2318.HK,2022-07-11,52.65,52.65,51.3,51.65,13831583
2628.HK,2022-07-11,12.42,12.5,12.26,12.38,17319088
2899.HK,2022-07-11,9.27,9.29,8.91,8.94,30247552
3968.HK,2022-07-11,48.45,48.45,47.1,47.6,10486847
BAC.US,2022-07-11,31.55,31.79,31.29,31.46,29342283
DIS.US,2022-07-11,95.0,95.34,93.43,93.64,7650632
PG.US,2022-07-11,145.15,146.58,144.68,146.04,5483189
0857.HK,2022-07-12,3.51,3.58,3.51,3.55,58005753
2318.HK,2022-07-12,51.2,52.2,51.05,51.35,15913110
2628.HK,2022-07-12,12.28,12.42,12.24,12.3,21484596
2899.HK,2022-07-12,8.85,8.94,8.79,8.8,31155760
3968.HK,2022-07-12,47.75,48.0,47.0,47.0,8065112
BAC.US,2022-07-12,31.02,32.03,30.98,31.36,39527035
DIS.US,2022-07-12,93.58,95.25,93.31,93.6,8665299
PG.US,2022-07-12,145.86,146.92,144.37,144.75,5204424
0857.HK,2022-07-13,3.52,3.53,3.47,3.53,63841255
2318.HK,2022-07-13,51.45,52.3,50.45,50.8,22766845
2628.HK,2022-07-13,12.4,12.44,12.06,12.16,19426066
2899.HK,2022-07-13,8.69,8.81,8.56,8.77,21312459
3968.HK,2022-07-13,47.0,47.2,43.65,43.75,50278747
BAC.US,2022-07-13,31.07,31.15,30.4,30.84,44153699
DIS.US,2022-07-13,92.12,93.25,91.01,92.94,12006434
PG.US,2022-07-13,144.41,146.96,144.21,145.7,5075613
0857.HK,2022-07-14,3.51,3.54,3.48,3.51,60599487
2318.HK,2022-07-14,50.8,50.85,47.75,48.05,64317650
2628.HK,2022-07-14,12.16,12.16,11.78,11.98,38079515
2899.HK,2022-07-14,8.6,8.64,8.45,8.53,30167403
3968.HK,2022-07-14,43.55,43.55,40.15,42.0,78260656
BAC.US,2022-07-14,30.09,30.22,29.67,30.13,51707785
DIS.US,2022-07-14,91.48,92.04,90.23,91.84,11146426
PG.US,2022-07-14,143.76,145.53,143.47,145.27,4867147
0857.HK,2022-07-15,3.49,3.51,3.41,3.46,68646205
2318.HK,2022-07-15,47.5,48.7,46.5,46.8,38052744
2628.HK,2022-07-15,11.9,11.94,11.58,11.64,38588067
2899.HK,2022-07-15,8.4,8.47,8.08,8.19,53203653
3968.HK,2022-07-15,41.05,42.65,41.05,41.35,40336741
BAC.US,2022-07-15,30.65,32.63,30.61,32.25,77801694
DIS.US,2022-07-15,92.91,95.32,92.7,95.2,14946733
PG.US,2022-07-15,145.34,145.7,144.1,145.07,6264592
0857.HK,2022-07-18,3.51,3.63,3.48,3.61,118424855
2318.HK,2022-07-18,47.5,49.4,47.4,48.85,27421818
2628.HK,2022-07-18,11.8,11.96,11.68,11.9,20066479
2899.HK,2022-07-18,8.37,8.79,8.29,8.69,31197937
3968.HK,2022-07-18,42.1,43.0,41.55,42.75,30564605
BAC.US,2022-07-18,33.08,33.38,32.11,32.26,56382923
DIS.US,2022-07-18,96.36,97.27,95.31,95.7,10430405
PG.US,2022-07-18,144.94,145.09,143.17,143.31,6047504
0857.HK,2022-07-19,3.61,3.66,3.6,3.63,55281707
2318.HK,2022-07-19,49.0,49.25,48.3,48.45,13719825
2628.HK,2022-07-19,11.7,11.88,11.68,11.76,13987729
2899.HK,2022-07-19,8.56,8.69,8.48,8.59,29481649
3968.HK,2022-07-19,42.2,42.9,41.9,42.55,12197051
BAC.US,2022-07-19,32.9,33.62,32.68,33.35,46874861
DIS.US,2022-07-19,96.68,99.85,96.68,99.61,13683360
PG.US,2022-07-19,144.57,145.01,143.64,144.04,5943647
0857.HK,2022-07-20,3.67,3.67,3.63,3.65,42059927
2318.HK,2022-07-20,49.1,49.7,48.75,48.85,20776771
2628.HK,2022-07-20,11.9,11.98,11.72,11.76,18791286
2899.HK,2022-07-20,8.71,8.92,8.66,8.87,28456923
3968.HK,2022-07-20,43.0,43.45,42.9,43.2,15303059
BAC.US,2022-07-20,33.18,33.45,32.95,33.36,35514908
DIS.US,2022-07-20,100.25,104.26,99.95,103.35,15112718
PG.US,2022-07-20,144.0,144.22,140.64,141.55,8635300
0857.HK,2022-07-21,3.61,3.62,3.57,3.61,51629764
2318.HK,2022-07-21,48.85,48.9,47.15,47.2,31455297
2628.HK,2022-07-21,11.76,11.76,11.62,11.68,18438133
2899.HK,2022-07-21,8.8,8.91,8.64,8.69,34501298
3968.HK,2022-07-21,42.6,43.15,42.1,42.2,13202677
BAC.US,2022-07-21,33.09,33.67,32.95,33.65,31243966
DIS.US,2022-07-21,102.71,104.25,101.61,104.18,8611311
PG.US,2022-07-21,140.6,141.36,138.95,140.77,8310202
0857.HK,2022-07-22,3.58,3.62,3.56,3.6,48032764
2318.HK,2022-07-22,47.25,48.1,47.15,47.35,15782316
2628.HK,2022-07-22,11.76,11.82,11.66,11.74,11593331
2899.HK,2022-07-22,8.9,8.91,8.68,8.82,25393945
3968.HK,2022-07-22,42.35,43.55,42.35,42.85,12247533
BAC.US,2022-07-22,33.6,33.94,33.09,33.43,27115352
DIS.US,2022-07-22,103.28,104.57,102.11,102.72,7803460
PG.US,2022-07-22,140.76,143.17,140.67,143.02,5292834
0857.HK,2022-07-25,3.6,3.64,3.55,3.57,42510978
2318.HK,2022-07-25,47.15,48.0,47.0,47.45,20654286
2628.HK,2022-07-25,11.68,11.84,11.68,11.72,12827984
2899.HK,2022-07-25,8.82,8.92,8.74,8.86,16804132
3968.HK,2022-07-25,42.85,43.75,42.75,43.15,14759578
BAC.US,2022-07-25,33.78,33.98,33.44,33.73,30380960
DIS.US,2022-07-25,102.78,103.39,101.81,102.69,6726685
PG.US,2022-07-25,142.8,144.42,142.53,143.99,5262135
0857.HK,2022-07-26,3.6,3.69,3.6,3.66,57608700
2318.HK,2022-07-26,47.4,48.95,47.4,48.8,23949566
2628.HK,2022-07-26,11.82,11.94,11.74,11.88,14258420
2899.HK,2022-07-26,8.87,9.2,8.87,9.14,26690500
3968.HK,2022-07-26,43.5,44.65,43.5,44.45,15981682
BAC.US,2022-07-26,33.41,33.78,32.96,33.05,30645743
DIS.US,2022-07-26,102.14,102.36,99.56,99.78,6346629
PG.US,2022-07-26,142.69,144.49,141.71,144.27,5375711
0857.HK,2022-07-27,3.71,3.71,3.65,3.69,64497784
2318.HK,2022-07-27,48.2,48.35,47.65,48.05,14893149
2628.HK,2022-07-27,11.8,11.88,11.76,11.8,8230996
2899.HK,2022-07-27,9.25,9.25,8.91,8.98,20319776
3968.HK,2022-07-27,44.0,44.3,43.75,43.95,10889683
BAC.US,2022-07-27,33.24,33.77,32.95,33.59,30344780
DIS.US,2022-07-27,100.97,103.65,100.81,103.5,9445183
PG.US,2022-07-27,143.88,146.21,143.53,145.64,5500030
0857.HK,2022-07-28,3.68,3.72,3.66,3.68,48909115
2318.HK,2022-07-28,48.2,48.35,47.65,47.85,21203264
2628.HK,2022-07-28,11.78,11.9,11.72,11.76,16519687
2899.HK,2022-07-28,9.01,9.33,9.01,9.27,37588005
3968.HK,2022-07-28,44.0,44.0,42.9,43.05,23383346
BAC.US,2022-07-28,33.5,33.75,32.9,33.32,40176465
DIS.US,2022-07-28,103.25,104.97,102.71,104.9,7970282
PG.US,2022-07-28,146.14,148.61,145.08,148.06,7115675
0857.HK,2022-07-29,3.74,3.74,3.62,3.65,61636000
2318.HK,2022-07-29,47.5,47.65,46.0,46.2,40320433
2628.HK,2022-07-29,11.76,11.88,11.6,11.68,16009493
2899.HK,2022-07-29,9.49,9.49,9.06,9.19,22400303
3968.HK,2022-07-29,43.25,43.75,41.95,42.4,25055103
BAC.US,2022-07-29,33.47,33.94,33.35,33.81,48152531
DIS.US,2022-07-29,105.14,106.34,103.37,106.1,10320043
PG.US,2022-07-29,141.43,142.5,138.23,138.91,18694718
0857.HK,2022-08-01,3.68,3.69,3.62,3.63,32041089
2318.HK,2022-08-01,46.65,46.65,45.75,46.15,26081660
2628.HK,2022-08-01,11.74,11.74,11.48,11.62,14020403
2899.HK,2022-08-01,9.24,9.28,8.97,9.09,13177360
3968.HK,2022-08-01,42.25,42.3,41.25,41.8,13857333
BAC.US,2022-08-01,33.62,33.89,33.22,33.71,32336671
DIS.US,2022-08-01,104.87,106.65,103.86,106.22,7769658
PG.US,2022-08-01,138.34,143.94,138.27,142.9,12590027
0857.HK,2022-08-02,3.56,3.59,3.5,3.58,62621926
2318.HK,2022-08-02,45.85,45.85,44.4,44.85,27368934
2628.HK,2022-08-02,11.48,11.48,11.2,11.32,20329333
2899.HK,2022-08-02,8.96,8.99,8.69,8.77,19548291
3968.HK,2022-08-02,41.05,41.15,40.05,40.6,22092251
BAC.US,2022-08-02,33.6,33.72,33.0,33.04,37884135
DIS.US,2022-08-02,105.74,106.36,104.62,104.71,9093020
PG.US,2022-08-02,143.11,143.72,141.77,141.95,7494999
0857.HK,2022-08-03,3.57,3.61,3.53,3.57,39171741
2318.HK,2022-08-03,44.85,45.45,44.5,44.8,26243099
2628.HK,2022-08-03,11.32,11.38,11.14,11.24,14250279
2899.HK,2022-08-03,8.8,8.93,8.72,8.8,21305345
3968.HK,2022-08-03,40.75,40.85,39.85,40.2,19017552
BAC.US,2022-08-03,33.42,33.75,33.17,33.64,30065776
DIS.US,2022-08-03,105.73,109.7,105.73,109.02,11243033
PG.US,2022-08-03,141.66,145.27,140.91,144.88,6811247
0857.HK,2022-08-04,3.54,3.57,3.5,3.51,103344751
2318.HK,2022-08-04,44.8,45.75,44.8,45.2,23159473
2628.HK,2022-08-04,11.24,11.4,11.22,11.36,14967725
2899.HK,2022-08-04,8.82,8.86,8.69,8.84,19444801
3968.HK,2022-08-04,40.75,40.75,40.1,40.65,15228131
BAC.US,2022-08-04,33.52,33.67,33.17,33.4,28404453
DIS.US,2022-08-04,108.92,109.45,107.66,108.12,7322411
PG.US,2022-08-04,144.85,146.46,144.01,144.65,6124932
0857.HK,2022-08-05,3.47,3.5,3.4,3.43,195057933
2318.HK,2022-08-05,45.4,45.8,44.9,45.55,13431049
2628.HK,2022-08-05,11.46,11.58,11.36,11.52,13161835
2899.HK,2022-08-05,8.96,9.11,8.93,9.1,17271082
3968.HK,2022-08-05,40.6,41.4,40.3,41.05,18188003
BAC.US,2022-08-05,33.28,34.33,33.24,33.96,35874544
DIS.US,2022-08-05,106.81,107.7,105.37,106.63,10099976
PG.US,2022-08-05,143.75,144.84,142.77,144.72,4580446
0857.HK,2022-08-08,3.43,3.44,3.4,3.43,92340236
2318.HK,2022-08-08,45.0,45.65,44.85,44.95,12835606
2628.HK,2022-08-08,11.52,11.58,11.38,11.54,12471082
2899.HK,2022-08-08,9.13,9.14,8.98,9.04,17013846
3968.HK,2022-08-08,41.25,41.5,40.55,41.0,8622925
BAC.US,2022-08-08,34.17,34.29,33.45,33.49,33474410
DIS.US,2022-08-08,108.21,111.23,107.9,109.11,13045407
PG.US,2022-08-08,145.03,146.47,144.73,145.27,4487261
0857.HK,2022-08-09,3.43,3.5,3.42,3.45,99341982
2318.HK,2022-08-09,44.9,45.5,44.7,44.85,17615171
2628.HK,2022-08-09,11.52,11.76,11.52,11.58,16969869
2899.HK,2022-08-09,9.16,9.2,9.03,9.14,17888687
3968.HK,2022-08-09,41.3,41.3,40.45,40.6,10791975
BAC.US,2022-08-09,33.65,33.96,33.41,33.92,40196923
DIS.US,2022-08-09,109.22,109.22,107.03,108.13,8776524
PG.US,2022-08-09,145.57,145.94,144.49,144.93,3977286
0857.HK,2022-08-10,3.49,3.52,3.42,3.44,48661097
2318.HK,2022-08-10,44.55,44.8,43.25,43.7,36335993
2628.HK,2022-08-10,11.54,11.64,11.32,11.4,15167395
2899.HK,2022-08-10,9.2,9.28,9.03,9.09,14558971
3968.HK,2022-08-10,40.35,40.8,39.35,39.8,16255704
BAC.US,2022-08-10,34.5,35.43,34.45,35.07,61415796
DIS.US,2022-08-10,112.48,112.67,109.91,112.43,26398688
PG.US,2022-08-10,145.89,146.5,145.39,146.3,4641404
0857.HK,2022-08-11,3.47,3.49,3.45,3.48,62706735
2318.HK,2022-08-11,43.8,45.05,43.5,45.0,26336383
2628.HK,2022-08-11,11.5,11.86,11.4,11.72,23041268
2899.HK,2022-08-11,9.3,9.35,9.2,9.34,28077768
3968.HK,2022-08-11,40.5,41.65,39.95,41.6,16350361
BAC.US,2022-08-11,35.77,36.06,35.65,35.91,50420767
DIS.US,2022-08-11,122.21,123.27,117.33,117.69,50375019
PG.US,2022-08-11,146.81,147.29,144.93,145.26,5954410
0857.HK,2022-08-12,3.51,3.55,3.49,3.52,93081000
2318.HK,2022-08-12,44.95,45.1,44.55,44.9,17019745
2628.HK,2022-08-12,11.64,11.84,11.64,11.76,11690265
2899.HK,2022-08-12,9.4,9.52,9.31,9.5,29798002
3968.HK,2022-08-12,41.4,41.8,40.9,41.65,6080541
BAC.US,2022-08-12,36.16,36.31,35.69,36.3,31821682
DIS.US,2022-08-12,119.0,121.61,118.92,121.57,21964785
PG.US,2022-08-12,145.91,146.73,144.96,146.67,5038748
0857.HK,2022-08-15,3.49,3.49,3.37,3.4,160598230
2318.HK,2022-08-15,44.1,45.0,44.05,44.2,16700549
2628.HK,2022-08-15,11.52,11.64,11.44,11.48,20024857
2899.HK,2022-08-15,9.5,9.63,9.08,9.2,34725138
3968.HK,2022-08-15,40.9,41.5,40.55,40.75,8837891
BAC.US,2022-08-15,35.84,36.3,35.67,36.25,24907959
DIS.US,2022-08-15,121.0,125.96,120.99,124.26,24628324
PG.US,2022-08-15,146.87,148.77,146.75,148.56,6007996
0857.HK,2022-08-16,3.36,3.37,3.31,3.32,98823776
2318.HK,2022-08-16,44.05,44.75,43.7,43.9,19650826
2628.HK,2022-08-16,11.42,11.5,11.24,11.28,27137609
2899.HK,2022-08-16,9.13,9.3,9.04,9.29,26130723
3968.HK,2022-08-16,41.0,41.7,40.45,41.1,11919935
BAC.US,2022-08-16,36.19,36.94,36.1,36.64,31870170
DIS.US,2022-08-16,124.73,126.48,123.45,124.96,14607300
PG.US,2022-08-16,148.36,150.6,148.36,149.93,7093138
0857.HK,2022-08-17,3.31,3.39,3.3,3.36,92194041
2318.HK,2022-08-17,43.85,44.2,43.3,43.75,25352659
2628.HK,2022-08-17,11.32,11.42,11.24,11.38,15594567
2899.HK,2022-08-17,9.35,9.35,9.06,9.21,20636890
3968.HK,2022-08-17,41.4,41.6,40.65,41.15,7482586
BAC.US,2022-08-17,36.2,36.59,36.08,36.41,27125579
DIS.US,2022-08-17,123.45,124.48,122.57,122.81,9140896
PG.US,2022-08-17,149.1,149.75,148.88,149.24,4834576
0857.HK,2022-08-18,3.4,3.4,3.35,3.38,80917233
2318.HK,2022-08-18,43.5,43.75,43.05,43.1,20335202
2628.HK,2022-08-18,11.38,11.38,11.22,11.24,12284581
2899.HK,2022-08-18,9.2,9.2,8.97,9.03,20496301
3968.HK,2022-08-18,41.3,41.3,40.05,40.3,12755950
BAC.US,2022-08-18,36.25,36.4,36.0,36.28,23138277
DIS.US,2022-08-18,123.01,123.13,121.71,122.67,7343934
PG.US,2022-08-18,148.87,149.99,148.52,149.77,3829152
0857.HK,2022-08-19,3.41,3.48,3.4,3.43,96873388
2318.HK,2022-08-19,42.9,43.6,42.9,43.55,19492623
2628.HK,2022-08-19,11.18,11.36,11.18,11.3,8420171
2899.HK,2022-08-19,9.0,9.12,8.97,9.04,10088073
3968.HK,2022-08-19,40.0,40.85,39.95,40.45,10095139
BAC.US,2022-08-19,35.96,36.03,35.31,35.48,36485444
DIS.US,2022-08-19,121.25,121.39,119.48,120.14,8702520
PG.US,2022-08-19,149.21,150.63,148.72,149.73,6502516
0857.HK,2022-08-22,3.4,3.46,3.38,3.43,94694825
2318.HK,2022-08-22,42.9,44.5,42.85,43.5,22652730
2628.HK,2022-08-22,11.16,11.44,11.16,11.24,12845134
2899.HK,2022-08-22,9.01,9.33,8.96,9.26,29139755
3968.HK,2022-08-22,39.75,40.6,39.75,40.15,12438892
BAC.US,2022-08-22,34.75,34.82,34.45,34.72,31210313
DIS.US,2022-08-22,117.7,118.21,115.69,115.94,11575841
PG.US,2022-08-22,148.98,150.13,148.84,149.33,6380738
0857.HK,2022-08-23,3.43,3.53,3.43,3.51,134862929
2318.HK,2022-08-23,43.0,43.6,42.55,42.95,26951446
2628.HK,2022-08-23,11.2,11.24,11.08,11.1,19617011
2899.HK,2022-08-23,9.23,9.3,9.07,9.2,15779160
3968.HK,2022-08-23,39.95,40.1,38.8,39.1,17580698
BAC.US,2022-08-23,34.67,34.97,34.36,34.41,26587950
DIS.US,2022-08-23,115.98,116.37,114.62,114.86,7180690
PG.US,2022-08-23,148.43,148.44,145.83,146.45,5268168
0857.HK,2022-08-24,3.61,3.67,3.56,3.59,145908672
2318.HK,2022-08-24,43.55,44.8,43.55,44.05,47247626
2628.HK,2022-08-24,11.06,11.32,11.04,11.16,32886176
2899.HK,2022-08-24,9.25,9.34,8.83,8.89,27623752
3968.HK,2022-08-24,39.15,39.45,38.35,38.85,17788681
BAC.US,2022-08-24,34.25,34.8,34.05,34.52,31389358
DIS.US,2022-08-24,114.67,117.16,114.1,116.41,7840514
PG.US,2022-08-24,146.61,147.26,145.12,145.82,5903163
0857.HK,2022-08-25,3.61,3.69,3.6,3.65,123694599
2318.HK,2022-08-25,44.0,46.7,44.0,46.4,45523861
2628.HK,2022-08-25,11.4,11.54,11.2,11.48,22979554
2899.HK,2022-08-25,8.81,9.29,8.81,9.29,19518544
3968.HK,2022-08-25,38.85,40.1,38.75,40.0,7152522
BAC.US,2022-08-25,34.6,35.28,34.45,35.14,40576733
DIS.US,2022-08-25,117.02,117.77,116.11,117.46,6920927
PG.US,2022-08-25,145.23,145.78,144.49,145.7,5097560
0857.HK,2022-08-26,3.73,3.78,3.67,3.77,177006598
2318.HK,2022-08-26,46.4,46.65,45.55,46.65,35911718
2628.HK,2022-08-26,11.36,11.52,11.26,11.38,27938288
2899.HK,2022-08-26,9.31,9.46,9.29,9.42,25046719
3968.HK,2022-08-26,40.15,40.6,39.8,40.6,12261726
BAC.US,2022-08-26,35.44,35.48,34.02,34.03,36152571
DIS.US,2022-08-26,117.47,118.37,113.89,114.07,7807402
PG.US,2022-08-26,146.0,146.53,142.02,142.29,6086561
0857.HK,2022-08-29,3.76,3.81,3.73,3.79,87909046
2318.HK,2022-08-29,46.05,46.5,45.55,46.35,22299551
2628.HK,2022-08-29,11.06,11.3,11.06,11.22,19920818
2899.HK,2022-08-29,9.25,9.25,9.01,9.16,17972800
3968.HK,2022-08-29,39.6,39.95,39.3,39.85,9074673
BAC.US,2022-08-29,33.86,34.15,33.61,33.9,34931028
DIS.US,2022-08-29,112.54,114.47,112.41,113.53,6882736
PG.US,2022-08-29,141.3,142.69,141.02,141.69,5272092
0857.HK,2022-08-30,3.8,3.85,3.76,3.78,109698284
2318.HK,2022-08-30,46.1,46.3,45.4,45.95,21896807
2628.HK,2022-08-30,11.18,11.24,11.06,11.2,18656741
2899.HK,2022-08-30,9.12,9.16,8.96,9.02,23112485
3968.HK,2022-08-30,39.65,39.95,39.1,39.85,10162541
BAC.US,2022-08-30,34.18,34.28,33.54,34.09,48194904
DIS.US,2022-08-30,114.28,114.75,111.45,112.43,8059967
PG.US,2022-08-30,142.41,142.41,139.91,140.18,5203706
0857.HK,2022-08-31,3.72,3.73,3.63,3.71,199300421
2318.HK,2022-08-31,45.25,47.2,45.05,46.35,28578964
2628.HK,2022-08-31,11.06,11.38,11.06,11.28,28074511
2899.HK,2022-08-31,8.95,9.03,8.78,8.94,32633104
3968.HK,2022-08-31,39.0,40.9,38.95,40.3,36485695
BAC.US,2022-08-31,34.14,34.37,33.6,33.61,44917577
DIS.US,2022-08-31,112.87,113.75,111.85,112.08,7352967
PG.US,2022-08-31,140.4,140.88,137.86,137.94,8406934
0857.HK,2022-09-01,3.65,3.7,3.63,3.67,116183298
2318.HK,2022-09-01,45.8,46.6,45.6,46.05,18374320
2628.HK,2022-09-01,11.16,11.3,11.14,11.2,25236382
2899.HK,2022-09-01,8.83,8.87,8.63,8.63,22352199
3968.HK,2022-09-01,39.9,40.55,39.75,40.0,19937797
BAC.US,2022-09-01,33.34,33.49,32.66,33.47,32848894
DIS.US,2022-09-01,111.79,112.59,110.03,112.53,7718715
PG.US,2022-09-01,137.83,139.76,136.76,139.64,7446540
0857.HK,2022-09-02,3.65,3.68,3.61,3.67,69959647
2318.HK,2022-09-02,45.95,46.45,45.55,45.7,18347638
2628.HK,2022-09-02,11.14,11.3,11.08,11.12,21640093
2899.HK,2022-09-02,8.63,8.63,8.36,8.39,36507283
3968.HK,2022-09-02,40.15,40.6,39.8,40.15,14005791
BAC.US,2022-09-02,33.93,34.48,33.27,33.43,44000794
DIS.US,2022-09-02,113.05,113.89,110.84,111.2,8465130
PG.US,2022-09-02,140.42,141.15,136.55,137.16,7077763
0857.HK,2022-09-05,3.69,3.78,3.68,3.74,95220710
2318.HK,2022-09-05,45.4,45.9,45.0,45.45,14836866
2628.HK,2022-09-05,11.08,11.12,10.94,11.06,24050972
2899.HK,2022-09-05,8.36,8.47,8.29,8.43,16167128
3968.HK,2022-09-05,40.2,40.3,39.25,39.65,12035496
0857.HK,2022-09-06,3.74,3.82,3.74,3.76,135279339
2318.HK,2022-09-06,45.6,46.65,45.35,45.7,18302172
2628.HK,2022-09-06,11.04,11.24,11.0,11.1,15410455
2899.HK,2022-09-06,8.43,8.82,8.43,8.76,15654758
3968.HK,2022-09-06,39.65,40.15,38.55,38.7,19340718
BAC.US,2022-09-06,33.64,33.73,32.61,33.06,40762410
DIS.US,2022-09-06,111.77,111.78,108.52,110.09,9537290
PG.US,2022-09-06,135.88,137.94,135.29,135.63,8217219
0857.HK,2022-09-07,3.72,3.74,3.63,3.74,147908498
2318.HK,2022-09-07,45.05,45.9,45.0,45.6,16040526
2628.HK,2022-09-07,10.96,11.08,10.94,11.0,16706020
2899.HK,2022-09-07,8.63,8.85,8.57,8.7,18330348
3968.HK,2022-09-07,38.3,38.45,37.7,38.35,21362408
BAC.US,2022-09-07,32.81,33.67,32.63,33.57,40742644
DIS.US,2022-09-07,109.87,112.96,109.87,112.69,8193947
PG.US,2022-09-07,136.03,137.76,136.02,137.68,6609426
0857.HK,2022-09-08,3.67,3.69,3.61,3.67,163293002
2318.HK,2022-09-08,45.85,45.95,45.1,45.1,17149035
2628.HK,2022-09-08,11.04,11.06,10.94,10.98,14791903
2899.HK,2022-09-08,8.71,9.05,8.71,8.87,25960059
3968.HK,2022-09-08,38.2,38.3,37.8,38.0,13766069
BAC.US,2022-09-08,33.46,34.73,33.27,34.65,44361831
DIS.US,2022-09-08,111.07,112.99,110.36,112.33,8443278
PG.US,2022-09-08,137.01,138.49,136.06,137.86,7380534
0857.HK,2022-09-09,3.45,3.51,3.45,3.5,133385888
2318.HK,2022-09-09,45.25,47.85,45.25,47.5,34151561
2628.HK,2022-09-09,10.94,11.36,10.94,11.34,27216278
2899.HK,2022-09-09,8.9,9.3,8.9,9.27,38284870
3968.HK,2022-09-09,38.3,39.85,38.0,39.65,24701762
BAC.US,2022-09-09,34.98,35.25,34.84,34.94,37308711
DIS.US,2022-09-09,113.27,115.53,113.19,115.18,9573346
PG.US,2022-09-09,137.95,141.09,137.3,139.96,6434703
BAC.US,2022-09-12,35.2,35.63,35.03,35.27,30533965
DIS.US,2022-09-12,116.14,117.49,115.27,116.39,7923353
PG.US,2022-09-12,139.41,141.8,139.11,141.1,5818761
0857.HK,2022-09-13,3.5,3.54,3.46,3.51,97101472
2318.HK,2022-09-13,47.5,48.35,47.15,47.5,25007068
2628.HK,2022-09-13,11.34,11.54,11.32,11.4,32530934
2899.HK,2022-09-13,9.23,9.44,9.2,9.3,23472018
3968.HK,2022-09-13,39.05,40.8,39.05,40.1,21428650
BAC.US,2022-09-13,34.58,34.72,33.81,34.0,40959631
DIS.US,2022-09-13,113.05,113.82,111.17,111.76,10504583
PG.US,2022-09-13,140.78,141.43,137.86,138.18,6350157
0857.HK,2022-09-14,3.46,3.5,3.45,3.49,56516860
2318.HK,2022-09-14,46.55,46.9,45.9,45.9,22087964
2628.HK,2022-09-14,11.2,11.24,11.1,11.14,19321834
2899.HK,2022-09-14,9.02,9.09,8.9,9.06,22622628
3968.HK,2022-09-14,39.5,40.15,39.15,39.35,17065558
BAC.US,2022-09-14,34.2,34.42,33.54,33.87,32004428
DIS.US,2022-09-14,111.85,112.74,109.88,112.5,8610446
PG.US,2022-09-14,138.66,139.66,137.67,138.51,6138000
0857.HK,2022-09-15,3.51,3.54,3.48,3.5,66923278
2318.HK,2022-09-15,45.9,47.4,45.85,46.55,18505028
2628.HK,2022-09-15,11.14,11.32,11.12,11.2,14094323
2899.HK,2022-09-15,9.05,9.12,8.88,9.05,26621475
3968.HK,2022-09-15,39.35,41.65,39.35,41.15,28555667
BAC.US,2022-09-15,33.79,34.9,33.7,34.51,44863253
DIS.US,2022-09-15,112.39,114.41,110.71,110.77,9739754
PG.US,2022-09-15,138.78,138.89,136.64,137.44,5320907
0857.HK,2022-09-16,3.47,3.47,3.41,3.43,134868086
2318.HK,2022-09-16,45.95,46.45,45.4,45.75,22728781
2628.HK,2022-09-16,11.18,11.18,10.94,11.02,30424701
2899.HK,2022-09-16,8.91,9.0,8.5,8.77,50500948
3968.HK,2022-09-16,40.4,40.75,39.9,40.05,19120721
BAC.US,2022-09-16,34.19,34.23,33.66,34.12,54281841
DIS.US,2022-09-16,109.21,109.58,106.96,108.25,15978828
PG.US,2022-09-16,137.44,139.06,137.11,138.28,9321466
0857.HK,2022-09-19,3.43,3.44,3.37,3.38,89559173
2318.HK,2022-09-19,45.5,45.85,44.7,45.0,22516548
2628.HK,2022-09-19,11.02,11.06,10.9,10.98,18089389
2899.HK,2022-09-19,8.79,8.79,8.53,8.59,11173652
3968.HK,2022-09-19,39.9,40.45,39.45,39.75,10908642
BAC.US,2022-09-19,33.72,34.87,33.63,34.69,29781993
DIS.US,2022-09-19,107.53,109.22,107.04,109.17,7979457
PG.US,2022-09-19,138.2,138.46,137.23,137.99,6056100
0857.HK,2022-09-20,3.38,3.4,3.36,3.37,84496776
2318.HK,2022-09-20,44.6,44.75,43.3,44.05,25955577
2628.HK,2022-09-20,11.08,11.08,10.9,10.96,13322317
2899.HK,2022-09-20,8.67,8.8,8.61,8.7,22192054
3968.HK,2022-09-20,39.9,40.05,38.75,39.1,13781149
BAC.US,2022-09-20,34.5,34.78,33.88,34.17,33591050
DIS.US,2022-09-20,108.28,108.41,106.86,107.57,6957409
PG.US,2022-09-20,137.41,137.97,136.53,137.5,5589800
0857.HK,2022-09-21,3.35,3.42,3.34,3.41,83332804
2318.HK,2022-09-21,43.5,43.6,42.6,42.75,30873333
2628.HK,2022-09-21,10.98,10.98,10.76,10.8,22389577
2899.HK,2022-09-21,8.66,8.68,8.53,8.62,10554510
3968.HK,2022-09-21,38.75,39.35,38.25,38.95,13159374
BAC.US,2022-09-21,34.31,34.4,33.12,33.15,51667806
DIS.US,2022-09-21,107.39,108.04,104.49,104.49,9776355
PG.US,2022-09-21,138.08,138.2,135.71,135.73,6413855
0857.HK,2022-09-22,3.32,3.44,3.32,3.39,95800655
2318.HK,2022-09-22,41.65,42.25,41.4,42.0,35529568
2628.HK,2022-09-22,10.6,10.64,10.46,10.54,31626398
2899.HK,2022-09-22,8.59,8.68,8.44,8.56,27511277
3968.HK,2022-09-22,37.9,38.65,37.9,38.35,9988780
BAC.US,2022-09-22,33.31,33.42,32.39,32.5,47527455
DIS.US,2022-09-22,104.21,104.66,102.02,102.16,10953392
PG.US,2022-09-22,135.74,137.07,135.24,136.21,5061761
0857.HK,2022-09-23,3.4,3.5,3.39,3.44,123601284
2318.HK,2022-09-23,41.75,43.0,41.7,42.0,23003436
2628.HK,2022-09-23,10.56,10.74,10.5,10.56,14862760
2899.HK,2022-09-23,8.56,8.6,8.38,8.38,19693697
3968.HK,2022-09-23,38.05,38.9,38.0,38.15,6863050
BAC.US,2022-09-23,31.93,32.09,31.21,31.73,55316073
DIS.US,2022-09-23,100.62,101.18,98.02,99.5,11976927
PG.US,2022-09-23,135.68,136.5,133.95,135.58,6523573
0857.HK,2022-09-26,3.38,3.38,3.23,3.27,219544893
2318.HK,2022-09-26,41.8,42.6,41.0,41.55,28499454
2628.HK,2022-09-26,10.46,10.54,10.2,10.34,30601638
2899.HK,2022-09-26,8.28,8.28,7.41,7.63,70430133
3968.HK,2022-09-26,37.95,38.1,37.3,37.45,12774205
BAC.US,2022-09-26,31.32,31.82,30.68,31.03,40360232
DIS.US,2022-09-26,98.95,100.66,98.06,98.12,9760467
PG.US,2022-09-26,135.58,136.82,134.99,135.71,7396366
0857.HK,2022-09-27,3.25,3.3,3.23,3.27,83914251
2318.HK,2022-09-27,41.15,41.7,40.55,40.7,32484857
2628.HK,2022-09-27,10.24,10.36,10.2,10.26,25098771
2899.HK,2022-09-27,7.51,7.72,7.34,7.67,33491210
3968.HK,2022-09-27,37.45,37.75,36.75,37.15,12156894
BAC.US,2022-09-27,31.27,31.37,30.3,30.57,43396576
DIS.US,2022-09-27,99.53,99.64,95.43,95.85,13360187
PG.US,2022-09-27,135.96,136.94,131.71,131.98,7722229
0857.HK,2022-09-28,3.26,3.28,3.19,3.2,129010935
2318.HK,2022-09-28,40.7,40.8,39.0,39.0,44766649
2628.HK,2022-09-28,10.2,10.2,10.0,10.04,32443153
2899.HK,2022-09-28,7.7,7.7,7.18,7.2,53962210
3968.HK,2022-09-28,36.75,36.95,36.0,36.05,14886756
BAC.US,2022-09-28,30.53,31.31,30.39,31.07,38372850
DIS.US,2022-09-28,95.79,99.87,95.45,99.4,12895460
PG.US,2022-09-28,133.02,133.02,131.19,131.98,10455120
0857.HK,2022-09-29,3.26,3.31,3.17,3.2,113850124
2318.HK,2022-09-29,39.7,40.2,37.75,38.35,44690921
2628.HK,2022-09-29,10.18,10.24,9.78,9.83,29679060
2899.HK,2022-09-29,7.45,7.64,7.35,7.49,39066678
3968.HK,2022-09-29,36.4,37.4,35.65,35.85,20802481
BAC.US,2022-09-29,30.69,30.9,30.21,30.66,35220878
DIS.US,2022-09-29,98.53,98.6,96.23,97.45,9435058
PG.US,2022-09-29,131.87,131.87,128.26,128.7,7128463
0857.HK,2022-09-30,3.2,3.26,3.18,3.22,137093484
2318.HK,2022-09-30,38.8,39.85,38.65,39.2,35930029
2628.HK,2022-09-30,9.88,10.08,9.83,10.06,22164665
2899.HK,2022-09-30,7.45,7.85,7.45,7.65,34275406
3968.HK,2022-09-30,35.5,37.2,35.5,36.5,20848130
BAC.US,2022-09-30,30.76,31.19,30.17,30.2,42294080
DIS.US,2022-09-30,96.5,97.48,94.28,94.33,12094936
PG.US,2022-09-30,129.0,129.04,126.21,126.25,9431937
0857.HK,2022-10-03,3.2,3.24,3.18,3.22,85290891
2318.HK,2022-10-03,39.2,39.35,37.0,37.5,37985312
2628.HK,2022-10-03,9.87,9.94,9.69,9.76,20888951
2899.HK,2022-10-03,7.65,7.85,7.51,7.73,23519126
3968.HK,2022-10-03,36.25,36.7,35.3,35.6,9203870
BAC.US,2022-10-03,30.59,31.28,30.2,31.09,34591712
DIS.US,2022-10-03,95.73,97.78,94.5,97.13,9468403
PG.US,2022-10-03,127.25,129.1,126.68,128.51,8477669
BAC.US,2022-10-04,31.72,32.52,31.66,32.38,39758744
DIS.US,2022-10-04,98.68,101.52,98.23,101.44,10229002
PG.US,2022-10-04,129.1,130.87,128.7,130.1,7211561
0857.HK,2022-10-05,3.3,3.38,3.28,3.37,137651437
2318.HK,2022-10-05,39.25,41.55,39.0,41.1,55608848
2628.HK,2022-10-05,10.04,10.32,10.0,10.18,43026235
2899.HK,2022-10-05,8.18,8.46,8.11,8.32,38893995
3968.HK,2022-10-05,36.8,38.45,36.4,37.95,16275116
BAC.US,2022-10-05,31.54,32.03,31.45,31.92,35791137
DIS.US,2022-10-05,100.04,101.22,98.7,100.8,7562771
PG.US,2022-10-05,129.2,130.09,128.09,129.2,5071090
0857.HK,2022-10-06,3.36,3.39,3.35,3.38,79042600
2318.HK,2022-10-06,41.15,41.6,40.75,40.9,11944573
2628.HK,2022-10-06,10.14,10.3,10.04,10.12,28394047
2899.HK,2022-10-06,8.26,8.44,8.21,8.35,13360487
3968.HK,2022-10-06,38.75,38.75,37.25,37.7,7148895
BAC.US,2022-10-06,31.6,31.88,31.36,31.46,40891904
DIS.US,2022-10-06,100.43,101.46,99.87,100.04,6728200
PG.US,2022-10-06,128.89,129.06,126.35,126.48,5530781
0857.HK,2022-10-07,3.39,3.43,3.36,3.38,45470488
2318.HK,2022-10-07,40.45,40.7,40.05,40.15,11025996
2628.HK,2022-10-07,10.02,10.12,10.02,10.06,11197915
2899.HK,2022-10-07,8.26,8.34,8.12,8.12,17755956
3968.HK,2022-10-07,37.65,37.8,37.1,37.3,6122801
BAC.US,2022-10-07,31.17,31.24,30.53,30.75,52304648
DIS.US,2022-10-07,98.51,98.8,96.45,97.16,7051019
PG.US,2022-10-07,126.5,126.58,123.76,124.27,6095411
0857.HK,2022-10-10,3.38,3.45,3.36,3.41,93995186
2318.HK,2022-10-10,39.55,40.2,39.2,39.35,24049836
2628.HK,2022-10-10,9.88,10.02,9.78,9.85,25514263
2899.HK,2022-10-10,7.91,7.92,7.67,7.79,31914432
3968.HK,2022-10-10,36.75,36.75,34.35,34.4,32666800
BAC.US,2022-10-10,30.9,31.05,30.35,30.66,37669106
DIS.US,2022-10-10,97.59,97.74,94.42,95.16,9532334
PG.US,2022-10-10,123.37,124.25,122.18,123.76,6923335
0857.HK,2022-10-11,3.4,3.42,3.36,3.39,69154303
2318.HK,2022-10-11,39.65,39.65,38.25,38.35,25947121
2628.HK,2022-10-11,9.92,9.93,9.7,9.73,18360736
2899.HK,2022-10-11,7.77,7.78,7.57,7.64,30026825
3968.HK,2022-10-11,34.0,34.3,33.0,33.15,33308957
BAC.US,2022-10-11,30.37,30.47,29.57,29.77,58123991
DIS.US,2022-10-11,94.81,95.06,92.65,93.1,8900901
PG.US,2022-10-11,123.69,125.7,123.6,124.23,5516175
0857.HK,2022-10-12,3.34,3.37,3.3,3.34,99266193
2318.HK,2022-10-12,38.65,39.65,38.1,38.85,32105758
2628.HK,2022-10-12,9.77,9.85,9.67,9.78,54981217
2899.HK,2022-10-12,7.6,7.85,7.53,7.79,23906319
3968.HK,2022-10-12,32.55,32.8,31.15,31.35,66501645
BAC.US,2022-10-12,29.64,30.31,29.48,29.86,36137903
DIS.US,2022-10-12,93.16,94.07,92.2,93.41,6156217
PG.US,2022-10-12,124.84,125.81,124.41,124.43,6823671
0857.HK,2022-10-13,3.33,3.35,3.27,3.3,66247343
2318.HK,2022-10-13,38.85,38.9,37.95,38.0,22730579
2628.HK,2022-10-13,9.78,9.8,9.67,9.68,28018657
2899.HK,2022-10-13,7.79,7.84,7.58,7.62,17938626
3968.HK,2022-10-13,30.35,30.7,29.6,30.1,71747739
BAC.US,2022-10-13,29.41,31.77,29.31,31.69,67671021
DIS.US,2022-10-13,91.57,96.97,90.71,96.64,11025428
PG.US,2022-10-13,123.51,126.75,122.92,126.31,6910826
0857.HK,2022-10-14,3.34,3.36,3.28,3.3,79548706
2318.HK,2022-10-14,38.7,39.7,37.95,38.15,29315892
2628.HK,2022-10-14,9.75,10.04,9.74,9.82,28397353
2899.HK,2022-10-14,7.77,7.78,7.65,7.74,17266194
3968.HK,2022-10-14,30.1,31.35,30.1,30.65,47420808
BAC.US,2022-10-14,31.81,32.63,31.57,31.7,58172786
DIS.US,2022-10-14,97.47,98.09,94.33,94.45,8208884
PG.US,2022-10-14,126.75,127.02,124.77,125.08,5520319
0857.HK,2022-10-17,3.32,3.35,3.27,3.31,64380047
2318.HK,2022-10-17,37.95,38.6,37.35,38.25,25599119
2628.HK,2022-10-17,9.81,9.88,9.71,9.81,34976696
2899.HK,2022-10-17,7.62,7.88,7.56,7.84,20871783
3968.HK,2022-10-17,30.5,31.8,30.4,31.35,31030143
BAC.US,2022-10-17,33.36,33.87,32.87,33.62,88896788
DIS.US,2022-10-17,96.38,97.97,96.26,97.33,7083842
PG.US,2022-10-17,126.01,128.28,125.86,127.34,6664569
0857.HK,2022-10-18,3.32,3.35,3.3,3.34,58080800
2318.HK,2022-10-18,38.65,38.85,37.4,38.5,22923218
2628.HK,2022-10-18,9.96,10.02,9.77,9.9,21702227
2899.HK,2022-10-18,7.96,7.96,7.71,7.75,19353277
3968.HK,2022-10-18,31.85,31.95,31.35,31.65,22320385
BAC.US,2022-10-18,34.98,35.36,34.28,34.88,81937931
DIS.US,2022-10-18,99.87,100.37,97.64,98.48,8533516
PG.US,2022-10-18,129.33,130.07,127.66,128.37,7114181
0857.HK,2022-10-19,3.33,3.36,3.3,3.32,52976893
2318.HK,2022-10-19,38.1,38.7,37.3,37.35,17576844
2628.HK,2022-10-19,9.84,9.94,9.72,9.72,18535166
2899.HK,2022-10-19,7.76,7.88,7.59,7.61,25305661
3968.HK,2022-10-19,31.5,32.2,31.25,31.4,10638256
BAC.US,2022-10-19,34.58,34.83,33.77,33.92,43139852
DIS.US,2022-10-19,100.44,101.87,98.5,98.99,11730993
PG.US,2022-10-19,131.64,133.0,129.51,129.56,9993668
0857.HK,2022-10-20,3.31,3.37,3.28,3.37,94457466
2318.HK,2022-10-20,37.0,37.4,36.5,37.3,26865575
2628.HK,2022-10-20,9.7,9.79,9.6,9.75,31007396
2899.HK,2022-10-20,7.6,7.74,7.42,7.67,34961312
3968.HK,2022-10-20,30.7,31.0,30.0,30.4,17551205
BAC.US,2022-10-20,33.98,34.63,33.59,33.7,39549112
DIS.US,2022-10-20,98.23,100.75,98.11,98.59,8212442
PG.US,2022-10-20,128.62,129.77,126.68,126.99,8167987
0857.HK,2022-10-21,3.38,3.43,3.33,3.4,86851732
2318.HK,2022-10-21,37.3,37.3,36.5,36.8,19128837
2628.HK,2022-10-21,9.83,9.83,9.65,9.69,16051449
2899.HK,2022-10-21,7.74,7.82,7.66,7.73,26318273
3968.HK,2022-10-21,30.15,30.45,29.9,30.15,18768394
BAC.US,2022-10-21,33.56,35.04,33.56,34.95,54870269
DIS.US,2022-10-21,98.35,102.3,97.89,102.04,10193360
PG.US,2022-10-21,126.54,128.95,126.48,128.58,6394604
0857.HK,2022-10-24,3.37,3.42,3.28,3.32,81629916
2318.HK,2022-10-24,36.0,36.25,32.55,32.75,72228174
2628.HK,2022-10-24,9.69,9.69,8.91,8.93,73251735
2899.HK,2022-10-24,7.98,7.98,7.45,7.54,35067181
3968.HK,2022-10-24,29.6,29.7,27.6,27.75,55911990
BAC.US,2022-10-24,35.11,35.26,34.71,35.07,33765556
DIS.US,2022-10-24,102.12,103.19,100.12,101.72,8221477
PG.US,2022-10-24,129.49,130.44,128.35,129.37,6946022
0857.HK,2022-10-25,3.34,3.34,3.23,3.31,112736643
2318.HK,2022-10-25,32.3,33.65,32.0,33.05,46845309
2628.HK,2022-10-25,8.91,9.05,8.77,8.88,51949671
2899.HK,2022-10-25,7.54,7.67,7.43,7.64,34390861
3968.HK,2022-10-25,28.0,28.5,27.5,28.45,28492472
BAC.US,2022-10-25,34.74,35.58,34.53,35.39,37132262
DIS.US,2022-10-25,102.16,104.73,102.03,104.36,7687535
PG.US,2022-10-25,129.6,131.18,128.47,130.86,6776004
0857.HK,2022-10-26,3.31,3.34,3.27,3.31,54090193
2318.HK,2022-10-26,32.3,34.0,32.3,33.5,44227175
2628.HK,2022-10-26,8.86,9.07,8.81,8.95,29489422
2899.HK,2022-10-26,7.6,7.75,7.5,7.59,24302167
3968.HK,2022-10-26,27.95,28.55,27.7,28.0,23359943
BAC.US,2022-10-26,35.42,36.09,35.35,35.7,41113536
DIS.US,2022-10-26,103.53,107.43,103.53,104.63,9223759
PG.US,2022-10-26,130.65,132.57,130.4,131.78,6613656
0857.HK,2022-10-27,3.35,3.38,3.29,3.3,93036562
2318.HK,2022-10-27,34.0,35.05,33.55,33.7,38568141
2628.HK,2022-10-27,9.09,9.25,9.0,9.03,26178608
2899.HK,2022-10-27,7.8,8.24,7.8,8.06,43002865
3968.HK,2022-10-27,28.7,28.95,27.75,27.85,29925084
BAC.US,2022-10-27,36.15,36.37,35.77,35.87,35261850
DIS.US,2022-10-27,105.81,106.87,104.31,104.44,8673519
PG.US,2022-10-27,132.0,133.12,131.5,131.88,6676715
0857.HK,2022-10-28,3.32,3.35,3.24,3.27,131693354
2318.HK,2022-10-28,33.75,34.2,32.3,32.45,42848969
2628.HK,2022-10-28,9.05,9.09,8.72,8.8,31170788
2899.HK,2022-10-28,8.06,8.06,7.71,7.82,25753685
3968.HK,2022-10-28,27.25,27.8,26.45,26.65,33420612
BAC.US,2022-10-28,36.04,36.3,35.64,36.18,31659107
DIS.US,2022-10-28,104.08,106.09,103.53,105.95,7250889
PG.US,2022-10-28,133.17,135.51,132.92,135.22,6996421
0857.HK,2022-10-31,3.26,3.27,2.95,3.0,454880687
2318.HK,2022-10-31,32.3,33.0,31.3,31.4,49959994
2628.HK,2022-10-31,8.74,8.82,8.53,8.55,30533878
2899.HK,2022-10-31,7.7,7.75,7.48,7.5,36980524
3968.HK,2022-10-31,26.05,26.55,25.4,25.8,38801443
BAC.US,2022-10-31,36.0,36.33,35.81,36.04,32565539
DIS.US,2022-10-31,105.66,106.9,104.82,106.54,8814813
PG.US,2022-10-31,135.2,135.67,134.26,134.67,8346305
0857.HK,2022-11-01,3.0,3.07,2.98,3.04,169933309
2318.HK,2022-11-01,31.8,33.15,31.4,32.85,62705403
2628.HK,2022-11-01,8.63,8.91,8.62,8.84,37061196
2899.HK,2022-11-01,7.59,7.89,7.52,7.85,28600718
3968.HK,2022-11-01,25.75,28.45,25.75,28.05,43103488
BAC.US,2022-11-01,36.44,36.76,36.11,36.2,29913153
DIS.US,2022-11-01,107.7,108.84,105.64,106.0,7955761
PG.US,2022-11-01,134.7,136.28,133.84,134.88,6428377
0857.HK,2022-11-02,3.04,3.13,3.01,3.1,122777051
2318.HK,2022-11-02,32.55,33.5,32.05,33.3,33452365
2628.HK,2022-11-02,8.84,9.07,8.79,9.04,21480942
2899.HK,2022-11-02,7.89,8.09,7.82,8.06,22239370
3968.HK,2022-11-02,27.95,29.0,27.75,28.5,18093241
BAC.US,2022-11-02,36.07,37.28,35.95,36.09,57380608
DIS.US,2022-11-02,105.45,106.08,101.79,101.82,9591406
PG.US,2022-11-02,134.72,136.54,132.81,132.94,7326827
0857.HK,2022-11-03,3.1,3.16,3.08,3.11,102119863
2318.HK,2022-11-03,32.75,33.0,31.7,31.9,31288109
2628.HK,2022-11-03,8.82,9.0,8.74,8.78,38528055
2899.HK,2022-11-03,7.77,7.88,7.7,7.85,27974922
3968.HK,2022-11-03,28.05,28.6,27.2,27.8,17995945
BAC.US,2022-11-03,35.7,36.14,35.41,35.89,30046473
DIS.US,2022-11-03,100.2,100.7,98.56,99.25,8978373
PG.US,2022-11-03,131.73,132.64,130.96,132.03,5204163
0857.HK,2022-11-04,3.12,3.23,3.09,3.18,108753918
2318.HK,2022-11-04,32.1,35.05,32.1,34.65,72105351
2628.HK,2022-11-04,8.85,9.52,8.81,9.41,43571705
2899.HK,2022-11-04,7.88,8.23,7.8,8.09,34598904
3968.HK,2022-11-04,27.8,29.9,27.8,29.35,22364674
BAC.US,2022-11-04,36.5,37.0,36.22,36.79,39369359
DIS.US,2022-11-04,101.15,101.16,98.11,99.58,11035804
PG.US,2022-11-04,133.32,135.0,132.52,134.44,5555471
0857.HK,2022-11-07,3.19,3.35,3.18,3.31,122568796
2318.HK,2022-11-07,34.7,37.05,34.45,36.8,71677727
2628.HK,2022-11-07,9.44,9.73,9.36,9.66,25505596
2899.HK,2022-11-07,8.65,9.09,8.57,8.92,89299766
3968.HK,2022-11-07,28.75,30.6,28.75,30.3,28975615
BAC.US,2022-11-07,37.01,37.34,36.73,37.01,37533674
DIS.US,2022-11-07,100.88,101.56,98.99,100.43,11355242
PG.US,2022-11-07,135.35,137.19,135.06,136.5,6746778
0857.HK,2022-11-08,3.34,3.38,3.31,3.33,58226053
2318.HK,2022-11-08,37.0,37.0,35.8,36.1,37535697
2628.HK,2022-11-08,9.7,9.77,9.54,9.65,21151397
2899.HK,2022-11-08,8.92,9.02,8.78,8.93,30087483
3968.HK,2022-11-08,30.7,30.7,29.75,30.2,12708375
BAC.US,2022-11-08,37.09,37.43,36.75,37.11,32664337
DIS.US,2022-11-08,100.74,101.97,98.05,99.9,27130263
PG.US,2022-11-08,136.82,137.52,135.8,136.81,5266204
0857.HK,2022-11-09,3.33,3.36,3.26,3.3,55804591
2318.HK,2022-11-09,35.85,36.45,35.05,35.45,31787862
2628.HK,2022-11-09,9.65,9.75,9.54,9.62,19421547
2899.HK,2022-11-09,9.11,9.45,9.11,9.19,57953381
3968.HK,2022-11-09,30.25,30.8,29.8,30.2,12211934
BAC.US,2022-11-09,36.88,36.96,36.39,36.52,30164384
DIS.US,2022-11-09,90.55,91.1,86.28,86.75,62029828
PG.US,2022-11-09,136.87,137.97,136.34,136.48,5690881
0857.HK,2022-11-10,3.21,3.26,3.14,3.25,140359878
2318.HK,2022-11-10,34.75,34.9,34.35,34.75,22335655
2628.HK,2022-11-10,9.5,9.51,9.39,9.49,13324238
2899.HK,2022-11-10,9.02,9.15,8.92,9.08,32009513
3968.HK,2022-11-10,30.1,30.1,29.1,29.35,12669675
BAC.US,2022-11-10,37.3,38.22,37.14,38.13,45702792
DIS.US,2022-11-10,89.75,90.5,87.61,90.46,36968128
PG.US,2022-11-10,139.46,141.63,138.2,141.18,8068902
0857.HK,2022-11-11,3.33,3.34,3.27,3.31,105692490
2318.HK,2022-11-11,37.0,39.45,36.6,39.45,70560459
2628.HK,2022-11-11,9.9,10.2,9.79,10.16,52533351
2899.HK,2022-11-11,9.81,10.1,9.72,10.08,113811360
3968.HK,2022-11-11,31.15,33.55,30.95,33.45,43383316
BAC.US,2022-11-11,38.19,38.6,37.97,38.41,35688704
DIS.US,2022-11-11,91.58,95.58,91.1,95.01,22373294
PG.US,2022-11-11,141.2,141.63,139.11,140.97,7175228
0857.HK,2022-11-14,3.36,3.41,3.33,3.36,130130851
2318.HK,2022-11-14,42.9,42.95,41.1,41.9,96173258
2628.HK,2022-11-14,10.8,10.8,10.42,10.52,56351473
2899.HK,2022-11-14,10.48,10.5,9.94,10.1,63454088
3968.HK,2022-11-14,35.6,37.4,35.3,35.95,92534231
BAC.US,2022-11-14,38.09,38.26,37.75,37.76,35541395
DIS.US,2022-11-14,95.85,96.62,94.21,94.28,20505724
PG.US,2022-11-14,140.51,143.56,140.26,140.98,8516206
0857.HK,2022-11-15,3.37,3.43,3.34,3.39,109417065
2318.HK,2022-11-15,42.5,44.2,42.0,44.15,77359850
2628.HK,2022-11-15,10.6,10.84,10.52,10.8,34795143
2899.HK,2022-11-15,10.1,10.36,9.9,10.34,45746683
3968.HK,2022-11-15,36.4,37.3,36.15,36.9,42384725
BAC.US,2022-11-15,38.19,38.3,37.3,37.7,46082834
DIS.US,2022-11-15,96.0,97.18,93.7,95.51,15801913
PG.US,2022-11-15,142.09,143.2,139.7,140.49,7732354
0857.HK,2022-11-16,3.39,3.49,3.37,3.42,130349230
2318.HK,2022-11-16,44.5,44.5,43.5,44.45,64946586
2628.HK,2022-11-16,10.64,10.72,10.44,10.52,32293048
2899.HK,2022-11-16,10.3,10.4,10.14,10.28,45868932
3968.HK,2022-11-16,36.5,37.75,36.3,37.25,49697716
BAC.US,2022-11-16,37.61,37.74,37.2,37.36,23813033
DIS.US,2022-11-16,95.22,95.22,93.72,93.95,11137672
PG.US,2022-11-16,141.5,142.91,140.98,141.74,6193736
0857.HK,2022-11-17,3.39,3.44,3.36,3.38,77039379
2318.HK,2022-11-17,43.8,44.15,41.9,44.1,53548573
2628.HK,2022-11-17,10.34,10.72,10.24,10.62,35976631
2899.HK,2022-11-17,10.22,10.24,9.72,9.84,61786712
3968.HK,2022-11-17,36.75,37.15,34.7,35.45,50766127
BAC.US,2022-11-17,36.88,37.2,36.56,37.17,23693419
DIS.US,2022-11-17,92.12,92.27,90.85,91.45,12306389
PG.US,2022-11-17,141.11,141.69,139.86,140.87,5189514
0857.HK,2022-11-18,3.39,3.39,3.32,3.36,74150439
2318.HK,2022-11-18,44.0,44.0,42.1,42.45,35609312
2628.HK,2022-11-18,10.58,10.62,10.44,10.52,18507115
2899.HK,2022-11-18,9.78,9.89,9.6,9.81,46707900
3968.HK,2022-11-18,35.75,35.8,34.25,34.55,24377339
BAC.US,2022-11-18,37.79,37.85,36.92,37.19,32041751
DIS.US,2022-11-18,92.86,93.16,90.91,91.8,10011730
PG.US,2022-11-18,141.92,142.76,141.27,142.57,5671628
0857.HK,2022-11-21,3.31,3.33,3.26,3.32,68703280
2318.HK,2022-11-21,41.5,41.5,40.05,41.15,33588039
2628.HK,2022-11-21,10.3,10.38,10.16,10.36,19788109
2899.HK,2022-11-21,9.6,9.64,9.31,9.45,31264317
3968.HK,2022-11-21,33.65,34.55,33.1,34.3,19306118
BAC.US,2022-11-21,37.09,37.52,37.06,37.31,27935743
DIS.US,2022-11-21,100.12,100.89,96.32,97.58,70273509
PG.US,2022-11-21,143.06,145.19,142.83,144.38,6377188
0857.HK,2022-11-22,3.34,3.44,3.34,3.4,93964103
2318.HK,2022-11-22,41.15,42.0,40.85,41.35,27896519
2628.HK,2022-11-22,10.4,10.8,10.34,10.76,47544038
2899.HK,2022-11-22,9.42,9.75,9.42,9.51,25199764
3968.HK,2022-11-22,34.5,35.1,34.0,34.55,17224774
BAC.US,2022-11-22,37.59,37.8,37.43,37.49,23499319
DIS.US,2022-11-22,97.0,97.67,94.68,96.21,25753736
PG.US,2022-11-22,145.43,145.79,144.84,145.62,5372884
0857.HK,2022-11-23,3.43,3.49,3.41,3.43,77493119
2318.HK,2022-11-23,41.35,42.4,41.2,41.8,23050040
2628.HK,2022-11-23,10.72,11.0,10.62,10.84,44636824
2899.HK,2022-11-23,9.55,9.77,9.55,9.64,22759839
3968.HK,2022-11-23,34.75,35.1,34.35,34.75,11983526
BAC.US,2022-11-23,37.49,37.66,37.37,37.61,18934684
DIS.US,2022-11-23,96.0,99.34,95.78,98.88,15503232
PG.US,2022-11-23,145.9,146.63,145.57,146.45,4296014
0857.HK,2022-11-24,3.38,3.45,3.38,3.42,42611451
2318.HK,2022-11-24,42.25,42.6,41.9,42.55,21281846
2628.HK,2022-11-24,10.98,11.02,10.86,10.94,22416455
2899.HK,2022-11-24,9.79,9.99,9.7,9.85,26081482
3968.HK,2022-11-24,34.85,35.65,34.8,35.45,18170633
0857.HK,2022-11-25,3.45,3.49,3.42,3.45,60339248
2318.HK,2022-11-25,42.55,43.95,42.2,43.85,30453567
2628.HK,2022-11-25,10.98,11.24,10.84,11.22,31881953
2899.HK,2022-11-25,9.85,10.04,9.8,9.95,22602203
3968.HK,2022-11-25,35.5,36.25,35.1,36.25,18506862
BAC.US,2022-11-25,37.72,37.87,37.56,37.7,16118501
DIS.US,2022-11-25,98.81,99.81,98.08,98.87,6664281
PG.US,2022-11-25,146.79,147.2,146.4,146.72,2411113
0857.HK,2022-11-28,3.41,3.42,3.35,3.39,66867721
2318.HK,2022-11-28,42.05,42.05,40.35,41.85,46328302
2628.HK,2022-11-28,10.9,10.94,10.6,10.76,33077402
2899.HK,2022-11-28,9.56,9.78,9.38,9.74,40741297
3968.HK,2022-11-28,34.15,35.3,33.35,35.0,25539740
BAC.US,2022-11-28,37.4,37.66,36.83,36.86,35446544
DIS.US,2022-11-28,98.21,99.13,95.43,95.69,13668653
PG.US,2022-11-28,146.39,147.34,146.14,146.6,6628288
0857.HK,2022-11-29,3.44,3.5,3.41,3.48,105773123
2318.HK,2022-11-29,43.0,47.4,43.0,47.25,96954957
2628.HK,2022-11-29,10.94,11.66,10.94,11.64,77158436
2899.HK,2022-11-29,9.72,10.04,9.64,10.0,33913864
3968.HK,2022-11-29,36.0,38.6,36.0,38.3,49131975
BAC.US,2022-11-29,36.98,37.15,36.72,37.0,27048797
DIS.US,2022-11-29,96.0,96.43,93.92,94.69,13205327
PG.US,2022-11-29,145.75,146.06,144.53,145.48,5634161
0857.HK,2022-11-30,3.47,3.56,3.45,3.54,192258349
2318.HK,2022-11-30,47.25,48.0,46.55,47.75,79715289
2628.HK,2022-11-30,11.6,11.88,11.5,11.86,72560069
2899.HK,2022-11-30,10.1,10.16,9.9,10.14,32655308
3968.HK,2022-11-30,38.2,39.3,37.8,39.2,43074269
BAC.US,2022-11-30,36.9,37.85,36.2,37.85,51747855
DIS.US,2022-11-30,94.95,97.94,93.87,97.87,15368108
PG.US,2022-11-30,145.65,149.16,145.13,149.16,12396781
0857.HK,2022-12-01,3.56,3.6,3.47,3.5,106954460
2318.HK,2022-12-01,49.35,50.0,47.35,47.55,48325221
2628.HK,2022-12-01,12.1,12.34,11.78,11.86,66286918
2899.HK,2022-12-01,10.5,10.86,10.32,10.6,61511485
3968.HK,2022-12-01,40.3,40.6,38.9,39.05,28927496
BAC.US,2022-12-01,37.5,37.69,36.4,36.55,46213201
DIS.US,2022-12-01,97.87,98.84,96.58,98.59,13855680
PG.US,2022-12-01,149.53,150.36,148.57,149.25,6927461
0857.HK,2022-12-02,3.5,3.57,3.43,3.57,365036730
2318.HK,2022-12-02,47.55,47.8,46.3,46.8,37282518
2628.HK,2022-12-02,11.74,11.9,11.64,11.82,38060414
2899.HK,2022-12-02,10.8,10.86,10.44,10.58,33325854
3968.HK,2022-12-02,39.3,39.6,38.05,38.5,15404897
BAC.US,2022-12-02,36.06,36.29,35.81,36.08,42295326
DIS.US,2022-12-02,97.46,99.69,97.01,99.43,12608101
PG.US,2022-12-02,148.47,150.77,148.08,150.61,4938278
0857.HK,2022-12-05,3.57,3.65,3.55,3.6,185201794
2318.HK,2022-12-05,48.8,53.1,48.15,52.95,102675588
2628.HK,2022-12-05,12.14,12.62,12.02,12.6,86739857
2899.HK,2022-12-05,10.82,11.04,10.72,10.98,36034879
3968.HK,2022-12-05,39.5,41.95,39.45,41.9,43226347
BAC.US,2022-12-05,35.81,35.89,34.14,34.47,71386649
DIS.US,2022-12-05,98.24,99.16,95.67,95.93,10764540
PG.US,2022-12-05,148.71,149.67,148.27,149.09,5402575
0857.HK,2022-12-06,3.55,3.59,3.5,3.58,88486354
2318.HK,2022-12-06,51.6,52.05,50.1,51.65,73352584
2628.HK,2022-12-06,12.4,12.5,12.1,12.3,32120461
2899.HK,2022-12-06,10.8,11.04,10.76,10.94,27396844
3968.HK,2022-12-06,41.25,41.3,40.0,40.9,27567057
BAC.US,2022-12-06,34.57,34.68,32.41,33.0,84085689
DIS.US,2022-12-06,95.73,96.0,91.98,92.29,11492365
PG.US,2022-12-06,149.72,150.08,148.28,149.28,6866696
0857.HK,2022-12-07,3.57,3.57,3.46,3.49,121602129
2318.HK,2022-12-07,51.5,51.9,49.05,49.1,69557276
2628.HK,2022-12-07,12.3,12.36,11.84,11.86,55084473
2899.HK,2022-12-07,10.84,10.98,10.42,10.44,33314558
3968.HK,2022-12-07,40.95,41.45,39.05,39.15,24117437
BAC.US,2022-12-07,32.59,32.92,32.35,32.74,49234137
DIS.US,2022-12-07,92.66,92.79,91.26,92.15,10353416
PG.US,2022-12-07,149.01,150.43,149.01,150.24,6175459
0857.HK,2022-12-08,3.48,3.53,3.45,3.46,79431190
2318.HK,2022-12-08,49.25,51.65,49.25,51.45,39187167
2628.HK,2022-12-08,11.96,12.26,11.94,12.14,39339247
2899.HK,2022-12-08,10.5,10.82,10.5,10.68,42305190
3968.HK,2022-12-08,39.6,40.55,39.55,40.3,15060288
BAC.US,2022-12-08,32.97,32.99,32.18,32.44,45491146
DIS.US,2022-12-08,92.5,93.43,91.67,92.55,9351229
PG.US,2022-12-08,149.46,151.38,149.01,151.32,5187058
0857.HK,2022-12-09,3.44,3.49,3.43,3.47,110197497
2318.HK,2022-12-09,51.45,52.95,51.2,52.75,58059903
2628.HK,2022-12-09,12.2,12.4,12.12,12.4,36993329
2899.HK,2022-12-09,10.74,11.3,10.74,11.26,31392938
3968.HK,2022-12-09,41.0,42.45,41.0,42.3,32265901
BAC.US,2022-12-09,32.11,32.6,32.08,32.38,36985545
DIS.US,2022-12-09,92.37,94.91,91.9,93.38,10111877
PG.US,2022-12-09,150.7,151.95,150.22,150.92,5868231
0857.HK,2022-12-12,3.43,3.51,3.42,3.5,79929266
2318.HK,2022-12-12,51.95,52.0,50.1,50.35,32128581
2628.HK,2022-12-12,12.3,12.32,12.08,12.16,23564311
2899.HK,2022-12-12,11.04,11.08,10.66,10.7,28041779
3968.HK,2022-12-12,41.95,42.15,40.9,41.25,18347894
BAC.US,2022-12-12,32.31,32.78,32.06,32.73,41060489
DIS.US,2022-12-12,93.73,94.66,92.61,94.66,14140682
PG.US,2022-12-12,151.22,152.56,151.04,152.47,6142366
0857.HK,2022-12-13,3.5,3.51,3.47,3.48,75051225
2318.HK,2022-12-13,50.45,51.55,50.45,50.95,35069160
2628.HK,2022-12-13,12.28,12.28,12.02,12.08,20809467
2899.HK,2022-12-13,10.6,10.84,10.6,10.72,19489324
3968.HK,2022-12-13,41.15,41.55,40.6,41.05,15534884
BAC.US,2022-12-13,33.55,33.67,32.57,32.75,54804802
DIS.US,2022-12-13,96.49,97.39,93.57,94.7,22882080
PG.US,2022-12-13,153.41,154.23,150.79,152.24,7680599
0857.HK,2022-12-14,3.52,3.58,3.5,3.54,97338822
2318.HK,2022-12-14,51.9,51.9,50.35,50.8,31017646
2628.HK,2022-12-14,12.26,12.26,11.9,12.0,27145936
2899.HK,2022-12-14,10.96,11.12,10.82,10.86,25193157
3968.HK,2022-12-14,41.95,42.6,41.45,42.3,31990371
BAC.US,2022-12-14,32.8,33.0,32.16,32.28,48819481
DIS.US,2022-12-14,94.54,95.47,92.62,94.15,11505449
PG.US,2022-12-14,152.79,154.44,152.17,152.84,7385563
0857.HK,2022-12-15,3.54,3.59,3.51,3.56,55611637
2318.HK,2022-12-15,50.75,51.4,49.4,49.9,37282854
2628.HK,2022-12-15,12.0,12.1,11.8,11.94,33857837
2899.HK,2022-12-15,10.86,10.94,10.58,10.74,19920809
3968.HK,2022-12-15,41.95,42.5,41.0,41.5,16008751
BAC.US,2022-12-15,31.75,31.99,31.49,31.77,49027584
DIS.US,2022-12-15,92.47,93.12,90.12,90.49,15957669
PG.US,2022-12-15,151.72,152.0,149.74,151.11,7117943
0857.HK,2022-12-16,3.58,3.58,3.53,3.55,80523969
2318.HK,2022-12-16,49.9,51.6,49.8,51.0,33531772
2628.HK,2022-12-16,11.94,12.32,11.84,12.22,45069649
2899.HK,2022-12-16,10.62,10.8,10.52,10.7,47519967
3968.HK,2022-12-16,42.05,42.75,41.5,42.5,26392588
BAC.US,2022-12-16,31.62,31.93,31.35,31.7,61795197
DIS.US,2022-12-16,90.19,91.08,88.81,90.08,26383881
PG.US,2022-12-16,150.36,151.07,149.02,150.44,19966410
0857.HK,2022-12-19,3.55,3.58,3.48,3.51,69271079
2318.HK,2022-12-19,50.9,51.75,49.35,49.9,22882399
2628.HK,2022-12-19,12.26,12.34,11.94,12.04,21289031
2899.HK,2022-12-19,10.74,10.84,10.4,10.6,19149333
3968.HK,2022-12-19,42.6,42.95,41.7,42.1,17489113
BAC.US,2022-12-19,31.76,32.23,31.73,32.06,38374105
DIS.US,2022-12-19,89.44,89.46,85.41,85.78,19225289
PG.US,2022-12-19,150.22,151.38,149.24,150.4,5881793
0857.HK,2022-12-20,3.51,3.52,3.47,3.49,48796478
2318.HK,2022-12-20,49.3,49.65,48.1,49.1,22328766
2628.HK,2022-12-20,11.96,12.02,11.86,12.0,22247608
2899.HK,2022-12-20,10.44,10.56,10.22,10.36,18260704
3968.HK,2022-12-20,41.6,41.9,40.7,41.25,27547107
BAC.US,2022-12-20,32.4,32.58,32.14,32.19,35561072
DIS.US,2022-12-20,86.08,87.84,85.76,87.02,14918400
PG.US,2022-12-20,149.32,150.9,149.27,150.46,5646275
0857.HK,2022-12-21,3.49,3.51,3.46,3.5,33910427
2318.HK,2022-12-21,49.25,50.1,48.95,49.85,21560658
2628.HK,2022-12-21,12.04,12.24,12.0,12.2,26643640
2899.HK,2022-12-21,10.56,10.86,10.5,10.7,18433390
3968.HK,2022-12-21,41.45,41.9,41.25,41.9,12701788
BAC.US,2022-12-21,32.52,32.87,32.41,32.68,32543963
DIS.US,2022-12-21,87.19,88.1,86.48,86.92,11004832
PG.US,2022-12-21,150.75,152.63,150.72,151.84,5024739
0857.HK,2022-12-22,3.54,3.58,3.52,3.55,82142043
2318.HK,2022-12-22,51.0,51.0,50.15,50.5,28974097
2628.HK,2022-12-22,12.34,12.54,12.32,12.48,41757257
2899.HK,2022-12-22,10.8,10.82,10.58,10.64,11757120
3968.HK,2022-12-22,42.25,42.65,41.85,42.2,9876574
BAC.US,2022-12-22,32.52,32.58,31.87,32.39,30234425
DIS.US,2022-12-22,86.03,86.73,84.69,86.67,15487370
PG.US,2022-12-22,151.13,152.41,150.88,152.19,5905909
0857.HK,2022-12-23,3.51,3.57,3.5,3.52,44684030
2318.HK,2022-12-23,50.35,50.9,49.75,50.45,18858935
2628.HK,2022-12-23,12.28,12.64,12.28,12.56,19884138
2899.HK,2022-12-23,10.62,10.62,10.38,10.46,11079000
3968.HK,2022-12-23,41.65,42.3,41.0,41.65,16844582
BAC.US,2022-12-23,32.4,32.58,32.19,32.47,21378584
DIS.US,2022-12-23,86.06,88.07,85.77,88.01,11171606
PG.US,2022-12-23,152.31,152.92,151.67,152.62,3401860
BAC.US,2022-12-27,32.5,32.67,32.28,32.53,22776092
DIS.US,2022-12-27,87.42,87.94,85.96,86.37,11561448
PG.US,2022-12-27,152.7,154.32,152.66,153.95,4215100
0857.HK,2022-12-28,3.57,3.67,3.56,3.61,92639111
2318.HK,2022-12-28,50.85,52.05,50.8,51.25,34303984
2628.HK,2022-12-28,12.68,13.2,12.62,13.06,58576594
2899.HK,2022-12-28,10.58,10.82,10.52,10.74,19435890
3968.HK,2022-12-28,42.2,43.95,42.0,43.3,22847460
BAC.US,2022-12-28,32.57,32.97,32.54,32.77,30541004
DIS.US,2022-12-28,86.08,86.69,84.07,84.17,12399508
PG.US,2022-12-28,154.28,154.65,151.9,151.96,4197560
0857.HK,2022-12-29,3.6,3.6,3.53,3.56,55877756
2318.HK,2022-12-29,50.8,50.85,48.9,50.7,33101762
2628.HK,2022-12-29,12.94,13.06,12.76,13.06,34469592
2899.HK,2022-12-29,10.58,10.72,10.46,10.5,13966955
3968.HK,2022-12-29,41.8,43.2,41.8,43.2,16712813
BAC.US,2022-12-29,32.89,33.16,32.75,33.14,22252908
DIS.US,2022-12-29,85.25,88.24,84.97,87.18,13045069
PG.US,2022-12-29,152.81,153.24,152.14,152.59,3809088
0857.HK,2022-12-30,3.59,3.62,3.56,3.57,42505769
2318.HK,2022-12-30,51.2,52.75,51.15,51.65,31803365
2628.HK,2022-12-30,13.32,13.46,13.18,13.4,51219999
2899.HK,2022-12-30,10.64,10.7,10.58,10.58,17104725
3968.HK,2022-12-30,44.0,44.0,43.35,43.65,21869526
BAC.US,2022-12-30,33.1,33.3,32.86,33.12,28198915
DIS.US,2022-12-30,85.73,87.12,85.23,86.88,23230967
PG.US,2022-12-30,152.43,152.68,150.44,151.56,4532157
0857.HK,2023-01-03,3.55,3.64,3.51,3.6,56950573
2318.HK,2023-01-03,51.0,53.0,50.4,52.85,36929088
2628.HK,2023-01-03,13.12,13.84,13.12,13.66,48934360
2899.HK,2023-01-03,10.5,11.32,10.5,11.24,32004529
3968.HK,2023-01-03,42.65,44.55,42.1,44.5,23141477
BAC.US,2023-01-03,33.23,34.09,33.21,33.51,35221501
DIS.US,2023-01-03,88.98,89.97,87.83,88.97,14997142
PG.US,2023-01-03,150.95,151.71,149.12,151.57,6447341
0857.HK,2023-01-04,3.6,3.62,3.56,3.6,63603042
2318.HK,2023-01-04,53.25,55.75,52.95,55.7,47876092
2628.HK,2023-01-04,13.8,14.24,13.72,14.2,67261149
2899.HK,2023-01-04,11.18,11.3,10.88,11.14,21147662
3968.HK,2023-01-04,44.95,46.2,44.5,46.15,27381100
BAC.US,2023-01-04,33.9,34.82,33.83,34.14,41998548
DIS.US,2023-01-04,90.0,92.75,89.36,91.98,14957213
PG.US,2023-01-04,151.99,153.39,151.23,152.23,7313373
0857.HK,2023-01-05,3.59,3.59,3.53,3.58,76744715
2318.HK,2023-01-05,56.4,56.55,54.8,55.4,44636366
2628.HK,2023-01-05,14.4,14.4,13.86,13.94,48651464
2899.HK,2023-01-05,11.26,11.5,11.22,11.34,39560177
3968.HK,2023-01-05,46.7,46.7,45.4,45.7,24865039
BAC.US,2023-01-05,33.92,34.14,33.58,34.07,34177048
DIS.US,2023-01-05,91.66,92.48,90.51,91.92,11622620
PG.US,2023-01-05,152.21,152.48,150.13,150.34,5373998
0857.HK,2023-01-06,3.61,3.61,3.57,3.59,41181330
2318.HK,2023-01-06,56.2,57.0,55.5,56.35,46524915
2628.HK,2023-01-06,14.06,14.06,13.82,13.94,37638113
2899.HK,2023-01-06,11.54,11.54,11.18,11.34,26054429
3968.HK,2023-01-06,46.15,46.25,45.0,45.9,21056180
BAC.US,2023-01-06,34.09,34.58,33.54,34.41,34068731
DIS.US,2023-01-06,92.66,94.69,91.32,93.92,9828145
PG.US,2023-01-06,151.85,154.46,151.75,153.92,7882208
0857.HK,2023-01-09,3.62,3.62,3.58,3.6,61835877
2318.HK,2023-01-09,57.1,59.15,56.8,58.55,52263238
2628.HK,2023-01-09,14.06,14.44,14.06,14.34,47372482
2899.HK,2023-01-09,11.62,12.5,11.62,12.5,59947860
3968.HK,2023-01-09,46.5,46.95,45.75,46.85,21439809
BAC.US,2023-01-09,34.75,34.76,33.71,33.89,43818820
DIS.US,2023-01-09,94.43,95.7,93.45,94.77,11675842
PG.US,2023-01-09,153.44,154.8,152.0,152.04,5727156
0857.HK,2023-01-10,3.62,3.65,3.57,3.58,68743826
2318.HK,2023-01-10,59.35,59.35,56.7,56.75,42527119
2628.HK,2023-01-10,14.38,14.46,14.14,14.24,32519083
2899.HK,2023-01-10,12.4,12.56,12.24,12.42,28972861
3968.HK,2023-01-10,47.15,47.15,46.15,46.25,16136987
BAC.US,2023-01-10,33.74,34.27,33.64,34.12,35096022
DIS.US,2023-01-10,94.28,95.64,93.82,95.56,6914633
PG.US,2023-01-10,152.1,152.7,150.94,151.89,4716522
0857.HK,2023-01-11,3.58,3.64,3.56,3.61,104442648
2318.HK,2023-01-11,57.65,59.6,57.3,58.75,66201098
2628.HK,2023-01-11,14.3,14.96,14.28,14.8,74588923
2899.HK,2023-01-11,12.5,12.72,12.36,12.46,30655230
3968.HK,2023-01-11,46.4,47.4,46.15,46.6,18957373
BAC.US,2023-01-11,34.12,34.44,34.0,34.38,36783730
DIS.US,2023-01-11,95.92,96.55,95.05,96.33,8757251
PG.US,2023-01-11,152.32,152.56,149.35,150.66,8691287
0857.HK,2023-01-12,3.63,3.79,3.63,3.75,235857735
2318.HK,2023-01-12,59.6,60.3,58.9,60.0,56867857
2628.HK,2023-01-12,14.88,15.0,14.74,14.86,55789178
2899.HK,2023-01-12,12.46,12.86,12.32,12.46,33088032
3968.HK,2023-01-12,47.4,47.4,46.4,47.1,17291320
BAC.US,2023-01-12,34.6,34.87,34.36,34.47,44230396
DIS.US,2023-01-12,98.5,100.63,97.57,99.81,19764324
PG.US,2023-01-12,151.7,151.73,149.52,149.81,7801586
0857.HK,2023-01-13,3.76,3.87,3.75,3.83,177551677
2318.HK,2023-01-13,60.0,62.2,59.8,62.15,50482568
2628.HK,2023-01-13,14.84,15.0,14.8,14.98,35227883
2899.HK,2023-01-13,12.54,12.76,12.32,12.48,41658501
3968.HK,2023-01-13,47.3,48.2,47.15,47.9,14874078
BAC.US,2023-01-13,34.2,35.39,33.09,35.23,89667817
DIS.US,2023-01-13,99.38,99.6,98.01,99.4,12230196
PG.US,2023-01-13,149.61,151.05,149.42,150.88,5535776
0857.HK,2023-01-16,3.84,3.94,3.83,3.88,142107432
2318.HK,2023-01-16,62.2,63.1,60.65,60.8,49041970
2628.HK,2023-01-16,14.9,15.34,14.86,14.9,44629323
2899.HK,2023-01-16,12.48,12.78,12.28,12.48,36716932
3968.HK,2023-01-16,48.7,50.2,48.5,48.9,33742524
0857.HK,2023-01-17,3.88,3.9,3.84,3.87,75792477
2318.HK,2023-01-17,60.85,60.85,58.9,59.35,43059896
2628.HK,2023-01-17,14.82,14.86,14.28,14.42,53320127
2899.HK,2023-01-17,12.3,12.36,11.88,12.12,45751367
3968.HK,2023-01-17,48.85,49.6,48.35,49.5,19794973
BAC.US,2023-01-17,34.69,34.83,34.15,34.52,56458394
DIS.US,2023-01-17,100.32,100.99,99.0,99.91,14914197
PG.US,2023-01-17,150.79,152.13,150.4,150.44,9611836
0857.HK,2023-01-18,3.89,3.92,3.84,3.92,94380118
2318.HK,2023-01-18,59.35,60.5,58.85,60.2,25015792
2628.HK,2023-01-18,14.42,14.76,14.42,14.68,32147843
2899.HK,2023-01-18,12.08,12.3,12.08,12.28,30895693
3968.HK,2023-01-18,49.4,49.75,48.45,48.7,24853643
BAC.US,2023-01-18,34.33,34.34,33.51,33.72,54517763
DIS.US,2023-01-18,100.28,101.13,98.72,99.04,11384536
PG.US,2023-01-18,149.66,149.93,146.04,146.41,10461183
0857.HK,2023-01-19,3.9,3.93,3.85,3.88,111894396
2318.HK,2023-01-19,60.15,60.65,59.8,60.45,20329213
2628.HK,2023-01-19,14.52,14.9,14.46,14.74,25053239
2899.HK,2023-01-19,12.34,12.62,12.28,12.58,27603307
3968.HK,2023-01-19,48.7,49.8,48.5,49.65,31172729
BAC.US,2023-01-19,33.29,33.55,32.89,33.23,42707120
DIS.US,2023-01-19,98.12,99.45,97.12,99.08,10973553
PG.US,2023-01-19,143.31,146.22,142.24,142.42,12683743
0857.HK,2023-01-20,3.94,4.05,3.93,4.02,180440539
2318.HK,2023-01-20,61.35,62.2,60.65,62.15,31762007
2628.HK,2023-01-20,14.9,15.06,14.86,15.02,29500975
2899.HK,2023-01-20,12.72,13.18,12.7,13.02,34294819
3968.HK,2023-01-20,49.8,50.8,49.6,50.65,22992042
BAC.US,2023-01-20,33.3,33.89,33.09,33.85,45004365
DIS.US,2023-01-20,100.34,103.59,99.3,103.48,14549879
PG.US,2023-01-20,142.32,143.15,140.15,142.97,8603327
BAC.US,2023-01-23,33.81,34.51,33.75,34.32,33683307
DIS.US,2023-01-23,103.29,105.95,102.92,105.69,11479075
PG.US,2023-01-23,143.36,143.7,140.69,141.05,7473056
BAC.US,2023-01-24,34.22,34.79,33.95,34.57,26716730
DIS.US,2023-01-24,105.39,108.44,102.0,106.0,8606723
PG.US,2023-01-24,140.69,142.38,139.81,141.82,6822541
BAC.US,2023-01-25,34.3,34.96,34.25,34.87,28859718
DIS.US,2023-01-25,104.96,108.16,104.18,108.12,10008035
PG.US,2023-01-25,140.39,141.75,138.73,141.72,6902580
0857.HK,2023-01-26,4.16,4.18,4.06,4.17,230656054
2318.HK,2023-01-26,63.25,64.8,62.95,64.75,43712601
2628.HK,2023-01-26,15.12,15.36,15.08,15.26,30160283
2899.HK,2023-01-26,13.2,13.5,12.96,13.36,22426835
3968.HK,2023-01-26,51.65,52.95,51.6,52.95,26975948
BAC.US,2023-01-26,35.05,35.35,34.79,35.34,30035463
DIS.US,2023-01-26,108.17,109.76,107.57,109.7,9204417
PG.US,2023-01-26,141.73,141.74,140.74,141.15,5398717
0857.HK,2023-01-27,4.19,4.22,4.14,4.2,115000443
2318.HK,2023-01-27,65.0,65.1,63.9,64.2,28626737
2628.HK,2023-01-27,15.26,15.26,14.94,15.16,18820979
2899.HK,2023-01-27,13.42,13.48,13.12,13.44,12214543
3968.HK,2023-01-27,52.95,53.45,52.3,52.7,17973868
BAC.US,2023-01-27,35.44,35.78,35.27,35.45,29964907
DIS.US,2023-01-27,109.26,110.58,109.16,109.54,10249678
PG.US,2023-01-27,141.07,141.36,139.3,140.57,6870791
0857.HK,2023-01-30,4.18,4.23,4.14,4.18,186595287
2318.HK,2023-01-30,63.9,64.15,60.55,60.9,60395574
2628.HK,2023-01-30,15.12,15.14,14.54,14.64,49278545
2899.HK,2023-01-30,13.26,13.3,12.7,12.76,67272814
3968.HK,2023-01-30,53.0,53.0,51.4,51.75,44171267
BAC.US,2023-01-30,35.21,35.56,35.18,35.3,27353495
DIS.US,2023-01-30,108.26,108.97,107.48,107.59,8548547
PG.US,2023-01-30,140.96,142.12,140.28,141.01,6369310
0857.HK,2023-01-31,4.18,4.24,4.15,4.17,189898977
2318.HK,2023-01-31,61.7,61.75,60.0,60.7,54744630
2628.HK,2023-01-31,14.68,14.74,14.22,14.4,45620319
2899.HK,2023-01-31,12.78,13.02,12.74,12.9,38859459
3968.HK,2023-01-31,52.7,52.7,50.3,50.85,33051702
BAC.US,2023-01-31,35.17,35.48,35.0,35.48,38917437
DIS.US,2023-01-31,107.58,108.72,107.45,108.49,8251663
PG.US,2023-01-31,141.23,142.47,140.76,142.38,9373412
0857.HK,2023-02-01,4.17,4.25,4.16,4.22,102640662
2318.HK,2023-02-01,62.0,62.0,60.0,61.65,40860902
2628.HK,2023-02-01,14.36,14.5,14.22,14.4,26741957
2899.HK,2023-02-01,13.08,13.46,12.94,13.4,30865775
3968.HK,2023-02-01,51.4,51.4,49.25,50.75,30174403
BAC.US,2023-02-01,35.2,36.26,35.11,35.92,44438726
DIS.US,2023-02-01,108.5,109.94,106.9,109.39,9975481
PG.US,2023-02-01,142.08,144.1,141.35,143.19,7207973
0857.HK,2023-02-02,4.23,4.23,4.16,4.21,63687829
2318.HK,2023-02-02,61.95,61.95,60.4,60.4,35580217
2628.HK,2023-02-02,14.44,14.5,14.02,14.1,29191903
2899.HK,2023-02-02,13.32,13.4,13.02,13.06,27401747
3968.HK,2023-02-02,51.0,51.0,49.4,50.05,20500300
BAC.US,2023-02-02,36.1,36.38,35.44,36.13,33729056
DIS.US,2023-02-02,110.67,113.53,109.69,113.21,13093205
PG.US,2023-02-02,142.17,142.71,141.21,142.17,6444253
0857.HK,2023-02-03,4.2,4.2,4.07,4.1,132912446
2318.HK,2023-02-03,59.5,59.95,57.35,57.9,49741765
2628.HK,2023-02-03,14.08,14.08,13.6,13.76,43407914
2899.HK,2023-02-03,12.94,12.98,12.7,12.92,31608298
3968.HK,2023-02-03,50.05,50.05,47.85,48.15,42585361
BAC.US,2023-02-03,36.02,36.76,35.9,36.43,37411682
DIS.US,2023-02-03,111.47,113.14,110.37,110.71,12472478
PG.US,2023-02-03,142.78,143.38,141.17,142.61,5993228
0857.HK,2023-02-06,4.06,4.08,4.02,4.07,85349162
2318.HK,2023-02-06,56.45,56.65,55.55,56.05,41934130
2628.HK,2023-02-06,13.44,13.52,13.28,13.46,41765385
2899.HK,2023-02-06,12.6,12.6,12.0,12.26,47124840
3968.HK,2023-02-06,47.15,47.15,45.85,46.4,27370536
BAC.US,2023-02-06,36.25,36.44,35.98,36.37,29463202
DIS.US,2023-02-06,110.17,110.43,108.53,109.87,11956540
PG.US,2023-02-06,142.01,142.64,141.01,141.4,6108342
0857.HK,2023-02-07,4.09,4.12,4.07,4.1,86083700
2318.HK,2023-02-07,56.4,57.75,56.2,57.05,24077635
2628.HK,2023-02-07,13.44,13.58,13.38,13.44,20885998
2899.HK,2023-02-07,12.2,12.48,12.18,12.32,33786637
3968.HK,2023-02-07,46.4,47.25,46.0,46.25,13991069
BAC.US,2023-02-07,36.17,37.0,36.13,36.77,44100247
DIS.US,2023-02-07,109.3,112.12,108.86,111.63,10843984
PG.US,2023-02-07,139.97,140.79,138.78,140.02,6278273
0857.HK,2023-02-08,4.11,4.17,4.11,4.12,70408737
2318.HK,2023-02-08,57.05,58.1,56.95,57.6,21675693
2628.HK,2023-02-08,13.36,13.58,13.36,13.5,17012788
2899.HK,2023-02-08,12.32,12.42,12.06,12.14,24938630
3968.HK,2023-02-08,46.7,47.5,46.4,46.9,17492158
BAC.US,2023-02-08,36.41,36.84,36.34,36.5,28032757
DIS.US,2023-02-08,112.2,113.33,110.29,111.78,27719920
PG.US,2023-02-08,139.06,139.54,138.41,138.57,7124028
0857.HK,2023-02-09,4.12,4.15,4.09,4.12,53741844
2318.HK,2023-02-09,57.0,59.3,57.0,59.15,32727642
2628.HK,2023-02-09,13.42,14.02,13.4,13.98,42428117
2899.HK,2023-02-09,12.0,12.22,11.96,12.16,28242664
3968.HK,2023-02-09,46.6,47.25,46.35,46.9,14282647
BAC.US,2023-02-09,36.27,36.35,35.56,35.72,35257061
DIS.US,2023-02-09,118.04,118.18,109.81,110.36,46137152
PG.US,2023-02-09,138.88,139.33,137.0,137.05,6547369
0857.HK,2023-02-10,4.1,4.13,4.08,4.1,59526250
2318.HK,2023-02-10,59.15,59.15,57.8,58.3,21168324
2628.HK,2023-02-10,13.86,13.98,13.52,13.6,23298355
2899.HK,2023-02-10,12.14,12.14,11.8,11.9,20606125
3968.HK,2023-02-10,47.1,47.1,45.9,46.35,12216904
BAC.US,2023-02-10,35.55,35.59,35.03,35.58,32898903
DIS.US,2023-02-10,108.96,109.74,107.21,108.06,15565987
PG.US,2023-02-10,136.95,138.3,135.83,138.26,8108919
0857.HK,2023-02-13,4.1,4.16,4.07,4.13,71274077
2318.HK,2023-02-13,58.05,58.35,57.0,58.05,20370406
2628.HK,2023-02-13,13.58,13.82,13.36,13.76,28486099
2899.HK,2023-02-13,11.9,12.1,11.72,12.0,12272488
3968.HK,2023-02-13,45.95,45.95,45.1,45.4,20377150
BAC.US,2023-02-13,35.48,35.78,35.39,35.65,29163863
DIS.US,2023-02-13,108.1,108.29,106.55,107.66,12341484
PG.US,2023-02-13,138.94,140.45,138.74,140.07,5081703
0857.HK,2023-02-14,4.15,4.17,4.1,4.13,67690207
2318.HK,2023-02-14,58.5,59.0,57.7,58.3,14383725
2628.HK,2023-02-14,13.76,14.16,13.76,14.0,28709357
2899.HK,2023-02-14,12.0,12.48,12.0,12.44,26482955
3968.HK,2023-02-14,45.8,46.3,45.4,45.75,11634003
BAC.US,2023-02-14,35.63,35.99,35.46,35.62,33625202
DIS.US,2023-02-14,106.82,108.44,105.82,107.66,10768102
PG.US,2023-02-14,140.14,140.24,138.62,139.28,5253455
0857.HK,2023-02-15,4.13,4.14,4.07,4.1,75240201
2318.HK,2023-02-15,58.3,58.55,56.3,56.7,28540504
2628.HK,2023-02-15,14.0,14.08,13.4,13.56,31916249
2899.HK,2023-02-15,12.5,12.66,12.16,12.28,28473153
3968.HK,2023-02-15,45.75,46.2,44.25,44.55,17677805
BAC.US,2023-02-15,35.32,35.61,35.16,35.56,23516510
DIS.US,2023-02-15,107.09,109.27,106.7,109.24,8163490
PG.US,2023-02-15,139.11,139.32,138.07,138.96,5530479
0857.HK,2023-02-16,4.13,4.16,4.09,4.12,62001031
2318.HK,2023-02-16,57.65,58.55,57.0,57.45,21450519
2628.HK,2023-02-16,13.72,13.86,13.58,13.66,16859000
2899.HK,2023-02-16,12.4,12.42,11.94,12.08,28888392
3968.HK,2023-02-16,45.1,45.6,44.4,44.7,13361103
BAC.US,2023-02-16,35.42,35.66,35.22,35.28,22681070
DIS.US,2023-02-16,107.55,108.02,105.7,105.83,9479922
PG.US,2023-02-16,137.39,138.2,136.55,137.14,7595656
0857.HK,2023-02-17,4.1,4.17,4.1,4.13,49200636
2318.HK,2023-02-17,57.5,57.95,56.65,57.05,15016744
2628.HK,2023-02-17,13.72,13.8,13.46,13.52,15240886
2899.HK,2023-02-17,12.18,12.4,12.06,12.16,11988172
3968.HK,2023-02-17,44.7,44.85,43.8,43.95,10089129
BAC.US,2023-02-17,35.08,35.39,34.75,35.35,28562699
DIS.US,2023-02-17,105.03,105.8,103.88,105.22,9492184
PG.US,2023-02-17,136.59,140.04,136.59,140.01,8034878
0857.HK,2023-02-20,4.12,4.19,4.12,4.17,67424262
2318.HK,2023-02-20,56.9,58.65,56.85,58.05,18037957
2628.HK,2023-02-20,13.46,14.16,13.46,14.1,30358776
2899.HK,2023-02-20,12.16,12.48,12.16,12.4,12026122
3968.HK,2023-02-20,43.7,45.95,43.7,45.75,17236046
0857.HK,2023-02-21,4.17,4.21,4.14,4.19,78621834
2318.HK,2023-02-21,57.95,58.4,57.0,57.35,23596391
2628.HK,2023-02-21,14.12,14.18,13.92,14.02,19539984
2899.HK,2023-02-21,12.54,13.04,12.42,12.82,42471552
3968.HK,2023-02-21,45.75,46.5,45.35,45.5,12381524
BAC.US,2023-02-21,34.91,35.05,34.27,34.52,37068852
DIS.US,2023-02-21,103.55,103.73,101.83,102.09,10648205
PG.US,2023-02-21,138.87,140.89,138.87,139.91,6899545
0857.HK,2023-02-22,4.19,4.22,4.14,4.15,81005364
2318.HK,2023-02-22,56.9,57.25,55.3,55.6,35991272
2628.HK,2023-02-22,14.02,14.02,13.76,13.8,17491618
2899.HK,2023-02-22,12.8,12.94,12.62,12.7,31315595
3968.HK,2023-02-22,45.65,45.95,44.3,44.55,19142684
BAC.US,2023-02-22,34.36,34.55,34.07,34.29,38550421
DIS.US,2023-02-22,101.33,102.56,101.09,101.68,9885101
PG.US,2023-02-22,139.98,141.58,139.88,140.5,6126346
0857.HK,2023-02-23,4.15,4.18,4.12,4.13,58928917
2318.HK,2023-02-23,55.75,56.95,55.55,55.9,20247191
2628.HK,2023-02-23,13.88,13.96,13.7,13.76,15445504
2899.HK,2023-02-23,12.72,12.8,12.58,12.7,16014608
3968.HK,2023-02-23,44.55,45.45,44.45,44.8,12299243
BAC.US,2023-02-23,34.4,34.6,33.86,34.26,28487971
DIS.US,2023-02-23,101.45,102.05,99.61,101.73,10974753
PG.US,2023-02-23,140.23,141.14,139.1,140.05,5835448
0857.HK,2023-02-24,4.13,4.18,4.11,4.12,79589027
2318.HK,2023-02-24,55.5,55.8,54.1,54.15,32396270
2628.HK,2023-02-24,13.68,13.8,13.44,13.5,25097270
2899.HK,2023-02-24,12.58,12.6,12.12,12.2,24925414
3968.HK,2023-02-24,44.7,44.75,43.6,43.8,12224962
BAC.US,2023-02-24,33.86,34.29,33.84,34.21,27046643
DIS.US,2023-02-24,99.53,100.43,98.96,100.3,8523000
PG.US,2023-02-24,138.93,139.43,138.08,139.26,5260669
0857.HK,2023-02-27,4.1,4.14,4.07,4.08,72112541
2318.HK,2023-02-27,53.75,54.3,53.15,53.5,25018383
2628.HK,2023-02-27,13.4,13.46,13.28,13.38,16818487
2899.HK,2023-02-27,11.84,12.08,11.76,11.84,34398247
3968.HK,2023-02-27,43.65,43.8,43.1,43.45,8200695
BAC.US,2023-02-27,34.45,34.69,34.17,34.21,30137549
DIS.US,2023-02-27,100.73,101.47,100.06,100.45,6641212
PG.US,2023-02-27,139.61,140.47,138.53,139.14,5821127
0857.HK,2023-02-28,4.12,4.12,4.02,4.02,119442145
2318.HK,2023-02-28,54.0,54.65,53.0,53.3,28520232
2628.HK,2023-02-28,13.6,13.66,13.24,13.3,32899455
2899.HK,2023-02-28,11.94,12.06,11.66,11.84,36043383
3968.HK,2023-02-28,42.45,43.95,42.45,42.5,23457389
BAC.US,2023-02-28,34.35,34.49,34.18,34.3,32620619
DIS.US,2023-02-28,100.45,100.75,99.57,99.61,8233743
PG.US,2023-02-28,138.45,138.59,137.28,137.56,6709913
0857.HK,2023-03-01,4.03,4.14,4.03,4.11,104919020
2318.HK,2023-03-01,53.5,57.75,53.5,57.5,42650882
2628.HK,2023-03-01,13.34,14.12,13.32,14.1,43525931
2899.HK,2023-03-01,11.88,12.58,11.88,12.54,37441617
3968.HK,2023-03-01,42.9,45.65,42.9,45.25,20636557
BAC.US,2023-03-01,34.15,34.49,33.98,34.14,29281552
DIS.US,2023-03-01,99.19,99.63,98.1,98.54,7898251
PG.US,2023-03-01,138.05,138.33,136.51,137.66,7101801
0857.HK,2023-03-02,4.11,4.2,4.09,4.15,105665710
2318.HK,2023-03-02,56.9,58.0,56.55,56.9,17659491
2628.HK,2023-03-02,14.06,14.3,13.94,14.18,33925734
2899.HK,2023-03-02,12.46,12.92,12.4,12.74,34610473
3968.HK,2023-03-02,44.75,45.1,43.8,43.9,21107405
BAC.US,2023-03-02,33.66,33.7,33.0,33.49,44623368
DIS.US,2023-03-02,97.74,99.29,97.42,98.92,7783130
PG.US,2023-03-02,138.0,140.43,137.78,139.93,5925013
0857.HK,2023-03-03,4.16,4.29,4.16,4.27,184716851
2318.HK,2023-03-03,57.55,57.9,56.85,57.2,15569291
2628.HK,2023-03-03,14.3,14.34,13.94,13.96,20140894
2899.HK,2023-03-03,12.86,12.86,12.52,12.7,13463513
3968.HK,2023-03-03,44.9,45.05,43.7,44.3,17962340
BAC.US,2023-03-03,33.65,34.29,33.65,34.16,39109090
DIS.US,2023-03-03,99.67,101.18,98.88,101.14,7434264
PG.US,2023-03-03,141.19,141.24,139.97,140.95,5259353
0857.HK,2023-03-06,4.24,4.36,4.24,4.31,135136030
2318.HK,2023-03-06,56.8,57.35,55.25,55.85,23384375
2628.HK,2023-03-06,13.72,13.94,13.7,13.86,18627312
2899.HK,2023-03-06,12.82,12.82,12.4,12.68,14199137
3968.HK,2023-03-06,43.8,45.1,42.15,42.45,30844200
BAC.US,2023-03-06,34.24,34.56,33.99,34.09,36646675
DIS.US,2023-03-06,101.61,102.7,100.49,100.66,6773261
PG.US,2023-03-06,140.73,141.14,139.94,140.35,4943248
0857.HK,2023-03-07,4.3,4.52,4.3,4.5,349860170
2318.HK,2023-03-07,55.2,57.15,54.6,55.5,26555463
2628.HK,2023-03-07,13.82,14.3,13.66,13.86,31351469
2899.HK,2023-03-07,12.54,12.74,12.4,12.54,19360501
3968.HK,2023-03-07,42.35,43.9,42.25,42.85,19634489
BAC.US,2023-03-07,33.85,33.9,32.8,33.0,52855294
DIS.US,2023-03-07,100.4,100.94,98.89,99.06,6951340
PG.US,2023-03-07,140.43,140.62,137.34,137.56,5606803
0857.HK,2023-03-08,4.42,4.49,4.39,4.48,186958742
2318.HK,2023-03-08,54.25,54.45,53.0,53.25,31011200
2628.HK,2023-03-08,13.68,13.72,13.48,13.58,18748305
2899.HK,2023-03-08,12.36,12.36,11.92,12.28,28000600
3968.HK,2023-03-08,42.0,42.15,40.8,40.9,21785584
BAC.US,2023-03-08,32.66,32.97,32.44,32.56,40045598
DIS.US,2023-03-08,99.0,99.62,98.3,99.3,5668738
PG.US,2023-03-08,137.2,137.69,136.6,137.58,5518821
0857.HK,2023-03-09,4.45,4.55,4.42,4.42,111619256
2318.HK,2023-03-09,53.25,53.75,52.15,52.35,29630632
2628.HK,2023-03-09,13.5,13.6,13.24,13.34,19502467
2899.HK,2023-03-09,12.26,12.3,11.86,11.92,23050900
3968.HK,2023-03-09,40.5,41.1,39.9,40.0,28547456
BAC.US,2023-03-09,32.29,32.39,30.31,30.54,112457859
DIS.US,2023-03-09,99.45,100.05,95.92,96.14,8275586
PG.US,2023-03-09,138.15,138.56,136.1,136.57,4467211
0857.HK,2023-03-10,4.37,4.43,4.27,4.32,145855181
2318.HK,2023-03-10,52.1,52.55,51.3,51.5,30699818
2628.HK,2023-03-10,13.18,13.26,12.92,12.98,36237863
2899.HK,2023-03-10,11.7,11.9,11.68,11.76,33545379
3968.HK,2023-03-10,39.15,40.4,39.15,39.7,21134103
BAC.US,2023-03-10,30.32,31.04,28.92,30.27,165330889
DIS.US,2023-03-10,95.6,95.9,92.83,93.57,13978845
PG.US,2023-03-10,136.95,137.99,136.35,137.19,5928003
0857.HK,2023-03-13,4.36,4.49,4.36,4.49,178933048
2318.HK,2023-03-13,51.35,52.9,51.3,52.2,30562003
2628.HK,2023-03-13,12.96,13.28,12.94,13.18,18524320
2899.HK,2023-03-13,11.94,12.8,11.94,12.6,39631349
3968.HK,2023-03-13,39.7,40.6,39.4,40.2,13717390
BAC.US,2023-03-13,28.92,29.72,27.87,28.51,218403265
DIS.US,2023-03-13,91.89,94.02,90.46,92.6,11915321
PG.US,2023-03-13,137.05,141.32,137.05,138.14,8337075
0857.HK,2023-03-14,4.43,4.45,4.27,4.32,156399294
2318.HK,2023-03-14,52.0,52.1,50.4,50.7,30501713
2628.HK,2023-03-14,13.18,13.18,12.56,12.64,36703125
2899.HK,2023-03-14,12.9,13.26,12.52,12.62,32340205
3968.HK,2023-03-14,40.0,40.25,39.2,39.4,11612398
BAC.US,2023-03-14,29.99,30.09,28.47,28.76,154255805
DIS.US,2023-03-14,94.0,94.3,92.34,93.36,10323627
PG.US,2023-03-14,138.29,140.11,137.4,139.85,9219678
0857.HK,2023-03-15,4.32,4.38,4.25,4.36,145242685
2318.HK,2023-03-15,51.7,52.95,51.7,52.25,23258780
2628.HK,2023-03-15,12.74,13.2,12.74,13.08,27903459
2899.HK,2023-03-15,12.66,12.72,12.4,12.42,24700440
3968.HK,2023-03-15,39.85,41.25,39.85,40.65,10890064
BAC.US,2023-03-15,27.88,28.56,27.68,28.49,131104413
DIS.US,2023-03-15,91.63,93.36,91.41,93.1,9543836
PG.US,2023-03-15,138.81,142.15,138.81,141.83,8823491
0857.HK,2023-03-16,4.25,4.27,4.11,4.19,348860988
2318.HK,2023-03-16,50.1,51.1,49.85,50.5,51226284
2628.HK,2023-03-16,12.82,12.96,12.7,12.82,20064182
2899.HK,2023-03-16,12.22,12.36,11.8,11.9,31861319
3968.HK,2023-03-16,39.7,40.45,39.6,39.95,10701837
BAC.US,2023-03-16,28.38,29.47,28.11,28.97,108449495
DIS.US,2023-03-16,92.67,94.56,91.89,94.29,9946678
PG.US,2023-03-16,141.94,143.12,141.61,142.89,7063643
0857.HK,2023-03-17,4.19,4.44,4.17,4.39,249998161
2318.HK,2023-03-17,51.15,52.65,50.95,51.6,44435564
2628.HK,2023-03-17,12.88,13.34,12.88,13.2,41442719
2899.HK,2023-03-17,11.96,12.18,11.88,12.04,47786776
3968.HK,2023-03-17,40.7,41.25,40.15,40.4,18994361
BAC.US,2023-03-17,28.66,28.66,27.62,27.82,130665529
DIS.US,2023-03-17,94.05,94.27,92.91,93.2,12943192
PG.US,2023-03-17,142.5,143.39,141.53,142.93,16018761
0857.HK,2023-03-20,4.33,4.39,4.23,4.27,159532127
2318.HK,2023-03-20,51.05,51.65,49.75,50.05,42755952
2628.HK,2023-03-20,13.18,13.24,12.92,12.96,21407165
2899.HK,2023-03-20,12.34,12.64,12.34,12.52,43399512
3968.HK,2023-03-20,40.2,40.6,39.3,39.6,14294952
BAC.US,2023-03-20,28.24,28.43,27.65,27.75,81441225
DIS.US,2023-03-20,93.43,94.92,93.0,94.22,6657152
PG.US,2023-03-20,143.5,145.4,143.23,145.13,8379233
0857.HK,2023-03-21,4.26,4.31,4.19,4.25,75424095
2318.HK,2023-03-21,50.75,51.25,50.35,50.7,26619533
2628.HK,2023-03-21,13.16,13.18,12.88,12.96,11358676
2899.HK,2023-03-21,12.52,12.62,12.26,12.44,17050903
3968.HK,2023-03-21,39.5,40.25,39.45,39.7,14570186
BAC.US,2023-03-21,28.63,28.98,28.51,28.59,84854840
DIS.US,2023-03-21,95.17,96.85,95.17,96.54,7285766
PG.US,2023-03-21,144.91,145.23,142.84,144.08,7753184
0857.HK,2023-03-22,4.28,4.38,4.28,4.32,88949621
2318.HK,2023-03-22,50.95,52.15,50.95,51.5,35851244
2628.HK,2023-03-22,13.0,13.28,13.0,13.12,19802908
2899.HK,2023-03-22,12.44,12.54,12.28,12.38,20645086
3968.HK,2023-03-22,40.35,40.85,40.1,40.6,17132514
BAC.US,2023-03-22,28.71,28.74,27.64,27.64,76925884
DIS.US,2023-03-22,97.45,97.93,94.82,94.9,8811105
PG.US,2023-03-22,144.04,145.75,143.83,143.99,5729129
0857.HK,2023-03-23,4.36,4.38,4.3,4.36,72469470
2318.HK,2023-03-23,51.7,52.75,51.1,52.6,24386837
2628.HK,2023-03-23,13.2,13.38,12.96,13.3,17901396
2899.HK,2023-03-23,12.54,13.12,12.38,13.06,42256505
3968.HK,2023-03-23,40.6,41.5,40.15,41.05,17394108
BAC.US,2023-03-23,28.0,28.09,26.79,26.97,105335937
DIS.US,2023-03-23,95.28,97.02,94.76,95.83,9527009
PG.US,2023-03-23,144.24,145.12,143.19,143.79,5788459
0857.HK,2023-03-24,4.37,4.38,4.21,4.25,157871694
2318.HK,2023-03-24,51.9,52.2,51.35,52.0,17025925
2628.HK,2023-03-24,13.2,13.28,13.04,13.06,14564074
2899.HK,2023-03-24,13.0,13.08,12.72,12.8,20016159
3968.HK,2023-03-24,40.4,40.8,39.8,40.0,19563840
BAC.US,2023-03-24,26.6,27.29,26.32,27.14,96978311
DIS.US,2023-03-24,94.81,95.0,93.02,94.08,9544154
PG.US,2023-03-24,144.3,146.76,144.3,146.72,6145622
0857.HK,2023-03-27,4.18,4.28,4.12,4.26,107577418
2318.HK,2023-03-27,52.0,52.0,50.45,50.7,21704620
2628.HK,2023-03-27,13.06,13.06,12.74,12.92,33075601
2899.HK,2023-03-27,12.92,13.0,12.46,12.6,29724223
3968.HK,2023-03-27,40.05,40.3,39.2,39.3,14162525
BAC.US,2023-03-27,27.93,28.65,27.91,28.49,102469809
DIS.US,2023-03-27,94.78,96.02,94.38,95.62,7487900
PG.US,2023-03-27,146.89,147.42,145.87,145.95,5917156
0857.HK,2023-03-28,4.32,4.38,4.24,4.3,94235415
2318.HK,2023-03-28,51.25,52.0,50.75,51.25,16271596
2628.HK,2023-03-28,12.96,13.24,12.96,13.12,18972515
2899.HK,2023-03-28,12.76,12.96,12.62,12.88,22134931
3968.HK,2023-03-28,39.9,40.3,39.55,40.0,18477196
BAC.US,2023-03-28,28.38,28.65,27.98,28.12,63416517
DIS.US,2023-03-28,95.51,96.0,94.59,94.82,5426053
PG.US,2023-03-28,146.55,146.82,145.8,146.36,4213913
0857.HK,2023-03-29,4.35,4.39,4.29,4.34,86162432
2318.HK,2023-03-29,52.5,53.2,50.9,51.75,24820036
2628.HK,2023-03-29,13.16,13.34,12.98,13.16,20468715
2899.HK,2023-03-29,13.18,13.26,12.76,12.86,19463491
3968.HK,2023-03-29,40.45,40.95,39.55,39.85,16285511
BAC.US,2023-03-29,28.49,28.77,28.24,28.67,62666372
DIS.US,2023-03-29,96.08,96.91,95.35,96.87,5889123
PG.US,2023-03-29,147.08,147.29,146.26,146.81,4987741
0857.HK,2023-03-30,4.43,4.71,4.4,4.68,426831168
2318.HK,2023-03-30,51.0,51.5,50.1,50.8,40027914
2628.HK,2023-03-30,12.86,12.96,12.26,12.42,76646095
2899.HK,2023-03-30,12.94,13.1,12.64,13.02,22575979
3968.HK,2023-03-30,39.5,40.05,39.2,39.95,11057522
BAC.US,2023-03-30,28.92,29.06,28.11,28.3,67427125
DIS.US,2023-03-30,98.73,98.92,97.67,98.1,7669482
PG.US,2023-03-30,146.92,147.54,146.3,147.45,4117824
0857.HK,2023-03-31,4.69,4.79,4.65,4.65,221257416
2318.HK,2023-03-31,51.5,52.75,51.05,51.1,27857379
2628.HK,2023-03-31,12.46,13.16,12.4,12.9,64098143
2899.HK,2023-03-31,13.08,13.3,13.02,13.12,32528164
3968.HK,2023-03-31,40.45,41.15,39.95,40.1,23832996
BAC.US,2023-03-31,28.62,28.68,28.26,28.6,56482080
DIS.US,2023-03-31,98.89,100.2,98.5,100.13,8919965
PG.US,2023-03-31,147.74,148.69,147.58,148.69,7685942
0857.HK,2023-04-03,4.79,4.9,4.7,4.72,175522798
2318.HK,2023-04-03,51.35,51.75,50.5,51.2,16253343
2628.HK,2023-04-03,13.02,13.04,12.78,12.94,17381629
2899.HK,2023-04-03,13.2,13.22,12.64,12.74,27469157
3968.HK,2023-04-03,40.45,40.45,39.45,40.0,10493450
BAC.US,2023-04-03,28.64,28.98,28.33,28.59,51996802
DIS.US,2023-04-03,100.21,100.43,99.27,99.76,7313201
PG.US,2023-04-03,148.43,150.07,147.09,149.51,5721680
0857.HK,2023-04-04,4.75,4.83,4.7,4.82,131210703
2318.HK,2023-04-04,50.95,51.2,50.25,50.7,17594436
2628.HK,2023-04-04,12.9,13.04,12.88,12.96,17029692
2899.HK,2023-04-04,12.7,12.98,12.64,12.84,23230869
3968.HK,2023-04-04,40.2,40.2,39.25,39.45,18966186
BAC.US,2023-04-04,28.55,28.65,27.66,27.98,56233295
DIS.US,2023-04-04,100.3,100.42,98.76,99.57,6794168
PG.US,2023-04-04,150.08,151.71,150.08,150.23,6714506
BAC.US,2023-04-05,27.66,27.91,27.46,27.64,47799353
DIS.US,2023-04-05,99.7,100.18,98.63,99.91,7747230
PG.US,2023-04-05,151.33,152.35,151.15,151.26,6094801
0857.HK,2023-04-06,4.81,4.83,4.72,4.79,127429011
2318.HK,2023-04-06,50.55,51.1,50.2,51.0,17928373
2628.HK,2023-04-06,12.88,13.0,12.8,12.92,10962695
2899.HK,2023-04-06,12.9,13.6,12.82,13.52,57025399
3968.HK,2023-04-06,39.2,39.8,38.9,39.15,10395319
BAC.US,2023-04-06,27.72,28.01,27.62,27.84,41216577
DIS.US,2023-04-06,99.44,100.32,98.55,99.97,7042486
PG.US,2023-04-06,151.87,152.96,151.42,152.22,5399741
BAC.US,2023-04-10,27.67,28.1,27.65,27.94,40572740
DIS.US,2023-04-10,99.3,100.81,98.9,100.81,8016576
PG.US,2023-04-10,151.65,151.67,149.51,150.96,4891875
0857.HK,2023-04-11,4.9,4.98,4.88,4.88,226101290
2318.HK,2023-04-11,52.0,52.85,51.25,52.1,23722202
2628.HK,2023-04-11,13.2,13.34,12.92,13.08,21835671
2899.HK,2023-04-11,13.48,14.16,13.3,14.06,42137710
3968.HK,2023-04-11,39.6,39.85,38.9,39.4,12196527
BAC.US,2023-04-11,28.02,28.75,27.96,28.71,58761187
DIS.US,2023-04-11,101.16,101.91,100.29,100.42,7504624
PG.US,2023-04-11,151.26,151.44,150.52,150.66,6311997
0857.HK,2023-04-12,4.9,5.0,4.87,4.98,160212784
2318.HK,2023-04-12,52.35,52.35,51.55,51.8,13849831
2628.HK,2023-04-12,13.12,13.3,13.0,13.12,18523785
2899.HK,2023-04-12,14.1,14.38,13.94,14.1,49806815
3968.HK,2023-04-12,39.8,39.8,39.0,39.2,8373985
BAC.US,2023-04-12,28.68,29.01,28.37,28.48,44313339
DIS.US,2023-04-12,101.25,102.22,97.7,97.94,9289196
PG.US,2023-04-12,150.31,152.41,149.93,151.07,6138080
0857.HK,2023-04-13,4.96,5.15,4.95,5.01,188799556
2318.HK,2023-04-13,51.0,51.55,50.2,51.55,21563438
2628.HK,2023-04-13,12.94,13.18,12.86,13.18,14597522
2899.HK,2023-04-13,13.9,14.38,13.8,14.14,36032192
3968.HK,2023-04-13,38.65,39.8,38.3,39.8,13500578
BAC.US,2023-04-13,28.56,28.64,28.24,28.56,52261420
DIS.US,2023-04-13,98.51,101.07,98.51,100.84,8744977
PG.US,2023-04-13,150.9,151.87,149.82,151.77,5489710
0857.HK,2023-04-14,5.01,5.14,5.01,5.08,207287073
2318.HK,2023-04-14,51.8,52.6,51.35,52.1,17603006
2628.HK,2023-04-14,13.24,13.46,13.16,13.28,25783530
2899.HK,2023-04-14,14.48,14.8,14.34,14.54,48859365
3968.HK,2023-04-14,40.6,40.7,39.8,40.55,13895956
BAC.US,2023-04-14,29.3,29.87,29.25,29.52,81110834
DIS.US,2023-04-14,100.5,100.86,98.93,99.9,7337250
PG.US,2023-04-14,151.35,151.59,150.51,151.0,4478782
0857.HK,2023-04-17,5.08,5.34,5.07,5.33,411721685
2318.HK,2023-04-17,51.8,54.45,51.35,54.1,26963997
2628.HK,2023-04-17,13.28,13.84,13.14,13.78,41013534
2899.HK,2023-04-17,14.2,14.5,14.04,14.38,28154848
3968.HK,2023-04-17,40.3,42.35,39.9,41.85,25867845
BAC.US,2023-04-17,29.77,30.41,29.4,30.37,83704412
DIS.US,2023-04-17,99.57,100.57,99.15,100.3,6705269
PG.US,2023-04-17,151.17,151.47,150.34,151.05,4296401
0857.HK,2023-04-18,5.29,5.35,5.23,5.31,144689340
2318.HK,2023-04-18,54.1,55.95,53.7,54.9,35094369
2628.HK,2023-04-18,13.68,14.4,13.68,14.16,59171843
2899.HK,2023-04-18,14.24,14.58,14.2,14.36,46293769
3968.HK,2023-04-18,42.0,43.05,41.5,41.95,25116669
BAC.US,2023-04-18,30.8,30.93,29.8,30.56,114498760
DIS.US,2023-04-18,100.61,101.15,99.6,100.93,8180148
PG.US,2023-04-18,150.98,151.59,150.11,151.21,4158392
0857.HK,2023-04-19,5.31,5.37,5.18,5.19,230818759
2318.HK,2023-04-19,54.9,55.45,54.1,54.25,20375414
2628.HK,2023-04-19,14.16,14.28,13.94,13.98,21307155
2899.HK,2023-04-19,14.2,14.6,14.18,14.28,36680762
3968.HK,2023-04-19,41.95,42.3,41.5,41.65,14033099
BAC.US,2023-04-19,30.13,30.2,29.79,30.06,65594193
DIS.US,2023-04-19,99.78,99.83,98.36,98.75,11523307
PG.US,2023-04-19,151.17,151.9,150.71,151.24,3837607
0857.HK,2023-04-20,5.19,5.24,5.13,5.23,149419010
2318.HK,2023-04-20,54.15,55.3,54.15,54.9,18735052
2628.HK,2023-04-20,13.98,14.54,13.94,14.42,53560660
2899.HK,2023-04-20,14.12,14.22,13.72,14.0,42080218
3968.HK,2023-04-20,42.05,42.25,41.15,41.4,12790895
BAC.US,2023-04-20,29.84,30.23,29.77,29.9,43193780
DIS.US,2023-04-20,97.75,98.58,97.39,98.07,7762736
PG.US,2023-04-20,150.37,151.36,150.37,150.85,5370911
0857.HK,2023-04-21,5.19,5.31,5.19,5.23,114042248
2318.HK,2023-04-21,54.45,54.7,52.4,52.9,31019124
2628.HK,2023-04-21,14.3,14.54,14.12,14.18,39211566
2899.HK,2023-04-21,13.96,14.0,13.34,13.5,54773651
3968.HK,2023-04-21,41.0,41.65,40.3,40.6,13387493
BAC.US,2023-04-21,29.75,29.98,29.41,29.87,44759015
DIS.US,2023-04-21,98.16,99.72,97.72,99.57,9467979
PG.US,2023-04-21,154.94,158.11,154.5,156.07,14876934
0857.HK,2023-04-24,5.26,5.33,5.16,5.22,162568631
2318.HK,2023-04-24,52.8,53.7,51.85,52.65,18345024
2628.HK,2023-04-24,14.18,14.46,13.9,14.1,25063099
2899.HK,2023-04-24,13.32,13.66,12.88,13.16,48889962
3968.HK,2023-04-24,40.4,40.7,39.25,39.8,15052466
BAC.US,2023-04-24,29.79,29.9,29.59,29.76,28020283
DIS.US,2023-04-24,100.15,100.74,98.67,99.68,8540571
PG.US,2023-04-24,155.22,157.25,155.22,156.35,8109763
0857.HK,2023-04-25,5.23,5.38,5.23,5.33,169735669
2318.HK,2023-04-25,52.5,52.5,51.25,51.45,25602869
2628.HK,2023-04-25,14.1,14.4,14.0,14.26,42761973
2899.HK,2023-04-25,13.16,13.3,12.88,13.04,42485076
3968.HK,2023-04-25,39.7,40.15,39.15,39.5,17784160
BAC.US,2023-04-25,29.45,29.53,28.82,28.84,49718810
DIS.US,2023-04-25,99.38,99.71,98.01,98.01,6511394
PG.US,2023-04-25,156.51,157.94,155.79,156.39,8341759
0857.HK,2023-04-26,5.29,5.36,5.24,5.33,111063581
2318.HK,2023-04-26,51.45,52.15,50.85,51.55,24713490
2628.HK,2023-04-26,14.26,14.34,13.9,14.0,32876276
2899.HK,2023-04-26,12.9,13.04,12.68,12.98,25890688
3968.HK,2023-04-26,39.5,39.85,38.75,39.55,11558224
BAC.US,2023-04-26,28.76,28.94,28.3,28.44,45848397
DIS.US,2023-04-26,97.84,98.48,96.46,96.61,8634531
PG.US,2023-04-26,155.3,156.0,154.34,154.58,4843927
0857.HK,2023-04-27,5.27,5.37,5.22,5.34,107517394
2318.HK,2023-04-27,52.25,56.8,52.25,56.2,65832119
2628.HK,2023-04-27,14.0,14.84,13.96,14.72,78764091
2899.HK,2023-04-27,13.0,13.36,12.78,13.18,28358688
3968.HK,2023-04-27,38.4,38.5,36.8,37.5,57563450
BAC.US,2023-04-27,28.52,29.08,28.52,28.89,33060075
DIS.US,2023-04-27,97.13,100.07,96.71,99.93,8166466
PG.US,2023-04-27,155.3,156.61,155.01,156.47,4805563
0857.HK,2023-04-28,5.33,5.49,5.32,5.43,227075151
2318.HK,2023-04-28,56.8,58.25,56.05,56.7,60233424
2628.HK,2023-04-28,14.78,15.28,14.76,15.02,90078374
2899.HK,2023-04-28,13.18,13.42,13.12,13.22,46759558
3968.HK,2023-04-28,37.35,38.6,37.3,37.65,47232261
BAC.US,2023-04-28,28.53,29.43,28.51,29.28,45592453
DIS.US,2023-04-28,99.37,102.56,99.08,102.5,11329689
PG.US,2023-04-28,156.28,157.37,155.76,156.38,5754704
BAC.US,2023-05-01,29.5,29.54,29.0,29.04,34076802
DIS.US,2023-05-01,102.41,102.61,101.61,102.21,6909535
PG.US,2023-05-01,156.03,157.4,155.8,156.57,3844761
0857.HK,2023-05-02,5.5,5.53,5.35,5.41,80780594
2318.HK,2023-05-02,57.75,58.0,55.3,55.6,25607995
2628.HK,2023-05-02,15.08,15.26,14.64,14.8,29822202
2899.HK,2023-05-02,13.36,13.56,13.02,13.36,20241545
3968.HK,2023-05-02,38.05,38.6,37.6,38.0,11160849
BAC.US,2023-05-02,28.85,28.86,27.71,28.16,70797721
DIS.US,2023-05-02,101.33,101.7,99.62,100.6,6955902
PG.US,2023-05-02,156.59,156.93,155.67,156.43,5262908
0857.HK,2023-05-03,5.32,5.32,5.15,5.17,143167195
2318.HK,2023-05-03,54.8,55.25,54.15,55.0,20700150
2628.HK,2023-05-03,14.64,14.76,14.52,14.64,25591088
2899.HK,2023-05-03,13.7,13.9,13.48,13.62,17778132
3968.HK,2023-05-03,37.55,38.0,37.2,37.6,9059725
BAC.US,2023-05-03,28.16,28.5,27.81,27.86,51139533
DIS.US,2023-05-03,101.06,102.58,100.64,100.86,7772064
PG.US,2023-05-03,156.64,157.57,155.43,156.23,5775009
0857.HK,2023-05-04,5.14,5.33,5.06,5.3,235986869
2318.HK,2023-05-04,55.0,59.25,54.75,59.25,55580135
2628.HK,2023-05-04,14.64,15.44,14.62,15.4,102523234
2899.HK,2023-05-04,14.0,14.3,13.68,13.68,47480880
3968.HK,2023-05-04,37.65,39.65,37.25,39.4,25089550
BAC.US,2023-05-04,27.58,27.81,26.83,26.99,82173808
DIS.US,2023-05-04,99.54,99.54,96.61,97.45,13260720
PG.US,2023-05-04,156.1,156.6,155.09,155.51,4892639
0857.HK,2023-05-05,5.3,5.39,5.2,5.27,116307007
2318.HK,2023-05-05,60.9,61.35,59.4,60.05,52111613
2628.HK,2023-05-05,15.4,15.64,15.34,15.5,71750002
2899.HK,2023-05-05,13.88,13.94,13.3,13.62,29478546
3968.HK,2023-05-05,39.4,40.85,39.35,40.4,27098743
BAC.US,2023-05-05,27.62,27.89,27.47,27.71,50087053
DIS.US,2023-05-05,98.59,100.85,98.11,100.52,9300109
PG.US,2023-05-05,155.4,156.31,154.69,156.03,3989157
0857.HK,2023-05-08,5.32,5.5,5.3,5.48,154751290
2318.HK,2023-05-08,60.3,61.2,59.8,61.15,38049667
2628.HK,2023-05-08,15.5,15.74,15.26,15.7,60689352
2899.HK,2023-05-08,13.5,13.64,13.2,13.44,28178997
3968.HK,2023-05-08,40.35,41.85,40.3,41.55,23137902
BAC.US,2023-05-08,28.08,28.15,27.66,27.69,34245451
DIS.US,2023-05-08,101.7,103.91,101.69,102.97,10810139
PG.US,2023-05-08,155.35,155.73,154.87,155.3,4950679
0857.HK,2023-05-09,5.5,5.62,5.45,5.49,275839311
2318.HK,2023-05-09,61.1,61.7,58.5,58.75,38189725
2628.HK,2023-05-09,15.72,15.84,15.4,15.5,68059023
2899.HK,2023-05-09,13.34,13.42,12.92,13.0,31074368
3968.HK,2023-05-09,41.55,42.2,40.75,40.8,29292335
BAC.US,2023-05-09,27.42,27.83,27.24,27.66,32188824
DIS.US,2023-05-09,102.91,102.98,102.09,102.18,6829880
PG.US,2023-05-09,155.85,155.98,153.58,153.71,4472097
0857.HK,2023-05-10,5.48,5.56,5.4,5.5,142598876
2318.HK,2023-05-10,58.75,59.0,57.55,57.7,21775281
2628.HK,2023-05-10,15.5,15.54,14.92,15.08,35726655
2899.HK,2023-05-10,13.0,13.16,12.58,12.74,40780046
3968.HK,2023-05-10,41.05,41.05,39.8,40.05,16422536
BAC.US,2023-05-10,27.96,28.0,27.02,27.32,44446442
DIS.US,2023-05-10,103.0,103.25,100.04,101.14,19525153
PG.US,2023-05-10,153.45,154.32,152.44,154.03,4754854
0857.HK,2023-05-11,5.5,5.5,5.31,5.42,147936912
2318.HK,2023-05-11,57.8,58.75,56.95,57.65,22409448
2628.HK,2023-05-11,15.08,15.24,14.84,15.08,33119679
2899.HK,2023-05-11,12.62,12.7,12.16,12.42,38126882
3968.HK,2023-05-11,40.3,41.1,40.0,40.3,11346356
BAC.US,2023-05-11,27.01,27.49,26.88,27.39,34897272
DIS.US,2023-05-11,94.8,95.11,91.88,92.31,57127242
PG.US,2023-05-11,154.81,154.89,153.39,154.39,3495324
0857.HK,2023-05-12,5.47,5.52,5.34,5.37,101552687
2318.HK,2023-05-12,56.95,57.2,55.85,55.9,23497645
2628.HK,2023-05-12,14.92,15.0,14.66,14.68,48390353
2899.HK,2023-05-12,12.36,12.36,11.32,11.36,82352475
3968.HK,2023-05-12,40.3,40.35,39.45,39.5,9098668
BAC.US,2023-05-12,27.52,27.55,26.88,27.09,38142001
DIS.US,2023-05-12,92.34,92.88,91.24,91.99,21837450
PG.US,2023-05-12,154.7,156.05,154.39,155.96,5252889
0857.HK,2023-05-15,5.37,5.45,5.29,5.42,107800928
2318.HK,2023-05-15,56.15,58.8,55.6,58.05,21739324
2628.HK,2023-05-15,14.62,15.42,14.54,15.22,62606603
2899.HK,2023-05-15,11.56,11.62,11.24,11.58,44470409
3968.HK,2023-05-15,40.0,40.35,39.2,39.85,11817320
BAC.US,2023-05-15,27.1,27.82,27.03,27.65,38722801
DIS.US,2023-05-15,91.54,92.87,90.7,92.86,16792049
PG.US,2023-05-15,156.61,156.75,154.64,156.01,5414904
0857.HK,2023-05-16,5.44,5.55,5.37,5.49,98652521
2318.HK,2023-05-16,58.5,58.5,57.2,57.65,17728375
2628.HK,2023-05-16,15.4,15.46,14.86,14.92,39450923
2899.HK,2023-05-16,11.48,11.74,11.38,11.72,36156075
3968.HK,2023-05-16,40.1,40.6,39.75,40.0,7101297
BAC.US,2023-05-16,27.78,27.9,27.33,27.36,33347548
DIS.US,2023-05-16,92.04,92.42,90.78,90.98,17013309
PG.US,2023-05-16,155.87,156.92,154.93,155.74,5591579
0857.HK,2023-05-17,5.45,5.48,5.32,5.34,68334018
2318.HK,2023-05-17,57.65,57.8,54.8,55.1,27690741
2628.HK,2023-05-17,14.84,14.9,14.44,14.48,41608706
2899.HK,2023-05-17,11.68,11.68,11.32,11.38,18333639
3968.HK,2023-05-17,40.15,40.2,38.7,38.85,13569572
BAC.US,2023-05-17,27.74,28.67,27.73,28.57,61750414
DIS.US,2023-05-17,91.02,93.05,90.85,92.77,12461594
PG.US,2023-05-17,156.26,156.56,153.9,155.08,4287036
0857.HK,2023-05-18,5.39,5.55,5.39,5.52,100575987
2318.HK,2023-05-18,55.2,57.45,55.2,56.3,25670064
2628.HK,2023-05-18,14.5,15.14,14.5,15.0,55988699
2899.HK,2023-05-18,11.38,11.7,11.3,11.4,20042121
3968.HK,2023-05-18,39.3,39.7,38.95,39.15,4732939
BAC.US,2023-05-18,28.44,28.5,28.0,28.47,51146054
DIS.US,2023-05-18,92.85,94.24,92.46,93.76,15014823
PG.US,2023-05-18,153.31,153.65,151.6,152.53,6997610
0857.HK,2023-05-19,5.51,5.51,5.35,5.4,101723242
2318.HK,2023-05-19,55.35,55.4,54.1,54.75,24683586
2628.HK,2023-05-19,14.96,14.96,14.6,14.72,32069805
2899.HK,2023-05-19,11.28,11.36,11.0,11.32,18847018
3968.HK,2023-05-19,39.15,39.15,38.2,38.4,10455988
BAC.US,2023-05-19,28.46,28.67,28.03,28.11,50062477
DIS.US,2023-05-19,93.0,93.0,91.32,91.35,16429040
PG.US,2023-05-19,152.47,153.32,151.84,153.17,4754120
0857.HK,2023-05-22,5.42,5.49,5.36,5.42,63328949
2318.HK,2023-05-22,54.05,56.1,54.05,54.95,25167818
2628.HK,2023-05-22,14.66,15.0,14.64,14.72,17641309
2899.HK,2023-05-22,11.34,11.42,11.18,11.26,13126719
3968.HK,2023-05-22,38.75,39.35,38.55,38.75,8920580
BAC.US,2023-05-22,28.3,28.45,28.01,28.34,36473656
DIS.US,2023-05-22,91.33,91.94,89.89,91.82,14150642
PG.US,2023-05-22,152.5,152.6,148.83,149.16,7876207
0857.HK,2023-05-23,5.44,5.52,5.38,5.4,95474986
2318.HK,2023-05-23,55.0,55.3,52.75,53.05,35154861
2628.HK,2023-05-23,14.86,14.86,14.36,14.4,33881343
2899.HK,2023-05-23,11.2,11.34,10.96,11.06,23707856
3968.HK,2023-05-23,38.75,39.25,37.95,38.25,11615161
BAC.US,2023-05-23,28.32,29.08,28.3,28.58,51400415
DIS.US,2023-05-23,91.1,92.03,89.81,89.82,14778699
PG.US,2023-05-23,148.79,148.88,147.07,147.55,6116037
0857.HK,2023-05-24,5.43,5.44,5.32,5.33,107152940
2318.HK,2023-05-24,52.4,52.55,50.9,51.6,42956848
2628.HK,2023-05-24,14.32,14.32,13.96,14.0,44719630
2899.HK,2023-05-24,10.92,11.28,10.92,11.12,25868855
3968.HK,2023-05-24,38.05,38.1,37.05,37.4,15194499
BAC.US,2023-05-24,28.33,28.51,28.0,28.1,50606887
DIS.US,2023-05-24,89.44,89.49,88.41,89.07,15350772
PG.US,2023-05-24,147.59,148.2,146.09,146.33,5755426
0857.HK,2023-05-25,5.32,5.33,5.17,5.22,124060761
2318.HK,2023-05-25,50.9,51.4,50.6,51.15,23976084
2628.HK,2023-05-25,13.82,13.9,13.64,13.74,36212731
2899.HK,2023-05-25,11.1,11.1,10.64,10.82,19816494
3968.HK,2023-05-25,36.55,36.65,35.85,36.0,38131283
BAC.US,2023-05-25,27.99,28.24,27.88,28.17,40517781
DIS.US,2023-05-25,89.56,89.56,87.79,88.14,13605760
PG.US,2023-05-25,145.49,146.21,144.35,145.39,6510519
BAC.US,2023-05-26,28.2,28.4,27.79,28.31,57879079
DIS.US,2023-05-26,88.49,89.24,88.1,88.29,12892702
PG.US,2023-05-26,145.33,146.01,144.73,145.4,4716495
0857.HK,2023-05-29,5.2,5.44,5.2,5.34,100238800
2318.HK,2023-05-29,51.8,51.9,50.45,50.5,21870795
2628.HK,2023-05-29,13.74,13.9,13.48,13.54,30218851
2899.HK,2023-05-29,10.8,11.16,10.8,10.86,22777533
3968.HK,2023-05-29,36.65,36.8,36.25,36.4,16979666
0857.HK,2023-05-30,5.37,5.45,5.3,5.35,104337930
2318.HK,2023-05-30,50.3,50.9,50.05,50.65,18918658
2628.HK,2023-05-30,13.56,13.76,13.4,13.48,21256274
2899.HK,2023-05-30,10.66,10.96,10.46,10.58,27098883
3968.HK,2023-05-30,36.5,36.85,36.05,36.65,14644237
BAC.US,2023-05-30,28.32,28.49,27.95,28.26,41819575
DIS.US,2023-05-30,88.97,88.97,87.01,87.82,14800733
PG.US,2023-05-30,143.86,144.04,142.35,143.18,5561037
0857.HK,2023-05-31,5.23,5.26,5.06,5.06,230782841
2318.HK,2023-05-31,50.05,50.3,48.9,49.7,43725264
2628.HK,2023-05-31,13.3,13.32,13.04,13.22,43791275
2899.HK,2023-05-31,10.58,10.72,10.38,10.62,55463701
3968.HK,2023-05-31,36.3,36.65,35.9,36.4,23201428
BAC.US,2023-05-31,28.1,28.16,27.48,27.79,61905184
DIS.US,2023-05-31,87.58,88.17,87.15,87.96,11440577
PG.US,2023-05-31,143.16,143.98,141.9,142.5,19854789
0857.HK,2023-06-01,5.06,5.23,5.02,5.18,118054178
2318.HK,2023-06-01,49.15,49.9,48.9,49.3,25862326
2628.HK,2023-06-01,13.1,13.22,13.02,13.04,32640592
2899.HK,2023-06-01,10.7,11.18,10.66,10.84,35186714
3968.HK,2023-06-01,36.0,36.35,35.3,35.55,24987006
BAC.US,2023-06-01,27.76,27.98,27.34,27.78,57426132
DIS.US,2023-06-01,88.4,89.06,87.11,88.59,11993172
PG.US,2023-06-01,143.25,144.12,142.45,143.96,6091064
0857.HK,2023-06-02,5.28,5.4,5.26,5.33,124361563
2318.HK,2023-06-02,49.85,51.95,49.85,51.55,41676167
2628.HK,2023-06-02,13.2,13.48,13.16,13.36,43816407
2899.HK,2023-06-02,10.96,11.68,10.96,11.44,142417881
3968.HK,2023-06-02,35.75,37.1,35.75,36.8,23329492
BAC.US,2023-06-02,28.16,28.95,28.12,28.71,66578060
DIS.US,2023-06-02,89.63,91.34,89.6,90.77,14350246
PG.US,2023-06-02,144.51,146.68,144.39,146.52,6124403
0857.HK,2023-06-05,5.43,5.46,5.31,5.37,92178902
2318.HK,2023-06-05,51.65,51.9,50.85,51.8,23935828
2628.HK,2023-06-05,13.32,13.44,13.24,13.42,17624512
2899.HK,2023-06-05,11.42,11.44,11.06,11.3,50728893
3968.HK,2023-06-05,37.25,37.25,36.45,36.75,9466044
BAC.US,2023-06-05,28.82,28.82,28.3,28.54,34757752
DIS.US,2023-06-05,91.2,91.76,89.44,91.0,18506712
PG.US,2023-06-05,146.05,147.85,145.73,145.94,4753665
0857.HK,2023-06-06,5.4,5.55,5.36,5.51,147265980
2318.HK,2023-06-06,51.7,53.6,51.15,52.25,30257736
2628.HK,2023-06-06,13.32,13.74,13.3,13.46,29398746
2899.HK,2023-06-06,11.4,11.6,11.28,11.4,25910534
3968.HK,2023-06-06,36.75,37.95,36.6,37.0,9442804
BAC.US,2023-06-06,28.46,29.43,28.45,29.23,46297873
DIS.US,2023-06-06,91.1,92.51,91.02,92.16,12109084
PG.US,2023-06-06,146.07,146.31,143.55,144.49,4636045
0857.HK,2023-06-07,5.46,5.57,5.44,5.51,117689356
2318.HK,2023-06-07,52.95,53.55,52.55,52.8,26961497
2628.HK,2023-06-07,13.56,13.7,13.44,13.46,19522875
2899.HK,2023-06-07,11.38,11.6,11.38,11.44,13199909
3968.HK,2023-06-07,37.5,37.95,37.35,37.35,14320277
BAC.US,2023-06-07,29.3,29.65,29.01,29.48,44502592
DIS.US,2023-06-07,92.78,93.08,91.86,92.52,11082425
PG.US,2023-06-07,144.01,145.12,143.47,144.8,6194620
0857.HK,2023-06-08,5.52,5.66,5.5,5.62,125379896
2318.HK,2023-06-08,52.55,53.8,52.45,53.4,20984236
2628.HK,2023-06-08,13.38,13.72,13.38,13.66,22724813
2899.HK,2023-06-08,11.26,11.58,11.12,11.5,18942363
3968.HK,2023-06-08,37.35,38.1,37.05,37.75,9719803
BAC.US,2023-06-08,29.28,29.38,28.99,29.23,41483100
DIS.US,2023-06-08,92.52,92.68,91.3,92.53,9030165
PG.US,2023-06-08,145.34,146.65,144.92,146.44,4864149
0857.HK,2023-06-09,5.61,5.79,5.6,5.77,162171839
2318.HK,2023-06-09,53.8,54.1,53.15,53.45,14199841
2628.HK,2023-06-09,13.7,13.82,13.52,13.54,18675497
2899.HK,2023-06-09,11.72,11.94,11.54,11.62,17062335
3968.HK,2023-06-09,37.8,38.2,37.8,37.85,7035057
BAC.US,2023-06-09,29.2,29.4,29.08,29.27,32692011
DIS.US,2023-06-09,92.78,92.92,91.55,91.93,9634420
PG.US,2023-06-09,145.68,146.78,144.73,146.56,5569831
0857.HK,2023-06-12,5.77,5.87,5.66,5.69,171674202
2318.HK,2023-06-12,53.7,53.85,52.9,53.75,14624717
2628.HK,2023-06-12,13.5,13.5,13.16,13.34,30279599
2899.HK,2023-06-12,11.66,11.66,11.5,11.58,9314115
3968.HK,2023-06-12,38.0,38.05,37.4,37.75,8708017
BAC.US,2023-06-12,29.3,29.56,28.91,29.13,41062818
DIS.US,2023-06-12,92.25,93.23,91.77,93.14,12357611
PG.US,2023-06-12,147.0,147.01,144.55,145.41,5354690
0857.HK,2023-06-13,5.61,5.62,5.46,5.57,207407738
2318.HK,2023-06-13,53.2,53.95,52.65,53.85,20957038
2628.HK,2023-06-13,13.24,13.46,13.14,13.4,18273400
2899.HK,2023-06-13,11.58,11.64,11.48,11.62,18242299
3968.HK,2023-06-13,37.65,37.9,37.25,37.7,11170249
BAC.US,2023-06-13,29.13,29.8,29.03,29.4,42718764
DIS.US,2023-06-13,94.12,94.44,93.44,93.85,12964433
PG.US,2023-06-13,144.51,145.68,144.28,145.06,5321204
0857.HK,2023-06-14,5.61,5.73,5.59,5.62,114000693
2318.HK,2023-06-14,52.65,52.8,51.2,51.3,18971269
2628.HK,2023-06-14,13.48,13.64,13.4,13.5,18725602
2899.HK,2023-06-14,11.62,12.08,11.56,11.82,27275366
3968.HK,2023-06-14,37.7,37.9,36.45,36.75,29911382
BAC.US,2023-06-14,29.57,29.73,28.99,29.12,38322767
DIS.US,2023-06-14,94.26,94.52,91.92,92.45,15877377
PG.US,2023-06-14,145.31,146.89,144.83,146.42,5693491
0857.HK,2023-06-15,5.64,5.73,5.48,5.7,159444560
2318.HK,2023-06-15,51.95,52.6,51.05,52.25,21622516
2628.HK,2023-06-15,13.62,13.72,13.38,13.66,21621639
2899.HK,2023-06-15,11.88,11.98,11.52,11.98,34985959
3968.HK,2023-06-15,36.85,37.45,36.55,37.3,14410688
BAC.US,2023-06-15,28.9,29.47,28.69,29.37,42044889
DIS.US,2023-06-15,92.06,93.52,91.61,92.94,13354606
PG.US,2023-06-15,147.17,148.97,146.54,148.45,5862999
0857.HK,2023-06-16,5.77,5.93,5.75,5.8,215350362
2318.HK,2023-06-16,52.7,53.35,52.35,52.8,29461410
2628.HK,2023-06-16,13.7,13.9,13.62,13.84,30646889
2899.HK,2023-06-16,12.0,12.36,12.0,12.32,49516598
3968.HK,2023-06-16,37.4,38.15,37.3,37.8,17350109
BAC.US,2023-06-16,29.53,29.68,29.16,29.19,53050203
DIS.US,2023-06-16,92.88,92.97,90.86,91.32,22683385
PG.US,2023-06-16,148.92,150.09,148.9,149.54,11244926
0857.HK,2023-06-19,5.8,5.83,5.72,5.73,127584967
2318.HK,2023-06-19,52.75,52.75,51.5,52.05,16948768
2628.HK,2023-06-19,13.88,13.88,13.52,13.66,15930369
2899.HK,2023-06-19,12.3,12.3,11.98,12.1,18073590
3968.HK,2023-06-19,37.75,37.75,37.25,37.5,6492068
0857.HK,2023-06-20,5.5,5.54,5.36,5.42,129007250
2318.HK,2023-06-20,51.7,51.7,50.65,50.7,25232264
2628.HK,2023-06-20,13.6,13.76,13.32,13.38,19721589
2899.HK,2023-06-20,11.96,12.08,11.8,11.98,19850649
3968.HK,2023-06-20,37.35,37.4,36.6,36.65,12937650
BAC.US,2023-06-20,29.01,29.04,28.58,28.87,39040906
DIS.US,2023-06-20,90.29,90.78,89.74,89.75,14939188
PG.US,2023-06-20,149.75,150.28,148.11,148.16,5340854
0857.HK,2023-06-21,5.39,5.53,5.32,5.49,95047648
2318.HK,2023-06-21,49.85,50.85,49.7,50.0,24109703
2628.HK,2023-06-21,13.2,13.32,13.2,13.2,13745420
2899.HK,2023-06-21,11.7,12.06,11.62,11.9,24426784
3968.HK,2023-06-21,36.1,36.6,35.7,35.8,22198049
BAC.US,2023-06-21,28.78,29.0,28.54,28.57,39553443
DIS.US,2023-06-21,89.55,89.67,88.11,88.64,17872964
PG.US,2023-06-21,148.26,149.61,147.87,149.44,4649893
BAC.US,2023-06-22,28.5,28.53,27.9,27.96,50742895
DIS.US,2023-06-22,88.44,89.19,88.12,88.49,10915328
PG.US,2023-06-22,150.35,151.1,149.48,149.95,6666932
0857.HK,2023-06-23,5.44,5.5,5.39,5.44,54590022
2318.HK,2023-06-23,50.0,50.25,48.8,49.3,21839066
2628.HK,2023-06-23,13.3,13.3,12.9,12.96,21996496
2899.HK,2023-06-23,11.86,11.98,11.7,11.8,29760693
3968.HK,2023-06-23,35.05,35.4,34.5,35.15,18209886
BAC.US,2023-06-23,27.74,27.89,27.59,27.75,55181057
DIS.US,2023-06-23,88.02,88.4,87.61,88.1,13538013
PG.US,2023-06-23,150.25,150.53,147.96,148.46,13843536
0857.HK,2023-06-26,5.51,5.51,5.41,5.42,81209499
2318.HK,2023-06-26,49.3,49.65,48.5,48.6,25243450
2628.HK,2023-06-26,13.04,13.04,12.72,12.8,26727161
2899.HK,2023-06-26,11.8,11.86,11.54,11.7,21334186
3968.HK,2023-06-26,35.15,35.9,34.95,35.05,16199218
BAC.US,2023-06-26,27.8,28.28,27.79,28.09,47519250
DIS.US,2023-06-26,88.04,89.49,87.77,88.7,13132684
PG.US,2023-06-26,148.1,148.97,146.72,148.61,4353067
0857.HK,2023-06-27,5.4,5.57,5.39,5.51,81954505
2318.HK,2023-06-27,48.75,50.25,48.65,49.85,38164926
2628.HK,2023-06-27,12.98,13.18,12.68,13.1,29036768
2899.HK,2023-06-27,11.7,12.04,11.56,11.9,25656877
3968.HK,2023-06-27,34.9,36.2,34.9,36.05,15088654
BAC.US,2023-06-27,28.1,28.4,27.95,28.24,39081782
DIS.US,2023-06-27,88.9,89.66,88.49,89.06,10032652
PG.US,2023-06-27,148.44,150.17,148.39,150.02,5445569
0857.HK,2023-06-28,5.48,5.55,5.47,5.54,46278198
2318.HK,2023-06-28,49.5,50.3,49.35,50.15,20088636
2628.HK,2023-06-28,12.98,13.22,12.96,13.14,12302099
2899.HK,2023-06-28,11.7,11.86,11.6,11.82,15603078
3968.HK,2023-06-28,36.0,36.4,35.85,36.3,8271874
BAC.US,2023-06-28,28.25,28.27,27.9,28.07,37803818
DIS.US,2023-06-28,89.39,89.4,88.53,88.83,12118274
PG.US,2023-06-28,149.33,150.3,147.96,149.99,6733301
0857.HK,2023-06-29,5.55,5.58,5.38,5.42,77709320
2318.HK,2023-06-29,50.3,50.3,49.55,49.95,17726043
2628.HK,2023-06-29,13.14,13.22,12.96,13.0,17069281
2899.HK,2023-06-29,11.74,11.74,11.42,11.54,23510908
3968.HK,2023-06-29,36.55,36.55,35.85,36.05,12010884
BAC.US,2023-06-29,28.5,29.0,28.4,28.66,68376444
DIS.US,2023-06-29,87.8,89.12,87.34,88.95,13402579
PG.US,2023-06-29,148.48,149.7,147.1,149.38,7343034
0857.HK,2023-06-30,5.42,5.5,5.4,5.42,76159444
2318.HK,2023-06-30,50.15,50.45,49.5,49.85,18206874
2628.HK,2023-06-30,12.98,13.14,12.9,13.06,18094496
2899.HK,2023-06-30,11.54,11.58,11.38,11.5,18203264
3968.HK,2023-06-30,35.9,36.35,35.5,35.6,10196081
BAC.US,2023-06-30,28.94,29.11,28.67,28.69,50478950
DIS.US,2023-06-30,89.18,89.6,88.61,89.28,12837549
PG.US,2023-06-30,149.83,152.07,149.79,151.74,7058273
0857.HK,2023-07-03,5.4,5.7,5.4,5.66,79369497
2318.HK,2023-07-03,50.0,51.75,49.85,51.45,24587054
2628.HK,2023-07-03,13.0,13.58,13.0,13.5,23856160
2899.HK,2023-07-03,11.56,12.18,11.56,12.02,33385504
3968.HK,2023-07-03,35.7,37.2,35.7,37.05,12620390
BAC.US,2023-07-03,28.7,29.35,28.65,29.2,30995831
DIS.US,2023-07-03,89.12,90.95,88.91,90.5,7979547
PG.US,2023-07-03,151.48,152.53,150.47,152.5,3996098
0857.HK,2023-07-04,5.63,5.77,5.59,5.68,51927989
2318.HK,2023-07-04,51.75,52.0,51.15,51.6,13332615
2628.HK,2023-07-04,13.48,13.54,13.28,13.38,13281920
2899.HK,2023-07-04,12.16,12.26,11.86,11.98,14524556
3968.HK,2023-07-04,37.1,37.3,36.85,37.25,10980717
0857.HK,2023-07-05,5.66,5.72,5.59,5.59,53349988
2318.HK,2023-07-05,51.3,51.6,50.75,50.95,13471493
2628.HK,2023-07-05,12.8,12.88,12.62,12.68,14299341
2899.HK,2023-07-05,11.98,12.1,11.88,12.0,12066162
3968.HK,2023-07-05,35.75,35.75,33.85,34.1,24943150
BAC.US,2023-07-05,29.14,29.42,28.95,29.08,37491978
DIS.US,2023-07-05,90.11,90.39,89.25,89.79,11028782
PG.US,2023-07-05,151.63,152.46,151.44,152.24,8280120
0857.HK,2023-07-06,5.61,5.71,5.42,5.46,127380454
2318.HK,2023-07-06,50.15,51.0,49.3,49.45,27876121
2628.HK,2023-07-06,12.62,12.74,12.34,12.4,17340964
2899.HK,2023-07-06,11.88,11.88,11.54,11.62,23531330
3968.HK,2023-07-06,33.7,33.9,32.7,32.75,30028410
BAC.US,2023-07-06,28.8,28.82,28.1,28.28,52162501
DIS.US,2023-07-06,88.67,88.83,87.78,88.74,12108532
PG.US,2023-07-06,151.2,152.19,150.76,151.99,7958486
0857.HK,2023-07-07,5.42,5.44,5.33,5.39,134417790
2318.HK,2023-07-07,49.1,49.65,48.7,48.9,26228278
2628.HK,2023-07-07,12.28,12.38,12.1,12.1,25265202
2899.HK,2023-07-07,11.4,11.58,11.16,11.46,25465948
3968.HK,2023-07-07,32.75,32.9,32.35,32.55,18026838
BAC.US,2023-07-07,28.3,28.82,28.29,28.53,34287956
DIS.US,2023-07-07,88.31,89.73,88.08,88.64,9705123
PG.US,2023-07-07,151.71,151.92,148.75,148.8,9169548
0857.HK,2023-07-10,5.5,5.54,5.35,5.38,56793456
2318.HK,2023-07-10,50.05,50.15,48.6,48.65,12286301
2628.HK,2023-07-10,12.34,12.34,11.92,12.04,26786430
2899.HK,2023-07-10,11.56,11.8,11.4,11.44,20425395
3968.HK,2023-07-10,33.5,33.5,32.75,32.85,12251341
BAC.US,2023-07-10,28.59,28.85,28.47,28.66,36086003
DIS.US,2023-07-10,88.25,88.68,87.86,88.1,13642620
PG.US,2023-07-10,148.94,150.32,148.74,148.86,5529210
0857.HK,2023-07-11,5.38,5.5,5.32,5.44,93412646
2318.HK,2023-07-11,49.0,49.85,48.95,49.25,15575386
2628.HK,2023-07-11,12.1,12.32,12.02,12.06,17646725
2899.HK,2023-07-11,11.64,11.94,11.64,11.8,21207709
3968.HK,2023-07-11,33.4,33.5,32.85,33.0,11156795
BAC.US,2023-07-11,28.66,29.08,28.42,29.02,40978715
DIS.US,2023-07-11,88.2,89.59,88.15,89.49,13735507
PG.US,2023-07-11,148.73,149.05,146.96,148.08,5150361
0857.HK,2023-07-12,5.5,5.62,5.48,5.54,86750243
2318.HK,2023-07-12,49.65,50.8,49.65,50.3,21536979
2628.HK,2023-07-12,12.18,12.38,12.1,12.26,13617453
2899.HK,2023-07-12,12.0,12.0,11.74,11.98,22118000
3968.HK,2023-07-12,33.2,33.9,33.15,33.6,23188592
BAC.US,2023-07-12,29.51,29.89,29.27,29.36,41855487
DIS.US,2023-07-12,90.11,90.71,89.57,90.15,14912079
PG.US,2023-07-12,148.03,149.4,147.64,148.85,6764641
0857.HK,2023-07-13,5.52,5.82,5.52,5.8,141661507
2318.HK,2023-07-13,51.5,52.5,50.9,52.0,29548685
2628.HK,2023-07-13,12.4,12.66,12.38,12.56,22691446
2899.HK,2023-07-13,12.38,12.92,12.34,12.62,62820064
3968.HK,2023-07-13,34.25,34.4,33.65,33.75,21910389
BAC.US,2023-07-13,29.52,29.87,29.41,29.67,39588951
DIS.US,2023-07-13,90.55,90.81,89.08,90.47,15325522
PG.US,2023-07-13,149.0,149.52,148.2,148.95,5561424
0857.HK,2023-07-14,5.83,5.99,5.83,5.86,150383998
2318.HK,2023-07-14,53.2,53.2,52.2,52.35,18925534
2628.HK,2023-07-14,12.5,12.64,12.46,12.5,21755474
2899.HK,2023-07-14,12.88,12.96,12.7,12.8,31164275
3968.HK,2023-07-14,34.4,34.4,33.7,34.0,20812485
BAC.US,2023-07-14,30.0,30.1,29.05,29.11,58720333
DIS.US,2023-07-14,90.41,90.49,88.42,88.62,17769989
PG.US,2023-07-14,149.27,150.63,148.73,150.05,6128878
0857.HK,2023-07-17,5.86,5.86,5.86,5.86,0
2318.HK,2023-07-17,52.35,52.35,52.35,52.35,0
2628.HK,2023-07-17,12.5,12.5,12.5,12.5,0
2899.HK,2023-07-17,12.8,12.8,12.8,12.8,0
3968.HK,2023-07-17,34.0,34.0,34.0,34.0,0
BAC.US,2023-07-17,29.15,29.56,29.12,29.4,49477157
DIS.US,2023-07-17,88.42,88.49,85.3,85.56,34503444
PG.US,2023-07-17,149.65,150.16,148.97,148.99,4626029
0857.HK,2023-07-18,5.84,5.87,5.75,5.78,62666666
2318.HK,2023-07-18,51.6,51.75,50.55,50.75,18789375
2628.HK,2023-07-18,12.48,12.48,11.92,11.98,46212441
2899.HK,2023-07-18,12.56,12.74,12.38,12.66,35032437
3968.HK,2023-07-18,33.65,33.8,32.6,33.05,24333760
BAC.US,2023-07-18,30.0,30.86,29.92,30.7,98253845
DIS.US,2023-07-18,85.51,87.3,85.31,85.95,21915527
PG.US,2023-07-18,148.64,150.48,148.38,149.27,5355185
0857.HK,2023-07-19,5.8,5.88,5.78,5.87,58914254
2318.HK,2023-07-19,49.85,50.45,49.6,50.25,21871942
2628.HK,2023-07-19,11.72,11.8,11.44,11.64,56092718
2899.HK,2023-07-19,12.82,12.86,12.6,12.64,24175495
3968.HK,2023-07-19,32.5,33.45,32.4,33.25,19393621
BAC.US,2023-07-19,30.89,31.7,30.69,31.53,70619789
DIS.US,2023-07-19,86.2,87.89,86.19,87.04,17177010
PG.US,2023-07-19,149.55,150.82,148.86,150.29,6203584
0857.HK,2023-07-20,5.84,5.96,5.81,5.82,63485947
2318.HK,2023-07-20,50.15,50.95,49.8,49.9,15671082
2628.HK,2023-07-20,11.64,11.76,11.42,11.46,25755968
2899.HK,2023-07-20,12.68,13.04,12.64,12.74,22766346
3968.HK,2023-07-20,33.35,34.05,33.35,33.7,15211503
BAC.US,2023-07-20,31.33,31.8,31.26,31.69,42128768
DIS.US,2023-07-20,86.84,87.18,86.03,86.21,15277532
PG.US,2023-07-20,149.55,150.75,148.14,150.56,6445552
0857.HK,2023-07-21,5.85,5.86,5.75,5.85,41065584
2318.HK,2023-07-21,49.85,50.8,49.7,50.1,11335281
2628.HK,2023-07-21,11.42,11.62,11.42,11.5,13951035
2899.HK,2023-07-21,12.72,12.9,12.52,12.74,11373456
3968.HK,2023-07-21,33.8,34.05,33.35,33.6,10013044
BAC.US,2023-07-21,31.87,32.11,31.42,31.98,70872359
DIS.US,2023-07-21,86.3,87.9,85.88,87.18,19900961
PG.US,2023-07-21,151.15,153.67,150.7,152.93,9938441
0857.HK,2023-07-24,5.8,5.87,5.72,5.76,65136779
2318.HK,2023-07-24,49.6,50.05,48.6,48.8,28167470
2628.HK,2023-07-24,11.4,11.48,11.16,11.2,37036440
2899.HK,2023-07-24,12.8,12.8,12.4,12.48,12487823
3968.HK,2023-07-24,33.0,33.4,32.35,32.55,15986753
BAC.US,2023-07-24,32.0,32.85,31.98,32.65,64548640
DIS.US,2023-07-24,87.49,87.96,86.55,86.6,13911900
PG.US,2023-07-24,152.84,153.95,152.3,153.42,5549519
0857.HK,2023-07-25,5.9,5.94,5.73,5.75,110458516
2318.HK,2023-07-25,50.65,53.0,50.55,52.45,62679020
2628.HK,2023-07-25,11.54,12.22,11.48,12.12,86256447
2899.HK,2023-07-25,12.98,13.2,12.92,13.14,25857068
3968.HK,2023-07-25,33.6,36.1,33.55,36.0,40118709
BAC.US,2023-07-25,32.76,32.79,32.07,32.15,51208837
DIS.US,2023-07-25,85.73,86.31,85.16,85.63,15335411
PG.US,2023-07-25,153.48,153.86,152.45,153.78,5883845
0857.HK,2023-07-26,5.73,5.8,5.63,5.71,91911486
2318.HK,2023-07-26,52.3,52.75,51.7,52.4,21788118
2628.HK,2023-07-26,12.02,12.2,12.02,12.16,18492268
2899.HK,2023-07-26,13.18,13.5,13.0,13.48,29534593
3968.HK,2023-07-26,35.9,36.1,35.2,35.5,13224608
BAC.US,2023-07-26,32.24,32.54,32.15,32.41,41814601
DIS.US,2023-07-26,85.67,86.27,85.45,85.86,14983702
PG.US,2023-07-26,153.12,154.84,152.89,153.94,7013794
0857.HK,2023-07-27,5.73,5.81,5.67,5.7,71515565
2318.HK,2023-07-27,52.9,54.2,52.75,53.7,38440765
2628.HK,2023-07-27,12.2,12.84,12.2,12.68,56188614
2899.HK,2023-07-27,13.5,13.5,13.16,13.32,27257000
3968.HK,2023-07-27,35.35,37.0,35.35,36.55,22091935
BAC.US,2023-07-27,32.43,32.74,31.82,31.95,45529457
DIS.US,2023-07-27,86.6,86.88,85.19,85.36,16691368
PG.US,2023-07-27,154.16,154.6,151.92,152.11,7191578
0857.HK,2023-07-28,5.7,5.7,5.64,5.67,70245460
2318.HK,2023-07-28,52.85,56.2,52.85,56.15,52458791
2628.HK,2023-07-28,12.44,13.66,12.44,13.48,88793333
2899.HK,2023-07-28,13.0,13.16,12.72,12.96,29246110
3968.HK,2023-07-28,35.95,38.45,35.85,38.4,31843182
BAC.US,2023-07-28,32.15,32.16,31.71,31.9,33296547
DIS.US,2023-07-28,85.86,86.58,85.45,86.13,13638332
PG.US,2023-07-28,154.66,157.48,154.6,156.41,9397878
0857.HK,2023-07-31,5.67,5.71,5.57,5.69,113099250
2318.HK,2023-07-31,57.2,57.45,55.8,56.25,39611264
2628.HK,2023-07-31,13.72,13.84,13.54,13.6,56853234
2899.HK,2023-07-31,13.48,13.56,13.12,13.36,31303006
3968.HK,2023-07-31,39.05,39.3,38.45,38.45,29868719
BAC.US,2023-07-31,31.9,32.25,31.78,32.0,29093388
DIS.US,2023-07-31,87.0,89.36,86.88,88.89,20837786
PG.US,2023-07-31,156.4,157.68,155.06,156.3,7955343
0857.HK,2023-08-01,5.68,5.88,5.67,5.77,96511137
2318.HK,2023-08-01,56.4,56.85,54.65,55.05,27901624
2628.HK,2023-08-01,13.6,13.8,13.4,13.52,34220038
2899.HK,2023-08-01,13.4,13.78,13.28,13.32,19427871
3968.HK,2023-08-01,39.3,39.3,37.55,37.85,13506570
BAC.US,2023-08-01,31.84,31.94,31.42,31.62,32735030
DIS.US,2023-08-01,89.12,89.73,88.46,89.03,13745084
PG.US,2023-08-01,155.88,157.17,155.87,156.25,5719138
0857.HK,2023-08-02,5.77,5.78,5.57,5.6,111049301
2318.HK,2023-08-02,54.65,55.75,53.2,53.5,30933950
2628.HK,2023-08-02,13.48,13.84,13.28,13.36,40383705
2899.HK,2023-08-02,13.06,13.24,12.96,12.98,23734175
3968.HK,2023-08-02,37.85,38.05,36.3,36.75,26135428
BAC.US,2023-08-02,31.16,31.28,30.78,31.19,38855118
DIS.US,2023-08-02,88.26,88.33,86.26,86.3,15162662
PG.US,2023-08-02,155.97,157.73,155.97,156.59,5637323
0857.HK,2023-08-03,5.6,5.65,5.46,5.48,111115335
2318.HK,2023-08-03,53.25,54.8,53.15,53.6,20796673
2628.HK,2023-08-03,13.36,13.76,13.22,13.52,43499302
2899.HK,2023-08-03,12.98,12.98,12.7,12.72,17126159
3968.HK,2023-08-03,36.65,37.8,36.5,37.0,16381640
BAC.US,2023-08-03,30.94,31.55,30.88,31.41,27952590
DIS.US,2023-08-03,85.82,86.46,85.45,85.49,14194137
PG.US,2023-08-03,156.76,157.7,156.21,157.0,5792784
0857.HK,2023-08-04,5.51,5.64,5.51,5.54,94149971
2318.HK,2023-08-04,54.85,56.35,54.3,54.5,30470899
2628.HK,2023-08-04,13.8,14.18,13.68,13.8,50085645
2899.HK,2023-08-04,12.72,13.18,12.72,12.9,17387151
3968.HK,2023-08-04,37.6,38.6,37.25,37.4,22017113
BAC.US,2023-08-04,31.36,31.67,31.17,31.3,30768124
DIS.US,2023-08-04,85.94,87.11,85.45,86.3,11533906
PG.US,2023-08-04,157.43,157.73,155.15,155.28,4785929
0857.HK,2023-08-07,5.56,5.72,5.55,5.64,97114073
2318.HK,2023-08-07,54.05,54.3,53.25,54.1,10740422
2628.HK,2023-08-07,13.8,13.8,13.32,13.5,20038685
2899.HK,2023-08-07,12.76,12.94,12.68,12.8,19787955
3968.HK,2023-08-07,37.0,37.2,36.3,36.55,13900745
BAC.US,2023-08-07,31.41,31.9,31.41,31.88,31745211
DIS.US,2023-08-07,86.66,87.23,85.99,86.83,10818366
PG.US,2023-08-07,155.67,157.15,155.49,156.92,4107366
0857.HK,2023-08-08,5.62,5.8,5.62,5.73,123022320
2318.HK,2023-08-08,53.35,53.6,52.35,52.75,24446851
2628.HK,2023-08-08,13.5,13.5,13.12,13.22,29371658
2899.HK,2023-08-08,12.78,13.14,12.6,12.92,24764824
3968.HK,2023-08-08,35.85,36.45,35.1,35.75,26635320
BAC.US,2023-08-08,31.3,31.31,30.48,31.27,45951795
DIS.US,2023-08-08,86.5,88.33,86.1,88.13,16767893
PG.US,2023-08-08,157.28,157.63,156.53,157.09,4625619
0857.HK,2023-08-09,5.68,5.8,5.68,5.79,73552551
2318.HK,2023-08-09,52.0,53.0,52.0,52.95,20716410
2628.HK,2023-08-09,13.1,13.2,12.94,13.12,24104067
2899.HK,2023-08-09,12.72,13.1,12.72,12.94,14690520
3968.HK,2023-08-09,35.6,35.7,34.85,35.0,20302973
BAC.US,2023-08-09,31.22,31.28,30.83,30.86,30732077
DIS.US,2023-08-09,89.2,89.56,87.04,87.49,32517915
PG.US,2023-08-09,157.31,158.09,156.77,156.89,4293200
0857.HK,2023-08-10,5.82,5.98,5.79,5.91,172281929
2318.HK,2023-08-10,52.4,53.1,52.1,52.9,14550692
2628.HK,2023-08-10,13.04,13.14,12.9,13.1,17877025
2899.HK,2023-08-10,12.88,12.96,12.78,12.88,10593221
3968.HK,2023-08-10,34.5,34.95,34.2,34.95,21316168
BAC.US,2023-08-10,31.01,31.32,30.8,30.94,26062601
DIS.US,2023-08-10,89.97,92.53,87.75,91.76,56716750
PG.US,2023-08-10,157.17,158.38,155.8,156.11,4307834
0857.HK,2023-08-11,5.92,5.92,5.85,5.87,85778244
2318.HK,2023-08-11,52.85,52.85,51.05,51.45,31899375
2628.HK,2023-08-11,13.0,13.0,12.58,12.66,29681746
2899.HK,2023-08-11,12.88,12.88,12.5,12.62,12311200
3968.HK,2023-08-11,34.6,34.9,34.0,34.15,18774844
BAC.US,2023-08-11,30.8,31.4,30.75,31.29,35720658
DIS.US,2023-08-11,91.32,91.35,88.86,89.02,21998920
PG.US,2023-08-11,156.43,157.46,155.79,157.02,3862326
0857.HK,2023-08-14,5.76,5.85,5.75,5.77,91410966
2318.HK,2023-08-14,49.75,50.35,48.8,49.85,52938821
2628.HK,2023-08-14,12.38,12.38,12.08,12.3,34067098
2899.HK,2023-08-14,12.3,12.46,12.06,12.44,31169725
3968.HK,2023-08-14,33.15,33.55,32.75,33.15,27833315
BAC.US,2023-08-14,31.05,31.11,30.75,30.93,32563693
DIS.US,2023-08-14,88.99,89.3,87.99,88.81,13676384
PG.US,2023-08-14,157.13,157.53,155.5,155.79,4297598
0857.HK,2023-08-15,5.74,5.8,5.72,5.74,46095725
2318.HK,2023-08-15,48.5,49.9,48.3,48.8,39453271
2628.HK,2023-08-15,12.0,12.38,12.0,12.18,31095664
2899.HK,2023-08-15,12.42,12.46,12.12,12.28,25699459
3968.HK,2023-08-15,32.8,33.25,32.4,32.55,22010030
BAC.US,2023-08-15,30.5,30.55,29.84,29.94,43406068
DIS.US,2023-08-15,87.99,88.23,86.89,87.06,13677866
PG.US,2023-08-15,155.79,155.97,154.46,154.79,6921105
0857.HK,2023-08-16,5.62,5.68,5.55,5.65,91545844
2318.HK,2023-08-16,48.0,48.25,47.2,47.45,52875308
2628.HK,2023-08-16,12.18,12.18,11.78,11.84,34607355
2899.HK,2023-08-16,12.08,12.18,11.98,12.12,11582180
3968.HK,2023-08-16,32.0,32.1,31.55,31.7,29946406
BAC.US,2023-08-16,29.75,29.84,29.21,29.29,47220396
DIS.US,2023-08-16,86.54,87.06,86.08,86.35,12182717
PG.US,2023-08-16,154.76,155.73,152.87,153.21,6356849
0857.HK,2023-08-17,5.56,5.63,5.54,5.61,91489178
2318.HK,2023-08-17,46.0,46.7,45.35,46.55,57496680
2628.HK,2023-08-17,11.52,11.68,11.46,11.64,47680420
2899.HK,2023-08-17,11.88,12.26,11.68,12.18,27296463
3968.HK,2023-08-17,30.9,31.35,30.6,31.1,37775638
BAC.US,2023-08-17,29.44,29.54,29.11,29.28,37202231
DIS.US,2023-08-17,86.92,86.96,85.8,85.92,14206015
PG.US,2023-08-17,153.21,153.56,151.79,152.11,6419615
0857.HK,2023-08-18,5.67,5.75,5.6,5.61,83533704
2318.HK,2023-08-18,45.95,47.5,45.4,45.45,53339663
2628.HK,2023-08-18,11.62,12.0,11.56,11.58,33535501
2899.HK,2023-08-18,12.18,12.4,11.94,11.94,13950836
3968.HK,2023-08-18,30.8,31.85,30.8,30.95,29471452
BAC.US,2023-08-18,29.04,29.35,28.98,29.11,31430361
DIS.US,2023-08-18,85.37,86.72,85.37,85.96,12364388
PG.US,2023-08-18,151.62,152.89,151.17,152.54,5448262
0857.HK,2023-08-21,5.57,5.6,5.49,5.52,74959029
2318.HK,2023-08-21,45.0,45.0,43.5,43.85,61418258
2628.HK,2023-08-21,11.4,11.54,11.04,11.12,41755579
2899.HK,2023-08-21,11.76,11.94,11.66,11.76,32829049
3968.HK,2023-08-21,30.3,30.6,29.8,30.25,37845252
BAC.US,2023-08-21,29.22,29.3,28.8,29.15,34958958
DIS.US,2023-08-21,85.81,86.25,85.41,85.88,11214986
PG.US,2023-08-21,152.09,152.78,151.26,151.77,4504747
0857.HK,2023-08-22,5.5,5.6,5.47,5.54,77683679
2318.HK,2023-08-22,43.5,44.7,43.35,44.05,36900658
2628.HK,2023-08-22,11.08,11.38,11.06,11.22,36153267
2899.HK,2023-08-22,11.7,12.26,11.7,12.24,40598661
3968.HK,2023-08-22,30.05,31.05,30.05,30.7,20269743
BAC.US,2023-08-22,29.13,29.24,28.42,28.44,37586413
DIS.US,2023-08-22,85.71,86.09,85.37,85.79,9845852
PG.US,2023-08-22,151.42,152.15,150.93,151.83,4195967
0857.HK,2023-08-23,5.52,5.69,5.52,5.63,97215801
2318.HK,2023-08-23,43.7,44.7,43.65,44.2,27643596
2628.HK,2023-08-23,11.22,11.42,11.16,11.3,23485338
2899.HK,2023-08-23,12.22,12.32,12.0,12.1,28307300
3968.HK,2023-08-23,30.55,30.8,30.25,30.4,20943916
BAC.US,2023-08-23,28.45,28.51,28.18,28.45,44686637
DIS.US,2023-08-23,85.81,86.33,85.64,85.83,7575953
PG.US,2023-08-23,152.47,153.48,152.47,153.25,4522673
0857.HK,2023-08-24,5.68,5.69,5.6,5.62,49969511
2318.HK,2023-08-24,44.3,45.1,43.9,44.2,38593305
2628.HK,2023-08-24,11.44,11.58,11.26,11.4,30725013
2899.HK,2023-08-24,12.44,12.66,12.3,12.48,31382466
3968.HK,2023-08-24,30.45,30.75,30.15,30.55,30202833
BAC.US,2023-08-24,28.4,28.79,28.37,28.62,31934783
DIS.US,2023-08-24,85.51,85.95,82.46,82.47,27531021
PG.US,2023-08-24,152.55,154.68,152.48,152.54,4089013
0857.HK,2023-08-25,5.6,5.67,5.58,5.58,42395103
2318.HK,2023-08-25,44.1,45.2,43.85,44.45,26379178
2628.HK,2023-08-25,11.42,11.6,11.36,11.42,19854738
2899.HK,2023-08-25,12.48,12.48,12.14,12.24,11601081
3968.HK,2023-08-25,30.65,31.5,30.55,30.75,22213548
BAC.US,2023-08-25,28.64,28.79,28.3,28.5,34253196
DIS.US,2023-08-25,83.07,83.65,82.46,83.36,16050882
PG.US,2023-08-25,153.4,154.08,152.46,153.54,3541524
0857.HK,2023-08-28,5.68,5.77,5.63,5.64,76650724
2318.HK,2023-08-28,47.0,47.5,45.3,45.4,39285508
2628.HK,2023-08-28,12.06,12.32,11.48,11.52,42764039
2899.HK,2023-08-28,12.5,12.7,11.84,11.98,17787219
3968.HK,2023-08-28,32.35,32.6,30.9,31.05,32058024
BAC.US,2023-08-28,28.69,29.0,28.57,28.76,33075190
DIS.US,2023-08-28,83.83,84.69,83.53,84.16,12166436
PG.US,2023-08-28,153.71,154.37,153.05,153.78,3614733
0857.HK,2023-08-29,5.7,5.73,5.64,5.67,55702449
2318.HK,2023-08-29,45.5,47.2,45.25,46.85,34254147
2628.HK,2023-08-29,11.6,11.92,11.46,11.86,37974307
2899.HK,2023-08-29,11.88,12.3,11.84,12.08,15963023
3968.HK,2023-08-29,31.35,31.85,31.0,31.5,16386144
BAC.US,2023-08-29,28.89,29.26,28.72,29.17,30428198
DIS.US,2023-08-29,83.79,84.55,83.73,84.4,11210669
PG.US,2023-08-29,153.95,154.04,152.03,153.87,4034627
0857.HK,2023-08-30,5.67,5.7,5.58,5.62,84311212
2318.HK,2023-08-30,47.5,48.1,46.8,47.05,39811550
2628.HK,2023-08-30,12.0,12.1,11.84,11.9,34376454
2899.HK,2023-08-30,12.4,12.46,12.18,12.36,21945162
3968.HK,2023-08-30,31.7,32.0,31.35,31.4,16974135
BAC.US,2023-08-30,29.22,29.27,28.93,29.04,33366353
DIS.US,2023-08-30,84.4,84.68,83.83,84.28,11816643
PG.US,2023-08-30,154.1,154.87,153.71,154.04,3712241
0857.HK,2023-08-31,5.66,5.68,5.49,5.66,163142923
2318.HK,2023-08-31,47.2,48.5,46.75,46.95,53418789
2628.HK,2023-08-31,11.82,12.1,11.8,11.9,30714057
2899.HK,2023-08-31,12.7,12.7,12.22,12.34,22014207
3968.HK,2023-08-31,31.45,31.75,30.8,31.0,24641468
BAC.US,2023-08-31,28.93,28.97,28.53,28.67,37242989
DIS.US,2023-08-31,84.46,84.61,83.64,83.68,10447960
PG.US,2023-08-31,154.12,155.16,153.83,154.34,5451433
0857.HK,2023-09-01,5.66,5.66,5.66,5.66,0
2318.HK,2023-09-01,46.95,46.95,46.95,46.95,0
2628.HK,2023-09-01,11.9,11.9,11.9,11.9,0
2899.HK,2023-09-01,12.34,12.34,12.34,12.34,0
3968.HK,2023-09-01,31.0,31.0,31.0,31.0,0
BAC.US,2023-09-01,28.76,29.13,28.76,28.98,35228576
DIS.US,2023-09-01,82.11,82.23,80.53,81.64,27701889
PG.US,2023-09-01,154.9,155.28,153.56,154.51,4126437
0857.HK,2023-09-04,5.78,5.95,5.76,5.87,249145282
2318.HK,2023-09-04,48.2,50.3,48.1,50.1,67683996
2628.HK,2023-09-04,12.1,13.08,12.1,12.86,83733713
2899.HK,2023-09-04,12.68,13.38,12.68,13.34,58844051
3968.HK,2023-09-04,31.8,33.9,31.8,33.75,56006968
0857.HK,2023-09-05,5.82,5.94,5.81,5.84,120821780
2318.HK,2023-09-05,49.25,49.5,48.4,48.45,24785160
2628.HK,2023-09-05,12.72,12.78,12.42,12.44,21203072
2899.HK,2023-09-05,13.26,13.26,12.92,12.98,20713560
3968.HK,2023-09-05,33.3,33.55,32.85,32.95,15924932
BAC.US,2023-09-05,28.94,29.12,28.5,28.65,46543637
DIS.US,2023-09-05,81.42,82.39,81.18,81.19,12741682
PG.US,2023-09-05,153.8,154.85,152.4,152.44,5097037
0857.HK,2023-09-06,5.89,5.93,5.77,5.85,144622263
2318.HK,2023-09-06,48.05,49.55,48.0,49.05,21796216
2628.HK,2023-09-06,12.4,12.58,12.24,12.48,18128509
2899.HK,2023-09-06,12.72,13.1,12.72,13.02,37033669
3968.HK,2023-09-06,32.65,33.15,32.3,33.0,21246307
BAC.US,2023-09-06,28.4,28.56,28.12,28.39,45022587
DIS.US,2023-09-06,80.79,82.09,80.53,80.98,15518544
PG.US,2023-09-06,152.29,152.45,151.54,152.14,3877460
0857.HK,2023-09-07,5.88,6.05,5.84,6.02,206998118
2318.HK,2023-09-07,48.85,49.0,47.3,47.85,30955539
2628.HK,2023-09-07,12.44,12.52,12.24,12.26,17870223
2899.HK,2023-09-07,12.84,12.88,12.66,12.72,21560355
3968.HK,2023-09-07,33.25,33.25,32.5,32.7,10712030
BAC.US,2023-09-07,28.41,28.55,28.06,28.13,35023567
DIS.US,2023-09-07,80.82,80.85,79.75,80.57,14767972
PG.US,2023-09-07,152.49,154.19,152.37,153.59,4825042
0857.HK,2023-09-08,6.02,6.02,6.02,6.02,0
2318.HK,2023-09-08,47.85,47.85,47.85,47.85,0
2628.HK,2023-09-08,12.26,12.26,12.26,12.26,0
2899.HK,2023-09-08,12.72,12.72,12.72,12.72,0
3968.HK,2023-09-08,32.7,32.7,32.7,32.7,0
BAC.US,2023-09-08,28.12,28.38,27.96,28.36,36534554
DIS.US,2023-09-08,80.54,81.67,80.17,81.58,16233621
PG.US,2023-09-08,153.42,153.46,152.35,152.93,3384760
0857.HK,2023-09-11,6.0,6.05,5.94,6.0,216237217
2318.HK,2023-09-11,47.1,47.45,46.15,47.2,28162341
2628.HK,2023-09-11,12.26,12.48,12.12,12.36,20658945
2899.HK,2023-09-11,12.56,12.92,12.42,12.78,17330144
3968.HK,2023-09-11,32.05,32.75,32.0,32.6,21868790
BAC.US,2023-09-11,28.51,28.76,28.4,28.48,34168305
DIS.US,2023-09-11,81.94,83.85,81.17,82.52,26579061
PG.US,2023-09-11,153.33,155.1,153.08,154.75,4288731
0857.HK,2023-09-12,5.91,5.91,5.47,5.49,325423246
2318.HK,2023-09-12,46.7,47.6,46.1,46.9,14099389
2628.HK,2023-09-12,12.18,12.28,11.98,12.14,24755401
2899.HK,2023-09-12,12.76,12.82,12.54,12.58,14347122
3968.HK,2023-09-12,32.2,32.4,31.75,31.95,17887949
BAC.US,2023-09-12,28.46,29.14,28.4,28.97,42283962
DIS.US,2023-09-12,83.03,84.67,82.57,83.68,16594608
PG.US,2023-09-12,154.99,155.15,151.57,152.03,4537794
0857.HK,2023-09-13,5.61,5.69,5.42,5.49,196564083
2318.HK,2023-09-13,47.6,47.8,46.5,46.8,12746383
2628.HK,2023-09-13,12.22,12.32,12.0,12.06,13150815
2899.HK,2023-09-13,12.58,12.7,12.48,12.52,12992633
3968.HK,2023-09-13,32.25,32.5,31.9,32.15,10275629
BAC.US,2023-09-13,29.12,29.19,28.7,28.88,37215740
DIS.US,2023-09-13,83.35,84.05,83.12,83.48,9772692
PG.US,2023-09-13,151.98,153.59,151.66,153.09,4040670
0857.HK,2023-09-14,5.51,5.81,5.5,5.81,208643635
2318.HK,2023-09-14,47.2,47.5,46.45,46.85,13396973
2628.HK,2023-09-14,12.18,12.3,12.04,12.12,12709365
2899.HK,2023-09-14,12.48,12.94,12.48,12.8,21840300
3968.HK,2023-09-14,32.35,32.6,32.0,32.35,10573775
BAC.US,2023-09-14,29.17,29.44,29.1,29.2,44634811
DIS.US,2023-09-14,84.0,84.74,83.04,84.48,22371918
PG.US,2023-09-14,153.85,154.92,153.37,154.77,4606909
0857.HK,2023-09-15,5.91,6.02,5.77,5.81,229087382
2318.HK,2023-09-15,47.3,48.5,46.9,47.4,34181458
2628.HK,2023-09-15,12.18,12.32,12.02,12.1,57848861
2899.HK,2023-09-15,13.18,13.44,13.02,13.16,38458612
3968.HK,2023-09-15,32.7,33.0,32.3,32.5,16432467
BAC.US,2023-09-15,28.95,29.09,28.75,28.84,61661118
DIS.US,2023-09-15,85.22,86.19,84.61,85.58,21631240
PG.US,2023-09-15,154.03,155.32,153.23,153.47,10262391
0857.HK,2023-09-18,5.77,5.8,5.65,5.75,134281940
2318.HK,2023-09-18,46.7,47.1,46.0,46.2,32920921
2628.HK,2023-09-18,12.04,12.06,11.8,11.98,19053408
2899.HK,2023-09-18,13.14,13.14,12.82,12.94,13551246
3968.HK,2023-09-18,32.15,32.3,31.8,32.1,10933845
BAC.US,2023-09-18,28.8,28.8,28.49,28.76,25752313
DIS.US,2023-09-18,85.24,85.92,84.98,85.02,11894183
PG.US,2023-09-18,154.45,154.48,153.51,154.05,3536490
0857.HK,2023-09-19,5.75,5.8,5.67,5.74,91481534
2318.HK,2023-09-19,46.0,46.3,45.7,46.3,32015614
2628.HK,2023-09-19,12.0,12.14,11.94,12.08,20546775
2899.HK,2023-09-19,12.94,13.22,12.9,13.22,14342332
3968.HK,2023-09-19,32.3,32.45,31.85,32.3,15486732
BAC.US,2023-09-19,28.76,28.94,28.51,28.65,34888054
DIS.US,2023-09-19,83.92,84.79,81.71,81.94,21478915
PG.US,2023-09-19,153.75,154.06,151.74,153.6,4704209
0857.HK,2023-09-20,5.74,5.87,5.72,5.81,120944389
2318.HK,2023-09-20,46.05,46.5,45.5,46.2,13800827
2628.HK,2023-09-20,11.98,12.28,11.9,12.2,19393883
2899.HK,2023-09-20,13.0,13.26,13.0,13.18,18587601
3968.HK,2023-09-20,31.9,32.15,31.85,32.0,12396825
BAC.US,2023-09-20,28.81,28.97,28.53,28.55,26641101
DIS.US,2023-09-20,82.03,83.2,81.64,82.56,12715167
PG.US,2023-09-20,153.77,154.78,153.36,153.47,5446571
0857.HK,2023-09-21,5.79,5.9,5.75,5.77,101287530
2318.HK,2023-09-21,45.75,46.05,45.3,45.4,26417773
2628.HK,2023-09-21,12.14,12.32,12.08,12.24,31517913
2899.HK,2023-09-21,12.88,13.06,12.8,12.86,11778990
3968.HK,2023-09-21,31.7,32.15,31.3,31.4,19566268
BAC.US,2023-09-21,28.36,28.59,28.02,28.05,39906011
DIS.US,2023-09-21,82.06,83.67,81.92,82.73,14378025
PG.US,2023-09-21,153.45,153.71,152.07,152.14,5098146
0857.HK,2023-09-22,5.74,5.81,5.67,5.81,84943658
2318.HK,2023-09-22,45.5,47.4,45.4,47.15,37643281
2628.HK,2023-09-22,12.2,12.46,11.92,12.44,41930018
2899.HK,2023-09-22,12.72,12.88,12.52,12.82,15756124
3968.HK,2023-09-22,31.4,32.6,31.2,32.5,22159724
BAC.US,2023-09-22,28.07,28.19,27.6,27.64,41284443
DIS.US,2023-09-22,82.91,83.35,81.2,81.25,11495300
PG.US,2023-09-22,152.44,153.34,151.38,151.58,6328163
0857.HK,2023-09-25,5.84,5.85,5.75,5.78,63914684
2318.HK,2023-09-25,46.9,47.05,45.9,46.1,23714661
2628.HK,2023-09-25,12.4,12.42,12.26,12.32,23749221
2899.HK,2023-09-25,12.88,12.88,12.52,12.6,15788543
3968.HK,2023-09-25,32.5,32.7,32.0,32.2,17734962
BAC.US,2023-09-25,27.5,27.62,27.35,27.6,32749158
DIS.US,2023-09-25,81.56,81.77,80.56,81.01,11034439
PG.US,2023-09-25,151.18,151.28,150.02,150.66,5527129
0857.HK,2023-09-26,5.77,5.85,5.72,5.74,106175995
2318.HK,2023-09-26,45.5,45.8,44.45,44.8,37792864
2628.HK,2023-09-26,12.28,12.36,11.86,11.96,34705947
2899.HK,2023-09-26,12.7,12.7,12.26,12.38,21239624
3968.HK,2023-09-26,31.85,32.4,31.7,31.85,15479469
BAC.US,2023-09-26,27.34,27.5,27.01,27.17,42237433
DIS.US,2023-09-26,80.5,80.74,79.79,80.05,14867862
PG.US,2023-09-26,149.98,150.36,148.79,149.32,6366545
0857.HK,2023-09-27,5.74,5.87,5.74,5.82,63814831
2318.HK,2023-09-27,44.8,45.3,44.6,44.95,21754438
2628.HK,2023-09-27,12.08,12.24,12.04,12.16,21987372
2899.HK,2023-09-27,12.32,12.38,12.08,12.12,18099230
3968.HK,2023-09-27,31.95,32.8,31.95,32.45,20329058
BAC.US,2023-09-27,27.23,27.61,27.07,27.27,38296345
DIS.US,2023-09-27,80.12,80.56,79.22,79.9,14662506
PG.US,2023-09-27,149.42,149.7,146.63,147.34,5403675
0857.HK,2023-09-28,5.96,6.02,5.87,5.9,142248909
2318.HK,2023-09-28,44.75,45.15,43.9,44.0,37827270
2628.HK,2023-09-28,12.16,12.22,11.96,11.96,14667923
2899.HK,2023-09-28,12.12,12.22,11.72,11.82,38487202
3968.HK,2023-09-28,32.65,33.05,32.3,32.6,16481570
BAC.US,2023-09-28,27.17,27.64,27.17,27.56,36734311
DIS.US,2023-09-28,80.28,80.92,79.65,80.13,12229820
PG.US,2023-09-28,147.82,147.98,145.68,146.34,6237072
0857.HK,2023-09-29,5.95,5.96,5.88,5.9,64227667
2318.HK,2023-09-29,44.0,45.0,43.95,44.85,23052194
2628.HK,2023-09-29,12.0,12.28,11.98,12.2,13531584
2899.HK,2023-09-29,11.82,12.08,11.76,11.98,16203786
3968.HK,2023-09-29,32.65,33.0,32.45,32.7,11125341
BAC.US,2023-09-29,27.89,27.99,27.27,27.38,40645852
DIS.US,2023-09-29,80.66,81.33,80.41,81.05,11261366
PG.US,2023-09-29,146.54,146.77,144.82,145.86,6683279
BAC.US,2023-10-02,27.27,27.36,26.58,26.7,50388610
DIS.US,2023-10-02,80.92,81.77,80.79,81.67,9128074
PG.US,2023-10-02,144.78,145.6,143.9,145.19,5153808
0857.HK,2023-10-03,5.78,5.79,5.54,5.6,135814676
2318.HK,2023-10-03,43.55,43.9,42.1,42.7,39896227
2628.HK,2023-10-03,12.02,12.1,11.54,11.66,25461744
2899.HK,2023-10-03,11.6,11.64,11.32,11.54,18422157
3968.HK,2023-10-03,32.0,32.25,30.95,31.2,15418413
BAC.US,2023-10-03,26.49,26.52,25.82,25.91,62144482
DIS.US,2023-10-03,81.25,81.89,79.46,79.54,12586235
PG.US,2023-10-03,145.17,146.49,145.01,145.49,4670620
0857.HK,2023-10-04,5.55,5.58,5.42,5.48,72372948
2318.HK,2023-10-04,42.4,42.5,41.8,42.3,23746081
2628.HK,2023-10-04,11.66,11.72,11.46,11.72,18197929
2899.HK,2023-10-04,11.46,11.48,11.24,11.4,13330940
3968.HK,2023-10-04,31.2,31.25,30.55,31.1,8357160
BAC.US,2023-10-04,25.88,26.01,25.58,25.94,55696415
DIS.US,2023-10-04,79.61,79.79,78.73,79.32,12010508
PG.US,2023-10-04,145.59,146.31,144.93,145.97,4727849
0857.HK,2023-10-05,5.36,5.5,5.35,5.48,49866603
2318.HK,2023-10-05,42.1,42.65,42.0,42.3,16916450
2628.HK,2023-10-05,11.66,11.72,11.54,11.58,16192331
2899.HK,2023-10-05,11.4,11.4,11.2,11.28,12039377
3968.HK,2023-10-05,31.3,31.65,31.15,31.2,6027940
BAC.US,2023-10-05,25.78,26.09,25.56,26.06,49044081
DIS.US,2023-10-05,79.1,80.94,78.88,80.81,15466571
PG.US,2023-10-05,145.68,146.09,143.69,143.8,5205662
0857.HK,2023-10-06,5.48,5.53,5.45,5.5,31587101
2318.HK,2023-10-06,42.5,43.45,42.5,43.0,40346159
2628.HK,2023-10-06,11.68,11.9,11.68,11.76,13854258
2899.HK,2023-10-06,11.2,11.46,11.2,11.38,10730936
3968.HK,2023-10-06,31.5,32.1,31.4,31.75,5681703
BAC.US,2023-10-06,25.77,26.23,25.47,26.07,58177262
DIS.US,2023-10-06,81.05,83.53,80.49,82.94,15391073
PG.US,2023-10-06,143.6,144.56,141.45,144.09,7406682
0857.HK,2023-10-09,5.6,5.74,5.6,5.64,109542515
2318.HK,2023-10-09,43.0,44.0,43.0,43.5,18733541
2628.HK,2023-10-09,11.78,11.94,11.72,11.82,8164435
2899.HK,2023-10-09,11.5,12.02,11.46,11.8,19226025
3968.HK,2023-10-09,31.75,32.15,31.6,31.85,5767267
BAC.US,2023-10-09,25.76,26.36,25.72,26.31,39953748
DIS.US,2023-10-09,84.3,84.88,83.13,84.7,13604405
PG.US,2023-10-09,143.36,143.97,141.6,143.36,5062170
0857.HK,2023-10-10,5.75,5.78,5.66,5.7,93673605
2318.HK,2023-10-10,44.1,44.9,43.7,43.85,21078612
2628.HK,2023-10-10,11.96,12.18,11.86,11.92,17706669
2899.HK,2023-10-10,11.8,12.16,11.8,11.92,13987626
3968.HK,2023-10-10,32.5,33.15,32.1,32.3,13997659
BAC.US,2023-10-10,26.61,27.3,26.57,27.01,51960103
DIS.US,2023-10-10,84.79,85.29,83.93,84.99,9450609
PG.US,2023-10-10,143.98,145.22,143.72,144.78,5988917
0857.HK,2023-10-11,5.79,5.82,5.67,5.72,108864526
2318.HK,2023-10-11,44.5,44.7,43.95,44.0,23498128
2628.HK,2023-10-11,12.12,12.26,12.06,12.1,25307667
2899.HK,2023-10-11,11.98,12.1,11.82,11.9,20400855
3968.HK,2023-10-11,32.75,32.8,31.9,32.0,17754121
BAC.US,2023-10-11,27.17,27.44,26.9,27.02,38508202
DIS.US,2023-10-11,85.37,85.72,84.26,84.85,9499170
PG.US,2023-10-11,145.14,145.56,142.56,143.0,5469148
0857.HK,2023-10-12,5.74,5.75,5.51,5.62,217597279
2318.HK,2023-10-12,45.65,45.65,44.6,44.8,31148367
2628.HK,2023-10-12,12.5,12.68,12.4,12.56,46166372
2899.HK,2023-10-12,11.96,12.24,11.96,12.02,13032937
3968.HK,2023-10-12,33.45,33.75,32.9,33.4,31326250
BAC.US,2023-10-12,26.97,27.08,26.61,26.9,44249794
DIS.US,2023-10-12,84.83,85.07,83.51,84.35,9554881
PG.US,2023-10-12,142.79,143.93,141.66,143.32,5965604
0857.HK,2023-10-13,5.63,5.67,5.59,5.63,103641549
2318.HK,2023-10-13,43.95,44.4,43.85,44.15,20395768
2628.HK,2023-10-13,12.32,12.5,12.32,12.44,22782810
2899.HK,2023-10-13,11.84,12.0,11.78,11.82,10244385
3968.HK,2023-10-13,33.15,33.45,32.8,32.85,11916151
BAC.US,2023-10-13,27.43,27.72,26.52,26.76,55118405
DIS.US,2023-10-13,83.94,84.58,83.38,84.35,10813094
PG.US,2023-10-13,143.19,145.03,143.19,144.69,7079323
0857.HK,2023-10-16,5.7,5.77,5.63,5.66,102649149
2318.HK,2023-10-16,44.05,44.25,42.85,42.95,27956994
2628.HK,2023-10-16,12.34,12.64,12.32,12.36,24201527
2899.HK,2023-10-16,12.12,12.24,11.74,11.76,16139113
3968.HK,2023-10-16,32.6,32.7,31.9,32.15,15699880
BAC.US,2023-10-16,27.16,27.18,26.77,26.99,56817509
DIS.US,2023-10-16,84.31,85.93,84.31,85.71,10275144
PG.US,2023-10-16,145.86,147.06,145.46,146.07,6509765
0857.HK,2023-10-17,5.69,5.71,5.59,5.7,93626252
2318.HK,2023-10-17,43.55,43.55,42.55,42.9,24212484
2628.HK,2023-10-17,12.58,12.58,12.22,12.38,19114595
2899.HK,2023-10-17,11.88,11.94,11.76,11.82,11581910
3968.HK,2023-10-17,32.4,32.45,31.85,32.1,9637481
BAC.US,2023-10-17,27.05,27.87,26.72,27.62,95344213
DIS.US,2023-10-17,85.35,86.29,85.31,86.2,9985651
PG.US,2023-10-17,146.11,146.83,145.24,146.26,6160115
0857.HK,2023-10-18,5.73,5.79,5.69,5.76,87287059
2318.HK,2023-10-18,42.55,43.15,42.45,42.5,18240832
2628.HK,2023-10-18,12.32,12.44,12.2,12.26,23930589
2899.HK,2023-10-18,11.96,11.98,11.74,11.8,13436367
3968.HK,2023-10-18,32.3,32.6,31.9,32.3,14565172
BAC.US,2023-10-18,27.54,28.04,27.21,27.31,68371128
DIS.US,2023-10-18,85.69,86.26,84.6,84.68,10047019
PG.US,2023-10-18,150.06,151.3,148.77,150.03,10508470
0857.HK,2023-10-19,5.7,5.73,5.6,5.64,99122480
2318.HK,2023-10-19,42.1,42.1,40.85,40.9,34728973
2628.HK,2023-10-19,12.1,12.12,11.42,11.44,64357533
2899.HK,2023-10-19,11.64,11.76,11.56,11.7,16489101
3968.HK,2023-10-19,31.95,31.95,30.55,30.6,25993182
BAC.US,2023-10-19,27.25,27.78,26.88,26.96,58610976
DIS.US,2023-10-19,85.26,85.27,83.17,83.25,14316809
PG.US,2023-10-19,149.61,150.28,147.18,148.25,8145959
0857.HK,2023-10-20,5.63,5.69,5.6,5.62,76363436
2318.HK,2023-10-20,40.0,41.1,40.0,40.55,26399617
2628.HK,2023-10-20,11.24,11.34,10.94,11.08,69363937
2899.HK,2023-10-20,11.64,11.8,11.44,11.62,18736209
3968.HK,2023-10-20,30.05,31.25,30.05,30.7,11586089
BAC.US,2023-10-20,26.8,26.94,26.24,26.31,62058406
DIS.US,2023-10-20,82.9,83.44,82.61,82.65,10436993
PG.US,2023-10-20,149.05,149.88,147.92,148.05,7284217
BAC.US,2023-10-23,26.13,26.21,25.52,25.57,59857215
DIS.US,2023-10-23,82.08,84.03,80.91,83.1,10772524
PG.US,2023-10-23,147.86,149.5,147.56,148.15,5981784
0857.HK,2023-10-24,5.54,5.56,5.44,5.53,96718947
2318.HK,2023-10-24,40.05,40.85,40.0,40.3,24915949
2628.HK,2023-10-24,10.92,11.08,10.68,10.78,49033505
2899.HK,2023-10-24,11.34,11.62,11.3,11.56,21536284
3968.HK,2023-10-24,30.65,30.95,30.3,30.6,13212030
BAC.US,2023-10-24,25.74,25.87,25.4,25.47,55975712
DIS.US,2023-10-24,83.41,84.2,81.74,82.56,11499469
PG.US,2023-10-24,148.12,150.07,148.07,149.9,6322218
0857.HK,2023-10-25,5.55,5.56,5.24,5.31,192167444
2318.HK,2023-10-25,42.2,42.2,40.15,40.4,28823027
2628.HK,2023-10-25,11.1,11.1,10.7,10.8,36140479
2899.HK,2023-10-25,11.88,12.1,11.76,11.82,20619067
3968.HK,2023-10-25,31.65,31.65,30.6,30.9,15610414
BAC.US,2023-10-25,25.38,25.65,25.18,25.55,45522414
DIS.US,2023-10-25,82.13,82.55,80.52,80.59,9372522
PG.US,2023-10-25,149.64,151.19,149.12,150.6,6172937
0857.HK,2023-10-26,5.31,5.35,5.24,5.32,93655106
2318.HK,2023-10-26,40.4,40.8,39.8,40.4,24547470
2628.HK,2023-10-26,10.84,10.94,10.64,10.74,29284763
2899.HK,2023-10-26,11.86,11.86,11.56,11.7,13814114
3968.HK,2023-10-26,31.1,31.4,30.8,31.1,9433445
BAC.US,2023-10-26,25.49,26.36,25.44,26.12,60921022
DIS.US,2023-10-26,80.08,80.61,79.42,79.78,11650989
PG.US,2023-10-26,151.05,151.38,149.74,149.8,7582052
0857.HK,2023-10-27,5.33,5.38,5.28,5.34,93114207
2318.HK,2023-10-27,40.4,41.0,39.55,40.6,32033949
2628.HK,2023-10-27,10.48,10.7,10.14,10.66,90435924
2899.HK,2023-10-27,11.76,11.88,11.62,11.82,12338325
3968.HK,2023-10-27,31.3,31.75,30.7,31.5,16715261
BAC.US,2023-10-27,26.07,26.07,24.96,25.17,64695728
DIS.US,2023-10-27,79.75,81.03,79.23,79.33,10295574
PG.US,2023-10-27,148.98,149.95,146.28,147.16,8131835
0857.HK,2023-10-30,5.25,5.3,5.09,5.16,199434791
2318.HK,2023-10-30,40.3,40.85,39.65,40.4,30972154
2628.HK,2023-10-30,10.56,10.7,10.42,10.7,34072338
2899.HK,2023-10-30,11.8,12.38,11.8,12.26,21637306
3968.HK,2023-10-30,30.55,30.8,29.75,30.3,26429825
BAC.US,2023-10-30,25.32,25.78,25.28,25.69,41891934
DIS.US,2023-10-30,79.72,80.93,79.53,80.68,10291181
PG.US,2023-10-30,147.9,149.55,147.54,149.26,5412866
0857.HK,2023-10-31,5.23,5.23,4.93,5.1,214530929
2318.HK,2023-10-31,40.4,40.75,39.7,40.1,19905812
2628.HK,2023-10-31,10.7,10.82,10.5,10.6,23518450
2899.HK,2023-10-31,12.22,12.24,12.02,12.16,15441066
3968.HK,2023-10-31,30.25,30.25,29.35,29.8,18464466
BAC.US,2023-10-31,25.74,26.38,25.72,26.34,50106665
DIS.US,2023-10-31,80.69,81.67,80.33,81.59,8672234
PG.US,2023-10-31,149.46,150.26,148.64,150.03,6762155
0857.HK,2023-11-01,5.11,5.18,5.08,5.16,68670483
2318.HK,2023-11-01,40.0,40.4,39.5,39.75,21274425
2628.HK,2023-11-01,10.62,10.72,10.5,10.6,14020433
2899.HK,2023-11-01,12.12,12.16,11.8,11.94,13301280
3968.HK,2023-11-01,29.75,29.85,29.25,29.35,16204471
BAC.US,2023-11-01,26.44,26.62,26.15,26.4,44046276
DIS.US,2023-11-01,81.53,81.58,80.18,81.07,9092974
PG.US,2023-11-01,150.68,150.68,149.21,149.61,5896946
0857.HK,2023-11-02,5.22,5.3,5.18,5.19,80370947
2318.HK,2023-11-02,39.9,40.8,39.9,40.25,18006114
2628.HK,2023-11-02,10.78,10.82,10.48,10.62,15681230
2899.HK,2023-11-02,12.06,12.18,11.94,12.0,11739074
3968.HK,2023-11-02,29.95,30.1,29.45,29.65,11476025
BAC.US,2023-11-02,26.71,27.66,26.59,27.62,63278272
DIS.US,2023-11-02,81.85,83.3,81.82,83.29,11518450
PG.US,2023-11-02,149.54,151.65,148.91,151.44,5859285
0857.HK,2023-11-03,5.25,5.3,5.21,5.24,62119255
2318.HK,2023-11-03,41.0,41.35,40.5,41.15,24906742
2628.HK,2023-11-03,10.78,11.02,10.64,10.94,25867400
2899.HK,2023-11-03,12.08,12.1,11.78,11.98,25172396
3968.HK,2023-11-03,30.05,30.7,29.9,30.45,11970598
BAC.US,2023-11-03,28.16,28.93,28.13,28.42,62613627
DIS.US,2023-11-03,84.17,85.93,84.16,85.07,11331778
PG.US,2023-11-03,151.79,152.29,149.62,150.07,6587879
0857.HK,2023-11-06,5.26,5.26,5.03,5.06,205996729
2318.HK,2023-11-06,41.65,42.65,41.55,42.25,28363335
2628.HK,2023-11-06,11.1,11.4,11.08,11.26,32248060
2899.HK,2023-11-06,12.06,12.22,11.76,11.88,21599856
3968.HK,2023-11-06,31.0,31.35,30.8,31.15,14324653
BAC.US,2023-11-06,28.56,28.77,28.02,28.33,45547977
DIS.US,2023-11-06,85.08,85.8,83.59,84.02,14160922
PG.US,2023-11-06,150.36,151.25,150.1,150.94,6480898
0857.HK,2023-11-07,5.03,5.11,5.0,5.09,104238133
2318.HK,2023-11-07,41.5,41.8,40.2,40.7,44313075
2628.HK,2023-11-07,11.08,11.24,10.84,10.92,26851549
2899.HK,2023-11-07,11.8,12.02,11.68,11.94,15250223
3968.HK,2023-11-07,31.15,31.15,30.15,30.25,14589522
BAC.US,2023-11-07,28.05,28.26,27.95,28.16,33081860
DIS.US,2023-11-07,84.16,84.68,83.95,84.59,10540204
PG.US,2023-11-07,150.92,151.25,150.12,150.59,6003843
0857.HK,2023-11-08,5.04,5.06,4.94,4.98,120206308
2318.HK,2023-11-08,40.05,40.65,38.3,38.5,98391344
2628.HK,2023-11-08,10.96,10.96,10.62,10.66,31337473
2899.HK,2023-11-08,11.8,11.9,11.58,11.66,19506090
3968.HK,2023-11-08,30.0,30.3,29.65,29.8,13538383
BAC.US,2023-11-08,28.16,28.2,27.67,27.89,31895999
DIS.US,2023-11-08,84.14,84.92,83.95,84.5,26942600
PG.US,2023-11-08,150.96,151.2,149.51,150.01,4832618
0857.HK,2023-11-09,4.96,4.98,4.91,4.96,105748497
2318.HK,2023-11-09,38.05,38.8,37.35,38.0,77873265
2628.HK,2023-11-09,10.58,10.66,10.44,10.56,21971419
2899.HK,2023-11-09,11.66,11.78,11.5,11.74,29362673
3968.HK,2023-11-09,29.8,30.0,29.6,29.75,9948302
BAC.US,2023-11-09,28.07,28.08,27.4,27.53,32267867
DIS.US,2023-11-09,87.84,91.21,87.6,90.34,51062704
PG.US,2023-11-09,149.74,150.35,149.12,150.35,6581536
0857.HK,2023-11-10,4.94,4.96,4.86,4.94,90873977
2318.HK,2023-11-10,37.1,37.6,36.9,37.15,34336659
2628.HK,2023-11-10,10.5,10.5,10.2,10.3,28071896
2899.HK,2023-11-10,11.66,11.74,11.44,11.5,10225658
3968.HK,2023-11-10,29.35,29.5,28.8,29.2,14315039
BAC.US,2023-11-10,27.76,27.77,27.34,27.68,32870678
DIS.US,2023-11-10,90.13,90.16,86.94,88.27,25200001
PG.US,2023-11-10,150.84,151.44,149.92,151.41,5387350
0857.HK,2023-11-13,4.99,5.07,4.94,5.05,65951372
2318.HK,2023-11-13,37.05,37.3,36.6,37.3,37260245
2628.HK,2023-11-13,10.3,10.5,10.26,10.48,16025932
2899.HK,2023-11-13,11.6,11.68,11.42,11.66,9281060
3968.HK,2023-11-13,29.2,29.2,28.05,28.95,21312579
BAC.US,2023-11-13,27.54,27.85,27.42,27.7,28521771
DIS.US,2023-11-13,88.42,89.9,87.41,89.44,12834443
PG.US,2023-11-13,151.45,152.9,151.45,152.46,6297527
0857.HK,2023-11-14,5.12,5.14,5.06,5.08,66416938
2318.HK,2023-11-14,37.5,38.55,37.45,37.95,31422322
2628.HK,2023-11-14,10.6,10.74,10.54,10.66,26743161
2899.HK,2023-11-14,11.68,11.68,11.5,11.52,7754743
3968.HK,2023-11-14,29.2,29.4,29.0,29.15,8450283
BAC.US,2023-11-14,28.5,29.41,28.47,29.22,66676271
DIS.US,2023-11-14,90.03,91.54,89.99,91.07,13152029
PG.US,2023-11-14,152.55,153.5,151.68,152.12,7982631
0857.HK,2023-11-15,5.1,5.24,5.1,5.21,99410256
2318.HK,2023-11-15,39.0,39.95,38.6,39.55,58711559
2628.HK,2023-11-15,10.94,11.36,10.88,11.3,59807172
2899.HK,2023-11-15,11.82,12.12,11.82,12.12,30884278
3968.HK,2023-11-15,30.0,30.75,29.8,30.7,29015292
BAC.US,2023-11-15,29.2,29.73,29.2,29.62,46968929
DIS.US,2023-11-15,92.99,94.57,92.74,93.93,20593054
PG.US,2023-11-15,152.06,152.39,150.38,151.42,7672848
0857.HK,2023-11-16,5.21,5.25,5.15,5.2,63991346
2318.HK,2023-11-16,39.6,39.6,38.5,39.0,30382978
2628.HK,2023-11-16,11.38,11.38,11.02,11.08,18839099
2899.HK,2023-11-16,12.0,12.1,11.78,11.98,14306288
3968.HK,2023-11-16,30.9,30.9,30.2,30.45,14375104
BAC.US,2023-11-16,29.43,29.7,29.22,29.54,36952821
DIS.US,2023-11-16,93.89,94.61,93.63,94.51,12923919
PG.US,2023-11-16,151.99,152.89,151.31,152.83,7590516
0857.HK,2023-11-17,5.13,5.14,5.04,5.11,107558703
2318.HK,2023-11-17,38.25,38.6,38.05,38.1,22459658
2628.HK,2023-11-17,11.0,11.02,10.78,10.92,20258453
2899.HK,2023-11-17,11.98,12.08,11.74,11.78,16547453
3968.HK,2023-11-17,30.1,30.3,29.4,29.55,17144912
BAC.US,2023-11-17,29.71,30.0,29.55,29.98,38524430
DIS.US,2023-11-17,94.75,95.38,93.92,94.15,12201304
PG.US,2023-11-17,152.72,152.84,150.89,151.07,8495710
0857.HK,2023-11-20,5.15,5.21,5.08,5.18,90737248
2318.HK,2023-11-20,38.65,39.15,38.3,38.95,21663102
2628.HK,2023-11-20,11.0,11.28,10.96,11.22,24498209
2899.HK,2023-11-20,11.9,11.94,11.7,11.88,15088466
3968.HK,2023-11-20,30.0,30.5,29.8,30.4,15360207
BAC.US,2023-11-20,29.98,30.25,29.75,30.01,47050278
DIS.US,2023-11-20,93.98,95.59,93.87,95.03,14114766
PG.US,2023-11-20,150.21,151.03,149.66,150.27,6857809
0857.HK,2023-11-21,5.24,5.29,5.16,5.18,77929195
2318.HK,2023-11-21,39.0,39.85,38.7,38.9,27567823
2628.HK,2023-11-21,11.3,11.54,11.16,11.18,25782480
2899.HK,2023-11-21,11.88,12.26,11.88,12.1,20903625
3968.HK,2023-11-21,30.75,31.3,29.9,30.15,16073325
BAC.US,2023-11-21,29.99,29.99,29.55,29.66,41611853
DIS.US,2023-11-21,94.73,94.96,93.96,94.45,7654843
PG.US,2023-11-21,149.85,150.01,148.83,149.61,7310387
0857.HK,2023-11-22,5.18,5.23,5.13,5.21,50301023
2318.HK,2023-11-22,38.9,39.0,38.3,38.75,15048477
2628.HK,2023-11-22,11.2,11.32,11.14,11.2,11923371
2899.HK,2023-11-22,12.1,12.2,12.04,12.18,16624908
3968.HK,2023-11-22,30.15,30.25,29.75,30.0,7930020
BAC.US,2023-11-22,29.74,29.79,29.52,29.63,41427991
DIS.US,2023-11-22,94.91,95.71,94.76,95.07,7330932
PG.US,2023-11-22,150.1,151.48,150.1,151.02,4373087
0857.HK,2023-11-23,5.18,5.21,5.12,5.19,56415715
2318.HK,2023-11-23,38.5,39.65,38.15,39.6,30222135
2628.HK,2023-11-23,11.12,11.4,11.04,11.4,20324628
2899.HK,2023-11-23,12.16,12.16,11.84,12.04,11075000
3968.HK,2023-11-23,29.75,30.25,29.55,30.25,15319888
0857.HK,2023-11-24,5.13,5.19,5.13,5.15,27837807
2318.HK,2023-11-24,39.3,39.65,38.75,38.9,20969754
2628.HK,2023-11-24,11.3,11.3,11.08,11.14,21165039
2899.HK,2023-11-24,12.04,12.04,11.78,11.84,15624983
3968.HK,2023-11-24,30.0,30.05,29.35,29.5,14256201
BAC.US,2023-11-24,29.48,29.89,29.48,29.73,15815605
DIS.US,2023-11-24,94.9,96.51,94.9,96.06,5440468
PG.US,2023-11-24,151.18,151.74,151.03,151.38,2132494
0857.HK,2023-11-27,5.19,5.2,5.11,5.15,31779078
2318.HK,2023-11-27,39.0,39.05,37.8,38.15,26409758
2628.HK,2023-11-27,11.12,11.14,10.82,10.92,21825561
2899.HK,2023-11-27,11.96,12.02,11.72,11.82,12994941
3968.HK,2023-11-27,29.85,29.85,28.65,29.0,16421814
BAC.US,2023-11-27,29.6,29.69,29.51,29.56,42039467
DIS.US,2023-11-27,95.74,95.74,94.52,95.17,11049470
PG.US,2023-11-27,151.52,151.64,150.74,151.24,6021326
0857.HK,2023-11-28,5.16,5.16,5.07,5.11,50544596
2318.HK,2023-11-28,38.2,38.2,36.9,37.1,40337951
2628.HK,2023-11-28,10.94,11.02,10.86,10.88,19149644
2899.HK,2023-11-28,11.86,11.88,11.66,11.8,17367040
3968.HK,2023-11-28,28.6,28.85,27.95,28.05,35174594
BAC.US,2023-11-28,29.53,29.65,29.32,29.53,29705783
DIS.US,2023-11-28,95.0,95.14,92.45,92.5,18660305
PG.US,2023-11-28,151.15,152.77,151.15,152.29,6110455
0857.HK,2023-11-29,5.18,5.18,5.02,5.07,86997077
2318.HK,2023-11-29,37.5,37.5,35.6,35.75,59461189
2628.HK,2023-11-29,10.98,10.98,10.46,10.56,35819745
2899.HK,2023-11-29,12.02,12.3,12.0,12.22,41248572
3968.HK,2023-11-29,28.2,28.25,27.3,27.35,31548670
BAC.US,2023-11-29,29.88,30.61,29.81,30.31,57954857
DIS.US,2023-11-29,92.6,93.24,91.44,92.5,13857038
PG.US,2023-11-29,152.29,152.45,150.99,151.13,5342709
0857.HK,2023-11-30,5.06,5.18,5.02,5.13,138755738
2318.HK,2023-11-30,35.65,36.25,35.55,36.0,39780399
2628.HK,2023-11-30,10.56,10.8,10.46,10.58,40784161
2899.HK,2023-11-30,12.28,12.46,12.18,12.38,37211976
3968.HK,2023-11-30,27.2,27.55,27.1,27.3,25658092
BAC.US,2023-11-30,30.21,30.55,30.04,30.49,52547732
DIS.US,2023-11-30,93.55,93.86,92.2,92.69,13396699
PG.US,2023-11-30,150.9,153.63,150.08,153.52,9771509
0857.HK,2023-12-01,5.13,5.18,5.1,5.11,58119190
2318.HK,2023-12-01,36.0,36.75,35.8,36.05,37827722
2628.HK,2023-12-01,10.5,10.72,10.48,10.5,21009891
2899.HK,2023-12-01,12.24,12.34,12.12,12.14,10712652
3968.HK,2023-12-01,27.3,27.45,26.65,26.7,30054441
BAC.US,2023-12-01,30.4,31.05,30.35,30.96,46133342
DIS.US,2023-12-01,92.74,92.84,91.77,92.58,11898169
PG.US,2023-12-01,153.33,153.49,152.23,152.66,5685434
0857.HK,2023-12-04,5.19,5.22,5.11,5.12,74195698
2318.HK,2023-12-04,36.0,36.7,35.15,35.3,31326728
2628.HK,2023-12-04,10.58,10.66,10.26,10.3,30888672
2899.HK,2023-12-04,12.56,12.92,12.48,12.6,55301606
3968.HK,2023-12-04,27.25,27.25,26.2,26.35,21285167
BAC.US,2023-12-04,30.53,31.0,30.52,30.82,37811345
DIS.US,2023-12-04,91.9,92.41,91.61,92.01,12602805
PG.US,2023-12-04,151.77,152.53,151.66,152.06,6578318
0857.HK,2023-12-05,5.12,5.14,4.95,5.03,85431274
2318.HK,2023-12-05,35.05,35.3,34.05,34.4,36373295
2628.HK,2023-12-05,10.3,10.3,10.02,10.12,30785989
2899.HK,2023-12-05,12.44,12.5,12.1,12.18,37093734
3968.HK,2023-12-05,26.3,26.4,25.7,25.9,20653552
BAC.US,2023-12-05,30.68,30.79,30.33,30.58,45723114
DIS.US,2023-12-05,91.61,91.78,89.93,90.79,12356988
PG.US,2023-12-05,152.14,152.61,146.18,146.76,11895824
0857.HK,2023-12-06,5.0,5.01,4.9,4.97,75360464
2318.HK,2023-12-06,34.5,34.8,33.75,34.55,29528295
2628.HK,2023-12-06,10.1,10.3,10.02,10.2,24179140
2899.HK,2023-12-06,12.16,12.26,11.84,12.18,19249667
3968.HK,2023-12-06,25.9,26.85,25.75,26.55,23642896
BAC.US,2023-12-06,30.78,31.52,30.44,30.53,49803140
DIS.US,2023-12-06,91.11,92.55,90.62,91.5,10462040
PG.US,2023-12-06,147.01,147.16,145.64,146.65,7610079
0857.HK,2023-12-07,4.9,4.91,4.73,4.86,132584263
2318.HK,2023-12-07,34.4,34.4,33.5,33.85,40086742
2628.HK,2023-12-07,10.2,10.2,9.96,10.1,18568133
2899.HK,2023-12-07,12.04,12.06,11.76,12.0,22776618
3968.HK,2023-12-07,26.45,26.45,25.15,25.85,43900641
BAC.US,2023-12-07,30.59,30.93,30.54,30.66,32699643
DIS.US,2023-12-07,91.8,93.39,91.65,92.35,10264684
PG.US,2023-12-07,146.57,147.1,146.02,146.5,6119624
0857.HK,2023-12-08,4.88,4.92,4.83,4.86,63143123
2318.HK,2023-12-08,33.55,34.1,33.55,33.75,22411471
2628.HK,2023-12-08,10.16,10.18,9.92,9.97,21799212
2899.HK,2023-12-08,12.0,12.0,11.6,11.64,25362085
3968.HK,2023-12-08,25.5,25.8,25.2,25.4,31258425
BAC.US,2023-12-08,30.67,31.14,30.61,30.96,34794305
DIS.US,2023-12-08,92.06,93.54,92.06,92.82,9498155
PG.US,2023-12-08,145.92,146.24,144.52,145.15,6385269
0857.HK,2023-12-11,4.8,4.86,4.74,4.85,75092341
2318.HK,2023-12-11,33.2,34.0,32.65,33.6,43770602
2628.HK,2023-12-11,9.96,9.96,9.55,9.74,48442347
2899.HK,2023-12-11,11.52,11.74,11.42,11.66,23507216
3968.HK,2023-12-11,24.8,25.3,24.2,24.95,57637985
BAC.US,2023-12-11,30.92,31.08,30.71,30.85,32253970
DIS.US,2023-12-11,92.73,93.08,91.97,92.2,10810961
PG.US,2023-12-11,144.8,145.87,144.65,145.82,8471213
0857.HK,2023-12-12,4.88,4.9,4.8,4.87,44149086
2318.HK,2023-12-12,33.6,34.5,33.35,34.2,28321571
2628.HK,2023-12-12,9.78,9.95,9.67,9.89,23717639
2899.HK,2023-12-12,11.5,11.7,11.44,11.62,17519545
3968.HK,2023-12-12,24.85,25.85,24.85,25.65,40549768
BAC.US,2023-12-12,30.77,30.86,30.45,30.74,34566689
DIS.US,2023-12-12,92.12,92.2,90.86,91.07,13218428
PG.US,2023-12-12,145.86,146.23,145.08,145.94,6069202
0857.HK,2023-12-13,4.81,4.85,4.79,4.82,83694947
2318.HK,2023-12-13,34.0,34.15,33.2,33.4,23811243
2628.HK,2023-12-13,9.87,9.87,9.58,9.64,30364405
2899.HK,2023-12-13,11.6,11.6,11.36,11.44,28698850
3968.HK,2023-12-13,25.35,25.4,24.5,24.6,37175965
BAC.US,2023-12-13,30.75,32.13,30.63,32.04,60311081
DIS.US,2023-12-13,91.17,92.87,90.78,92.83,10173236
PG.US,2023-12-13,145.86,148.65,145.45,148.58,9055532
0857.HK,2023-12-14,4.9,4.92,4.8,4.83,80661578
2318.HK,2023-12-14,33.95,34.5,33.1,33.3,31472938
2628.HK,2023-12-14,9.84,9.9,9.63,9.7,20895417
2899.HK,2023-12-14,11.84,11.98,11.24,11.34,62503960
3968.HK,2023-12-14,24.85,25.35,24.3,24.5,42169190
BAC.US,2023-12-14,32.62,34.07,32.57,33.94,107190007
DIS.US,2023-12-14,93.21,94.83,93.21,93.94,12439334
PG.US,2023-12-14,148.46,148.55,144.38,144.66,10565171
0857.HK,2023-12-15,4.92,5.01,4.92,4.93,167038397
2318.HK,2023-12-15,34.05,35.0,33.8,34.2,59642220
2628.HK,2023-12-15,9.88,10.16,9.82,9.9,40379908
2899.HK,2023-12-15,11.56,12.04,11.54,11.9,73505263
3968.HK,2023-12-15,25.65,26.6,25.35,25.85,67362280
BAC.US,2023-12-15,33.82,34.02,33.29,33.6,83771808
DIS.US,2023-12-15,93.05,93.95,92.93,93.46,17551598
PG.US,2023-12-15,143.18,144.25,142.5,143.96,14549957
0857.HK,2023-12-18,4.85,4.99,4.82,4.92,72501764
2318.HK,2023-12-18,33.5,33.85,33.15,33.4,25479976
2628.HK,2023-12-18,9.82,9.91,9.72,9.85,17552762
2899.HK,2023-12-18,11.8,11.96,11.7,11.92,30202227
3968.HK,2023-12-18,25.45,25.85,25.2,25.6,18409907
BAC.US,2023-12-18,33.71,33.79,33.41,33.43,40694709
DIS.US,2023-12-18,92.7,93.71,92.7,92.86,9083570
PG.US,2023-12-18,144.17,147.49,144.15,146.17,8421950
0857.HK,2023-12-19,4.95,4.97,4.87,4.89,62029512
2318.HK,2023-12-19,33.15,33.5,32.9,33.05,17409798
2628.HK,2023-12-19,9.85,9.85,9.61,9.65,22673137
2899.HK,2023-12-19,11.92,11.96,11.7,11.94,18967473
3968.HK,2023-12-19,25.4,25.65,25.2,25.25,14091839
BAC.US,2023-12-19,33.03,33.67,32.8,33.51,44534845
DIS.US,2023-12-19,92.64,93.99,92.61,93.93,8803962
PG.US,2023-12-19,145.67,146.34,145.39,146.17,5233563
0857.HK,2023-12-20,4.93,4.99,4.85,4.89,65779619
2318.HK,2023-12-20,33.4,33.6,33.05,33.2,28766137
2628.HK,2023-12-20,9.81,9.84,9.55,9.62,20900334
2899.HK,2023-12-20,12.1,12.36,12.0,12.3,40935345
3968.HK,2023-12-20,25.7,26.05,25.3,25.5,20088502
BAC.US,2023-12-20,33.38,33.71,32.95,32.98,44711427
DIS.US,2023-12-20,93.24,94.27,91.25,91.27,13060571
PG.US,2023-12-20,145.57,146.07,143.84,143.91,7663841
0857.HK,2023-12-21,4.81,4.92,4.79,4.9,43736124
2318.HK,2023-12-21,32.8,33.25,32.8,33.2,37921174
2628.HK,2023-12-21,9.51,9.74,9.51,9.7,12078597
2899.HK,2023-12-21,12.1,12.42,12.02,12.3,22215916
3968.HK,2023-12-21,25.3,26.2,25.3,26.0,17089354
BAC.US,2023-12-21,33.24,33.45,32.89,33.2,32325654
DIS.US,2023-12-21,91.93,92.08,91.06,92.02,13037178
PG.US,2023-12-21,144.52,144.79,143.13,144.26,6104714
0857.HK,2023-12-22,4.91,5.02,4.9,4.95,88202575
2318.HK,2023-12-22,33.25,33.85,32.6,32.9,38959195
2628.HK,2023-12-22,9.79,9.89,9.63,9.67,18020880
2899.HK,2023-12-22,12.3,12.54,12.26,12.4,28672562
3968.HK,2023-12-22,26.5,26.7,25.65,25.8,28194430
BAC.US,2023-12-22,33.21,33.67,33.2,33.43,37265860
DIS.US,2023-12-22,91.62,92.24,90.75,91.02,9419816
PG.US,2023-12-22,144.5,145.63,144.29,145.28,4413842
BAC.US,2023-12-26,33.45,33.96,33.37,33.86,24845437
DIS.US,2023-12-26,90.84,91.27,90.6,90.95,8086935
PG.US,2023-12-26,145.09,146.17,144.97,145.94,3634885
0857.HK,2023-12-27,4.97,5.17,4.95,5.13,143122905
2318.HK,2023-12-27,33.45,33.6,32.6,33.35,21945331
2628.HK,2023-12-27,9.77,9.82,9.58,9.77,15307108
2899.HK,2023-12-27,12.44,12.74,12.36,12.7,29290083
3968.HK,2023-12-27,26.25,26.25,25.45,26.0,13000954
BAC.US,2023-12-27,33.8,33.95,33.66,33.84,24498581
DIS.US,2023-12-27,90.91,90.94,90.04,90.38,11123508
PG.US,2023-12-27,145.65,146.31,145.36,146.06,4569442
0857.HK,2023-12-28,5.11,5.2,5.09,5.16,75622094
2318.HK,2023-12-28,33.6,35.45,33.45,35.25,51861096
2628.HK,2023-12-28,9.84,10.32,9.77,10.22,34220550
2899.HK,2023-12-28,12.8,13.02,12.72,12.8,32561200
3968.HK,2023-12-28,26.2,27.3,25.95,27.15,26609692
BAC.US,2023-12-28,33.82,33.97,33.77,33.88,21799559
DIS.US,2023-12-28,90.09,90.98,89.97,90.4,8479648
PG.US,2023-12-28,146.0,146.01,145.04,145.73,5023033
0857.HK,2023-12-29,5.15,5.19,5.1,5.16,42864969
2318.HK,2023-12-29,35.45,35.6,34.95,35.35,24152231
2628.HK,2023-12-29,10.26,10.28,10.08,10.12,18447897
2899.HK,2023-12-29,12.62,12.78,12.62,12.72,18165248
3968.HK,2023-12-29,27.15,27.45,27.05,27.2,11593371
BAC.US,2023-12-29,33.94,34.0,33.55,33.67,28060739
DIS.US,2023-12-29,90.12,90.6,89.86,90.29,9210954
PG.US,2023-12-29,146.0,146.96,145.73,146.54,5300991
0857.HK,2024-01-02,5.16,5.24,5.14,5.2,50820946
2318.HK,2024-01-02,35.05,35.2,33.9,34.1,34892552
2628.HK,2024-01-02,10.14,10.14,9.81,9.89,22191061
2899.HK,2024-01-02,12.7,12.92,12.52,12.86,21928217
3968.HK,2024-01-02,27.2,27.2,26.4,26.5,13903473
BAC.US,2024-01-02,33.39,34.07,33.27,33.9,36668634
DIS.US,2024-01-02,90.1,91.48,89.73,90.71,10587634
PG.US,2024-01-02,146.36,149.41,146.31,148.74,7238388
0857.HK,2024-01-03,5.18,5.28,5.14,5.23,89394031
2318.HK,2024-01-03,33.75,34.05,33.65,34.05,23296732
2628.HK,2024-01-03,9.86,9.93,9.75,9.89,18272784
2899.HK,2024-01-03,12.66,12.82,12.58,12.74,16097226
3968.HK,2024-01-03,26.5,26.55,26.15,26.55,16971943
BAC.US,2024-01-03,33.65,33.77,33.24,33.53,45988748
DIS.US,2024-01-03,90.23,92.08,90.0,91.65,11929768
PG.US,2024-01-03,148.34,149.2,147.18,147.84,7697534
0857.HK,2024-01-04,5.27,5.39,5.23,5.37,120549187
2318.HK,2024-01-04,34.2,34.35,33.55,33.95,25400948
2628.HK,2024-01-04,9.9,9.9,9.67,9.72,21925414
2899.HK,2024-01-04,12.7,12.7,12.46,12.64,18266174
3968.HK,2024-01-04,26.5,26.85,26.25,26.65,13635770
BAC.US,2024-01-04,33.57,34.31,33.54,33.8,39834607
DIS.US,2024-01-04,91.94,91.94,90.0,90.56,12087430
PG.US,2024-01-04,148.05,149.27,147.77,148.65,7067618
0857.HK,2024-01-05,5.34,5.5,5.28,5.44,150698189
2318.HK,2024-01-05,33.65,34.5,33.35,33.9,22054555
2628.HK,2024-01-05,9.72,9.84,9.6,9.62,20830142
2899.HK,2024-01-05,12.6,12.82,12.52,12.6,14237389
3968.HK,2024-01-05,26.5,27.7,26.15,26.9,20665216
BAC.US,2024-01-05,33.8,34.69,33.71,34.43,49242362
DIS.US,2024-01-05,90.41,91.32,90.36,90.9,9092069
PG.US,2024-01-05,148.72,148.87,146.55,147.42,5294358
0857.HK,2024-01-08,5.44,5.55,5.36,5.42,100119160
2318.HK,2024-01-08,34.05,34.05,32.35,32.55,42273648
2628.HK,2024-01-08,9.62,9.68,9.24,9.28,36082580
2899.HK,2024-01-08,12.6,12.74,12.38,12.46,14648906
3968.HK,2024-01-08,26.9,27.1,25.95,26.2,26549124
BAC.US,2024-01-08,34.3,34.3,33.64,34.16,40253887
DIS.US,2024-01-08,91.55,91.94,91.0,91.55,11103717
PG.US,2024-01-08,147.91,148.92,147.65,148.69,8255307
0857.HK,2024-01-09,5.33,5.44,5.27,5.38,90124368
2318.HK,2024-01-09,32.6,33.05,32.2,32.2,26441081
2628.HK,2024-01-09,9.35,9.39,9.06,9.08,50667480
2899.HK,2024-01-09,12.44,12.62,12.38,12.5,12224223
3968.HK,2024-01-09,26.2,26.5,25.8,25.85,16998157
BAC.US,2024-01-09,33.82,33.84,33.51,33.63,39268843
DIS.US,2024-01-09,91.05,91.1,89.6,89.67,11255050
PG.US,2024-01-09,148.57,149.4,148.05,149.3,9786934
0857.HK,2024-01-10,5.36,5.41,5.32,5.34,88916218
2318.HK,2024-01-10,32.2,32.35,31.5,31.7,33872085
2628.HK,2024-01-10,9.0,9.06,8.83,8.92,40569507
2899.HK,2024-01-10,12.5,12.6,12.34,12.42,11579821
3968.HK,2024-01-10,25.65,26.35,25.45,25.8,17821166
BAC.US,2024-01-10,33.5,33.63,33.24,33.6,34904016
DIS.US,2024-01-10,89.82,89.82,88.88,89.29,15091574
PG.US,2024-01-10,149.35,150.0,149.26,149.94,8591116
0857.HK,2024-01-11,5.34,5.34,5.22,5.24,106767570
2318.HK,2024-01-11,31.8,33.0,31.55,32.6,30911085
2628.HK,2024-01-11,8.93,9.21,8.85,9.08,24993207
2899.HK,2024-01-11,12.42,12.48,12.22,12.22,13681505
3968.HK,2024-01-11,25.85,26.45,25.6,26.2,12560713
BAC.US,2024-01-11,33.36,33.5,32.78,33.15,48790555
DIS.US,2024-01-11,89.39,89.78,88.69,89.45,9642176
PG.US,2024-01-11,150.05,150.8,149.29,150.51,6659447
0857.HK,2024-01-12,5.22,5.32,5.2,5.29,78482448
2318.HK,2024-01-12,32.2,33.1,32.15,32.7,29221964
2628.HK,2024-01-12,9.04,9.21,9.0,9.1,14529333
2899.HK,2024-01-12,12.2,12.42,12.14,12.32,12966962
3968.HK,2024-01-12,26.0,26.55,25.85,26.2,12634884
BAC.US,2024-01-12,32.25,33.19,31.96,32.8,74344294
DIS.US,2024-01-12,89.65,90.83,89.65,90.35,11919448
PG.US,2024-01-12,150.95,151.3,149.89,150.6,5684834
0857.HK,2024-01-15,5.29,5.3,5.21,5.28,67717841
2318.HK,2024-01-15,32.95,33.05,32.4,32.7,12819260
2628.HK,2024-01-15,9.15,9.18,9.0,9.09,12798873
2899.HK,2024-01-15,12.4,12.4,12.2,12.36,10594972
3968.HK,2024-01-15,26.35,26.5,25.85,26.4,11695940
0857.HK,2024-01-16,5.21,5.33,5.21,5.22,69404899
2318.HK,2024-01-16,32.2,33.0,31.55,31.85,41111017
2628.HK,2024-01-16,9.0,9.2,8.85,8.92,22950039
2899.HK,2024-01-16,12.24,12.42,12.1,12.14,13266912
3968.HK,2024-01-16,26.05,26.65,25.6,25.9,29840932
BAC.US,2024-01-16,32.41,32.51,31.82,32.12,58420786
DIS.US,2024-01-16,90.29,93.09,89.46,93.05,16780869
PG.US,2024-01-16,150.15,151.5,148.88,149.79,8120101
0857.HK,2024-01-17,5.18,5.18,4.99,5.05,176453795
2318.HK,2024-01-17,31.5,31.6,29.9,30.1,66023822
2628.HK,2024-01-17,8.85,8.88,8.43,8.52,57069802
2899.HK,2024-01-17,12.02,12.1,11.36,11.42,47881905
3968.HK,2024-01-17,25.4,25.8,24.7,25.05,50178872
BAC.US,2024-01-17,31.72,31.99,31.27,31.8,48811264
DIS.US,2024-01-17,92.58,93.76,90.1,90.34,15735217
PG.US,2024-01-17,149.16,150.6,149.01,149.94,6541439
0857.HK,2024-01-18,5.05,5.05,4.87,4.98,167943007
2318.HK,2024-01-18,30.0,30.7,29.85,30.4,40932483
2628.HK,2024-01-18,8.5,8.7,8.47,8.63,32015592
2899.HK,2024-01-18,11.32,11.52,11.12,11.42,32268574
3968.HK,2024-01-18,25.2,25.65,24.95,25.35,33906006
BAC.US,2024-01-18,31.75,31.77,31.4,31.73,35484422
DIS.US,2024-01-18,90.66,92.51,90.41,92.21,12203197
PG.US,2024-01-18,148.23,148.4,146.92,148.14,6526221
0857.HK,2024-01-19,4.99,5.02,4.91,4.97,90871451
2318.HK,2024-01-19,30.4,30.85,30.0,30.35,37010984
2628.HK,2024-01-19,8.59,8.71,8.48,8.54,22117527
2899.HK,2024-01-19,11.32,11.62,11.28,11.46,20478885
3968.HK,2024-01-19,25.4,25.65,24.8,25.15,26374956
BAC.US,2024-01-19,31.8,32.23,31.57,32.22,49493617
DIS.US,2024-01-19,92.32,93.58,91.63,93.06,19790081
PG.US,2024-01-19,148.25,148.62,147.31,147.57,7848138
0857.HK,2024-01-22,4.98,4.98,4.81,4.9,144071256
2318.HK,2024-01-22,30.75,30.85,29.55,29.8,56555032
2628.HK,2024-01-22,8.54,8.55,8.19,8.33,38917076
2899.HK,2024-01-22,11.3,11.46,10.88,11.08,44139814
3968.HK,2024-01-22,25.4,25.75,24.9,25.35,46287712
BAC.US,2024-01-22,32.36,32.99,32.32,32.55,43903361
DIS.US,2024-01-22,92.87,95.23,92.87,95.08,15119379
PG.US,2024-01-22,146.97,148.21,146.28,147.86,11084134
0857.HK,2024-01-23,4.92,5.04,4.85,4.95,99075005
2318.HK,2024-01-23,30.0,31.85,29.6,31.3,69397766
2628.HK,2024-01-23,8.33,8.75,8.22,8.61,48379476
2899.HK,2024-01-23,10.9,11.18,10.7,11.04,31738197
3968.HK,2024-01-23,25.5,27.4,25.45,26.9,80087244
BAC.US,2024-01-23,32.54,32.82,32.39,32.77,30003405
DIS.US,2024-01-23,95.43,95.89,93.18,93.77,11559411
PG.US,2024-01-23,153.11,156.4,152.89,153.98,19101558
0857.HK,2024-01-24,5.04,5.3,5.01,5.25,207892939
2318.HK,2024-01-24,31.75,33.35,31.1,33.0,79928025
2628.HK,2024-01-24,8.65,9.09,8.59,9.03,41310035
2899.HK,2024-01-24,11.24,11.62,11.04,11.56,41588712
3968.HK,2024-01-24,27.05,27.95,26.55,27.7,40972407
BAC.US,2024-01-24,33.03,33.34,32.91,32.98,36403863
DIS.US,2024-01-24,94.42,95.25,93.26,93.5,10454904
PG.US,2024-01-24,153.93,154.23,152.09,152.12,11592672
0857.HK,2024-01-25,5.27,5.74,5.27,5.67,343290739
2318.HK,2024-01-25,33.5,34.75,32.85,34.6,86827346
2628.HK,2024-01-25,9.03,9.46,8.97,9.36,55196558
2899.HK,2024-01-25,11.56,12.46,11.5,12.36,59695672
3968.HK,2024-01-25,28.25,29.25,27.9,28.85,72794688
BAC.US,2024-01-25,33.21,33.45,32.83,33.39,46203967
DIS.US,2024-01-25,93.92,94.94,93.75,94.86,8661572
PG.US,2024-01-25,152.4,155.66,152.06,155.62,10352452
0857.HK,2024-01-26,5.7,5.8,5.62,5.71,187731510
2318.HK,2024-01-26,34.15,34.7,33.35,33.75,56539336
2628.HK,2024-01-26,9.3,9.44,9.17,9.25,26202523
2899.HK,2024-01-26,12.16,12.22,11.98,12.02,29682574
3968.HK,2024-01-26,29.0,29.75,28.65,28.95,53796130
BAC.US,2024-01-26,33.4,33.68,33.32,33.43,30839827
DIS.US,2024-01-26,95.0,95.53,94.7,95.36,7812755
PG.US,2024-01-26,155.81,156.16,155.34,156.14,8356819
0857.HK,2024-01-29,5.78,5.9,5.73,5.79,198079197
2318.HK,2024-01-29,34.05,34.9,33.75,33.85,41424070
2628.HK,2024-01-29,9.35,9.54,9.27,9.33,28617973
2899.HK,2024-01-29,12.06,12.2,12.02,12.1,13662886
3968.HK,2024-01-29,29.15,30.15,29.1,29.6,47305003
BAC.US,2024-01-29,33.4,33.65,33.24,33.61,30269262
DIS.US,2024-01-29,95.42,97.5,95.0,97.49,13422221
PG.US,2024-01-29,156.68,157.33,155.4,156.16,8987609
0857.HK,2024-01-30,5.72,5.77,5.65,5.7,134421087
2318.HK,2024-01-30,33.5,33.55,32.25,32.5,46809923
2628.HK,2024-01-30,9.29,9.29,8.96,9.05,34375399
2899.HK,2024-01-30,12.0,12.1,11.68,11.72,22378226
3968.HK,2024-01-30,29.4,29.4,28.35,28.5,36968055
BAC.US,2024-01-30,33.9,34.89,33.84,34.79,60315745
DIS.US,2024-01-30,96.52,97.54,96.01,96.94,9139614
PG.US,2024-01-30,156.34,157.92,155.82,157.49,7794730
0857.HK,2024-01-31,5.68,5.74,5.6,5.65,100559105
2318.HK,2024-01-31,32.6,33.25,32.1,32.7,41897428
2628.HK,2024-01-31,9.02,9.16,8.9,8.98,24898542
2899.HK,2024-01-31,11.72,11.84,11.52,11.58,23450929
3968.HK,2024-01-31,29.05,29.05,28.2,28.55,30623251
BAC.US,2024-01-31,34.57,35.1,34.0,34.01,54715969
DIS.US,2024-01-31,96.42,97.57,95.81,96.05,9592304
PG.US,2024-01-31,157.99,158.5,156.7,157.14,8870215
0857.HK,2024-02-01,5.62,5.67,5.52,5.59,124402703
2318.HK,2024-02-01,32.85,33.45,32.2,32.6,27287157
2628.HK,2024-02-01,8.98,9.33,8.86,9.07,31153455
2899.HK,2024-02-01,11.7,11.88,11.4,11.78,22531855
3968.HK,2024-02-01,28.65,28.7,27.75,28.0,24116251
BAC.US,2024-02-01,33.93,34.25,32.93,33.55,57084761
DIS.US,2024-02-01,96.37,97.93,95.9,97.06,8484801
PG.US,2024-02-01,156.77,159.3,156.62,159.18,7601144
0857.HK,2024-02-02,5.61,5.78,5.59,5.73,144839864
2318.HK,2024-02-02,32.9,33.4,31.5,31.8,37080917
2628.HK,2024-02-02,9.09,9.22,8.87,8.95,25394762
2899.HK,2024-02-02,11.86,12.2,11.76,11.88,20330565
3968.HK,2024-02-02,28.2,28.5,27.3,27.55,20355597
BAC.US,2024-02-02,33.37,33.71,33.17,33.47,40416033
DIS.US,2024-02-02,96.28,97.41,95.82,97.13,9321343
PG.US,2024-02-02,158.97,159.6,157.53,158.09,7937716
0857.HK,2024-02-05,5.63,5.87,5.61,5.74,184409698
2318.HK,2024-02-05,31.5,32.5,31.25,31.9,42618612
2628.HK,2024-02-05,8.75,8.98,8.72,8.87,23036399
2899.HK,2024-02-05,11.7,11.74,11.52,11.56,23546624
3968.HK,2024-02-05,27.2,28.05,27.1,27.75,19438642
BAC.US,2024-02-05,33.11,33.29,32.86,32.99,43573022
DIS.US,2024-02-05,96.7,97.37,96.49,96.65,11679341
PG.US,2024-02-05,158.17,159.0,157.56,158.21,6931933
0857.HK,2024-02-06,5.74,5.85,5.67,5.72,153092318
2318.HK,2024-02-06,31.9,34.1,31.7,34.05,64160802
2628.HK,2024-02-06,8.83,9.49,8.8,9.47,53196805
2899.HK,2024-02-06,11.56,11.72,11.5,11.68,28584000
3968.HK,2024-02-06,28.0,29.8,27.8,29.55,46177819
BAC.US,2024-02-06,32.92,33.36,32.88,33.04,27194182
DIS.US,2024-02-06,96.92,99.32,96.79,99.29,16498476
PG.US,2024-02-06,158.31,159.07,157.87,158.96,6185982
0857.HK,2024-02-07,5.76,5.76,5.6,5.7,121136969
2318.HK,2024-02-07,34.7,34.9,33.65,33.95,57756781
2628.HK,2024-02-07,9.54,9.58,9.31,9.46,38603582
2899.HK,2024-02-07,11.68,11.96,11.62,11.68,22679221
3968.HK,2024-02-07,29.9,30.05,28.9,29.0,33426210
BAC.US,2024-02-07,33.06,33.26,32.63,33.18,29660099
DIS.US,2024-02-07,97.39,99.28,96.64,99.14,28886282
PG.US,2024-02-07,159.1,159.83,158.74,159.12,7209276
0857.HK,2024-02-08,5.67,5.72,5.61,5.63,68106109
2318.HK,2024-02-08,33.9,34.6,33.55,33.8,36643883
2628.HK,2024-02-08,9.46,9.58,9.25,9.37,28136693
2899.HK,2024-02-08,11.6,11.8,11.58,11.6,21011520
3968.HK,2024-02-08,29.0,29.75,29.0,29.05,23472414
BAC.US,2024-02-08,33.05,33.28,32.8,33.12,36852163
DIS.US,2024-02-08,107.08,112.77,106.8,110.54,60558410
PG.US,2024-02-08,158.8,159.1,157.77,158.64,6121778
0857.HK,2024-02-09,5.58,5.66,5.52,5.64,37705573
2318.HK,2024-02-09,33.35,33.5,32.05,32.95,23810104
2628.HK,2024-02-09,9.18,9.23,8.98,9.22,10618222
2899.HK,2024-02-09,11.48,11.52,11.22,11.46,5454216
3968.HK,2024-02-09,29.0,29.0,28.3,28.8,6055368
BAC.US,2024-02-09,33.1,33.25,32.84,33.07,36175985
DIS.US,2024-02-09,109.6,110.15,107.69,108.39,21509086
PG.US,2024-02-09,158.26,158.34,156.96,157.42,5978181
BAC.US,2024-02-12,33.0,33.97,32.98,33.62,34160430
DIS.US,2024-02-12,107.88,111.06,107.83,109.29,13423955
PG.US,2024-02-12,157.36,157.61,155.49,157.11,5482124
BAC.US,2024-02-13,33.12,33.31,32.35,32.75,43801475
DIS.US,2024-02-13,108.28,110.65,108.21,110.46,14594483
PG.US,2024-02-13,157.75,158.97,155.48,156.27,6046869
0857.HK,2024-02-14,5.52,5.62,5.5,5.61,50488365
2318.HK,2024-02-14,32.05,33.45,31.65,33.45,31143857
2628.HK,2024-02-14,9.01,9.34,8.91,9.33,16232514
2899.HK,2024-02-14,11.24,11.5,11.0,11.4,10503768
3968.HK,2024-02-14,28.45,30.55,28.1,30.25,25427825
BAC.US,2024-02-14,32.98,33.18,32.87,33.13,27833900
DIS.US,2024-02-14,110.58,111.68,109.67,111.56,11405491
PG.US,2024-02-14,156.16,156.16,154.91,155.63,5727455
0857.HK,2024-02-15,5.58,5.62,5.55,5.6,33724673
2318.HK,2024-02-15,32.95,33.8,32.9,33.55,16921425
2628.HK,2024-02-15,9.32,9.46,9.2,9.44,12077100
2899.HK,2024-02-15,11.48,11.48,11.22,11.42,13490638
3968.HK,2024-02-15,30.35,30.65,29.8,30.3,16982739
BAC.US,2024-02-15,33.32,34.24,33.32,34.07,41683111
DIS.US,2024-02-15,111.08,112.92,111.08,112.45,9961907
PG.US,2024-02-15,156.3,157.42,156.15,157.01,6249241
0857.HK,2024-02-16,5.62,5.73,5.57,5.67,70629360
2318.HK,2024-02-16,33.55,35.1,33.35,34.9,33395472
2628.HK,2024-02-16,9.4,9.76,9.38,9.75,21106492
2899.HK,2024-02-16,11.5,11.76,11.46,11.74,17111375
3968.HK,2024-02-16,30.55,31.1,30.3,30.8,16205272
BAC.US,2024-02-16,33.92,34.15,32.49,34.09,33290656
DIS.US,2024-02-16,112.02,112.56,111.16,111.6,8782223
PG.US,2024-02-16,157.04,158.45,156.67,157.51,6617706
0857.HK,2024-02-19,5.67,5.89,5.66,5.82,122949242
2318.HK,2024-02-19,34.9,34.9,33.55,33.95,35064383
2628.HK,2024-02-19,9.66,9.73,9.34,9.47,18770881
2899.HK,2024-02-19,11.74,12.36,11.68,12.34,36981680
3968.HK,2024-02-19,30.7,30.7,29.75,30.05,26561733
0857.HK,2024-02-20,5.84,5.93,5.8,5.9,147684202
2318.HK,2024-02-20,34.15,34.4,33.1,33.75,35084060
2628.HK,2024-02-20,9.48,9.59,9.36,9.57,23690224
2899.HK,2024-02-20,12.32,12.6,12.2,12.4,23269463
3968.HK,2024-02-20,30.05,30.25,29.4,29.85,33385897
BAC.US,2024-02-20,33.78,34.09,33.77,33.96,30372877
DIS.US,2024-02-20,110.85,111.13,109.35,109.44,9770911
PG.US,2024-02-20,158.7,159.79,158.13,158.51,6622058
0857.HK,2024-02-21,5.93,6.02,5.91,5.94,170000767
2318.HK,2024-02-21,33.45,36.8,33.3,35.9,93093068
2628.HK,2024-02-21,9.5,10.26,9.47,10.02,68596981
2899.HK,2024-02-21,12.34,12.86,12.28,12.74,27321106
3968.HK,2024-02-21,30.25,32.35,29.75,31.45,56538582
BAC.US,2024-02-21,33.36,33.74,33.18,33.7,37878888
DIS.US,2024-02-21,108.48,109.22,107.24,107.67,10454428
PG.US,2024-02-21,159.19,160.4,159.19,160.4,7121116
0857.HK,2024-02-22,5.93,6.3,5.93,6.28,253618819
2318.HK,2024-02-22,35.9,36.85,35.5,36.8,41639364
2628.HK,2024-02-22,10.0,10.2,9.87,10.2,37331411
2899.HK,2024-02-22,12.74,13.08,12.62,13.04,28538000
3968.HK,2024-02-22,31.6,31.8,31.05,31.75,22293746
BAC.US,2024-02-22,33.37,34.07,33.37,33.61,42756850
DIS.US,2024-02-22,107.99,108.49,107.41,107.64,9266195
PG.US,2024-02-22,159.46,161.09,158.63,160.56,6619639
0857.HK,2024-02-23,6.23,6.34,6.17,6.26,187842621
2318.HK,2024-02-23,36.9,38.15,36.65,37.4,60112825
2628.HK,2024-02-23,10.12,10.42,10.12,10.2,32950868
2899.HK,2024-02-23,12.96,13.46,12.92,13.42,39621013
3968.HK,2024-02-23,31.65,32.75,31.6,31.8,28098265
BAC.US,2024-02-23,33.73,34.05,33.49,33.92,30586039
DIS.US,2024-02-23,107.57,108.0,105.83,107.74,11723952
PG.US,2024-02-23,160.6,161.74,160.16,161.03,5486533
0857.HK,2024-02-26,6.25,6.33,6.12,6.19,104432694
2318.HK,2024-02-26,37.4,37.55,36.25,36.6,38752316
2628.HK,2024-02-26,10.18,10.3,9.97,9.99,25457907
2899.HK,2024-02-26,13.38,13.5,12.98,13.1,32787134
3968.HK,2024-02-26,31.8,32.4,31.35,31.45,17166805
BAC.US,2024-02-26,33.79,34.22,33.53,33.61,31129153
DIS.US,2024-02-26,107.52,108.76,107.38,107.68,8694150
PG.US,2024-02-26,161.03,161.17,160.07,160.22,4531936
0857.HK,2024-02-27,6.18,6.23,6.12,6.2,107347973
2318.HK,2024-02-27,36.45,37.05,35.9,36.85,33172850
2628.HK,2024-02-27,9.96,9.97,9.7,9.95,38751138
2899.HK,2024-02-27,12.98,13.16,12.8,13.1,21554285
3968.HK,2024-02-27,31.1,31.6,30.8,31.5,19817187
BAC.US,2024-02-27,33.73,34.43,33.71,34.28,40536282
DIS.US,2024-02-27,107.78,109.58,107.78,109.42,7594956
PG.US,2024-02-27,159.41,159.8,158.96,159.3,3868405
0857.HK,2024-02-28,6.22,6.25,6.03,6.16,120667816
2318.HK,2024-02-28,36.85,36.9,35.5,35.55,39223503
2628.HK,2024-02-28,9.97,9.97,9.69,9.73,27714246
2899.HK,2024-02-28,13.1,13.18,12.7,12.72,24673369
3968.HK,2024-02-28,31.5,31.5,30.65,30.8,19345365
BAC.US,2024-02-28,34.22,34.6,34.11,34.31,39548560
DIS.US,2024-02-28,108.78,111.04,108.66,110.8,10773048
PG.US,2024-02-28,159.07,160.12,158.64,160.05,3802915
0857.HK,2024-02-29,6.13,6.22,6.13,6.17,122462452
2318.HK,2024-02-29,35.2,35.7,35.0,35.1,48577516
2628.HK,2024-02-29,9.64,9.83,9.6,9.65,25586929
2899.HK,2024-02-29,12.72,12.88,12.62,12.66,26909997
3968.HK,2024-02-29,30.65,31.15,30.45,30.55,18017161
BAC.US,2024-02-29,34.33,34.65,34.15,34.52,43863401
DIS.US,2024-02-29,111.14,112.75,110.97,111.58,11658288
PG.US,2024-02-29,159.93,160.11,158.18,158.94,8348201
0857.HK,2024-03-01,6.14,6.17,6.08,6.11,83319547
2318.HK,2024-03-01,34.9,35.65,34.55,35.3,28564921
2628.HK,2024-03-01,9.64,9.76,9.47,9.64,27528140
2899.HK,2024-03-01,12.6,12.9,12.52,12.84,23883839
3968.HK,2024-03-01,30.25,30.8,30.0,30.35,19725758
BAC.US,2024-03-01,34.53,34.65,34.04,34.35,38432319
DIS.US,2024-03-01,111.44,112.15,111.03,111.95,7242396
PG.US,2024-03-01,158.05,159.03,157.61,158.85,4819929
0857.HK,2024-03-04,6.13,6.26,6.12,6.22,112863206
2318.HK,2024-03-04,35.55,35.6,34.3,34.75,33537874
2628.HK,2024-03-04,9.59,9.64,9.31,9.42,45712870
2899.HK,2024-03-04,13.12,13.28,12.94,13.1,23279087
3968.HK,2024-03-04,30.5,30.5,29.55,29.8,25560276
BAC.US,2024-03-04,34.29,35.42,34.25,35.15,49136382
DIS.US,2024-03-04,112.67,114.13,111.8,113.69,11558852
PG.US,2024-03-04,157.74,159.76,157.67,159.56,3841623
0857.HK,2024-03-05,6.12,6.2,6.0,6.07,129266644
2318.HK,2024-03-05,34.0,34.85,33.9,33.95,35499578
2628.HK,2024-03-05,9.34,9.45,9.22,9.25,29354183
2899.HK,2024-03-05,12.96,13.54,12.88,13.28,40767887
3968.HK,2024-03-05,29.45,29.85,29.2,29.45,22951222
BAC.US,2024-03-05,34.93,35.72,34.87,35.39,47591604
DIS.US,2024-03-05,113.61,115.19,112.27,112.87,14929579
PG.US,2024-03-05,159.46,159.99,158.78,159.32,4481715
0857.HK,2024-03-06,6.11,6.11,5.98,6.07,120031530
2318.HK,2024-03-06,33.85,35.05,33.7,34.6,26866667
2628.HK,2024-03-06,9.24,9.51,9.22,9.43,31317020
2899.HK,2024-03-06,13.3,14.14,13.3,14.1,47763153
3968.HK,2024-03-06,29.45,30.4,29.4,30.0,20778035
BAC.US,2024-03-06,35.65,35.79,35.07,35.42,49149715
DIS.US,2024-03-06,113.08,113.3,109.25,110.06,14743882
PG.US,2024-03-06,159.68,159.99,158.91,159.57,5405719
0857.HK,2024-03-07,6.09,6.31,6.08,6.14,186708160
2318.HK,2024-03-07,34.9,35.85,34.4,34.65,26174394
2628.HK,2024-03-07,9.43,9.63,9.27,9.35,26005070
2899.HK,2024-03-07,14.2,14.84,14.2,14.56,55873357
3968.HK,2024-03-07,30.0,30.55,29.75,29.9,12009056
BAC.US,2024-03-07,35.6,35.9,35.25,35.63,35900672
DIS.US,2024-03-07,110.7,111.08,109.2,110.18,8609290
PG.US,2024-03-07,159.95,160.91,159.47,160.62,4783943
0857.HK,2024-03-08,6.14,6.23,6.03,6.19,136508286
2318.HK,2024-03-08,34.95,35.65,34.8,35.05,27214107
2628.HK,2024-03-08,9.35,9.56,9.35,9.49,19938525
2899.HK,2024-03-08,14.72,14.82,14.32,14.68,31068146
3968.HK,2024-03-08,30.1,30.6,29.65,29.65,11777096
BAC.US,2024-03-08,35.87,36.13,35.5,35.6,42769944
DIS.US,2024-03-08,110.18,111.31,109.34,110.32,10009185
PG.US,2024-03-08,159.85,161.25,158.29,160.35,5080225
0857.HK,2024-03-11,6.2,6.32,6.15,6.26,167483807
2318.HK,2024-03-11,35.35,36.1,35.25,35.6,25504871
2628.HK,2024-03-11,9.45,9.7,9.45,9.6,25531739
2899.HK,2024-03-11,14.94,15.12,14.44,14.6,29262331
3968.HK,2024-03-11,29.65,30.15,29.6,30.05,13711773
BAC.US,2024-03-11,35.39,35.93,35.27,35.89,34131533
DIS.US,2024-03-11,110.09,112.91,110.03,112.31,8794307
PG.US,2024-03-11,161.34,162.62,160.82,161.55,5171060
0857.HK,2024-03-12,6.26,6.38,6.19,6.23,134388777
2318.HK,2024-03-12,35.7,37.9,35.7,37.65,69551543
2628.HK,2024-03-12,9.64,10.14,9.61,10.08,52095917
2899.HK,2024-03-12,14.68,14.76,14.34,14.44,26269057
3968.HK,2024-03-12,30.2,31.9,29.95,31.65,33039258
BAC.US,2024-03-12,35.9,36.15,35.78,35.96,29260371
DIS.US,2024-03-12,112.52,112.95,111.64,112.46,8084958
PG.US,2024-03-12,161.82,162.52,161.23,161.93,4229060
0857.HK,2024-03-13,6.19,6.26,6.13,6.23,94262369
2318.HK,2024-03-13,37.65,37.8,36.65,36.9,55148415
2628.HK,2024-03-13,10.08,10.16,9.86,9.92,42771079
2899.HK,2024-03-13,14.2,14.98,14.2,14.94,35771628
3968.HK,2024-03-13,31.4,31.7,31.0,31.1,23343610
BAC.US,2024-03-13,35.96,36.45,35.96,36.08,38289551
DIS.US,2024-03-13,112.74,114.13,112.44,112.5,7267902
PG.US,2024-03-13,162.38,162.73,161.33,162.3,5410679
0857.HK,2024-03-14,6.32,6.53,6.3,6.36,128533884
2318.HK,2024-03-14,36.9,37.4,36.15,36.35,38267806
2628.HK,2024-03-14,9.92,10.02,9.74,9.81,26117947
2899.HK,2024-03-14,15.48,15.98,15.3,15.46,58370050
3968.HK,2024-03-14,31.1,31.55,30.55,30.85,17081219
BAC.US,2024-03-14,35.92,36.22,35.48,35.69,40178054
DIS.US,2024-03-14,111.74,112.35,109.51,112.06,10520462
PG.US,2024-03-14,162.24,162.62,161.13,161.5,5848057
0857.HK,2024-03-15,6.3,6.51,6.3,6.44,198899806
2318.HK,2024-03-15,35.7,35.95,34.85,35.55,56634756
2628.HK,2024-03-15,9.68,9.71,9.34,9.5,64362640
2899.HK,2024-03-15,15.22,15.94,15.12,15.86,61894022
3968.HK,2024-03-15,30.3,30.7,30.05,30.3,19621326
BAC.US,2024-03-15,35.28,36.01,35.24,35.41,69646394
DIS.US,2024-03-15,111.6,112.96,111.4,111.95,15364181
PG.US,2024-03-15,160.7,161.5,160.3,161.38,10956888
0857.HK,2024-03-18,6.38,6.45,6.33,6.33,94424010
2318.HK,2024-03-18,35.4,35.75,35.0,35.65,22965413
2628.HK,2024-03-18,9.5,9.67,9.36,9.61,33179572
2899.HK,2024-03-18,15.7,15.82,15.36,15.6,26047703
3968.HK,2024-03-18,30.15,30.6,29.9,30.35,12233422
BAC.US,2024-03-18,35.66,36.09,35.39,36.01,50617856
DIS.US,2024-03-18,112.29,114.43,112.29,113.85,11820763
PG.US,2024-03-18,161.48,162.72,161.0,161.21,6086268
0857.HK,2024-03-19,6.3,6.56,6.25,6.4,147542357
2318.HK,2024-03-19,35.35,35.45,34.8,34.9,25970116
2628.HK,2024-03-19,9.54,9.54,9.37,9.42,25272670
2899.HK,2024-03-19,15.5,15.76,15.24,15.36,32898105
3968.HK,2024-03-19,30.25,30.4,29.8,30.0,12125497
BAC.US,2024-03-19,35.89,36.39,35.85,36.03,46113767
DIS.US,2024-03-19,113.41,115.17,113.24,114.51,10999744
PG.US,2024-03-19,161.8,162.17,161.17,161.83,6148240
0857.HK,2024-03-20,6.45,6.55,6.36,6.43,99272994
2318.HK,2024-03-20,34.75,35.05,34.4,34.85,23425330
2628.HK,2024-03-20,9.42,9.52,9.37,9.44,18154398
2899.HK,2024-03-20,15.24,15.28,14.84,15.24,35940338
3968.HK,2024-03-20,30.0,30.65,29.85,30.15,13584762
BAC.US,2024-03-20,35.84,36.88,35.73,36.75,40518959
DIS.US,2024-03-20,114.61,116.51,114.36,116.46,11699645
PG.US,2024-03-20,162.01,162.4,161.47,161.99,4870296
0857.HK,2024-03-21,6.52,6.7,6.5,6.57,156219280
2318.HK,2024-03-21,34.85,36.1,34.85,35.5,33585159
2628.HK,2024-03-21,9.49,9.85,9.49,9.7,30814014
2899.HK,2024-03-21,15.86,16.0,15.54,15.64,34467389
3968.HK,2024-03-21,30.55,31.4,30.5,30.95,16216703
BAC.US,2024-03-21,36.93,37.6,36.88,37.51,43219490
DIS.US,2024-03-21,116.99,117.36,115.86,116.7,10353545
PG.US,2024-03-21,162.09,162.46,161.12,161.86,5211676
0857.HK,2024-03-22,6.53,6.66,6.38,6.41,124830287
2318.HK,2024-03-22,34.6,34.75,32.85,33.45,96850904
2628.HK,2024-03-22,9.7,9.73,9.34,9.45,44952868
2899.HK,2024-03-22,15.58,15.58,14.88,15.22,30198089
3968.HK,2024-03-22,30.75,30.75,29.7,30.2,25002896
BAC.US,2024-03-22,37.41,37.61,37.0,37.05,29001054
DIS.US,2024-03-22,116.92,117.66,115.84,115.87,7144785
PG.US,2024-03-22,162.2,162.41,161.47,161.66,6393425
0857.HK,2024-03-25,6.36,6.59,6.34,6.46,86834713
2318.HK,2024-03-25,33.4,33.45,32.45,32.65,61938734
2628.HK,2024-03-25,9.44,9.44,9.0,9.07,61253456
2899.HK,2024-03-25,14.88,15.66,14.84,15.44,49546585
3968.HK,2024-03-25,29.8,30.45,29.75,30.0,18421094
BAC.US,2024-03-25,37.1,37.28,36.84,36.86,30480245
DIS.US,2024-03-25,116.97,119.41,116.87,119.36,12103553
PG.US,2024-03-25,161.17,161.66,159.73,160.19,7145692
0857.HK,2024-03-26,6.65,6.65,6.49,6.5,141008986
2318.HK,2024-03-26,32.9,33.45,32.8,33.0,39215134
2628.HK,2024-03-26,9.19,9.24,9.06,9.15,47152846
2899.HK,2024-03-26,15.5,15.5,14.82,15.04,45014548
3968.HK,2024-03-26,31.0,31.8,30.9,31.3,33949926
BAC.US,2024-03-26,37.0,37.24,36.8,37.09,33673447
DIS.US,2024-03-26,119.63,120.4,118.19,119.93,11870043
PG.US,2024-03-26,160.36,161.14,160.14,160.55,5842850
0857.HK,2024-03-27,6.5,6.52,6.39,6.47,88335512
2318.HK,2024-03-27,32.75,33.0,32.3,32.65,37145705
2628.HK,2024-03-27,9.09,9.14,8.9,8.93,33758456
2899.HK,2024-03-27,14.94,15.54,14.9,15.34,27819649
3968.HK,2024-03-27,31.5,31.55,30.8,30.95,25020299
BAC.US,2024-03-27,37.25,37.85,37.24,37.81,36350234
DIS.US,2024-03-27,120.96,122.03,120.02,120.98,10782835
PG.US,2024-03-27,161.36,162.74,161.34,162.61,6599711
0857.HK,2024-03-28,6.45,6.8,6.43,6.69,137592534
2318.HK,2024-03-28,32.3,33.55,32.3,33.05,45097092
2628.HK,2024-03-28,8.91,9.45,8.91,9.39,71701522
2899.HK,2024-03-28,15.3,15.9,15.12,15.62,31806770
3968.HK,2024-03-28,30.8,31.2,30.3,30.95,25919924
BAC.US,2024-03-28,37.72,38.0,37.42,37.92,42262527
DIS.US,2024-03-28,121.25,123.74,121.2,122.36,15367421
PG.US,2024-03-28,162.82,163.14,161.7,162.25,7191571
BAC.US,2024-04-01,37.94,38.35,37.44,37.52,33908007
DIS.US,2024-04-01,122.06,122.4,120.78,121.53,8419727
PG.US,2024-04-01,161.78,162.07,159.8,160.58,5971857
0857.HK,2024-04-02,6.85,7.22,6.85,7.14,236928726
2318.HK,2024-04-02,33.65,34.3,33.65,33.9,37132455
2628.HK,2024-04-02,9.49,9.72,9.46,9.53,42142267
2899.HK,2024-04-02,16.32,16.78,16.02,16.22,46253710
3968.HK,2024-04-02,31.5,32.0,31.3,31.45,19552927
BAC.US,2024-04-02,37.19,37.58,37.16,37.3,34806824
DIS.US,2024-04-02,120.22,123.53,120.16,122.82,15517067
PG.US,2024-04-02,159.64,160.71,159.64,160.57,6771395
0857.HK,2024-04-03,7.15,7.32,7.12,7.17,168895681
2318.HK,2024-04-03,33.9,34.15,33.4,33.6,31833614
2628.HK,2024-04-03,9.41,9.59,9.41,9.46,21841235
2899.HK,2024-04-03,16.34,16.9,16.32,16.82,57967598
3968.HK,2024-04-03,31.45,31.6,30.75,30.9,17894133
BAC.US,2024-04-03,37.4,38.02,37.27,37.44,33338470
DIS.US,2024-04-03,122.27,123.69,118.38,118.98,22480435
PG.US,2024-04-03,160.63,160.88,155.68,156.15,9601812
BAC.US,2024-04-04,37.7,37.96,36.87,36.92,42888184
DIS.US,2024-04-04,119.22,120.19,116.96,117.09,13815399
PG.US,2024-04-04,156.88,157.08,155.41,155.45,6801662
0857.HK,2024-04-05,7.19,7.2,7.0,7.12,96956409
2318.HK,2024-04-05,33.6,33.8,32.35,32.9,35122652
2628.HK,2024-04-05,9.43,9.5,9.11,9.31,20872104
2899.HK,2024-04-05,16.82,17.02,16.58,16.78,34687394
3968.HK,2024-04-05,30.95,31.15,30.2,30.9,10187275
BAC.US,2024-04-05,36.81,37.34,36.73,37.11,30823542
DIS.US,2024-04-05,116.6,118.86,116.3,118.38,9653915
PG.US,2024-04-05,155.29,157.06,154.69,156.1,5121197
0857.HK,2024-04-08,7.07,7.35,7.01,7.21,152735592
2318.HK,2024-04-08,32.5,33.0,32.35,32.55,40510517
2628.HK,2024-04-08,9.3,9.39,9.16,9.28,15419550
2899.HK,2024-04-08,16.98,17.48,16.68,16.76,51570836
3968.HK,2024-04-08,30.55,31.65,30.45,31.4,25052489
BAC.US,2024-04-08,37.2,37.58,37.13,37.5,29470287
DIS.US,2024-04-08,118.02,118.52,116.82,117.35,6266011
PG.US,2024-04-08,155.97,156.7,155.63,156.04,5476752
0857.HK,2024-04-09,7.19,7.34,7.17,7.17,103248386
2318.HK,2024-04-09,32.45,33.05,32.25,32.35,37148969
2628.HK,2024-04-09,9.28,9.45,9.26,9.3,15972117
2899.HK,2024-04-09,16.58,16.96,16.5,16.8,52856685
3968.HK,2024-04-09,31.8,31.95,31.45,31.55,14123762
BAC.US,2024-04-09,37.51,37.77,37.2,37.73,30977654
DIS.US,2024-04-09,117.38,118.51,116.89,117.97,7455367
PG.US,2024-04-09,156.27,156.75,155.7,156.66,4613751
0857.HK,2024-04-10,7.15,7.42,7.12,7.38,138290573
2318.HK,2024-04-10,32.35,32.85,32.25,32.55,44475339
2628.HK,2024-04-10,9.37,9.41,9.29,9.37,33105452
2899.HK,2024-04-10,16.8,17.9,16.8,17.68,67059483
3968.HK,2024-04-10,31.85,32.25,31.6,32.05,19580302
BAC.US,2024-04-10,37.18,37.23,36.55,36.65,37610659
DIS.US,2024-04-10,116.6,117.56,116.37,117.19,6746282
PG.US,2024-04-10,155.65,157.58,155.65,157.24,7785084
0857.HK,2024-04-11,7.26,7.49,7.26,7.4,163350741
2318.HK,2024-04-11,32.1,32.55,31.95,32.5,30124413
2628.HK,2024-04-11,9.16,9.25,9.08,9.25,45365869
2899.HK,2024-04-11,17.6,18.24,17.3,17.76,60025381
3968.HK,2024-04-11,31.9,32.05,31.4,31.9,18419358
BAC.US,2024-04-11,36.75,36.75,36.05,36.35,38604029
DIS.US,2024-04-11,117.59,118.28,116.37,117.15,6559411
PG.US,2024-04-11,157.55,157.6,155.77,155.84,8209765
0857.HK,2024-04-12,7.35,7.39,7.24,7.32,105773969
2318.HK,2024-04-12,32.1,32.3,30.6,30.65,78189448
2628.HK,2024-04-12,9.24,9.24,8.88,8.88,59953103
2899.HK,2024-04-12,18.08,18.22,17.72,17.84,42281589
3968.HK,2024-04-12,31.9,32.1,31.55,31.6,27864181
BAC.US,2024-04-12,35.81,36.09,35.53,35.79,47126090
DIS.US,2024-04-12,116.39,116.7,113.73,114.01,12155166
PG.US,2024-04-12,155.22,155.97,154.74,155.33,6770659
0857.HK,2024-04-15,7.21,7.56,7.2,7.48,180401256
2318.HK,2024-04-15,30.0,30.85,30.0,30.35,48660479
2628.HK,2024-04-15,8.86,9.0,8.76,8.92,31436117
2899.HK,2024-04-15,17.58,17.9,17.42,17.74,48168349
3968.HK,2024-04-15,31.0,32.15,31.0,31.75,20795578
BAC.US,2024-04-15,36.33,36.76,35.76,35.95,44391988
DIS.US,2024-04-15,114.88,115.55,112.77,112.95,9637095
PG.US,2024-04-15,156.42,156.82,155.33,155.45,5753987
0857.HK,2024-04-16,7.38,7.71,7.38,7.53,274428245
2318.HK,2024-04-16,30.05,30.3,29.7,29.9,55117524
2628.HK,2024-04-16,8.77,8.9,8.75,8.77,28261798
2899.HK,2024-04-16,17.68,18.0,17.16,17.34,51679015
3968.HK,2024-04-16,31.05,31.75,31.05,31.35,21134584
BAC.US,2024-04-16,36.1,36.17,34.15,34.68,95566094
DIS.US,2024-04-16,112.82,114.5,112.52,113.88,9291419
PG.US,2024-04-16,155.85,156.94,155.67,155.95,6103296
0857.HK,2024-04-17,7.48,7.5,7.35,7.43,176583963
2318.HK,2024-04-17,29.8,30.2,29.75,30.15,36312213
2628.HK,2024-04-17,8.77,8.88,8.75,8.83,21741178
2899.HK,2024-04-17,17.3,17.56,17.08,17.36,36670832
3968.HK,2024-04-17,31.2,31.85,31.2,31.75,18481151
BAC.US,2024-04-17,34.89,35.75,34.75,35.23,65951375
DIS.US,2024-04-17,114.0,114.21,112.89,112.94,7378993
PG.US,2024-04-17,156.3,157.12,155.74,156.96,6621906
0857.HK,2024-04-18,7.35,7.35,7.18,7.32,182326219
2318.HK,2024-04-18,30.3,31.85,30.15,31.4,58908259
2628.HK,2024-04-18,8.83,9.24,8.8,9.06,39330021
2899.HK,2024-04-18,17.3,17.78,17.2,17.7,36784185
3968.HK,2024-04-18,31.65,33.15,31.65,32.65,25164621
BAC.US,2024-04-18,35.54,35.99,35.18,35.77,44506200
DIS.US,2024-04-18,113.18,114.25,112.19,112.43,8235636
PG.US,2024-04-18,156.34,157.63,155.96,157.29,7819261
0857.HK,2024-04-19,7.31,7.55,7.28,7.49,165766404
2318.HK,2024-04-19,30.95,31.45,30.65,31.15,39350481
2628.HK,2024-04-19,8.96,9.09,8.91,9.0,25173524
2899.HK,2024-04-19,17.7,18.34,17.5,17.74,45188264
3968.HK,2024-04-19,32.55,32.75,32.1,32.55,22871485
BAC.US,2024-04-19,36.1,37.12,36.06,36.97,56273683
DIS.US,2024-04-19,111.72,112.72,111.08,112.61,9436023
PG.US,2024-04-19,154.98,158.18,153.52,158.14,12034186
0857.HK,2024-04-22,7.54,7.65,7.27,7.29,155928107
2318.HK,2024-04-22,31.5,32.6,31.5,32.05,33694769
2628.HK,2024-04-22,9.17,9.45,9.12,9.38,57988954
2899.HK,2024-04-22,17.8,18.02,16.74,16.86,56000694
3968.HK,2024-04-22,33.15,33.45,32.2,32.3,18089268
BAC.US,2024-04-22,37.0,37.91,36.87,37.73,43867084
DIS.US,2024-04-22,113.1,113.64,111.75,111.99,6901689
PG.US,2024-04-22,158.43,161.29,157.25,160.54,8926327
0857.HK,2024-04-23,7.29,7.33,7.15,7.24,126839760
2318.HK,2024-04-23,32.5,33.2,31.95,33.0,58970463
2628.HK,2024-04-23,9.4,9.52,9.33,9.51,45086782
2899.HK,2024-04-23,16.56,16.86,16.14,16.34,80583584
3968.HK,2024-04-23,32.65,32.95,32.3,32.45,14850234
BAC.US,2024-04-23,37.94,38.42,37.83,38.37,39180332
DIS.US,2024-04-23,112.83,114.24,112.8,113.71,6839318
PG.US,2024-04-23,161.68,162.1,160.42,161.5,7707250
0857.HK,2024-04-24,7.26,7.37,7.23,7.27,100905114
2318.HK,2024-04-24,33.6,34.55,33.1,34.4,80691135
2628.HK,2024-04-24,9.6,10.12,9.55,10.04,101711889
2899.HK,2024-04-24,16.4,17.04,16.36,16.98,47881480
3968.HK,2024-04-24,32.85,33.1,32.35,33.05,22019163
BAC.US,2024-04-24,38.02,38.5,38.0,38.32,28670551
DIS.US,2024-04-24,113.14,114.18,113.14,113.92,6157230
PG.US,2024-04-24,161.2,162.86,159.42,162.6,7217563
0857.HK,2024-04-25,7.22,7.4,7.21,7.36,86098538
2318.HK,2024-04-25,34.4,35.85,34.25,35.25,79005387
2628.HK,2024-04-25,10.04,10.24,9.98,10.12,69883817
2899.HK,2024-04-25,16.98,17.14,16.54,17.06,30444717
3968.HK,2024-04-25,32.9,34.35,32.85,34.1,35228614
BAC.US,2024-04-25,37.93,38.27,37.38,37.91,41115959
DIS.US,2024-04-25,111.22,112.89,110.39,112.77,8045906
PG.US,2024-04-25,162.97,164.32,162.08,162.55,7094620
0857.HK,2024-04-26,7.43,7.63,7.43,7.54,165147107
2318.HK,2024-04-26,35.2,36.3,35.0,35.8,61458290
2628.HK,2024-04-26,10.1,10.38,10.02,10.3,61204027
2899.HK,2024-04-26,17.02,17.74,17.02,17.62,50170017
3968.HK,2024-04-26,34.5,34.85,34.05,34.2,30797001
BAC.US,2024-04-26,37.93,38.31,37.78,37.83,28668680
DIS.US,2024-04-26,111.85,113.02,111.32,112.73,6304843
PG.US,2024-04-26,162.5,163.32,160.49,161.29,5659784
0857.HK,2024-04-29,7.51,7.53,7.22,7.3,177747992
2318.HK,2024-04-29,36.0,37.6,35.8,36.6,63388167
2628.HK,2024-04-29,10.46,10.84,10.24,10.54,72016370
2899.HK,2024-04-29,17.6,17.6,17.1,17.46,36091199
3968.HK,2024-04-29,33.75,35.3,33.7,34.95,29987985
BAC.US,2024-04-29,37.84,38.06,37.45,37.55,26563913
DIS.US,2024-04-29,113.04,113.88,110.34,112.08,7169209
PG.US,2024-04-29,161.17,161.79,160.41,161.66,4622164
0857.HK,2024-04-30,7.29,7.49,7.22,7.38,142643494
2318.HK,2024-04-30,37.0,37.0,35.6,35.95,47222620
2628.HK,2024-04-30,10.54,10.6,10.36,10.42,38992909
2899.HK,2024-04-30,17.6,17.78,17.18,17.3,58099207
3968.HK,2024-04-30,34.4,34.55,33.75,34.35,37753886
BAC.US,2024-04-30,37.35,37.67,36.98,37.01,30283845
DIS.US,2024-04-30,112.0,112.04,110.8,111.1,8156575
PG.US,2024-04-30,161.84,163.35,161.6,163.2,8106098
BAC.US,2024-05-01,37.21,37.51,36.77,36.95,32277502
DIS.US,2024-05-01,111.29,111.99,110.21,110.48,6346109
PG.US,2024-05-01,163.28,164.24,162.22,163.4,7543154
0857.HK,2024-05-02,7.21,7.33,7.07,7.1,185755718
2318.HK,2024-05-02,35.75,38.1,35.45,38.0,53070323
2628.HK,2024-05-02,10.4,10.86,10.28,10.82,43300660
2899.HK,2024-05-02,17.12,17.76,16.96,17.42,24783615
3968.HK,2024-05-02,34.1,35.9,33.85,35.65,18191550
BAC.US,2024-05-02,37.37,37.49,36.65,36.88,34860256
DIS.US,2024-05-02,111.43,112.87,110.56,112.62,6799805
PG.US,2024-05-02,163.54,164.49,162.64,163.84,5647490
0857.HK,2024-05-03,7.12,7.18,7.05,7.11,116242584
2318.HK,2024-05-03,39.0,40.35,38.45,39.55,89483749
2628.HK,2024-05-03,11.02,11.38,10.84,11.22,80213077
2899.HK,2024-05-03,17.32,17.46,17.12,17.24,27505583
3968.HK,2024-05-03,36.8,37.35,36.05,36.15,27022963
BAC.US,2024-05-03,37.25,37.53,37.08,37.25,34082662
DIS.US,2024-05-03,113.54,114.11,112.8,113.66,7411112
PG.US,2024-05-03,163.54,164.71,162.16,164.46,5581692
0857.HK,2024-05-06,7.11,7.16,6.95,7.16,181435535
2318.HK,2024-05-06,39.5,39.65,38.7,39.15,65189361
2628.HK,2024-05-06,11.22,11.28,11.08,11.18,41426675
2899.HK,2024-05-06,17.22,17.3,16.64,17.28,41159237
3968.HK,2024-05-06,36.15,36.35,35.45,36.05,22229107
BAC.US,2024-05-06,37.66,37.79,37.36,37.69,28422334
DIS.US,2024-05-06,114.8,116.94,114.15,116.47,16303234
PG.US,2024-05-06,164.78,164.98,163.26,164.44,5472549
0857.HK,2024-05-07,7.2,7.34,7.17,7.24,110461347
2318.HK,2024-05-07,39.4,40.45,39.15,39.6,47967986
2628.HK,2024-05-07,11.22,11.38,11.12,11.2,30216830
2899.HK,2024-05-07,17.56,17.68,17.1,17.26,26661162
3968.HK,2024-05-07,36.2,36.55,35.75,36.3,16748919
BAC.US,2024-05-07,37.7,38.15,37.7,37.84,29119475
DIS.US,2024-05-07,107.25,107.88,104.21,105.39,55084617
PG.US,2024-05-07,164.98,166.04,164.59,165.76,6433090
0857.HK,2024-05-08,7.3,7.44,7.23,7.28,93969086
2318.HK,2024-05-08,39.8,40.15,37.95,38.1,58135945
2628.HK,2024-05-08,11.26,11.32,10.86,10.92,39079587
2899.HK,2024-05-08,17.06,17.38,16.92,17.2,28146167
3968.HK,2024-05-08,36.5,36.7,35.45,35.55,17599169
BAC.US,2024-05-08,37.7,37.82,37.52,37.71,32803303
DIS.US,2024-05-08,104.9,106.48,104.44,105.44,15238111
PG.US,2024-05-08,165.98,166.37,164.93,165.07,4579471
0857.HK,2024-05-09,7.36,7.47,7.26,7.34,99608738
2318.HK,2024-05-09,37.85,39.5,37.75,39.0,42206130
2628.HK,2024-05-09,10.88,11.2,10.84,11.02,23330895
2899.HK,2024-05-09,17.34,17.74,17.06,17.56,28079088
3968.HK,2024-05-09,35.9,36.4,35.3,36.2,14946171
BAC.US,2024-05-09,37.53,38.42,37.46,38.28,26855355
DIS.US,2024-05-09,104.62,106.13,104.39,105.8,15095970
PG.US,2024-05-09,165.05,166.33,165.05,166.04,4671126
0857.HK,2024-05-10,7.35,7.72,7.34,7.68,256837294
2318.HK,2024-05-10,39.55,41.5,39.45,41.25,86342349
2628.HK,2024-05-10,11.14,11.8,11.1,11.56,85257322
2899.HK,2024-05-10,17.88,18.12,17.62,18.12,39547360
3968.HK,2024-05-10,36.35,38.0,36.25,37.85,39375136
BAC.US,2024-05-10,38.48,38.78,38.33,38.45,27359138
DIS.US,2024-05-10,106.92,107.02,105.42,105.79,15884574
PG.US,2024-05-10,166.09,167.36,165.7,166.85,4879427
0857.HK,2024-05-13,7.59,7.74,7.52,7.62,117761511
2318.HK,2024-05-13,41.25,41.65,40.2,41.1,47942822
2628.HK,2024-05-13,11.54,11.94,11.32,11.76,61764808
2899.HK,2024-05-13,17.86,18.16,17.7,18.14,32177567
3968.HK,2024-05-13,37.4,38.7,37.05,38.35,27247275
BAC.US,2024-05-13,38.62,38.78,38.18,38.21,24060648
DIS.US,2024-05-13,105.59,106.64,105.59,105.83,9666409
PG.US,2024-05-13,166.85,167.65,165.36,165.87,5725523
0857.HK,2024-05-14,7.63,7.68,7.49,7.54,120744758
2318.HK,2024-05-14,41.3,41.7,40.05,40.15,39692581
2628.HK,2024-05-14,11.72,11.88,11.56,11.64,31785172
2899.HK,2024-05-14,18.16,18.66,18.14,18.38,40096094
3968.HK,2024-05-14,38.3,38.4,37.05,37.1,22070859
BAC.US,2024-05-14,38.4,38.79,38.37,38.49,27594832
DIS.US,2024-05-14,105.3,105.99,104.95,105.35,11278423
PG.US,2024-05-14,165.53,166.07,163.95,165.76,6009837
BAC.US,2024-05-15,38.8,39.24,38.78,38.91,34084387
DIS.US,2024-05-15,105.62,105.88,101.39,102.77,20745621
PG.US,2024-05-15,165.31,166.68,165.12,166.51,5102897
0857.HK,2024-05-16,7.58,7.58,7.32,7.47,126666832
2318.HK,2024-05-16,40.8,43.1,39.85,43.0,100844661
2628.HK,2024-05-16,11.82,12.4,11.6,12.38,101340848
2899.HK,2024-05-16,18.92,18.98,18.3,18.46,43176550
3968.HK,2024-05-16,37.6,39.35,37.25,39.1,43558680
BAC.US,2024-05-16,38.92,39.36,38.71,39.22,32554172
DIS.US,2024-05-16,103.04,104.03,102.84,103.37,9476686
PG.US,2024-05-16,166.93,168.34,166.59,167.86,6793672
0857.HK,2024-05-17,7.48,7.6,7.42,7.57,183090102
2318.HK,2024-05-17,43.8,45.8,43.0,45.45,117825098
2628.HK,2024-05-17,12.48,13.08,12.4,13.0,106075573
2899.HK,2024-05-17,18.6,18.76,18.12,18.74,41106084
3968.HK,2024-05-17,38.95,39.6,38.35,39.4,23318177
BAC.US,2024-05-17,39.45,39.49,39.16,39.29,25537347
DIS.US,2024-05-17,103.63,103.82,103.04,103.25,7355999
PG.US,2024-05-17,167.67,168.0,166.88,167.64,4700819
0857.HK,2024-05-20,7.58,7.84,7.57,7.72,224158481
2318.HK,2024-05-20,46.5,46.5,44.8,44.95,77855709
2628.HK,2024-05-20,13.02,13.1,12.62,12.66,66922788
2899.HK,2024-05-20,19.46,20.1,19.24,19.66,72196921
3968.HK,2024-05-20,39.4,39.4,38.25,38.75,32390324
BAC.US,2024-05-20,39.26,39.47,38.79,38.82,28369830
DIS.US,2024-05-20,103.33,103.67,102.52,102.9,7667435
PG.US,2024-05-20,167.55,167.88,166.79,167.31,3804823
0857.HK,2024-05-21,7.73,7.8,7.63,7.72,138451880
2318.HK,2024-05-21,44.4,45.35,43.85,44.3,55124234
2628.HK,2024-05-21,12.54,12.66,12.24,12.32,58518495
2899.HK,2024-05-21,19.58,19.7,18.22,18.52,64527930
3968.HK,2024-05-21,38.35,38.45,37.7,37.85,21792810
BAC.US,2024-05-21,38.77,39.75,38.77,39.65,31799161
DIS.US,2024-05-21,102.99,103.7,102.72,103.01,7333306
PG.US,2024-05-21,167.76,168.54,167.29,168.35,5147065
0857.HK,2024-05-22,7.79,7.79,7.66,7.66,103428496
2318.HK,2024-05-22,44.25,45.35,43.9,44.25,34100634
2628.HK,2024-05-22,12.32,12.66,12.18,12.42,45782768
2899.HK,2024-05-22,18.6,18.84,18.04,18.14,42643524
3968.HK,2024-05-22,37.85,38.25,37.5,37.95,10476491
BAC.US,2024-05-22,39.41,39.81,39.34,39.76,42837576
DIS.US,2024-05-22,102.98,103.83,102.75,103.02,7190343
PG.US,2024-05-22,168.01,168.43,167.63,167.81,4536733
0857.HK,2024-05-23,7.65,7.73,7.48,7.67,109960081
2318.HK,2024-05-23,43.55,43.75,42.3,42.6,59778305
2628.HK,2024-05-23,12.32,12.36,12.06,12.14,39679390
2899.HK,2024-05-23,17.6,17.86,17.18,17.48,48849156
3968.HK,2024-05-23,37.8,37.8,36.75,37.1,15179323
BAC.US,2024-05-23,39.77,39.84,38.94,39.17,39033934
DIS.US,2024-05-23,102.98,103.01,100.27,100.66,10503993
PG.US,2024-05-23,167.29,168.11,165.32,165.49,4729792
0857.HK,2024-05-24,7.61,7.72,7.6,7.67,90563901
2318.HK,2024-05-24,42.15,42.85,41.5,42.05,42696476
2628.HK,2024-05-24,12.02,12.16,11.68,11.78,50662540
2899.HK,2024-05-24,17.42,17.68,17.28,17.48,25925659
3968.HK,2024-05-24,36.65,37.25,36.0,36.25,18073831
BAC.US,2024-05-24,39.16,39.78,39.07,39.7,22166306
DIS.US,2024-05-24,100.85,102.09,100.69,101.76,6451579
PG.US,2024-05-24,165.85,166.31,165.15,165.33,3820090
0857.HK,2024-05-27,7.67,7.94,7.66,7.94,135927590
2318.HK,2024-05-27,41.95,42.55,41.45,42.2,26426748
2628.HK,2024-05-27,11.82,11.9,11.6,11.76,30006356
2899.HK,2024-05-27,17.32,18.16,17.26,18.06,36034591
3968.HK,2024-05-27,36.3,37.15,36.25,37.05,11257440
0857.HK,2024-05-28,7.94,8.21,7.89,8.11,172120156
2318.HK,2024-05-28,42.05,43.0,41.9,42.2,21091288
2628.HK,2024-05-28,11.7,11.98,11.7,11.76,30247779
2899.HK,2024-05-28,18.08,18.38,17.9,18.0,24999760
3968.HK,2024-05-28,37.05,37.2,36.65,36.7,8247275
BAC.US,2024-05-28,39.65,39.74,39.11,39.32,31217890
DIS.US,2024-05-28,101.36,102.86,100.95,102.44,7813094
PG.US,2024-05-28,164.49,164.76,162.26,163.11,6466193
0857.HK,2024-05-29,8.11,8.2,8.03,8.11,111353781
2318.HK,2024-05-29,41.75,41.95,41.0,41.2,34321729
2628.HK,2024-05-29,11.62,11.72,11.4,11.48,28982064
2899.HK,2024-05-29,17.98,18.36,17.66,17.96,49072385
3968.HK,2024-05-29,36.45,36.8,35.6,35.85,17749298
BAC.US,2024-05-29,38.84,38.9,38.56,38.72,26677534
DIS.US,2024-05-29,101.76,102.08,100.77,100.88,7376258
PG.US,2024-05-29,162.65,162.74,161.42,161.65,4360383
0857.HK,2024-05-30,8.04,8.12,7.94,7.96,121596249
2318.HK,2024-05-30,40.7,41.25,39.95,40.25,46302502
2628.HK,2024-05-30,11.42,11.58,11.14,11.24,38551959
2899.HK,2024-05-30,17.7,17.94,16.8,16.98,92096397
3968.HK,2024-05-30,35.25,36.0,35.0,35.2,18084313
BAC.US,2024-05-30,38.73,39.12,37.59,38.63,51008626
DIS.US,2024-05-30,101.14,102.07,100.97,101.7,7303708
PG.US,2024-05-30,161.65,162.7,161.48,162.58,4756454
0857.HK,2024-05-31,7.99,8.16,7.93,7.97,207851473
2318.HK,2024-05-31,40.9,41.45,39.55,39.55,55711128
2628.HK,2024-05-31,11.32,11.52,11.08,11.08,54303149
2899.HK,2024-05-31,17.14,17.38,16.44,16.54,64132858
3968.HK,2024-05-31,35.7,35.95,34.7,34.8,20267328
BAC.US,2024-05-31,38.7,40.08,38.66,39.99,58188352
DIS.US,2024-05-31,101.52,104.08,101.41,103.91,14735791
PG.US,2024-05-31,162.44,164.77,161.97,164.54,10341644
0857.HK,2024-06-03,8.03,8.22,8.03,8.04,119878709
2318.HK,2024-06-03,40.2,40.95,39.85,40.35,32346933
2628.HK,2024-06-03,11.24,11.44,11.14,11.34,31591489
2899.HK,2024-06-03,16.66,17.06,16.5,16.76,35307627
3968.HK,2024-06-03,35.0,35.6,35.0,35.25,13559129
BAC.US,2024-06-03,40.04,40.19,39.36,39.88,31898567
DIS.US,2024-06-03,104.17,104.22,102.48,102.77,6908604
PG.US,2024-06-03,163.93,166.24,163.63,164.65,5828442
0857.HK,2024-06-04,7.9,7.95,7.77,7.9,159094718
2318.HK,2024-06-04,40.25,41.55,40.25,40.8,32715742
2628.HK,2024-06-04,11.24,11.66,11.24,11.48,34903628
2899.HK,2024-06-04,16.8,17.0,16.6,16.7,48359376
3968.HK,2024-06-04,35.3,36.15,35.25,35.45,15565095
BAC.US,2024-06-04,39.62,40.14,39.42,39.68,26974159
DIS.US,2024-06-04,102.11,103.49,101.63,103.33,7269109
PG.US,2024-06-04,164.79,167.12,164.4,167.01,6277001
0857.HK,2024-06-05,7.88,7.89,7.67,7.74,191993635
2318.HK,2024-06-05,41.15,41.7,40.8,40.95,31760790
2628.HK,2024-06-05,11.5,11.66,11.38,11.4,17223921
2899.HK,2024-06-05,16.34,16.6,16.06,16.4,39212684
3968.HK,2024-06-05,35.7,36.0,35.1,35.2,15307132
BAC.US,2024-06-05,39.82,39.99,39.52,39.96,34140346
DIS.US,2024-06-05,103.0,103.08,101.03,101.5,10796877
PG.US,2024-06-05,167.01,167.01,164.98,166.05,5243345
0857.HK,2024-06-06,7.77,7.93,7.76,7.81,101934891
2318.HK,2024-06-06,41.5,41.9,39.9,40.55,39029597
2628.HK,2024-06-06,11.5,11.6,11.22,11.32,21456875
2899.HK,2024-06-06,16.8,17.26,16.72,17.04,53073676
3968.HK,2024-06-06,35.3,35.85,35.2,35.4,14805293
BAC.US,2024-06-06,39.91,40.0,39.42,39.7,38676404
DIS.US,2024-06-06,101.05,101.93,100.81,101.21,10294705
PG.US,2024-06-06,165.83,168.58,165.08,168.47,6302243
0857.HK,2024-06-07,7.97,8.04,7.74,7.75,100670406
2318.HK,2024-06-07,39.1,39.55,38.0,38.1,54187643
2628.HK,2024-06-07,11.4,11.52,11.2,11.3,24591575
2899.HK,2024-06-07,17.46,17.56,17.02,17.5,131222154
3968.HK,2024-06-07,35.65,36.0,35.0,35.45,19691063
BAC.US,2024-06-07,39.28,39.96,39.28,39.78,25928688
DIS.US,2024-06-07,100.86,102.27,100.55,101.54,6047828
PG.US,2024-06-07,168.4,168.97,166.84,167.06,4558190
BAC.US,2024-06-10,39.58,39.84,39.21,39.67,37182712
DIS.US,2024-06-10,101.25,102.85,100.64,102.74,7633073
PG.US,2024-06-10,166.78,167.72,166.08,167.35,4110668
0857.HK,2024-06-11,7.75,7.86,7.52,7.67,137628110
2318.HK,2024-06-11,37.9,38.1,36.95,37.45,47060702
2628.HK,2024-06-11,11.06,11.16,10.86,11.08,36253531
2899.HK,2024-06-11,17.0,17.08,16.44,16.64,74737355
3968.HK,2024-06-11,34.85,35.25,34.3,34.7,19277027
BAC.US,2024-06-11,39.33,39.35,38.46,38.86,44629048
DIS.US,2024-06-11,102.64,102.88,100.74,100.87,9134218
PG.US,2024-06-11,166.97,167.5,166.02,167.48,3947671
0857.HK,2024-06-12,7.62,7.75,7.5,7.67,82391196
2318.HK,2024-06-12,37.25,37.35,36.25,36.65,49582064
2628.HK,2024-06-12,10.96,11.02,10.84,10.92,23319736
2899.HK,2024-06-12,16.52,16.94,16.52,16.7,43830198
3968.HK,2024-06-12,34.3,34.5,33.75,33.85,18844251
BAC.US,2024-06-12,39.8,39.88,39.11,39.41,38964693
DIS.US,2024-06-12,101.2,101.69,100.25,100.8,9041768
PG.US,2024-06-12,167.5,167.64,164.22,165.18,5474498
0857.HK,2024-06-13,7.71,7.78,7.63,7.69,59462813
2318.HK,2024-06-13,37.0,37.55,36.2,36.5,39947774
2628.HK,2024-06-13,11.1,11.1,10.76,10.82,33755625
2899.HK,2024-06-13,16.9,17.06,16.14,16.38,58061923
3968.HK,2024-06-13,34.45,34.45,33.2,33.5,19602379
BAC.US,2024-06-13,39.29,39.35,38.93,39.26,40018719
DIS.US,2024-06-13,100.61,101.07,99.61,100.09,10164570
PG.US,2024-06-13,164.47,167.0,164.47,166.41,4902180
0857.HK,2024-06-14,7.65,7.7,7.55,7.61,101263681
2318.HK,2024-06-14,36.5,37.05,36.25,36.45,35870576
2628.HK,2024-06-14,10.78,10.98,10.66,10.8,38088640
2899.HK,2024-06-14,16.14,16.74,16.04,16.54,44021285
3968.HK,2024-06-14,33.25,34.25,33.15,33.75,17295144
BAC.US,2024-06-14,39.1,39.48,38.91,39.24,32347866
DIS.US,2024-06-14,99.81,100.38,99.25,99.97,7087573
PG.US,2024-06-14,165.99,166.93,165.25,166.79,3694974
0857.HK,2024-06-17,7.6,7.67,7.43,7.48,103783552
2318.HK,2024-06-17,36.1,36.95,35.7,36.3,19130227
2628.HK,2024-06-17,10.8,10.92,10.62,10.74,20921591
2899.HK,2024-06-17,16.5,16.72,16.24,16.32,41939877
3968.HK,2024-06-17,33.75,34.9,33.5,34.35,16617102
BAC.US,2024-06-17,39.09,39.53,38.98,39.51,26135368
DIS.US,2024-06-17,100.98,101.92,100.62,101.52,10388986
PG.US,2024-06-17,165.85,168.71,165.4,167.5,6759352
0857.HK,2024-06-18,7.31,7.33,7.11,7.29,109849233
2318.HK,2024-06-18,36.3,36.7,35.85,36.1,28534323
2628.HK,2024-06-18,10.82,10.9,10.7,10.78,44200466
2899.HK,2024-06-18,16.0,16.12,15.56,16.08,230106612
3968.HK,2024-06-18,34.45,35.25,34.15,34.45,18529344
BAC.US,2024-06-18,39.56,40.02,39.46,39.99,30804467
DIS.US,2024-06-18,101.12,101.76,100.61,101.5,7044674
PG.US,2024-06-18,167.03,168.65,166.94,168.56,5112634
0857.HK,2024-06-19,7.31,7.67,7.31,7.62,134163964
2318.HK,2024-06-19,36.45,37.7,36.35,37.5,48998087
2628.HK,2024-06-19,10.9,11.28,10.82,11.22,53720791
2899.HK,2024-06-19,16.12,16.76,16.08,16.54,94605448
3968.HK,2024-06-19,34.9,36.1,34.65,35.95,23487275
0857.HK,2024-06-20,7.64,7.88,7.63,7.8,137692553
2318.HK,2024-06-20,37.5,37.95,37.15,37.4,20522424
2628.HK,2024-06-20,11.24,11.46,11.18,11.38,49551879
2899.HK,2024-06-20,16.54,16.9,16.5,16.66,48661099
3968.HK,2024-06-20,35.9,36.15,35.6,35.7,13200580
BAC.US,2024-06-20,39.78,40.31,39.75,39.99,29383287
DIS.US,2024-06-20,100.57,101.94,100.38,101.84,7886934
PG.US,2024-06-20,168.37,168.78,166.86,167.67,8483606
0857.HK,2024-06-21,7.7,7.86,7.68,7.68,100849384
2318.HK,2024-06-21,37.2,37.35,36.45,36.8,31588468
2628.HK,2024-06-21,11.34,11.44,11.18,11.28,34683120
2899.HK,2024-06-21,16.84,16.96,16.38,16.44,62373858
3968.HK,2024-06-21,35.7,35.7,34.9,35.05,21262565
BAC.US,2024-06-21,39.86,39.91,39.37,39.49,72251511
DIS.US,2024-06-21,101.8,102.54,101.59,102.27,14144918
PG.US,2024-06-21,167.48,168.88,167.18,168.26,14682061
0857.HK,2024-06-24,7.62,7.73,7.6,7.69,54416606
2318.HK,2024-06-24,36.3,36.75,35.95,36.7,30081290
2628.HK,2024-06-24,11.32,11.34,11.0,11.32,27544735
2899.HK,2024-06-24,16.04,16.76,16.02,16.76,46641668
3968.HK,2024-06-24,35.05,35.4,34.55,35.4,15821963
BAC.US,2024-06-24,39.77,40.34,39.65,40.02,31064888
DIS.US,2024-06-24,102.25,103.08,101.91,101.98,7393608
PG.US,2024-06-24,168.76,169.41,167.48,168.45,7565304
0857.HK,2024-06-25,7.73,7.83,7.71,7.75,63071579
2318.HK,2024-06-25,37.0,37.5,36.65,37.1,36317945
2628.HK,2024-06-25,11.36,11.48,11.14,11.3,28618245
2899.HK,2024-06-25,16.7,16.82,16.34,16.62,41997851
3968.HK,2024-06-25,35.5,36.3,35.4,35.75,18127900
BAC.US,2024-06-25,39.78,40.07,39.36,39.38,30928600
DIS.US,2024-06-25,102.66,103.68,101.77,102.2,10343709
PG.US,2024-06-25,168.63,168.91,165.9,166.85,8323968
0857.HK,2024-06-26,7.7,7.77,7.64,7.72,61701170
2318.HK,2024-06-26,36.55,37.3,36.55,36.8,20384880
2628.HK,2024-06-26,11.28,11.46,11.12,11.38,25074000
2899.HK,2024-06-26,16.58,16.58,16.18,16.4,42893787
3968.HK,2024-06-26,35.45,36.0,35.3,35.55,13713142
BAC.US,2024-06-26,39.17,39.35,38.47,39.0,44310220
DIS.US,2024-06-26,101.9,102.37,101.43,102.18,10122311
PG.US,2024-06-26,166.05,167.81,165.66,167.45,5164046
0857.HK,2024-06-27,7.69,7.76,7.51,7.57,109144076
2318.HK,2024-06-27,36.5,36.8,35.65,35.95,50917977
2628.HK,2024-06-27,11.3,11.4,11.06,11.12,35200531
2899.HK,2024-06-27,16.22,16.28,15.82,15.96,53387218
3968.HK,2024-06-27,35.5,35.65,35.15,35.5,26585672
BAC.US,2024-06-27,38.7,39.35,38.34,39.25,29464194
DIS.US,2024-06-27,102.04,102.28,101.81,102.17,8365165
PG.US,2024-06-27,167.49,168.1,165.5,166.62,5006990
0857.HK,2024-06-28,7.54,8.0,7.53,7.9,179715191
2318.HK,2024-06-28,35.3,36.1,35.3,35.4,43508999
2628.HK,2024-06-28,11.1,11.3,11.04,11.04,27827832
2899.HK,2024-06-28,15.88,16.62,15.8,16.48,46455274
3968.HK,2024-06-28,35.15,35.9,35.15,35.45,18851919
BAC.US,2024-06-28,39.74,40.06,39.32,39.77,52028200
DIS.US,2024-06-28,102.02,102.58,98.38,99.29,21439416
PG.US,2024-06-28,166.0,167.24,164.58,164.92,9253317
BAC.US,2024-07-01,39.91,40.34,39.68,40.01,26770473
DIS.US,2024-07-01,99.4,99.74,97.88,98.04,15298971
PG.US,2024-07-01,165.59,166.21,162.2,162.72,7638639
0857.HK,2024-07-02,7.98,8.3,7.98,8.23,209814093
2318.HK,2024-07-02,35.0,37.2,35.0,36.35,48252075
2628.HK,2024-07-02,11.04,11.56,11.04,11.22,51020039
2899.HK,2024-07-02,16.82,16.92,16.44,16.62,43390687
3968.HK,2024-07-02,35.45,36.75,35.4,36.4,29782071
BAC.US,2024-07-02,40.0,40.96,39.96,40.93,35626092
DIS.US,2024-07-02,97.94,97.99,96.95,97.99,13340320
PG.US,2024-07-02,162.58,164.04,161.71,163.9,5449219
0857.HK,2024-07-03,8.24,8.49,8.22,8.41,140141988
2318.HK,2024-07-03,36.35,37.0,36.05,36.85,33932595
2628.HK,2024-07-03,10.86,11.04,10.74,10.9,29930143
2899.HK,2024-07-03,16.62,17.0,16.48,16.92,31851139
3968.HK,2024-07-03,34.5,34.65,33.35,33.55,28438918
BAC.US,2024-07-03,41.02,41.2,40.75,40.9,17100666
DIS.US,2024-07-03,97.84,99.08,97.83,98.61,5029969
PG.US,2024-07-03,163.21,164.21,162.98,163.83,2980461
0857.HK,2024-07-04,8.4,8.55,8.4,8.54,119238423
2318.HK,2024-07-04,37.0,37.2,36.25,36.65,32558644
2628.HK,2024-07-04,10.98,11.06,10.8,10.84,13359799
2899.HK,2024-07-04,17.32,17.8,17.28,17.32,54716255
3968.HK,2024-07-04,33.7,34.65,33.65,34.15,21109733
0857.HK,2024-07-05,8.51,8.6,8.34,8.44,90790457
2318.HK,2024-07-05,36.65,37.0,35.95,36.1,21564603
2628.HK,2024-07-05,10.84,10.9,10.64,10.64,19833338
2899.HK,2024-07-05,17.32,17.9,17.32,17.66,60865942
3968.HK,2024-07-05,34.3,34.5,33.2,33.2,16624186
BAC.US,2024-07-05,40.93,40.96,40.29,40.41,23488968
DIS.US,2024-07-05,98.31,98.31,97.58,97.99,8550759
PG.US,2024-07-05,164.01,165.63,163.5,165.21,6509248
0857.HK,2024-07-08,8.33,8.49,8.33,8.41,70903100
2318.HK,2024-07-08,35.7,35.9,34.75,35.25,51468866
2628.HK,2024-07-08,10.58,10.64,10.4,10.5,23490812
2899.HK,2024-07-08,17.8,17.96,17.5,17.52,35219840
3968.HK,2024-07-08,32.85,33.45,32.8,32.95,14472804
BAC.US,2024-07-08,40.6,41.04,40.43,40.62,26728504
DIS.US,2024-07-08,97.69,98.29,96.89,97.37,8167589
PG.US,2024-07-08,165.95,166.67,165.62,166.52,5144458
0857.HK,2024-07-09,8.39,8.4,8.21,8.25,107302787
2318.HK,2024-07-09,34.6,35.55,34.25,34.95,45888168
2628.HK,2024-07-09,10.5,10.68,10.32,10.6,21958857
2899.HK,2024-07-09,17.54,17.96,17.54,17.84,49357778
3968.HK,2024-07-09,32.95,33.4,32.7,33.1,14554359
BAC.US,2024-07-09,40.76,41.83,40.6,41.42,34721692
DIS.US,2024-07-09,97.47,97.53,96.15,97.05,9048576
PG.US,2024-07-09,166.63,166.76,165.14,165.66,4393179
0857.HK,2024-07-10,8.22,8.29,7.93,8.01,150552184
2318.HK,2024-07-10,35.1,35.95,35.05,35.2,43664280
2628.HK,2024-07-10,10.6,10.9,10.6,10.8,30246488
2899.HK,2024-07-10,17.72,17.92,17.08,17.26,42158126
3968.HK,2024-07-10,33.3,34.0,33.1,33.15,13440367
BAC.US,2024-07-10,41.28,41.76,41.07,41.74,25333392
DIS.US,2024-07-10,96.95,97.28,96.25,96.97,7761123
PG.US,2024-07-10,165.9,166.92,165.54,166.8,5037097
0857.HK,2024-07-11,8.04,8.12,7.97,8.08,70725440
2318.HK,2024-07-11,35.6,36.0,35.35,35.7,29623610
2628.HK,2024-07-11,10.92,11.26,10.9,11.06,30754154
2899.HK,2024-07-11,17.46,17.82,17.4,17.62,34247808
3968.HK,2024-07-11,33.75,34.1,33.5,34.0,16044627
BAC.US,2024-07-11,41.77,41.9,41.39,41.81,33824582
DIS.US,2024-07-11,97.01,97.58,96.3,96.6,7432590
PG.US,2024-07-11,166.3,166.63,164.78,165.54,5833061
0857.HK,2024-07-12,8.21,8.22,7.98,8.02,96155430
2318.HK,2024-07-12,35.85,37.0,35.85,36.85,48765592
2628.HK,2024-07-12,11.16,11.3,11.14,11.26,25935607
2899.HK,2024-07-12,18.0,18.18,17.36,17.58,31190508
3968.HK,2024-07-12,34.15,35.9,34.15,35.6,26419799
BAC.US,2024-07-12,41.49,41.92,41.09,41.59,31856592
DIS.US,2024-07-12,97.1,97.83,96.98,97.13,6465736
PG.US,2024-07-12,166.22,167.64,166.02,166.61,4684642
0857.HK,2024-07-15,8.01,8.13,7.94,7.98,74610741
2318.HK,2024-07-15,36.95,36.95,35.75,36.05,37148518
2628.HK,2024-07-15,11.16,11.3,10.94,11.02,25849326
2899.HK,2024-07-15,17.74,18.0,17.5,17.68,34652693
3968.HK,2024-07-15,35.4,35.7,34.8,35.0,10920224
BAC.US,2024-07-15,41.85,42.23,41.7,41.89,36648097
DIS.US,2024-07-15,97.33,97.49,96.6,96.87,7417699
PG.US,2024-07-15,166.47,166.62,164.46,164.58,5752513
0857.HK,2024-07-16,7.96,8.07,7.87,7.92,82768985
2318.HK,2024-07-16,35.25,35.25,33.85,34.1,126158836
2628.HK,2024-07-16,10.88,10.96,10.74,10.84,27492570
2899.HK,2024-07-16,17.58,18.0,17.44,17.78,39224673
3968.HK,2024-07-16,34.65,35.05,34.45,34.5,17486592
BAC.US,2024-07-16,42.52,44.4,42.22,44.13,75953347
DIS.US,2024-07-16,97.02,98.72,96.54,98.47,10755508
PG.US,2024-07-16,164.91,167.07,164.61,166.95,6378312
0857.HK,2024-07-17,7.91,7.91,7.36,7.46,300264540
2318.HK,2024-07-17,34.05,34.65,34.0,34.3,66142424
2628.HK,2024-07-17,10.84,11.14,10.8,11.12,24378584
2899.HK,2024-07-17,18.28,18.28,16.78,16.96,71600060
3968.HK,2024-07-17,34.4,35.05,34.3,34.6,13232144
BAC.US,2024-07-17,43.65,44.44,43.65,43.98,65713648
DIS.US,2024-07-17,98.3,98.61,96.53,97.31,9456087
PG.US,2024-07-17,167.75,170.17,167.33,169.44,7982328
0857.HK,2024-07-18,7.46,7.57,7.4,7.46,84928936
2318.HK,2024-07-18,34.2,34.8,34.1,34.5,39693320
2628.HK,2024-07-18,11.12,11.3,10.98,11.2,20736881
2899.HK,2024-07-18,16.8,17.08,16.58,16.96,34777143
3968.HK,2024-07-18,34.45,34.95,34.15,34.3,11308988
BAC.US,2024-07-18,43.62,44.24,42.93,43.01,48549222
DIS.US,2024-07-18,97.36,98.06,96.68,96.79,7529378
PG.US,2024-07-18,168.8,170.92,168.28,168.44,5926346
0857.HK,2024-07-19,7.37,7.42,7.03,7.11,229124572
2318.HK,2024-07-19,34.2,34.55,34.05,34.35,39864055
2628.HK,2024-07-19,11.04,11.1,10.9,11.0,29828600
2899.HK,2024-07-19,16.58,16.58,16.02,16.32,67131291
3968.HK,2024-07-19,34.0,34.25,33.4,33.85,14444380
BAC.US,2024-07-19,42.86,43.56,42.69,42.9,43902967
DIS.US,2024-07-19,96.82,96.82,95.44,95.74,9300963
PG.US,2024-07-19,167.97,169.04,167.13,167.96,6597090
0857.HK,2024-07-22,7.03,7.09,6.84,7.07,150545603
2318.HK,2024-07-22,34.6,34.9,34.2,34.65,28550710
2628.HK,2024-07-22,11.02,11.06,10.76,10.98,17706189
2899.HK,2024-07-22,16.32,16.38,15.86,16.2,32069115
3968.HK,2024-07-22,33.85,33.85,32.45,33.5,17961550
BAC.US,2024-07-22,42.64,42.87,41.96,42.3,42838322
DIS.US,2024-07-22,95.11,95.16,93.49,94.13,13377038
PG.US,2024-07-22,167.93,168.7,167.7,168.25,6383031
0857.HK,2024-07-23,7.06,7.15,7.02,7.04,80967910
2318.HK,2024-07-23,34.8,34.95,34.2,34.25,29332874
2628.HK,2024-07-23,11.0,11.06,10.86,10.86,18148667
2899.HK,2024-07-23,16.22,16.38,15.58,15.74,51516791
3968.HK,2024-07-23,33.5,34.15,33.5,33.75,10940920
BAC.US,2024-07-23,42.22,42.78,42.15,42.41,36705129
DIS.US,2024-07-23,90.7,91.69,89.83,90.94,22534730
PG.US,2024-07-23,168.11,168.42,166.32,166.62,4863398
0857.HK,2024-07-24,7.03,7.11,6.97,7.08,84058799
2318.HK,2024-07-24,34.25,34.6,33.8,33.95,32539895
2628.HK,2024-07-24,10.84,10.9,10.66,10.72,34609591
2899.HK,2024-07-24,15.8,15.82,15.56,15.7,28605859
3968.HK,2024-07-24,33.8,34.3,33.1,33.35,16670036
BAC.US,2024-07-24,42.28,42.75,42.07,42.19,36567178
DIS.US,2024-07-24,90.22,90.75,89.58,89.8,11768547
PG.US,2024-07-24,166.32,168.28,165.58,168.0,5906992
0857.HK,2024-07-25,7.05,7.09,6.73,6.82,195868609
2318.HK,2024-07-25,33.95,34.2,33.4,33.4,38023107
2628.HK,2024-07-25,10.68,10.74,10.4,10.48,47330825
2899.HK,2024-07-25,15.6,15.62,14.72,14.9,86308105
3968.HK,2024-07-25,33.1,33.25,31.7,32.15,40245987
BAC.US,2024-07-25,42.02,42.3,41.66,41.68,41593856
DIS.US,2024-07-25,90.08,90.5,89.21,89.21,10765285
PG.US,2024-07-25,168.32,170.09,166.87,166.9,7338521
0857.HK,2024-07-26,6.86,6.95,6.74,6.81,74837912
2318.HK,2024-07-26,33.4,34.15,33.2,33.4,33129511
2628.HK,2024-07-26,10.58,10.76,10.44,10.54,16470982
2899.HK,2024-07-26,15.0,15.38,14.96,15.24,55784514
3968.HK,2024-07-26,32.1,32.5,31.4,31.95,19987317
BAC.US,2024-07-26,41.58,41.96,41.41,41.67,52049329
DIS.US,2024-07-26,90.0,90.55,89.34,89.93,11301857
PG.US,2024-07-26,167.25,169.32,167.03,169.11,5581557
0857.HK,2024-07-29,6.86,6.97,6.77,6.91,77508450
2318.HK,2024-07-29,33.8,34.15,33.55,33.7,32959024
2628.HK,2024-07-29,10.66,10.76,10.58,10.62,16039981
2899.HK,2024-07-29,15.4,15.78,15.26,15.5,58046292
3968.HK,2024-07-29,32.1,32.8,31.8,32.2,14866638
BAC.US,2024-07-29,41.78,41.88,40.98,41.09,37133078
DIS.US,2024-07-29,90.39,92.55,90.19,92.14,13024847
PG.US,2024-07-29,168.85,170.54,168.11,169.93,6797832
0857.HK,2024-07-30,6.9,6.9,6.62,6.69,115898456
2318.HK,2024-07-30,33.5,33.75,33.15,33.3,32086094
2628.HK,2024-07-30,10.58,10.62,10.38,10.46,26924721
2899.HK,2024-07-30,15.5,15.5,15.14,15.22,38422950
3968.HK,2024-07-30,32.25,32.25,31.75,31.95,11252562
BAC.US,2024-07-30,41.05,41.89,40.81,41.28,44163172
DIS.US,2024-07-30,91.67,94.04,91.67,93.79,9896054
PG.US,2024-07-30,161.79,162.38,158.04,161.7,15746254
0857.HK,2024-07-31,6.72,6.85,6.69,6.81,90408924
2318.HK,2024-07-31,33.45,34.5,33.25,34.15,50376587
2628.HK,2024-07-31,10.54,10.94,10.46,10.86,34702420
2899.HK,2024-07-31,15.22,16.02,15.22,15.86,55397682
3968.HK,2024-07-31,32.25,32.7,31.75,32.5,11369301
BAC.US,2024-07-31,41.23,41.38,40.22,40.31,50851579
DIS.US,2024-07-31,93.79,94.84,93.64,93.69,10241834
PG.US,2024-07-31,160.81,162.86,159.21,160.76,9660902
0857.HK,2024-08-01,6.9,7.03,6.86,6.94,107707906
2318.HK,2024-08-01,34.15,34.35,33.85,34.1,21862384
2628.HK,2024-08-01,10.82,10.96,10.7,10.8,15551667
2899.HK,2024-08-01,16.08,16.3,15.8,15.94,39309671
3968.HK,2024-08-01,32.4,32.55,31.9,32.2,8372324
BAC.US,2024-08-01,40.44,40.45,38.98,39.5,60107845
DIS.US,2024-08-01,93.86,93.95,92.6,93.05,9263596
PG.US,2024-08-01,160.88,166.31,160.68,165.69,12532700
0857.HK,2024-08-02,6.7,6.83,6.68,6.81,82655893
2318.HK,2024-08-02,33.6,33.65,33.1,33.45,35497479
2628.HK,2024-08-02,10.64,10.64,10.42,10.54,32832643
2899.HK,2024-08-02,15.48,15.58,15.18,15.56,52958176
3968.HK,2024-08-02,31.25,32.05,31.1,32.0,9066674
BAC.US,2024-08-02,38.0,38.53,37.18,37.58,76727990
DIS.US,2024-08-02,92.16,92.2,89.0,89.57,15433552
PG.US,2024-08-02,167.44,170.35,165.15,170.08,11899038
0857.HK,2024-08-05,6.7,6.7,6.25,6.44,317488617
2318.HK,2024-08-05,33.3,34.1,32.7,33.3,54788446
2628.HK,2024-08-05,10.36,10.78,10.32,10.58,33894195
2899.HK,2024-08-05,15.28,15.66,14.96,15.2,63386447
3968.HK,2024-08-05,31.85,32.05,30.85,31.55,21615406
BAC.US,2024-08-05,35.65,36.96,35.14,36.65,76075189
DIS.US,2024-08-05,86.89,89.56,86.42,87.78,19103158
PG.US,2024-08-05,170.88,170.88,166.67,168.06,10338767
0857.HK,2024-08-06,6.5,6.58,6.36,6.4,126774777
2318.HK,2024-08-06,33.75,33.85,32.65,32.85,47859394
2628.HK,2024-08-06,10.7,10.7,10.06,10.1,46827668
2899.HK,2024-08-06,15.18,15.38,14.72,14.8,48564784
3968.HK,2024-08-06,31.8,32.0,31.0,31.05,10169343
BAC.US,2024-08-06,36.65,37.31,36.54,36.92,40614118
DIS.US,2024-08-06,88.23,91.91,87.96,89.97,21717509
PG.US,2024-08-06,167.9,170.33,167.85,168.09,7454869
0857.HK,2024-08-07,6.38,6.67,6.37,6.57,129979624
2318.HK,2024-08-07,32.8,33.5,32.75,33.2,24524645
2628.HK,2024-08-07,10.12,10.32,10.06,10.28,30054238
2899.HK,2024-08-07,14.8,15.22,14.72,15.06,25071340
3968.HK,2024-08-07,31.4,31.65,31.05,31.55,10604054
BAC.US,2024-08-07,38.1,38.59,37.27,37.3,44952353
DIS.US,2024-08-07,88.0,89.24,85.75,85.96,30581926
PG.US,2024-08-07,168.57,171.72,168.01,170.02,8385546
0857.HK,2024-08-08,6.64,6.66,6.48,6.53,80053256
2318.HK,2024-08-08,33.1,33.7,32.8,33.1,30727700
2628.HK,2024-08-08,10.24,10.38,10.12,10.24,17274871
2899.HK,2024-08-08,15.06,15.06,14.74,14.94,34052532
3968.HK,2024-08-08,31.35,32.25,31.3,31.9,12476968
BAC.US,2024-08-08,37.82,38.42,37.66,38.21,36557830
DIS.US,2024-08-08,85.15,86.33,83.91,85.96,21890474
PG.US,2024-08-08,169.42,171.56,169.0,170.87,6386941
0857.HK,2024-08-09,6.6,6.78,6.59,6.67,81881566
2318.HK,2024-08-09,33.3,33.95,33.3,33.5,24440304
2628.HK,2024-08-09,10.38,10.5,10.28,10.32,14267484
2899.HK,2024-08-09,15.12,15.54,15.1,15.2,37371466
3968.HK,2024-08-09,32.3,32.95,32.05,32.5,10409914
BAC.US,2024-08-09,38.16,38.45,37.91,38.28,26411232
DIS.US,2024-08-09,86.13,86.25,84.71,86.21,16008396
PG.US,2024-08-09,170.12,171.26,169.65,170.54,5377378
0857.HK,2024-08-12,6.69,6.74,6.6,6.67,59061783
2318.HK,2024-08-12,33.55,33.75,33.1,33.65,15785617
2628.HK,2024-08-12,10.3,10.42,10.18,10.38,15713768
2899.HK,2024-08-12,15.14,15.34,15.02,15.3,31940396
3968.HK,2024-08-12,32.7,32.9,32.25,32.5,5007218
BAC.US,2024-08-12,38.5,38.73,38.01,38.17,33040638
DIS.US,2024-08-12,85.86,86.38,85.48,85.95,11754596
PG.US,2024-08-12,169.4,169.65,166.2,166.81,7208103
0857.HK,2024-08-13,6.75,6.85,6.66,6.73,63991985
2318.HK,2024-08-13,33.75,33.9,33.45,33.8,22162650
2628.HK,2024-08-13,10.48,10.5,10.32,10.4,19366199
2899.HK,2024-08-13,15.56,15.66,15.24,15.4,31041078
3968.HK,2024-08-13,32.4,32.75,32.25,32.4,7595509
BAC.US,2024-08-13,38.37,38.48,38.12,38.46,21553473
DIS.US,2024-08-13,86.46,86.46,85.31,85.6,14615212
PG.US,2024-08-13,167.34,167.8,166.46,167.29,3770007
0857.HK,2024-08-14,6.7,6.73,6.64,6.72,39290815
2318.HK,2024-08-14,33.95,34.05,33.4,33.65,19599092
2628.HK,2024-08-14,10.42,10.46,10.22,10.3,14459521
2899.HK,2024-08-14,15.4,15.54,15.12,15.36,31377874
3968.HK,2024-08-14,32.55,32.7,32.05,32.35,5373953
BAC.US,2024-08-14,38.52,38.92,38.43,38.81,25658857
DIS.US,2024-08-14,86.01,86.54,85.56,86.3,9475119
PG.US,2024-08-14,166.5,169.47,165.82,168.8,5476675
0857.HK,2024-08-15,6.67,6.81,6.65,6.75,50545618
2318.HK,2024-08-15,33.4,34.5,33.2,33.8,26255542
2628.HK,2024-08-15,10.22,10.54,10.16,10.42,21232567
2899.HK,2024-08-15,15.32,15.58,15.02,15.36,27871022
3968.HK,2024-08-15,32.0,33.6,31.8,33.05,14211856
BAC.US,2024-08-15,39.43,39.68,38.97,39.03,37379822
DIS.US,2024-08-15,87.25,88.93,87.21,88.79,12400986
PG.US,2024-08-15,169.46,169.68,166.75,167.92,9491625
0857.HK,2024-08-16,6.81,6.94,6.81,6.88,87814292
2318.HK,2024-08-16,34.25,34.5,33.8,34.35,24968707
2628.HK,2024-08-16,10.52,10.68,10.48,10.66,25934248
2899.HK,2024-08-16,15.6,16.08,15.6,15.78,40354993
3968.HK,2024-08-16,33.6,33.75,33.0,33.3,13620212
BAC.US,2024-08-16,39.0,39.42,38.99,39.34,26886616
DIS.US,2024-08-16,88.96,89.67,88.34,89.3,10277743
PG.US,2024-08-16,167.82,168.35,166.8,167.89,5640925
0857.HK,2024-08-19,6.89,6.98,6.82,6.9,89917366
2318.HK,2024-08-19,34.6,35.0,34.4,34.55,25312260
2628.HK,2024-08-19,10.66,10.88,10.64,10.78,18226471
2899.HK,2024-08-19,15.96,16.32,15.9,16.06,34142717
3968.HK,2024-08-19,33.3,33.9,33.2,33.6,25790029
BAC.US,2024-08-19,39.48,39.75,39.45,39.67,27268922
DIS.US,2024-08-19,89.41,90.95,89.41,90.82,9723589
PG.US,2024-08-19,168.18,169.24,168.17,168.42,3885315
0857.HK,2024-08-20,6.88,6.9,6.65,6.74,114401871
2318.HK,2024-08-20,34.9,34.9,34.2,34.4,20537202
2628.HK,2024-08-20,10.86,10.86,10.64,10.7,8789998
2899.HK,2024-08-20,16.1,16.22,15.82,16.0,22182418
3968.HK,2024-08-20,33.95,34.0,33.45,33.65,5069291
BAC.US,2024-08-20,39.12,39.24,38.34,38.69,44440757
DIS.US,2024-08-20,90.39,90.67,89.31,89.74,8863436
PG.US,2024-08-20,168.77,170.56,168.11,170.41,4513600
0857.HK,2024-08-21,6.71,6.75,6.65,6.74,43558081
2318.HK,2024-08-21,34.2,34.25,33.65,34.0,28058026
2628.HK,2024-08-21,10.58,10.7,10.52,10.68,15986772
2899.HK,2024-08-21,15.8,16.06,15.76,16.0,31506422
3968.HK,2024-08-21,33.65,33.65,33.1,33.5,8576144
BAC.US,2024-08-21,38.87,39.0,38.39,38.75,33751073
DIS.US,2024-08-21,90.22,90.78,89.43,90.72,7637566
PG.US,2024-08-21,170.19,171.89,169.6,170.16,4082026
0857.HK,2024-08-22,6.77,6.82,6.63,6.79,74741586
2318.HK,2024-08-22,34.2,34.35,33.65,34.3,36582038
2628.HK,2024-08-22,10.72,10.72,10.52,10.68,22733825
2899.HK,2024-08-22,16.0,16.14,15.72,16.04,23763580
3968.HK,2024-08-22,33.6,33.75,33.3,33.65,6242186
BAC.US,2024-08-22,38.78,39.29,38.57,39.24,35421638
DIS.US,2024-08-22,90.99,91.38,89.7,89.92,7613030
PG.US,2024-08-22,170.88,171.24,169.14,170.15,4097382
0857.HK,2024-08-23,6.76,6.84,6.71,6.76,68354547
2318.HK,2024-08-23,34.0,35.8,33.8,35.55,80512450
2628.HK,2024-08-23,10.54,10.98,10.54,10.9,29849427
2899.HK,2024-08-23,15.8,16.06,15.76,15.98,24698359
3968.HK,2024-08-23,33.5,33.8,33.05,33.75,8576877
BAC.US,2024-08-23,39.27,40.17,39.27,39.77,45616647
DIS.US,2024-08-23,90.15,90.75,89.68,90.56,7369239
PG.US,2024-08-23,170.05,170.11,168.25,169.17,4771267
0857.HK,2024-08-26,6.84,6.95,6.82,6.87,90880602
2318.HK,2024-08-26,35.75,36.4,35.75,36.2,51396725
2628.HK,2024-08-26,10.9,11.08,10.84,11.02,29015466
2899.HK,2024-08-26,16.28,16.5,16.04,16.32,41254846
3968.HK,2024-08-26,33.95,34.35,33.7,34.15,10847443
BAC.US,2024-08-26,40.0,40.2,39.66,39.92,44659531
DIS.US,2024-08-26,90.92,91.8,90.92,91.78,8043757
PG.US,2024-08-26,168.7,170.97,168.7,170.35,6472417
0857.HK,2024-08-27,6.93,7.23,6.93,7.15,209696551
2318.HK,2024-08-27,36.15,36.65,35.9,36.5,42231923
2628.HK,2024-08-27,10.98,11.18,10.88,11.16,21647360
2899.HK,2024-08-27,16.14,16.36,15.96,16.2,29621749
3968.HK,2024-08-27,33.95,34.8,33.85,34.65,14284924
BAC.US,2024-08-27,40.0,40.13,39.61,39.67,32323906
DIS.US,2024-08-27,91.43,91.72,90.75,90.9,7237353
PG.US,2024-08-27,170.83,171.1,169.08,169.25,4456635
0857.HK,2024-08-28,7.1,7.2,7.07,7.1,77012046
2318.HK,2024-08-28,36.45,36.55,36.05,36.2,35339323
2628.HK,2024-08-28,11.14,11.28,11.06,11.16,23658546
2899.HK,2024-08-28,16.18,16.22,15.62,15.8,35182053
3968.HK,2024-08-28,34.6,34.85,34.3,34.6,12040377
BAC.US,2024-08-28,39.34,40.27,39.33,39.95,40700528
DIS.US,2024-08-28,90.33,90.62,88.76,89.49,8569690
PG.US,2024-08-28,169.42,171.2,168.58,169.06,5645040
0857.HK,2024-08-29,6.99,7.07,6.95,7.04,130983419
2318.HK,2024-08-29,36.2,36.55,35.45,36.1,40488751
2628.HK,2024-08-29,11.14,11.56,11.02,11.2,36347313
2899.HK,2024-08-29,15.6,16.0,15.52,15.98,24389496
3968.HK,2024-08-29,34.45,34.5,33.25,33.8,18195311
BAC.US,2024-08-29,40.05,40.34,39.53,40.17,34810840
DIS.US,2024-08-29,90.45,90.7,89.63,89.81,6181750
PG.US,2024-08-29,169.75,170.6,168.94,170.03,4413165
0857.HK,2024-08-30,7.03,7.14,7.02,7.07,121824982
2318.HK,2024-08-30,36.0,38.2,35.9,37.4,116547086
2628.HK,2024-08-30,11.18,12.04,11.1,11.82,109000909
2899.HK,2024-08-30,16.0,16.18,15.68,15.82,56281678
3968.HK,2024-08-30,33.45,33.6,32.1,32.35,55218511
BAC.US,2024-08-30,40.17,40.86,40.13,40.75,49098180
DIS.US,2024-08-30,89.98,90.45,89.4,90.38,8403632
PG.US,2024-08-30,170.16,171.88,169.69,171.54,7301617
0857.HK,2024-09-02,6.99,7.09,6.88,7.03,85770007
2318.HK,2024-09-02,37.5,37.85,36.85,37.0,46487939
2628.HK,2024-09-02,11.96,12.08,11.68,11.78,34157696
2899.HK,2024-09-02,15.76,15.76,15.3,15.58,34140120
3968.HK,2024-09-02,31.7,32.45,31.0,32.2,24313740
0857.HK,2024-09-03,7.03,7.05,6.88,6.93,65308685
2318.HK,2024-09-03,37.05,37.35,36.25,36.65,43014293
2628.HK,2024-09-03,11.7,11.82,11.6,11.72,22844996
2899.HK,2024-09-03,15.5,15.56,15.24,15.28,18011338
3968.HK,2024-09-03,32.1,32.45,31.0,31.2,31085296
BAC.US,2024-09-03,40.58,40.9,40.23,40.7,48489317
DIS.US,2024-09-03,89.61,90.49,88.54,89.13,8465469
PG.US,2024-09-03,171.03,175.0,170.99,174.52,10101418
0857.HK,2024-09-04,6.75,6.75,6.43,6.51,216768958
2318.HK,2024-09-04,35.65,35.85,34.95,35.1,52947376
2628.HK,2024-09-04,11.66,11.7,11.28,11.38,31144200
2899.HK,2024-09-04,15.02,15.02,14.3,14.34,90469371
3968.HK,2024-09-04,30.85,31.45,30.85,31.15,11699810
BAC.US,2024-09-04,40.66,40.95,40.28,40.5,39629637
DIS.US,2024-09-04,88.95,90.02,88.82,89.25,6317221
PG.US,2024-09-04,173.63,176.0,173.63,175.9,7517526
0857.HK,2024-09-05,6.51,6.57,6.21,6.32,238614395
2318.HK,2024-09-05,35.0,35.6,34.95,35.6,32480022
2628.HK,2024-09-05,11.42,11.54,11.36,11.5,21706229
2899.HK,2024-09-05,14.5,14.68,14.18,14.34,38709907
3968.HK,2024-09-05,31.15,31.3,30.1,30.3,36690727
BAC.US,2024-09-05,40.8,40.94,40.01,40.14,34214544
DIS.US,2024-09-05,89.67,89.67,88.34,88.65,6234114
PG.US,2024-09-05,175.99,176.55,174.67,175.47,6061865
BAC.US,2024-09-06,39.77,39.88,38.56,38.76,47007588
DIS.US,2024-09-06,88.45,89.09,87.72,87.94,7791503
PG.US,2024-09-06,175.76,177.04,175.34,175.59,5785684
0857.HK,2024-09-09,6.27,6.27,5.9,5.93,392702685
2318.HK,2024-09-09,35.35,35.4,34.2,34.75,64151394
2628.HK,2024-09-09,11.46,11.46,11.12,11.22,30120518
2899.HK,2024-09-09,14.1,14.12,13.56,13.82,81651897
3968.HK,2024-09-09,29.2,29.35,27.95,29.15,67003184
BAC.US,2024-09-09,39.25,39.71,39.1,39.47,37610209
DIS.US,2024-09-09,88.22,88.89,87.81,88.34,8750247
PG.US,2024-09-09,175.54,176.84,174.66,176.06,6450204
0857.HK,2024-09-10,5.9,5.99,5.83,5.93,164546347
2318.HK,2024-09-10,34.5,35.0,34.45,34.6,32635983
2628.HK,2024-09-10,11.12,11.18,10.96,11.14,30268538
2899.HK,2024-09-10,13.7,13.92,13.7,13.82,35759078
3968.HK,2024-09-10,29.05,29.35,28.7,28.9,22332382
BAC.US,2024-09-10,39.84,39.84,38.33,39.28,53983875
DIS.US,2024-09-10,88.33,88.89,87.98,88.4,6858313
PG.US,2024-09-10,175.91,177.94,175.91,177.79,6396311
0857.HK,2024-09-11,5.5,5.62,5.34,5.61,283571764
2318.HK,2024-09-11,34.35,34.6,34.2,34.4,35112029
2628.HK,2024-09-11,11.14,11.16,10.98,11.08,19565952
2899.HK,2024-09-11,13.92,13.92,13.52,13.78,32517487
3968.HK,2024-09-11,28.45,29.2,28.45,29.05,17378525
BAC.US,2024-09-11,38.99,39.03,38.01,39.0,41190035
DIS.US,2024-09-11,88.05,88.43,86.59,88.32,10779000
PG.US,2024-09-11,176.6,177.0,173.63,173.92,6828173
0857.HK,2024-09-12,5.6,5.65,5.46,5.6,155499044
2318.HK,2024-09-12,34.5,35.15,34.0,34.85,47427407
2628.HK,2024-09-12,11.1,11.22,10.86,11.12,27749043
2899.HK,2024-09-12,13.98,14.12,13.6,13.96,31937416
3968.HK,2024-09-12,29.2,29.25,28.75,29.0,12968865
BAC.US,2024-09-12,39.05,39.33,38.54,38.78,39948814
DIS.US,2024-09-12,88.22,89.33,88.18,89.3,7181709
PG.US,2024-09-12,173.9,174.61,172.44,173.47,4839752
0857.HK,2024-09-13,5.67,5.75,5.6,5.64,127372777
2318.HK,2024-09-13,35.0,35.8,34.9,35.35,35972451
2628.HK,2024-09-13,11.12,11.52,11.12,11.36,20515691
2899.HK,2024-09-13,14.36,14.68,14.24,14.5,66815127
3968.HK,2024-09-13,29.0,30.0,28.9,29.65,13035294
BAC.US,2024-09-13,38.88,39.09,38.44,38.65,31887313
DIS.US,2024-09-13,89.45,90.72,89.39,90.55,7084239
PG.US,2024-09-13,173.37,174.54,172.8,174.08,3917986
0857.HK,2024-09-16,5.6,5.64,5.51,5.64,58447414
2318.HK,2024-09-16,35.0,35.3,34.6,35.1,14396880
2628.HK,2024-09-16,11.22,11.42,11.14,11.42,10963271
2899.HK,2024-09-16,14.5,14.74,14.42,14.74,16160209
3968.HK,2024-09-16,29.6,29.6,29.1,29.45,7661931
BAC.US,2024-09-16,38.81,39.21,38.79,39.1,26336364
DIS.US,2024-09-16,91.1,92.37,90.95,91.85,9028572
PG.US,2024-09-16,174.71,177.31,174.32,177.24,6892335
0857.HK,2024-09-17,5.66,5.78,5.65,5.75,95588866
2318.HK,2024-09-17,34.9,36.1,34.8,35.75,25035910
2628.HK,2024-09-17,11.42,11.66,11.4,11.6,16719270
2899.HK,2024-09-17,14.78,15.2,14.78,15.1,36120103
3968.HK,2024-09-17,29.45,30.45,29.25,30.1,11429049
BAC.US,2024-09-17,39.28,39.8,39.21,39.55,27769380
DIS.US,2024-09-17,92.37,93.25,92.17,92.86,8193075
PG.US,2024-09-17,176.63,176.97,175.36,175.88,4757247
BAC.US,2024-09-18,39.62,40.12,39.42,39.62,42527830
DIS.US,2024-09-18,93.52,94.07,92.69,93.58,10289766
PG.US,2024-09-18,175.05,175.9,172.57,173.92,5102884
0857.HK,2024-09-19,5.73,5.75,5.62,5.75,166640607
2318.HK,2024-09-19,35.75,37.55,35.75,37.2,86711676
2628.HK,2024-09-19,11.58,11.98,11.54,11.92,41747081
2899.HK,2024-09-19,15.08,15.54,14.7,15.48,75943860
3968.HK,2024-09-19,30.05,30.55,29.8,30.4,16829970
BAC.US,2024-09-19,40.04,41.05,40.01,40.87,57977753
DIS.US,2024-09-19,94.82,95.29,93.32,93.45,10912446
PG.US,2024-09-19,172.88,173.16,170.38,171.54,8692016
0857.HK,2024-09-20,5.8,6.01,5.79,5.86,169582319
2318.HK,2024-09-20,37.35,38.2,37.25,37.65,67762929
2628.HK,2024-09-20,11.86,12.1,11.84,12.0,43426229
2899.HK,2024-09-20,15.54,16.04,15.4,15.92,82964084
3968.HK,2024-09-20,30.4,31.0,30.3,30.75,19021750
BAC.US,2024-09-20,40.62,40.73,40.24,40.27,70725043
DIS.US,2024-09-20,93.2,94.01,92.82,93.75,19251537
PG.US,2024-09-20,171.51,174.54,171.5,174.22,28647462
0857.HK,2024-09-23,5.83,6.03,5.82,5.95,135267771
2318.HK,2024-09-23,37.5,38.2,37.5,37.65,37197236
2628.HK,2024-09-23,12.0,12.36,12.0,12.2,38859919
2899.HK,2024-09-23,15.92,16.18,15.8,16.0,46906921
3968.HK,2024-09-23,30.7,31.3,30.65,30.95,16239412
BAC.US,2024-09-23,40.21,40.44,39.75,39.87,31714848
DIS.US,2024-09-23,93.7,93.7,92.16,92.97,7338661
PG.US,2024-09-23,174.01,175.19,172.59,173.77,10265199
0857.HK,2024-09-24,6.05,6.26,6.05,6.22,266011336
2318.HK,2024-09-24,38.55,40.75,38.55,40.35,151959706
2628.HK,2024-09-24,12.5,13.04,12.42,13.04,95718757
2899.HK,2024-09-24,16.4,16.82,16.26,16.74,77651289
3968.HK,2024-09-24,31.5,34.4,31.45,34.3,71705327
BAC.US,2024-09-24,39.85,39.98,39.25,39.45,32534876
DIS.US,2024-09-24,93.34,93.79,92.46,93.69,7860272
PG.US,2024-09-24,172.88,174.5,172.62,173.24,5422351
0857.HK,2024-09-25,6.45,6.55,6.35,6.37,295243257
2318.HK,2024-09-25,42.4,42.9,41.4,41.9,186610111
2628.HK,2024-09-25,13.6,13.76,13.24,13.32,96980115
2899.HK,2024-09-25,17.08,17.5,16.96,17.04,99939337
3968.HK,2024-09-25,36.0,36.55,35.5,35.85,90446700
BAC.US,2024-09-25,39.25,39.41,38.94,39.25,28866008
DIS.US,2024-09-25,93.64,94.44,93.35,93.92,8408242
PG.US,2024-09-25,174.07,174.68,172.06,172.26,8916483
0857.HK,2024-09-26,6.4,6.48,6.06,6.24,474773909
2318.HK,2024-09-26,42.3,45.95,41.6,45.55,217857044
2628.HK,2024-09-26,13.5,14.04,13.28,13.98,108306339
2899.HK,2024-09-26,17.38,17.68,16.9,17.6,98865919
3968.HK,2024-09-26,36.15,37.6,35.55,37.6,59272601
BAC.US,2024-09-26,39.39,39.72,39.11,39.52,39601424
DIS.US,2024-09-26,94.46,95.79,94.18,95.2,10061553
PG.US,2024-09-26,171.5,174.61,171.36,173.21,4957367
0857.HK,2024-09-27,6.17,6.47,6.07,6.3,530291223
2318.HK,2024-09-27,47.25,49.0,46.45,48.6,247911915
2628.HK,2024-09-27,14.38,14.74,13.96,14.7,136689250
2899.HK,2024-09-27,18.32,18.34,17.08,17.6,131717187
3968.HK,2024-09-27,38.7,39.3,36.65,38.2,75651684
BAC.US,2024-09-27,39.65,39.9,39.35,39.4,27861084
DIS.US,2024-09-27,95.49,96.9,95.28,96.01,10155420
PG.US,2024-09-27,173.01,174.45,172.58,173.55,4599709
0857.HK,2024-09-30,6.44,6.52,6.22,6.34,329163408
2318.HK,2024-09-30,49.25,52.75,49.2,50.15,248000033
2628.HK,2024-09-30,15.0,15.98,14.78,15.62,222789532
2899.HK,2024-09-30,17.92,18.16,17.2,17.66,118622325
3968.HK,2024-09-30,38.95,39.35,37.6,38.55,75587488
BAC.US,2024-09-30,39.23,39.79,39.02,39.68,35058346
DIS.US,2024-09-30,96.85,97.57,95.44,96.19,7988690
PG.US,2024-09-30,173.73,174.0,172.71,173.2,6296653
BAC.US,2024-10-01,39.51,39.56,38.94,39.22,26291185
DIS.US,2024-10-01,95.19,95.85,93.32,94.05,10099234
PG.US,2024-10-01,173.24,174.0,172.2,173.04,7130825
0857.HK,2024-10-02,6.57,6.71,6.28,6.65,462278392
2318.HK,2024-10-02,50.0,57.65,50.0,56.6,230013911
2628.HK,2024-10-02,15.48,17.18,15.46,17.14,210290235
2899.HK,2024-10-02,17.84,18.46,17.56,18.4,68540091
3968.HK,2024-10-02,38.7,44.3,38.65,43.7,61233561
BAC.US,2024-10-02,39.25,39.54,39.05,39.23,23302745
DIS.US,2024-10-02,93.59,94.58,93.59,94.15,6144176
PG.US,2024-10-02,172.01,172.45,171.08,171.92,6212890
0857.HK,2024-10-03,6.69,6.7,6.45,6.55,254641566
2318.HK,2024-10-03,57.35,57.5,51.85,54.9,159860008
2628.HK,2024-10-03,17.32,17.5,16.0,16.94,147764759
2899.HK,2024-10-03,18.32,18.32,17.4,18.02,50576000
3968.HK,2024-10-03,44.2,45.7,42.25,45.35,64695427
BAC.US,2024-10-03,38.98,39.27,38.73,39.25,26030228
DIS.US,2024-10-03,93.61,94.09,93.13,93.63,6180349
PG.US,2024-10-03,171.37,171.37,169.77,170.12,4794348
0857.HK,2024-10-04,6.76,6.84,6.62,6.76,306664752
2318.HK,2024-10-04,53.5,57.6,53.5,57.3,98751085
2628.HK,2024-10-04,16.64,18.34,16.54,18.28,205550954
2899.HK,2024-10-04,17.9,18.78,17.56,18.56,45378323
3968.HK,2024-10-04,44.0,46.45,43.75,46.4,44163002
BAC.US,2024-10-04,39.93,40.25,39.62,40.11,34255929
DIS.US,2024-10-04,94.3,95.34,93.89,95.15,6317333
PG.US,2024-10-04,168.85,170.09,168.26,168.88,6003668
0857.HK,2024-10-07,6.94,7.07,6.78,6.88,259308270
2318.HK,2024-10-07,58.2,59.8,57.0,59.7,114440525
2628.HK,2024-10-07,18.98,20.6,18.94,20.55,346766397
2899.HK,2024-10-07,18.98,19.0,18.16,18.46,39175785
3968.HK,2024-10-07,46.4,47.35,46.0,47.25,34571415
BAC.US,2024-10-07,40.21,40.44,39.71,39.96,27177530
DIS.US,2024-10-07,95.09,95.14,91.76,92.39,11043614
PG.US,2024-10-07,169.16,169.58,166.87,167.12,6325281
0857.HK,2024-10-08,7.06,7.06,6.35,6.36,575782130
2318.HK,2024-10-08,57.4,59.15,49.75,50.25,269734028
2628.HK,2024-10-08,19.9,19.9,16.1,16.26,451055884
2899.HK,2024-10-08,18.3,18.84,16.84,17.18,128293095
3968.HK,2024-10-08,46.25,47.35,39.45,39.65,91764926
BAC.US,2024-10-08,40.05,40.15,39.81,39.93,26023649
DIS.US,2024-10-08,92.52,93.74,91.69,92.51,10209056
PG.US,2024-10-08,166.85,168.59,166.27,168.16,7472965
0857.HK,2024-10-09,6.26,6.32,6.02,6.16,313037619
2318.HK,2024-10-09,51.45,51.95,46.6,48.15,189095890
2628.HK,2024-10-09,16.9,16.96,14.98,15.72,225974674
2899.HK,2024-10-09,17.18,17.28,16.24,16.52,72577022
3968.HK,2024-10-09,40.1,40.25,37.55,38.25,47808615
BAC.US,2024-10-09,39.87,40.39,39.72,40.19,27420997
DIS.US,2024-10-09,91.86,94.01,91.46,93.6,8654470
PG.US,2024-10-09,168.38,169.81,168.0,169.27,8758806
0857.HK,2024-10-10,6.2,6.49,6.2,6.4,263009227
2318.HK,2024-10-10,50.05,52.4,49.4,51.0,123241362
2628.HK,2024-10-10,16.32,17.02,15.8,16.46,167705204
2899.HK,2024-10-10,16.52,17.36,16.4,16.94,55903161
3968.HK,2024-10-10,38.5,40.75,38.45,39.85,38576668
BAC.US,2024-10-10,40.01,40.13,39.77,39.97,26182261
DIS.US,2024-10-10,93.72,93.88,92.69,92.99,6698039
PG.US,2024-10-10,168.8,169.79,168.37,168.95,6932308
BAC.US,2024-10-11,40.5,42.17,40.4,41.95,50660740
DIS.US,2024-10-11,92.85,94.61,92.8,94.13,8089133
PG.US,2024-10-11,169.46,171.41,168.97,171.09,7036480
0857.HK,2024-10-14,6.39,6.56,6.32,6.41,224377727
2318.HK,2024-10-14,50.85,52.05,49.6,51.15,88480393
2628.HK,2024-10-14,16.2,16.6,15.68,16.4,88406160
2899.HK,2024-10-14,17.0,17.66,16.98,17.28,51296961
3968.HK,2024-10-14,40.0,41.45,39.65,40.75,36297360
BAC.US,2024-10-14,41.96,42.18,41.72,41.91,28098947
DIS.US,2024-10-14,94.18,95.19,93.8,94.97,6261964
PG.US,2024-10-14,171.02,172.84,170.74,172.51,5909158
0857.HK,2024-10-15,6.27,6.34,6.16,6.21,209967232
2318.HK,2024-10-15,50.6,51.4,47.75,48.45,91748500
2628.HK,2024-10-15,16.12,16.48,15.38,15.6,111488576
2899.HK,2024-10-15,17.28,17.28,16.38,16.5,41958343
3968.HK,2024-10-15,40.75,41.15,38.55,39.05,25529266
BAC.US,2024-10-15,43.23,43.36,42.05,42.14,61489989
DIS.US,2024-10-15,95.25,95.65,93.68,94.22,6535756
PG.US,2024-10-15,172.89,174.91,172.82,173.57,7172262
0857.HK,2024-10-16,6.14,6.21,6.02,6.11,328735295
2318.HK,2024-10-16,48.45,49.5,47.85,48.95,64925053
2628.HK,2024-10-16,15.3,15.98,15.2,15.58,80537798
2899.HK,2024-10-16,16.5,17.12,16.44,16.88,38214296
3968.HK,2024-10-16,39.05,40.5,38.5,39.95,25892489
BAC.US,2024-10-16,42.21,43.1,42.15,42.8,42437818
DIS.US,2024-10-16,93.73,96.79,93.63,96.75,9936286
PG.US,2024-10-16,171.88,172.59,170.89,172.38,6117053
0857.HK,2024-10-17,6.12,6.25,5.96,5.99,209931287
2318.HK,2024-10-17,49.5,50.9,47.55,47.9,63874700
2628.HK,2024-10-17,16.56,16.56,15.56,15.64,167570105
2899.HK,2024-10-17,17.02,17.26,16.46,16.56,31549418
3968.HK,2024-10-17,40.2,40.7,38.4,38.7,17750324
BAC.US,2024-10-17,42.83,43.0,42.47,42.6,31708564
DIS.US,2024-10-17,96.93,97.33,95.61,96.54,9542501
PG.US,2024-10-17,172.18,173.68,171.76,172.28,7045586
0857.HK,2024-10-18,6.06,6.12,5.98,6.1,151731495
2318.HK,2024-10-18,48.35,50.8,47.15,49.95,74868002
2628.HK,2024-10-18,15.8,16.84,15.54,16.66,148312445
2899.HK,2024-10-18,16.9,17.28,16.74,17.2,39411356
3968.HK,2024-10-18,39.0,40.5,38.45,40.35,22211955
BAC.US,2024-10-18,42.43,42.65,42.11,42.32,30593526
DIS.US,2024-10-18,97.01,97.54,96.05,97.28,8609692
PG.US,2024-10-18,170.3,172.21,168.46,171.28,8372536
0857.HK,2024-10-21,6.02,6.16,5.98,6.0,117839802
2318.HK,2024-10-21,49.9,50.55,48.7,49.05,58236111
2628.HK,2024-10-21,16.76,17.08,16.4,16.48,83115228
2899.HK,2024-10-21,17.56,18.12,17.26,17.4,47800404
3968.HK,2024-10-21,40.35,40.35,39.3,39.65,21983817
BAC.US,2024-10-21,42.25,42.41,41.74,41.76,26589499
DIS.US,2024-10-21,97.2,97.45,95.95,96.62,8189949
PG.US,2024-10-21,170.98,171.48,168.45,169.54,5522460
0857.HK,2024-10-22,5.99,6.09,5.99,6.04,101542455
2318.HK,2024-10-22,49.3,50.0,48.05,48.15,66700496
2628.HK,2024-10-22,16.48,16.86,16.3,16.38,43301768
2899.HK,2024-10-22,17.3,17.42,17.04,17.2,39572967
3968.HK,2024-10-22,39.65,40.15,39.15,39.7,15802701
BAC.US,2024-10-22,41.65,42.41,41.57,42.3,37104409
DIS.US,2024-10-22,96.2,97.26,96.2,96.74,5344307
PG.US,2024-10-22,168.57,170.73,168.57,169.7,7511671
0857.HK,2024-10-23,6.04,6.11,5.98,6.08,124482852
2318.HK,2024-10-23,48.1,50.15,47.95,49.4,50416992
2628.HK,2024-10-23,16.3,17.4,16.26,16.98,94866975
2899.HK,2024-10-23,17.2,17.48,17.04,17.34,26173265
3968.HK,2024-10-23,39.35,40.8,39.2,40.15,14066048
BAC.US,2024-10-23,42.2,42.47,42.02,42.34,28569350
DIS.US,2024-10-23,96.93,97.14,95.99,96.24,5388501
PG.US,2024-10-23,169.55,170.17,168.73,169.58,4837810
0857.HK,2024-10-24,6.01,6.11,5.99,6.06,115728732
2318.HK,2024-10-24,49.05,49.6,48.65,48.8,28520320
2628.HK,2024-10-24,16.74,17.04,16.66,16.82,38044687
2899.HK,2024-10-24,17.16,17.16,16.78,16.9,26509542
3968.HK,2024-10-24,39.45,40.2,39.45,39.65,8184174
BAC.US,2024-10-24,42.32,42.66,41.97,42.65,28392010
DIS.US,2024-10-24,96.6,96.8,95.25,95.4,5015263
PG.US,2024-10-24,169.42,169.96,168.93,169.62,5861303
0857.HK,2024-10-25,6.01,6.08,6.01,6.03,95490135
2318.HK,2024-10-25,48.8,49.55,48.7,48.95,27573760
2628.HK,2024-10-25,16.82,17.06,16.76,16.82,38195353
2899.HK,2024-10-25,16.82,17.14,16.8,16.84,26593841
3968.HK,2024-10-25,39.45,40.15,39.45,39.6,5692213
BAC.US,2024-10-25,42.92,42.98,41.79,41.89,27466909
DIS.US,2024-10-25,95.81,96.85,95.01,95.03,6638148
PG.US,2024-10-25,168.92,169.4,168.04,168.22,4877911
0857.HK,2024-10-28,5.97,5.98,5.82,5.94,228508420
2318.HK,2024-10-28,49.0,49.3,48.5,48.85,32727898
2628.HK,2024-10-28,16.7,16.76,16.34,16.64,50002421
2899.HK,2024-10-28,16.72,16.82,16.52,16.68,30207476
3968.HK,2024-10-28,39.45,39.75,38.9,39.3,10255583
BAC.US,2024-10-28,42.07,42.75,42.01,42.62,24527603
DIS.US,2024-10-28,95.22,96.69,95.21,96.2,8146379
PG.US,2024-10-28,169.28,169.66,168.38,169.3,5754043
0857.HK,2024-10-29,5.86,5.93,5.75,5.81,245809358
2318.HK,2024-10-29,49.45,50.25,48.8,49.0,42517769
2628.HK,2024-10-29,16.76,17.16,16.58,16.82,52458643
2899.HK,2024-10-29,16.92,17.22,16.72,16.86,38615940
3968.HK,2024-10-29,39.4,39.7,38.6,39.35,12002487
BAC.US,2024-10-29,42.59,42.81,42.47,42.53,22313522
DIS.US,2024-10-29,96.26,96.62,95.68,96.13,6834439
PG.US,2024-10-29,168.86,168.86,166.83,167.17,5681358
0857.HK,2024-10-30,5.86,5.95,5.75,5.79,149832247
2318.HK,2024-10-30,49.1,49.25,47.7,47.9,52031629
2628.HK,2024-10-30,16.82,16.92,16.18,16.36,46928404
2899.HK,2024-10-30,16.92,17.16,16.52,16.64,30862521
3968.HK,2024-10-30,38.9,39.45,37.7,38.15,19371096
BAC.US,2024-10-30,41.71,42.9,41.64,42.31,38100539
DIS.US,2024-10-30,95.7,96.71,94.94,95.08,7718201
PG.US,2024-10-30,167.09,167.32,165.96,166.16,5518085
0857.HK,2024-10-31,5.85,5.9,5.82,5.84,101349954
2318.HK,2024-10-31,47.75,49.15,47.75,48.15,34158718
2628.HK,2024-10-31,16.54,17.04,16.46,16.5,63514338
2899.HK,2024-10-31,16.7,16.8,16.38,16.58,41786856
3968.HK,2024-10-31,38.3,38.5,37.55,38.0,12560344
BAC.US,2024-10-31,42.29,42.55,41.8,41.82,28138240
DIS.US,2024-10-31,95.27,96.63,95.0,96.2,8147709
PG.US,2024-10-31,165.76,167.04,165.09,165.18,6056514
0857.HK,2024-11-01,5.9,5.97,5.86,5.9,124167378
2318.HK,2024-11-01,48.6,49.1,47.85,48.05,32278231
2628.HK,2024-11-01,16.74,16.86,16.34,16.42,54320482
2899.HK,2024-11-01,16.5,17.14,16.34,16.92,35812806
3968.HK,2024-11-01,37.8,38.65,37.8,38.2,17248934
BAC.US,2024-11-01,42.15,42.43,41.75,41.76,31220003
DIS.US,2024-11-01,95.7,96.39,94.83,95.81,7944869
PG.US,2024-11-01,165.31,166.35,164.99,165.1,5455095
0857.HK,2024-11-04,5.95,5.95,5.82,5.89,79008669
2318.HK,2024-11-04,48.2,48.45,47.4,48.05,29738800
2628.HK,2024-11-04,16.52,16.56,16.14,16.46,46765116
2899.HK,2024-11-04,16.92,17.06,16.58,16.82,17716612
3968.HK,2024-11-04,38.9,38.9,37.75,38.7,9564755
BAC.US,2024-11-04,41.61,42.02,41.11,41.33,31110086
DIS.US,2024-11-04,95.83,96.02,95.03,95.79,6088036
PG.US,2024-11-04,165.72,166.27,164.58,165.08,5130338
0857.HK,2024-11-05,5.89,5.98,5.84,5.98,75958393
2318.HK,2024-11-05,47.8,50.25,47.7,50.2,64653297
2628.HK,2024-11-05,16.22,17.12,16.12,17.08,98629393
2899.HK,2024-11-05,16.62,17.22,16.62,17.22,19402228
3968.HK,2024-11-05,38.25,40.05,38.25,40.0,16375411
BAC.US,2024-11-05,41.51,42.01,41.38,41.88,30851406
DIS.US,2024-11-05,95.6,96.67,95.25,96.63,6561725
PG.US,2024-11-05,164.33,166.32,164.33,165.76,4397441
0857.HK,2024-11-06,5.9,5.97,5.78,5.79,211135047
2318.HK,2024-11-06,49.2,50.0,47.85,48.65,72091048
2628.HK,2024-11-06,16.86,17.06,16.2,16.4,95128291
2899.HK,2024-11-06,17.18,17.18,16.56,16.66,33568136
3968.HK,2024-11-06,39.25,39.85,38.3,38.75,13595369
BAC.US,2024-11-06,44.8,45.55,44.0,45.41,110086715
DIS.US,2024-11-06,98.21,99.55,98.21,98.89,11325086
PG.US,2024-11-06,165.61,166.04,159.81,161.05,11473688
0857.HK,2024-11-07,5.8,5.84,5.71,5.82,160346572
2318.HK,2024-11-07,48.8,51.95,48.4,51.75,105312750
2628.HK,2024-11-07,16.28,17.86,16.2,17.82,175331255
2899.HK,2024-11-07,16.3,16.48,15.76,16.38,66845541
3968.HK,2024-11-07,38.35,40.2,38.35,39.95,20885106
BAC.US,2024-11-07,45.04,45.23,44.51,44.77,48339732
DIS.US,2024-11-07,98.78,99.52,98.13,98.93,7805138
PG.US,2024-11-07,161.96,163.95,161.48,163.41,9056725
0857.HK,2024-11-08,5.79,5.86,5.72,5.72,161797933
2318.HK,2024-11-08,52.2,52.6,49.9,49.9,68984081
2628.HK,2024-11-08,18.2,18.26,17.28,17.4,116728320
2899.HK,2024-11-08,16.76,17.06,16.42,16.42,32331879
3968.HK,2024-11-08,40.65,40.9,39.05,39.05,12624520
BAC.US,2024-11-08,45.14,45.5,44.95,45.13,38331814
DIS.US,2024-11-08,98.73,99.26,97.61,99.02,7982113
PG.US,2024-11-08,164.02,167.75,163.93,167.71,7506566
0857.HK,2024-11-11,5.58,5.67,5.54,5.66,156002118
2318.HK,2024-11-11,48.8,49.05,47.65,48.2,87395694
2628.HK,2024-11-11,16.82,17.14,16.52,16.7,90643607
2899.HK,2024-11-11,16.02,16.24,15.54,15.82,46810820
3968.HK,2024-11-11,38.25,38.65,37.95,38.5,10662574
BAC.US,2024-11-11,45.6,46.52,45.58,46.08,43293527
DIS.US,2024-11-11,99.0,100.9,99.0,100.86,9137854
PG.US,2024-11-11,167.0,168.52,165.78,166.03,6364403
0857.HK,2024-11-12,5.6,5.68,5.46,5.53,152201338
2318.HK,2024-11-12,47.7,48.6,45.65,45.9,116640521
2628.HK,2024-11-12,16.58,17.06,15.52,15.68,141177394
2899.HK,2024-11-12,15.42,15.58,15.06,15.12,57430083
3968.HK,2024-11-12,38.4,39.15,37.35,37.6,17682710
BAC.US,2024-11-12,46.14,46.45,45.84,45.86,38155885
DIS.US,2024-11-12,100.55,101.29,99.5,100.99,9366216
PG.US,2024-11-12,166.14,167.06,165.57,165.84,6507823
0857.HK,2024-11-13,5.48,5.58,5.47,5.55,115091066
2318.HK,2024-11-13,45.35,46.7,45.2,46.45,59767117
2628.HK,2024-11-13,15.44,15.92,15.4,15.88,53659832
2899.HK,2024-11-13,14.96,15.2,14.92,14.98,35143258
3968.HK,2024-11-13,37.6,37.7,37.0,37.45,16234701
BAC.US,2024-11-13,46.2,46.48,45.83,45.87,36903859
DIS.US,2024-11-13,100.79,103.2,100.35,102.72,17701277
PG.US,2024-11-13,166.06,166.8,165.68,166.58,5412566
0857.HK,2024-11-14,5.49,5.57,5.44,5.46,121929963
2318.HK,2024-11-14,46.2,47.15,45.6,45.85,45820929
2628.HK,2024-11-14,15.62,16.08,15.62,15.76,51314702
2899.HK,2024-11-14,14.76,14.88,14.34,14.42,69413975
3968.HK,2024-11-14,36.9,38.05,36.9,37.4,17654396
BAC.US,2024-11-14,45.95,46.16,45.73,45.9,35733066
DIS.US,2024-11-14,110.33,114.81,108.4,109.12,47436052
PG.US,2024-11-14,166.71,168.04,166.51,167.08,7444273
0857.HK,2024-11-15,5.46,5.54,5.46,5.47,90249040
2318.HK,2024-11-15,45.95,46.65,45.35,45.6,39345709
2628.HK,2024-11-15,15.82,16.0,15.3,15.36,50386038
2899.HK,2024-11-15,14.6,15.04,14.52,14.72,54262244
3968.HK,2024-11-15,37.5,37.85,36.4,36.5,24131395
BAC.US,2024-11-15,45.62,46.84,45.62,46.75,40488863
DIS.US,2024-11-15,110.25,115.19,110.25,115.08,32048032
PG.US,2024-11-15,167.94,170.57,166.88,169.54,9939416
0857.HK,2024-11-18,5.47,5.66,5.47,5.59,112153822
2318.HK,2024-11-18,46.7,47.3,45.9,46.0,38360604
2628.HK,2024-11-18,15.56,15.98,15.42,15.56,35153630
2899.HK,2024-11-18,14.6,15.02,14.54,14.88,43369531
3968.HK,2024-11-18,36.7,37.55,36.45,36.75,17899093
BAC.US,2024-11-18,46.75,47.02,46.49,46.72,32371771
DIS.US,2024-11-18,113.33,115.44,112.89,113.54,14236555
PG.US,2024-11-18,169.11,171.45,168.83,170.75,6681087
0857.HK,2024-11-19,5.66,5.69,5.6,5.64,97077740
2318.HK,2024-11-19,46.0,46.55,45.85,46.15,25582705
2628.HK,2024-11-19,15.74,15.8,15.46,15.6,25596740
2899.HK,2024-11-19,15.2,15.68,15.2,15.58,57497185
3968.HK,2024-11-19,36.95,37.3,36.3,36.4,17199154
BAC.US,2024-11-19,45.99,46.62,45.95,46.41,28534097
DIS.US,2024-11-19,112.05,112.5,110.82,112.42,12166783
PG.US,2024-11-19,170.69,171.17,169.66,170.76,5683673
0857.HK,2024-11-20,5.61,5.67,5.61,5.66,59673334
2318.HK,2024-11-20,46.15,46.95,46.1,46.6,26483539
2628.HK,2024-11-20,15.6,15.78,15.5,15.64,22290082
2899.HK,2024-11-20,15.62,15.74,15.26,15.5,30447441
3968.HK,2024-11-20,36.25,36.7,35.8,36.6,24636350
BAC.US,2024-11-20,46.57,46.64,45.92,46.06,28021049
DIS.US,2024-11-20,112.26,114.37,111.47,114.26,9319270
PG.US,2024-11-20,170.01,171.07,169.51,170.89,7081237
0857.HK,2024-11-21,5.6,5.68,5.6,5.61,72231353
2318.HK,2024-11-21,46.6,46.9,46.0,46.15,26545766
2628.HK,2024-11-21,15.58,15.76,15.5,15.56,18856129
2899.HK,2024-11-21,15.42,15.56,15.28,15.38,24462765
3968.HK,2024-11-21,36.5,36.7,35.6,35.85,17773968
BAC.US,2024-11-21,46.39,47.05,46.3,46.46,45336463
DIS.US,2024-11-21,114.15,116.25,113.83,114.72,10260983
PG.US,2024-11-21,171.66,173.51,170.22,172.75,6240403
0857.HK,2024-11-22,5.61,5.69,5.52,5.55,90151589
2318.HK,2024-11-22,46.15,46.5,44.3,44.7,59694375
2628.HK,2024-11-22,15.58,15.68,14.22,14.46,123695464
2899.HK,2024-11-22,15.4,15.46,14.98,15.1,25090673
3968.HK,2024-11-22,35.95,36.1,34.8,35.05,18777667
BAC.US,2024-11-22,46.37,47.22,46.28,47.0,37996162
DIS.US,2024-11-22,113.85,116.34,113.6,115.65,10098038
PG.US,2024-11-22,174.15,177.4,173.88,176.28,10609785
0857.HK,2024-11-25,5.59,5.66,5.53,5.54,126706905
2318.HK,2024-11-25,44.8,45.1,44.15,44.3,44740195
2628.HK,2024-11-25,14.56,14.62,14.12,14.3,73426638
2899.HK,2024-11-25,15.16,15.32,14.92,14.96,30462512
3968.HK,2024-11-25,35.2,35.25,34.3,34.8,29277345
BAC.US,2024-11-25,47.26,47.74,47.16,47.5,42718557
DIS.US,2024-11-25,115.68,116.58,114.93,116.0,10397808
PG.US,2024-11-25,177.48,178.82,176.9,177.39,19357005
0857.HK,2024-11-26,5.48,5.58,5.45,5.55,105565769
2318.HK,2024-11-26,44.05,45.0,44.0,44.45,27523935
2628.HK,2024-11-26,14.18,14.58,14.18,14.28,36687036
2899.HK,2024-11-26,14.82,15.06,14.76,14.88,22515360
3968.HK,2024-11-26,34.3,34.9,34.3,34.5,14025455
BAC.US,2024-11-26,47.51,47.84,47.21,47.75,30301526
DIS.US,2024-11-26,116.0,116.42,115.44,115.45,6808149
PG.US,2024-11-26,177.2,179.46,177.2,179.31,6276933
0857.HK,2024-11-27,5.53,5.59,5.48,5.58,90444966
2318.HK,2024-11-27,44.3,46.3,44.05,45.85,35277531
2628.HK,2024-11-27,14.22,14.98,14.02,14.8,51894142
2899.HK,2024-11-27,14.9,15.32,14.76,15.16,27898122
3968.HK,2024-11-27,34.2,35.9,34.2,35.5,21168584
BAC.US,2024-11-27,47.82,47.98,47.65,47.77,23278393
DIS.US,2024-11-27,115.45,118.2,115.45,117.6,8142388
PG.US,2024-11-27,180.0,180.43,178.73,179.36,5522912
0857.HK,2024-11-28,5.58,5.58,5.51,5.54,57820340
2318.HK,2024-11-28,45.9,45.9,44.65,44.8,29215473
2628.HK,2024-11-28,14.78,14.8,14.46,14.58,24009629
2899.HK,2024-11-28,15.16,15.24,14.74,14.82,20750874
3968.HK,2024-11-28,35.3,35.6,34.75,35.1,20438727
0857.HK,2024-11-29,5.53,5.57,5.48,5.51,60524371
2318.HK,2024-11-29,44.55,45.75,44.2,44.8,41188309
2628.HK,2024-11-29,14.58,15.04,14.42,14.72,52300635
2899.HK,2024-11-29,14.78,15.16,14.74,14.94,28334883
3968.HK,2024-11-29,35.1,35.95,34.85,35.25,20956896
BAC.US,2024-11-29,47.8,48.08,47.5,47.51,23262009
DIS.US,2024-11-29,117.26,117.74,116.73,117.47,5095150
PG.US,2024-11-29,178.7,179.63,178.28,179.26,3823708
0857.HK,2024-12-02,5.5,5.56,5.42,5.47,109561099
2318.HK,2024-12-02,45.2,45.9,44.9,45.3,23409671
2628.HK,2024-12-02,14.78,15.12,14.66,14.92,40474989
2899.HK,2024-12-02,15.06,15.12,14.74,14.86,18201233
3968.HK,2024-12-02,35.75,36.05,35.2,35.5,15055615
BAC.US,2024-12-02,47.74,47.82,46.85,47.04,35891499
DIS.US,2024-12-02,117.78,118.63,116.55,117.16,8390465
PG.US,2024-12-02,179.12,180.16,178.01,179.7,5728297
0857.HK,2024-12-03,5.47,5.63,5.45,5.63,120110005
2318.HK,2024-12-03,45.3,46.3,44.9,46.15,25769049
2628.HK,2024-12-03,14.92,15.44,14.8,15.24,44991279
2899.HK,2024-12-03,14.86,14.86,14.58,14.82,28588627
3968.HK,2024-12-03,35.45,36.35,35.25,36.3,23917227
BAC.US,2024-12-03,47.37,47.48,46.65,46.82,38123774
DIS.US,2024-12-03,117.0,117.23,115.45,116.45,9193973
PG.US,2024-12-03,178.77,179.62,175.2,175.42,8127329
0857.HK,2024-12-04,5.63,5.88,5.58,5.81,222264931
2318.HK,2024-12-04,46.15,46.4,45.55,46.15,23265737
2628.HK,2024-12-04,15.22,15.3,15.04,15.18,22012160
2899.HK,2024-12-04,14.8,15.16,14.76,15.02,28383149
3968.HK,2024-12-04,36.4,36.8,35.9,36.4,19412984
BAC.US,2024-12-04,46.69,46.78,46.13,46.37,24941282
DIS.US,2024-12-04,115.97,117.29,115.84,116.99,7996244
PG.US,2024-12-04,174.17,175.15,173.46,175.11,6823659
0857.HK,2024-12-05,5.78,5.87,5.72,5.77,74080558
2318.HK,2024-12-05,45.85,46.1,45.05,45.7,28160015
2628.HK,2024-12-05,15.1,15.14,14.78,14.98,25099787
2899.HK,2024-12-05,15.02,15.02,14.68,14.84,20390706
3968.HK,2024-12-05,36.0,36.65,35.8,36.4,9067252
BAC.US,2024-12-05,46.56,47.24,46.5,47.0,31572096
DIS.US,2024-12-05,116.55,117.27,116.06,116.5,9823556
PG.US,2024-12-05,174.86,176.46,174.45,176.03,5022189
0857.HK,2024-12-06,5.76,5.84,5.76,5.79,134583179
2318.HK,2024-12-06,45.55,47.15,45.5,46.75,38247440
2628.HK,2024-12-06,15.06,15.7,14.96,15.38,58578637
2899.HK,2024-12-06,14.92,15.18,14.76,15.08,33728844
3968.HK,2024-12-06,36.55,37.45,36.55,37.0,17791109
BAC.US,2024-12-06,47.06,47.06,46.4,46.75,28931688
DIS.US,2024-12-06,116.55,117.26,116.22,116.73,6677906
PG.US,2024-12-06,175.37,176.74,173.75,173.82,5741167
0857.HK,2024-12-09,5.76,5.88,5.7,5.88,130454723
2318.HK,2024-12-09,46.4,48.6,46.0,48.55,49559849
2628.HK,2024-12-09,15.3,16.28,15.24,16.22,75807701
2899.HK,2024-12-09,14.9,15.68,14.9,15.68,43863242
3968.HK,2024-12-09,36.7,38.6,36.7,38.4,26259321
BAC.US,2024-12-09,46.56,46.75,45.9,45.91,34660938
DIS.US,2024-12-09,116.39,117.18,113.91,114.61,8666121
PG.US,2024-12-09,173.64,173.76,170.43,170.79,7164286
0857.HK,2024-12-10,5.98,5.99,5.76,5.77,155784766
2318.HK,2024-12-10,50.95,51.0,48.0,48.05,81561553
2628.HK,2024-12-10,16.58,16.78,15.64,15.7,145745999
2899.HK,2024-12-10,16.24,16.36,15.44,15.48,101869325
3968.HK,2024-12-10,39.5,39.55,38.45,38.45,27816354
BAC.US,2024-12-10,45.91,46.29,45.59,45.75,35665762
DIS.US,2024-12-10,114.65,114.95,113.72,114.73,7526428
PG.US,2024-12-10,170.42,172.93,169.93,172.28,6220088
0857.HK,2024-12-11,5.79,5.89,5.76,5.78,125026628
2318.HK,2024-12-11,47.9,48.5,46.9,47.0,30009855
2628.HK,2024-12-11,15.76,15.88,15.34,15.4,39012750
2899.HK,2024-12-11,15.56,16.02,15.42,15.48,33212020
3968.HK,2024-12-11,38.45,39.0,38.2,38.3,11243900
BAC.US,2024-12-11,46.0,46.16,45.47,46.08,36790464
DIS.US,2024-12-11,114.64,115.05,113.98,114.61,6426831
PG.US,2024-12-11,173.01,173.39,170.4,170.63,5237533
0857.HK,2024-12-12,5.8,5.84,5.74,5.77,131212410
2318.HK,2024-12-12,47.25,48.7,46.85,47.75,35207456
2628.HK,2024-12-12,15.56,16.1,15.44,15.6,66279125
2899.HK,2024-12-12,15.62,15.86,15.46,15.62,34131361
3968.HK,2024-12-12,38.8,39.55,38.2,39.2,23089446
BAC.US,2024-12-12,46.14,46.47,45.92,46.08,24017311
DIS.US,2024-12-12,114.7,115.01,114.16,114.9,5285116
PG.US,2024-12-12,171.43,171.82,170.02,170.85,4072810
0857.HK,2024-12-13,5.73,5.76,5.61,5.65,136471645
2318.HK,2024-12-13,47.4,47.4,46.2,46.35,47171065
2628.HK,2024-12-13,15.44,15.46,14.82,14.88,85678978
2899.HK,2024-12-13,15.4,15.46,14.74,14.76,79321324
3968.HK,2024-12-13,39.0,39.1,37.55,37.7,21733233
BAC.US,2024-12-13,46.09,46.1,45.38,45.67,32902264
DIS.US,2024-12-13,114.32,114.96,113.3,113.34,6864475
PG.US,2024-12-13,170.77,171.79,170.12,171.06,3884513
0857.HK,2024-12-16,5.65,5.76,5.61,5.76,142626876
2318.HK,2024-12-16,46.4,46.8,45.65,45.8,34790102
2628.HK,2024-12-16,14.92,15.02,14.54,14.62,45968901
2899.HK,2024-12-16,14.6,14.86,14.48,14.54,35665309
3968.HK,2024-12-16,37.7,38.1,37.25,37.45,15499483
BAC.US,2024-12-16,45.59,45.68,45.16,45.47,27330402
DIS.US,2024-12-16,113.0,113.07,111.73,112.11,10528533
PG.US,2024-12-16,171.45,172.78,171.1,171.14,5943680
0857.HK,2024-12-17,5.7,5.87,5.7,5.77,145276921
2318.HK,2024-12-17,45.55,46.15,45.2,45.5,37019848
2628.HK,2024-12-17,14.58,14.8,14.44,14.56,35130115
2899.HK,2024-12-17,14.54,14.7,14.32,14.32,41113929
3968.HK,2024-12-17,37.1,37.8,37.0,37.25,18292056
BAC.US,2024-12-17,45.19,45.19,44.62,45.05,33054645
DIS.US,2024-12-17,111.03,114.04,110.8,113.02,12238619
PG.US,2024-12-17,170.67,171.95,170.02,170.33,6069344
0857.HK,2024-12-18,5.77,5.9,5.77,5.83,141213295
2318.HK,2024-12-18,46.1,46.55,45.6,45.95,30870182
2628.HK,2024-12-18,14.7,14.92,14.68,14.76,24869340
2899.HK,2024-12-18,14.3,14.56,14.3,14.46,28328990
3968.HK,2024-12-18,37.45,38.5,37.45,38.2,14078022
BAC.US,2024-12-18,45.14,45.43,43.35,43.5,41771890
DIS.US,2024-12-18,113.34,116.12,111.24,111.35,12292778
PG.US,2024-12-18,169.76,170.56,169.02,169.08,7517081
0857.HK,2024-12-19,5.8,5.88,5.77,5.8,118337616
2318.HK,2024-12-19,45.3,46.1,45.25,45.7,23647109
2628.HK,2024-12-19,14.5,14.72,14.4,14.54,42432820
2899.HK,2024-12-19,14.14,14.46,14.12,14.36,29351801
3968.HK,2024-12-19,37.55,38.85,37.4,38.5,26028186
BAC.US,2024-12-19,43.97,44.48,43.31,43.38,38583594
DIS.US,2024-12-19,111.66,112.91,111.25,111.37,9468516
PG.US,2024-12-19,169.01,170.1,167.35,169.19,8585220
0857.HK,2024-12-20,5.8,5.86,5.73,5.78,162810867
2318.HK,2024-12-20,45.75,46.15,45.45,45.45,29149636
2628.HK,2024-12-20,14.54,14.72,14.48,14.52,33047963
2899.HK,2024-12-20,14.34,14.46,14.04,14.06,48914445
3968.HK,2024-12-20,38.2,38.85,38.2,38.5,16222124
BAC.US,2024-12-20,43.2,44.4,43.1,44.17,74222240
DIS.US,2024-12-20,110.61,112.97,110.43,112.03,17955325
PG.US,2024-12-20,168.87,169.87,167.5,168.06,21999342
0857.HK,2024-12-23,5.88,5.9,5.8,5.88,113671888
2318.HK,2024-12-23,45.6,46.8,45.6,46.35,32321807
2628.HK,2024-12-23,14.6,14.76,14.56,14.66,24558225
2899.HK,2024-12-23,14.16,14.44,14.06,14.38,43635490
3968.HK,2024-12-23,38.6,39.3,38.6,39.1,16057232
BAC.US,2024-12-23,43.9,44.11,42.78,43.89,35374791
DIS.US,2024-12-23,111.61,111.85,110.31,111.4,6037212
PG.US,2024-12-23,168.06,168.68,166.36,168.11,6984079
0857.HK,2024-12-24,5.9,6.09,5.89,6.03,160318380
2318.HK,2024-12-24,46.25,47.1,46.15,46.6,18540520
2628.HK,2024-12-24,14.66,14.94,14.64,14.86,26960593
2899.HK,2024-12-24,14.42,14.42,14.16,14.36,15440134
3968.HK,2024-12-24,39.1,40.05,39.1,39.7,16228428
BAC.US,2024-12-24,43.93,44.42,43.93,44.38,12054354
DIS.US,2024-12-24,111.25,112.74,111.19,112.56,2474994
PG.US,2024-12-24,167.62,169.18,167.42,168.94,2460756
BAC.US,2024-12-26,44.21,44.58,44.11,44.55,16079707
DIS.US,2024-12-26,112.12,113.32,111.86,112.55,4782814
PG.US,2024-12-26,168.31,170.3,168.07,170.16,3629533
0857.HK,2024-12-27,6.03,6.13,5.97,6.03,105864080
2318.HK,2024-12-27,46.65,46.85,45.6,46.35,26444947
2628.HK,2024-12-27,14.84,14.92,14.48,14.7,28936813
2899.HK,2024-12-27,14.3,14.46,14.16,14.34,18408628
3968.HK,2024-12-27,39.4,40.1,39.0,39.65,16373056
BAC.US,2024-12-27,44.24,44.78,44.06,44.34,17972488
DIS.US,2024-12-27,111.82,112.12,110.86,111.55,4523820
PG.US,2024-12-27,169.42,170.76,169.26,169.53,4367879
0857.HK,2024-12-30,6.08,6.2,6.03,6.04,114679598
2318.HK,2024-12-30,46.2,46.9,45.95,46.35,36983039
2628.HK,2024-12-30,14.76,14.94,14.58,14.78,34260216
2899.HK,2024-12-30,14.2,14.56,14.2,14.26,22158138
3968.HK,2024-12-30,39.6,40.05,39.15,39.65,15722092
BAC.US,2024-12-30,43.89,44.14,43.55,43.91,16109771
DIS.US,2024-12-30,110.43,111.54,109.83,110.8,5716337
PG.US,2024-12-30,168.67,168.98,166.71,167.09,4354543
0857.HK,2024-12-31,6.05,6.17,6.05,6.11,110760100
2318.HK,2024-12-31,46.3,46.7,46.05,46.05,19625182
2628.HK,2024-12-31,14.7,14.86,14.58,14.68,14654150
2899.HK,2024-12-31,14.2,14.28,14.1,14.14,12586953
3968.HK,2024-12-31,39.35,40.35,39.35,40.0,11042822
BAC.US,2024-12-31,44.04,44.23,43.71,43.95,16110352
DIS.US,2024-12-31,110.78,111.59,110.67,111.35,4757538
PG.US,2024-12-31,167.36,168.08,166.59,167.65,3957920
0857.HK,2025-01-02,6.12,6.17,5.98,6.03,151757334
2318.HK,2025-01-02,45.65,45.85,43.95,44.2,70177244
2628.HK,2025-01-02,14.52,14.64,13.84,13.98,68862069
2899.HK,2025-01-02,14.02,14.44,13.86,14.18,36364094
3968.HK,2025-01-02,39.4,39.75,38.1,38.3,18757903
BAC.US,2025-01-02,44.14,44.59,43.8,44.29,25610575
DIS.US,2025-01-02,111.7,112.2,110.17,110.82,5688086
PG.US,2025-01-02,168.09,168.71,165.91,165.98,5401712
0857.HK,2025-01-03,6.05,6.18,6.05,6.12,140671856
2318.HK,2025-01-03,44.25,44.5,43.7,44.05,43444767
2628.HK,2025-01-03,13.98,14.16,13.84,14.04,29921380
2899.HK,2025-01-03,14.2,14.76,14.2,14.46,41396864
3968.HK,2025-01-03,38.3,38.6,38.0,38.35,15426385
BAC.US,2025-01-03,44.75,44.85,44.15,44.81,23455711
DIS.US,2025-01-03,111.37,111.54,110.18,111.16,5394318
PG.US,2025-01-03,166.25,166.5,164.25,165.13,5256807
0857.HK,2025-01-06,6.17,6.25,6.08,6.16,178737470
2318.HK,2025-01-06,44.2,44.55,43.65,43.9,25992295
2628.HK,2025-01-06,14.14,14.18,13.92,13.98,21968930
2899.HK,2025-01-06,14.44,14.58,14.18,14.28,28060141
3968.HK,2025-01-06,38.7,39.05,38.15,38.35,13649766
BAC.US,2025-01-06,45.16,46.15,45.1,45.4,30518458
DIS.US,2025-01-06,111.47,112.85,110.87,111.05,6274419
PG.US,2025-01-06,162.81,163.5,160.44,160.6,8731671
0857.HK,2025-01-07,6.14,6.17,6.04,6.12,141722421
2318.HK,2025-01-07,44.0,44.15,42.55,43.25,55717378
2628.HK,2025-01-07,13.9,14.08,13.7,13.98,42245125
2899.HK,2025-01-07,14.16,14.74,14.16,14.74,51148276
3968.HK,2025-01-07,38.15,38.65,37.7,38.45,15388565
BAC.US,2025-01-07,46.28,46.65,45.65,46.08,41111204
DIS.US,2025-01-07,112.15,113.74,111.29,111.39,7878807
PG.US,2025-01-07,161.46,162.61,160.74,161.3,8447744
0857.HK,2025-01-08,6.14,6.29,6.12,6.21,186512546
2318.HK,2025-01-08,43.0,43.55,42.6,43.05,34385670
2628.HK,2025-01-08,13.96,14.08,13.6,13.84,36866976
2899.HK,2025-01-08,14.76,14.84,14.5,14.62,36652355
3968.HK,2025-01-08,38.0,39.0,38.0,38.55,13395978
BAC.US,2025-01-08,45.9,46.26,45.69,46.21,40246008
DIS.US,2025-01-08,111.0,111.11,108.64,109.76,7805312
PG.US,2025-01-08,160.99,162.4,160.57,162.1,4974783
0857.HK,2025-01-09,6.23,6.25,6.13,6.14,131783664
2318.HK,2025-01-09,42.9,43.15,42.35,42.8,24461809
2628.HK,2025-01-09,13.8,13.9,13.66,13.7,18429565
2899.HK,2025-01-09,14.76,15.0,14.54,14.68,33219061
3968.HK,2025-01-09,38.35,38.8,38.15,38.3,8711672
0857.HK,2025-01-10,6.2,6.26,6.08,6.1,96746292
2318.HK,2025-01-10,42.75,42.85,40.85,41.0,85571193
2628.HK,2025-01-10,13.7,13.78,13.02,13.1,92445048
2899.HK,2025-01-10,15.0,15.24,14.82,15.14,52808639
3968.HK,2025-01-10,38.7,39.15,38.05,38.05,11640266
BAC.US,2025-01-10,46.0,46.05,44.74,45.11,40741349
DIS.US,2025-01-10,110.0,110.54,107.62,108.65,8835518
PG.US,2025-01-10,160.15,161.21,157.47,158.56,8501525
0857.HK,2025-01-13,6.19,6.3,6.11,6.25,177340454
2318.HK,2025-01-13,40.35,41.1,39.9,40.95,54215536
2628.HK,2025-01-13,12.94,13.0,12.66,13.0,56563694
2899.HK,2025-01-13,14.96,15.46,14.96,15.32,46672255
3968.HK,2025-01-13,37.55,38.45,37.55,38.25,14037833
BAC.US,2025-01-13,45.1,45.34,44.69,45.06,34353617
DIS.US,2025-01-13,107.93,108.61,106.72,108.08,6690232
PG.US,2025-01-13,159.35,160.09,158.41,158.84,6772198
0857.HK,2025-01-14,6.26,6.32,6.22,6.29,135843600
2318.HK,2025-01-14,40.15,41.8,40.15,41.4,57298931
2628.HK,2025-01-14,12.92,13.36,12.9,13.28,71803934
2899.HK,2025-01-14,15.2,15.46,14.96,15.38,40717483
3968.HK,2025-01-14,38.0,40.3,38.0,39.9,37735595
BAC.US,2025-01-14,45.6,45.92,45.23,45.78,36379011
DIS.US,2025-01-14,108.68,108.96,107.61,108.12,5501600
PG.US,2025-01-14,158.85,160.07,158.31,159.74,5982254
0857.HK,2025-01-15,6.32,6.33,6.21,6.24,98662375
2318.HK,2025-01-15,41.0,41.45,40.75,41.15,38441484
2628.HK,2025-01-15,13.28,13.3,13.0,13.22,35301020
2899.HK,2025-01-15,15.12,15.12,14.1,14.48,210227239
3968.HK,2025-01-15,40.45,41.7,40.3,41.2,28038801
BAC.US,2025-01-15,47.12,47.46,46.84,47.1,57154814
DIS.US,2025-01-15,109.17,109.6,107.99,108.18,6296861
PG.US,2025-01-15,160.59,161.15,159.34,159.65,8059231
0857.HK,2025-01-16,6.33,6.38,6.29,6.31,115137162
2318.HK,2025-01-16,41.55,42.3,41.2,41.7,33678911
2628.HK,2025-01-16,13.34,13.56,13.2,13.46,44810761
2899.HK,2025-01-16,14.88,15.16,14.76,14.84,87576463
3968.HK,2025-01-16,41.6,41.9,41.3,41.8,18565476
BAC.US,2025-01-16,47.0,47.51,45.82,46.64,56339293
DIS.US,2025-01-16,108.29,108.6,106.16,106.46,7872767
PG.US,2025-01-16,159.62,160.58,159.14,160.5,5774429
0857.HK,2025-01-17,6.29,6.32,6.21,6.23,89576074
2318.HK,2025-01-17,41.4,41.95,41.1,41.7,32742300
2628.HK,2025-01-17,13.44,13.78,13.26,13.68,48168179
2899.HK,2025-01-17,14.86,15.14,14.76,15.04,53222015
3968.HK,2025-01-17,41.65,42.15,40.95,41.2,20417100
BAC.US,2025-01-17,46.61,46.88,46.08,46.53,44486094
DIS.US,2025-01-17,106.83,107.74,106.54,107.02,7144263
PG.US,2025-01-17,159.74,161.75,159.6,161.13,7262739
0857.HK,2025-01-20,6.24,6.28,6.11,6.12,145056365
2318.HK,2025-01-20,42.0,43.3,41.9,42.7,43053323
2628.HK,2025-01-20,13.84,14.08,13.7,13.78,38031667
2899.HK,2025-01-20,15.0,15.08,14.8,14.86,50792223
3968.HK,2025-01-20,42.0,42.0,41.05,41.3,17878001
0857.HK,2025-01-21,6.1,6.15,6.01,6.06,111700058
2318.HK,2025-01-21,43.35,43.5,42.8,43.15,40604226
2628.HK,2025-01-21,14.0,14.12,13.82,14.0,38609517
2899.HK,2025-01-21,15.1,15.14,14.86,15.0,36206971
3968.HK,2025-01-21,41.9,42.4,41.1,41.95,17926323
BAC.US,2025-01-21,46.62,47.15,46.54,46.66,52089087
DIS.US,2025-01-21,107.1,109.45,106.8,108.7,8643694
PG.US,2025-01-21,160.96,162.35,160.96,161.72,13914694
0857.HK,2025-01-22,6.05,6.07,5.96,5.98,87597055
2318.HK,2025-01-22,42.8,43.2,41.7,41.95,40253647
2628.HK,2025-01-22,13.94,14.02,13.58,13.7,30722579
2899.HK,2025-01-22,15.14,15.2,14.72,14.84,44072761
3968.HK,2025-01-22,41.3,41.55,40.8,41.0,16490797
BAC.US,2025-01-22,46.6,46.73,45.76,45.79,40296223
DIS.US,2025-01-22,109.55,109.55,108.23,108.81,8781705
PG.US,2025-01-22,167.1,168.14,164.44,164.74,14356691
0857.HK,2025-01-23,5.98,6.05,5.92,5.96,80667841
2318.HK,2025-01-23,42.5,43.85,42.45,42.75,46257928
2628.HK,2025-01-23,13.96,14.58,13.96,14.04,75096015
2899.HK,2025-01-23,14.88,14.88,14.48,14.6,45435620
3968.HK,2025-01-23,41.0,41.95,40.9,41.2,15701816
BAC.US,2025-01-23,46.05,46.89,46.05,46.39,35324065
DIS.US,2025-01-23,108.5,111.07,108.49,111.04,7608265
PG.US,2025-01-23,163.88,166.48,163.32,166.15,7614308
0857.HK,2025-01-24,5.94,5.97,5.88,5.95,115197413
2318.HK,2025-01-24,43.35,44.05,43.05,43.5,41162742
2628.HK,2025-01-24,14.2,14.68,14.12,14.48,62102018
2899.HK,2025-01-24,14.6,15.04,14.5,14.9,45358347
3968.HK,2025-01-24,41.2,42.75,40.95,42.75,32198197
BAC.US,2025-01-24,46.23,46.86,46.15,46.52,24655102
DIS.US,2025-01-24,111.16,113.39,110.63,112.16,8304478
PG.US,2025-01-24,165.91,165.91,163.2,164.12,6199939
0857.HK,2025-01-27,5.94,6.07,5.91,6.06,109608205
2318.HK,2025-01-27,43.65,44.35,43.65,44.0,28072170
2628.HK,2025-01-27,14.58,14.82,14.52,14.54,45354994
2899.HK,2025-01-27,14.66,14.98,14.54,14.92,56862342
3968.HK,2025-01-27,42.7,43.2,42.3,42.95,22119658
BAC.US,2025-01-27,46.55,47.14,46.38,47.09,44260048
DIS.US,2025-01-27,111.68,114.08,111.46,113.34,10176938
PG.US,2025-01-27,166.72,169.94,166.11,169.66,9170829
0857.HK,2025-01-28,6.06,6.08,5.94,5.99,36711903
2318.HK,2025-01-28,44.2,44.25,43.2,43.6,15574262
2628.HK,2025-01-28,14.56,14.6,14.32,14.38,13750066
2899.HK,2025-01-28,14.92,14.96,14.5,14.56,12174591
3968.HK,2025-01-28,43.05,43.2,42.35,42.65,2993730
BAC.US,2025-01-28,47.08,47.44,46.71,46.84,27156644
DIS.US,2025-01-28,112.85,112.96,111.56,112.14,6516763
PG.US,2025-01-28,168.91,169.59,166.11,166.19,6716387
BAC.US,2025-01-29,46.75,47.39,46.64,46.75,23681527
DIS.US,2025-01-29,113.5,114.38,112.76,113.19,7607068
PG.US,2025-01-29,166.72,167.29,165.88,166.23,4850295
BAC.US,2025-01-30,47.11,47.17,46.4,46.72,31199866
DIS.US,2025-01-30,114.09,115.18,113.12,113.43,6236187
PG.US,2025-01-30,167.48,167.6,165.93,167.41,4136546
BAC.US,2025-01-31,46.7,46.83,46.16,46.3,30392921
DIS.US,2025-01-31,113.3,114.01,112.76,113.06,7797690
PG.US,2025-01-31,166.0,166.62,165.21,165.99,5464903
0857.HK,2025-02-03,5.9,6.04,5.88,5.94,64185827
2318.HK,2025-02-03,42.45,43.05,41.65,43.05,40062591
2628.HK,2025-02-03,14.06,14.32,13.64,14.22,38361353
2899.HK,2025-02-03,14.5,14.74,14.3,14.72,28977971
3968.HK,2025-02-03,41.2,42.0,40.65,41.85,11420930
BAC.US,2025-02-03,45.42,46.48,45.11,46.21,36497705
DIS.US,2025-02-03,111.35,114.6,110.86,114.0,8870666
PG.US,2025-02-03,165.47,169.38,165.23,168.76,8668729
0857.HK,2025-02-04,6.05,6.11,5.93,6.05,92515792
2318.HK,2025-02-04,43.35,44.5,42.75,44.0,37122048
2628.HK,2025-02-04,14.4,14.82,14.24,14.74,38852577
2899.HK,2025-02-04,15.0,15.44,14.86,15.3,44910526
3968.HK,2025-02-04,42.8,43.45,42.15,43.4,16565128
BAC.US,2025-02-04,46.35,47.13,46.27,46.71,32893992
DIS.US,2025-02-04,113.8,114.66,112.51,113.3,13521149
PG.US,2025-02-04,169.29,169.29,166.28,168.13,6410938
0857.HK,2025-02-05,6.06,6.06,5.96,6.01,74257893
2318.HK,2025-02-05,44.05,44.05,43.15,43.55,29189344
2628.HK,2025-02-05,14.64,14.66,14.36,14.44,35256621
2899.HK,2025-02-05,15.44,15.48,15.12,15.46,37368111
3968.HK,2025-02-05,43.2,43.25,41.65,42.35,27256913
BAC.US,2025-02-05,46.98,47.13,46.64,47.11,27696614
DIS.US,2025-02-05,115.7,118.59,110.23,110.54,23309982
PG.US,2025-02-05,168.09,169.14,166.61,169.01,7537232
0857.HK,2025-02-06,6.02,6.09,6.01,6.08,71029534
2318.HK,2025-02-06,43.25,44.0,43.1,44.0,29505252
2628.HK,2025-02-06,14.44,14.84,14.38,14.82,44630322
2899.HK,2025-02-06,15.52,15.78,15.38,15.62,61640825
3968.HK,2025-02-06,42.3,42.55,41.7,42.55,17013171
BAC.US,2025-02-06,47.44,47.98,47.17,47.74,39793386
DIS.US,2025-02-06,111.88,112.68,109.15,112.09,12470787
PG.US,2025-02-06,169.37,169.93,168.03,168.88,4957889
0857.HK,2025-02-07,6.06,6.08,5.96,6.03,94378714
2318.HK,2025-02-07,43.7,44.75,43.4,44.45,41511911
2628.HK,2025-02-07,14.8,15.08,14.68,15.04,52978034
2899.HK,2025-02-07,15.8,15.94,15.46,15.72,44949948
3968.HK,2025-02-07,42.55,42.65,41.95,42.6,19213005
BAC.US,2025-02-07,47.84,47.97,47.38,47.4,26504696
DIS.US,2025-02-07,111.61,112.55,110.81,110.86,8669320
PG.US,2025-02-07,169.09,169.12,167.87,167.97,4535617
0857.HK,2025-02-10,6.05,6.09,6.01,6.04,75703852
2318.HK,2025-02-10,44.3,45.45,44.3,45.0,50429457
2628.HK,2025-02-10,15.04,15.36,15.0,15.14,58595710
2899.HK,2025-02-10,15.92,16.26,15.86,16.14,72337398
3968.HK,2025-02-10,42.8,43.4,42.15,43.4,26324862
BAC.US,2025-02-10,47.48,47.56,46.4,46.67,26725206
DIS.US,2025-02-10,111.14,111.38,108.69,109.28,8239512
PG.US,2025-02-10,167.69,168.48,166.4,167.53,7063167
0857.HK,2025-02-11,6.07,6.14,6.01,6.12,89689328
2318.HK,2025-02-11,45.45,45.45,44.2,44.3,31705487
2628.HK,2025-02-11,15.24,15.24,14.8,14.8,44967765
2899.HK,2025-02-11,16.34,16.82,16.18,16.38,84610985
3968.HK,2025-02-11,43.35,43.8,42.9,43.35,21570698
BAC.US,2025-02-11,46.55,46.93,46.28,46.79,20314881
DIS.US,2025-02-11,108.38,109.05,107.69,109.02,7456717
PG.US,2025-02-11,167.69,169.57,166.5,169.43,5438081
0857.HK,2025-02-12,6.15,6.22,6.14,6.2,96053310
2318.HK,2025-02-12,44.45,46.1,44.15,46.0,74978372
2628.HK,2025-02-12,14.94,15.3,14.82,15.3,54292461
2899.HK,2025-02-12,16.36,16.36,16.06,16.24,51564780
3968.HK,2025-02-12,43.3,44.3,43.15,44.3,31475270
BAC.US,2025-02-12,46.57,46.58,45.94,46.21,29777070
DIS.US,2025-02-12,108.25,109.53,107.75,109.23,6521246
PG.US,2025-02-12,168.35,170.08,167.97,169.58,6037671
0857.HK,2025-02-13,6.18,6.19,6.06,6.06,145155921
2318.HK,2025-02-13,46.0,46.85,44.7,44.9,83787673
2628.HK,2025-02-13,15.38,15.38,14.74,14.76,81444633
2899.HK,2025-02-13,16.46,16.64,16.2,16.3,59068677
3968.HK,2025-02-13,44.3,44.7,43.65,43.8,28273830
BAC.US,2025-02-13,46.52,46.57,45.97,46.33,26815396
DIS.US,2025-02-13,108.92,109.76,108.56,109.59,6553224
PG.US,2025-02-13,169.63,171.38,169.14,171.02,6328365
0857.HK,2025-02-14,6.1,6.14,6.01,6.06,158112783
2318.HK,2025-02-14,45.45,46.3,44.95,46.3,62429547
2628.HK,2025-02-14,14.9,15.58,14.88,15.58,87636879
2899.HK,2025-02-14,16.5,16.72,16.34,16.64,34527593
3968.HK,2025-02-14,44.1,45.25,44.05,45.25,23138427
BAC.US,2025-02-14,46.48,47.09,46.48,46.96,25960495
DIS.US,2025-02-14,109.86,110.51,109.59,110.38,5964541
PG.US,2025-02-14,169.79,170.0,162.3,162.89,13179478
0857.HK,2025-02-17,5.97,6.02,5.9,6.01,208454225
2318.HK,2025-02-17,46.35,47.8,46.15,46.85,87419780
2628.HK,2025-02-17,15.42,16.04,15.22,15.4,97950385
2899.HK,2025-02-17,16.06,16.28,15.8,15.92,76858932
3968.HK,2025-02-17,43.85,45.1,43.8,44.05,26340030
0857.HK,2025-02-18,6.01,6.04,5.95,6.01,133975619
2318.HK,2025-02-18,46.8,47.6,46.2,46.65,56921916
2628.HK,2025-02-18,15.46,15.54,14.9,15.14,95957811
2899.HK,2025-02-18,15.96,16.02,15.7,15.84,41738561
3968.HK,2025-02-18,43.5,45.1,43.5,45.0,16641902
BAC.US,2025-02-18,46.56,46.65,46.16,46.53,37824104
DIS.US,2025-02-18,109.78,109.92,108.71,109.56,8362898
PG.US,2025-02-18,163.35,165.76,162.2,165.43,7075681
0857.HK,2025-02-19,6.02,6.02,5.95,6.01,80813408
2318.HK,2025-02-19,46.05,47.05,45.9,46.8,41514852
2628.HK,2025-02-19,15.0,15.2,14.84,14.98,45689750
2899.HK,2025-02-19,15.86,16.0,15.7,15.82,24879331
3968.HK,2025-02-19,44.35,45.0,43.95,44.75,19793451
BAC.US,2025-02-19,45.88,46.06,45.42,46.01,38967823
DIS.US,2025-02-19,109.14,111.76,109.14,111.35,8452114
PG.US,2025-02-19,166.1,166.87,165.24,166.49,7910823
0857.HK,2025-02-20,6.0,6.1,5.97,6.06,100550665
2318.HK,2025-02-20,46.35,46.5,45.55,45.6,42078189
2628.HK,2025-02-20,14.9,14.94,14.6,14.64,54428653
2899.HK,2025-02-20,15.8,15.88,15.52,15.78,33512925
3968.HK,2025-02-20,44.5,45.15,44.2,44.6,14982707
BAC.US,2025-02-20,45.9,46.19,45.04,45.3,40001086
DIS.US,2025-02-20,111.24,111.52,109.38,110.55,5970106
PG.US,2025-02-20,163.15,167.78,162.8,167.21,6162601
0857.HK,2025-02-21,6.09,6.13,5.99,6.03,151154806
2318.HK,2025-02-21,46.25,47.2,45.1,47.2,86250531
2628.HK,2025-02-21,14.88,15.2,14.54,15.2,76383992
2899.HK,2025-02-21,15.84,15.96,15.52,15.66,37725237
3968.HK,2025-02-21,45.1,45.1,44.1,44.8,19475268
BAC.US,2025-02-21,45.25,45.51,44.54,44.81,43485874
DIS.US,2025-02-21,111.0,111.76,107.92,108.66,9082075
PG.US,2025-02-21,167.44,170.55,165.92,170.23,9813720
0857.HK,2025-02-24,5.98,6.03,5.93,5.98,134023002
2318.HK,2025-02-24,47.1,49.3,46.8,48.0,99060704
2628.HK,2025-02-24,15.1,16.22,14.96,15.78,171552188
2899.HK,2025-02-24,15.42,15.72,15.22,15.6,45664424
3968.HK,2025-02-24,44.7,45.25,44.3,44.6,23210632
BAC.US,2025-02-24,45.03,45.39,44.44,44.46,35512204
DIS.US,2025-02-24,108.84,111.56,108.65,111.2,7093298
PG.US,2025-02-24,170.22,172.98,169.79,170.54,8564057
0857.HK,2025-02-25,6.0,6.03,5.88,5.92,133911049
2318.HK,2025-02-25,47.1,47.65,46.25,46.5,56548128
2628.HK,2025-02-25,15.5,15.78,15.12,15.28,91261789
2899.HK,2025-02-25,15.6,15.6,15.18,15.28,35915811
3968.HK,2025-02-25,43.75,44.25,43.7,44.05,25748229
BAC.US,2025-02-25,44.53,44.84,43.35,43.94,38119007
DIS.US,2025-02-25,111.43,111.9,109.07,110.53,7288975
PG.US,2025-02-25,171.28,173.95,170.8,172.65,7314856
0857.HK,2025-02-26,5.91,5.95,5.83,5.89,140680221
2318.HK,2025-02-26,46.65,48.85,46.65,48.35,77379768
2628.HK,2025-02-26,15.42,16.06,15.42,15.9,116840429
2899.HK,2025-02-26,15.34,15.6,15.24,15.5,46323279
3968.HK,2025-02-26,44.2,46.55,44.2,45.75,32040560
BAC.US,2025-02-26,44.04,44.55,43.86,43.94,32251699
DIS.US,2025-02-26,110.06,113.25,110.06,111.83,7831584
PG.US,2025-02-26,172.28,172.65,170.65,171.3,5519041
0857.HK,2025-02-27,5.8,5.88,5.76,5.84,124290530
2318.HK,2025-02-27,48.55,48.85,47.45,48.15,67453953
2628.HK,2025-02-27,15.94,16.06,15.5,15.78,82089596
2899.HK,2025-02-27,15.32,15.46,15.02,15.16,52995785
3968.HK,2025-02-27,45.05,46.85,45.05,46.55,38725137
BAC.US,2025-02-27,44.09,44.78,43.94,44.12,28477725
DIS.US,2025-02-27,112.32,113.12,111.06,111.31,7854650
PG.US,2025-02-27,170.85,173.09,170.63,171.97,5466965
0857.HK,2025-02-28,5.82,5.91,5.77,5.79,169291353
2318.HK,2025-02-28,47.75,47.8,45.6,45.95,96265121
2628.HK,2025-02-28,15.66,15.66,14.84,14.94,122366396
2899.HK,2025-02-28,15.02,15.02,14.54,14.54,66837063
3968.HK,2025-02-28,46.25,46.5,45.2,45.5,44146831
BAC.US,2025-02-28,44.32,46.2,44.2,46.1,62621148
DIS.US,2025-02-28,111.46,113.99,111.0,113.8,14609401
PG.US,2025-02-28,173.58,174.65,171.85,173.84,10240069
0857.HK,2025-03-03,5.8,5.88,5.8,5.82,84042413
2318.HK,2025-03-03,45.95,46.75,45.25,45.5,50221977
2628.HK,2025-03-03,15.02,15.32,14.86,14.96,54461983
2899.HK,2025-03-03,14.68,15.12,14.68,14.88,44766647
3968.HK,2025-03-03,45.4,46.4,44.75,45.2,24950993
BAC.US,2025-03-03,46.21,46.96,45.22,45.56,46946021
DIS.US,2025-03-03,114.07,115.55,112.0,112.79,7884746
PG.US,2025-03-03,173.58,176.29,173.51,175.59,7615570
0857.HK,2025-03-04,5.78,5.78,5.66,5.69,155072696
2318.HK,2025-03-04,45.2,45.55,44.8,45.5,40717018
2628.HK,2025-03-04,14.84,15.02,14.68,14.88,54182978
2899.HK,2025-03-04,14.74,15.28,14.7,15.1,33791312
3968.HK,2025-03-04,44.5,45.3,44.35,45.1,16040935
BAC.US,2025-03-04,44.73,44.84,42.03,42.67,78278115
DIS.US,2025-03-04,111.7,112.25,108.27,109.01,12658024
PG.US,2025-03-04,176.75,179.99,172.91,173.18,12118023
0857.HK,2025-03-05,5.7,5.78,5.69,5.76,94556369
2318.HK,2025-03-05,46.1,46.6,45.6,46.45,34685141
2628.HK,2025-03-05,15.06,15.38,15.02,15.36,55861345
2899.HK,2025-03-05,15.22,15.44,15.08,15.36,29243839
3968.HK,2025-03-05,45.45,46.85,45.25,46.55,24332309
BAC.US,2025-03-05,42.65,42.73,41.71,42.29,52588903
DIS.US,2025-03-05,109.34,110.94,108.22,109.31,9956143
PG.US,2025-03-05,173.38,175.87,173.02,174.61,6989086
0857.HK,2025-03-06,5.76,5.77,5.68,5.75,125783075
2318.HK,2025-03-06,47.2,48.5,47.1,48.3,84651453
2628.HK,2025-03-06,15.62,16.1,15.48,16.04,124786000
2899.HK,2025-03-06,15.66,16.1,15.66,15.92,71314827
3968.HK,2025-03-06,47.0,47.15,46.3,47.0,26436989
BAC.US,2025-03-06,41.59,41.89,40.96,41.46,58103505
DIS.US,2025-03-06,108.38,108.83,105.02,105.43,11618753
PG.US,2025-03-06,174.89,175.84,172.84,174.66,6702490
0857.HK,2025-03-07,5.71,5.85,5.71,5.8,150553221
2318.HK,2025-03-07,48.2,49.05,47.75,48.5,78257976
2628.HK,2025-03-07,15.94,16.22,15.78,15.94,72173981
2899.HK,2025-03-07,16.0,16.28,15.66,15.98,56801262
3968.HK,2025-03-07,46.95,48.65,46.7,47.65,41444520
BAC.US,2025-03-07,41.31,41.73,40.61,41.4,50651434
DIS.US,2025-03-07,105.0,105.77,103.31,105.51,12715904
PG.US,2025-03-07,174.09,178.89,174.05,175.95,9566763
0857.HK,2025-03-10,5.81,5.91,5.78,5.85,134208646
2318.HK,2025-03-10,48.5,49.4,47.7,48.25,44287826
2628.HK,2025-03-10,15.88,16.12,15.52,15.84,54309618
2899.HK,2025-03-10,15.98,16.2,15.8,16.14,46997330
3968.HK,2025-03-10,47.65,48.15,46.8,47.2,28313331
BAC.US,2025-03-10,40.4,40.62,39.18,39.83,77498436
DIS.US,2025-03-10,104.43,104.8,102.11,103.08,10947073
PG.US,2025-03-10,176.76,179.99,175.83,176.26,11047022
0857.HK,2025-03-11,5.82,5.87,5.77,5.86,88342995
2318.HK,2025-03-11,47.3,47.75,46.9,47.45,54402258
2628.HK,2025-03-11,15.56,15.74,15.4,15.68,49424443
2899.HK,2025-03-11,15.7,15.7,15.38,15.54,63705406
3968.HK,2025-03-11,45.55,47.7,45.55,47.4,26065428
BAC.US,2025-03-11,39.7,40.66,39.27,39.61,50608382
DIS.US,2025-03-11,99.79,101.04,97.45,97.9,16906005
PG.US,2025-03-11,175.83,175.99,172.32,173.12,11032285
0857.HK,2025-03-12,5.83,5.92,5.81,5.86,99153995
2318.HK,2025-03-12,47.55,47.9,46.8,47.1,47982530
2628.HK,2025-03-12,15.7,15.86,15.36,15.58,48182074
2899.HK,2025-03-12,15.8,16.08,15.58,16.08,51205626
3968.HK,2025-03-12,47.0,47.9,47.0,47.75,30978572
BAC.US,2025-03-12,40.31,40.5,39.2,39.91,42290673
DIS.US,2025-03-12,98.68,99.49,96.38,98.76,11891787
PG.US,2025-03-12,169.7,171.83,167.77,168.37,10159136
0857.HK,2025-03-13,5.86,5.95,5.83,5.91,106160971
2318.HK,2025-03-13,46.9,47.45,46.3,46.55,51148981
2628.HK,2025-03-13,15.52,15.76,15.28,15.54,37940531
2899.HK,2025-03-13,16.22,16.54,16.22,16.28,67947031
3968.HK,2025-03-13,47.8,49.25,47.7,48.5,33083834
BAC.US,2025-03-13,39.97,40.19,39.33,39.67,37766080
DIS.US,2025-03-13,97.77,98.65,95.93,96.87,11059480
PG.US,2025-03-13,167.7,169.29,167.28,168.59,6609126
0857.HK,2025-03-14,5.95,5.96,5.88,5.92,93145374
2318.HK,2025-03-14,47.2,49.7,46.75,49.15,112466683
2628.HK,2025-03-14,15.64,16.88,15.6,16.52,191574292
2899.HK,2025-03-14,16.7,17.38,16.7,17.08,117562075
3968.HK,2025-03-14,48.7,50.7,48.55,49.7,33376834
BAC.US,2025-03-14,40.26,41.02,40.17,40.89,35979933
DIS.US,2025-03-14,97.44,99.1,97.42,98.64,10199761
PG.US,2025-03-14,167.79,168.59,166.62,167.97,6790624
0857.HK,2025-03-17,5.92,6.06,5.92,6.02,123957206
2318.HK,2025-03-17,49.85,50.5,49.3,50.05,84827143
2628.HK,2025-03-17,16.84,16.88,16.56,16.58,82628023
2899.HK,2025-03-17,17.16,17.46,16.98,17.04,61732427
3968.HK,2025-03-17,49.6,50.3,49.35,49.45,17493135
BAC.US,2025-03-17,40.92,41.77,40.59,41.44,37242797
DIS.US,2025-03-17,98.74,100.12,98.66,99.36,8332119
PG.US,2025-03-17,168.37,171.09,168.13,169.76,9931678
0857.HK,2025-03-18,6.03,6.12,6.0,6.1,120066990
2318.HK,2025-03-18,51.0,51.65,50.55,50.9,57930647
2628.HK,2025-03-18,16.9,17.0,16.7,17.0,79002268
2899.HK,2025-03-18,17.4,18.06,17.2,17.76,82356666
3968.HK,2025-03-18,50.0,50.65,49.65,50.55,20517257
BAC.US,2025-03-18,41.72,41.83,41.29,41.65,37644466
DIS.US,2025-03-18,99.27,99.73,98.48,99.35,6727404
PG.US,2025-03-18,170.07,170.26,167.58,167.71,6100242
0857.HK,2025-03-19,6.09,6.1,6.02,6.05,93490766
2318.HK,2025-03-19,50.9,51.95,50.65,51.9,74379506
2628.HK,2025-03-19,16.98,17.1,16.82,16.98,42970021
2899.HK,2025-03-19,17.9,18.16,17.64,18.06,60404991
3968.HK,2025-03-19,50.45,50.65,49.85,50.25,17949799
BAC.US,2025-03-19,41.72,42.7,41.3,42.21,42471117
DIS.US,2025-03-19,99.66,100.96,99.47,100.29,8614622
PG.US,2025-03-19,167.87,168.75,167.11,168.57,7569165
0857.HK,2025-03-20,6.04,6.13,6.04,6.06,106887824
2318.HK,2025-03-20,51.3,51.4,49.2,49.3,141416844
2628.HK,2025-03-20,16.96,16.98,15.96,15.98,122139274
2899.HK,2025-03-20,18.32,18.54,18.08,18.18,89411401
3968.HK,2025-03-20,50.05,50.2,48.75,49.1,26088098
BAC.US,2025-03-20,41.76,42.72,41.65,42.48,41018128
DIS.US,2025-03-20,99.57,100.05,98.64,98.86,7836515
PG.US,2025-03-20,168.89,169.21,166.03,167.55,8789167
0857.HK,2025-03-21,6.08,6.15,6.05,6.05,138710613
2318.HK,2025-03-21,48.8,49.2,47.3,47.75,113786207
2628.HK,2025-03-21,15.94,16.2,15.66,15.9,88609491
2899.HK,2025-03-21,18.18,18.2,17.12,17.28,105789826
3968.HK,2025-03-21,49.0,49.05,47.95,48.45,40996232
BAC.US,2025-03-21,42.16,42.66,41.89,42.47,65010969
DIS.US,2025-03-21,98.38,99.89,97.75,99.46,15089873
PG.US,2025-03-21,167.14,168.14,164.12,166.69,16027251
0857.HK,2025-03-24,6.12,6.12,6.02,6.07,113881950
2318.HK,2025-03-24,47.7,48.45,47.5,48.3,38515083
2628.HK,2025-03-24,15.82,16.2,15.74,16.14,47198206
2899.HK,2025-03-24,17.54,18.3,17.42,18.14,103839969
3968.HK,2025-03-24,48.7,49.1,47.9,48.85,18818925
BAC.US,2025-03-24,42.93,43.15,42.75,43.07,30646143
DIS.US,2025-03-24,100.22,100.44,98.86,100.18,8224405
PG.US,2025-03-24,166.43,166.87,165.36,165.65,6102109
0857.HK,2025-03-25,6.04,6.11,6.01,6.06,133049137
2318.HK,2025-03-25,48.1,48.45,47.0,47.05,49051219
2628.HK,2025-03-25,16.02,16.06,15.6,15.66,64158814
2899.HK,2025-03-25,17.88,18.68,17.84,18.54,118286648
3968.HK,2025-03-25,48.0,49.15,48.0,48.35,26734695
BAC.US,2025-03-25,43.35,43.53,43.04,43.28,25445348
DIS.US,2025-03-25,100.65,101.76,100.41,101.61,7365249
PG.US,2025-03-25,165.3,165.37,162.2,162.85,8366736
0857.HK,2025-03-26,6.1,6.1,6.03,6.07,124868169
2318.HK,2025-03-26,47.45,47.6,46.7,47.15,27187374
2628.HK,2025-03-26,15.7,15.82,15.52,15.6,44016049
2899.HK,2025-03-26,18.7,19.26,18.14,18.38,112112240
3968.HK,2025-03-26,46.9,47.6,45.15,45.7,76209893
BAC.US,2025-03-26,43.46,43.72,42.73,42.82,30064465
DIS.US,2025-03-26,101.7,102.27,100.26,100.78,6316413
PG.US,2025-03-26,163.35,166.82,162.99,166.58,7757259
0857.HK,2025-03-27,6.06,6.32,6.06,6.29,265111843
2318.HK,2025-03-27,47.15,47.85,46.6,47.2,36369093
2628.HK,2025-03-27,15.54,15.68,15.12,15.5,104764865
2899.HK,2025-03-27,18.38,18.4,17.54,17.82,83188618
3968.HK,2025-03-27,46.0,46.7,45.75,45.9,19970665
BAC.US,2025-03-27,42.82,43.09,42.52,42.56,25619235
DIS.US,2025-03-27,100.71,101.03,99.58,100.45,6598776
PG.US,2025-03-27,167.87,169.03,166.62,168.71,6211735
0857.HK,2025-03-28,6.32,6.32,6.11,6.16,137557635
2318.HK,2025-03-28,47.8,47.8,46.7,46.95,31178992
2628.HK,2025-03-28,15.68,15.68,15.16,15.24,59817414
2899.HK,2025-03-28,18.1,18.2,17.68,18.04,70924026
3968.HK,2025-03-28,46.1,46.35,45.5,45.65,14486210
BAC.US,2025-03-28,42.44,42.62,40.99,41.25,34252982
DIS.US,2025-03-28,100.05,100.39,97.74,98.07,7679702
PG.US,2025-03-28,169.38,169.71,167.62,168.03,5479306
0857.HK,2025-03-31,6.18,6.42,6.17,6.29,222766366
2318.HK,2025-03-31,46.6,47.0,46.25,46.3,44343838
2628.HK,2025-03-31,15.18,15.3,14.92,15.0,62309035
2899.HK,2025-03-31,17.8,18.16,17.52,17.68,65776031
3968.HK,2025-03-31,45.4,46.8,45.2,45.9,20601476
BAC.US,2025-03-31,40.78,41.9,40.61,41.73,36389953
DIS.US,2025-03-31,96.83,98.85,95.7,98.7,10554041
PG.US,2025-03-31,168.1,171.14,168.1,170.42,11520451
0857.HK,2025-04-01,6.35,6.53,6.35,6.42,194099147
2318.HK,2025-04-01,46.75,47.4,46.65,46.9,30127178
2628.HK,2025-04-01,15.14,15.4,15.04,15.2,42234399
2899.HK,2025-04-01,17.76,18.06,17.5,17.68,38361090
3968.HK,2025-04-01,45.9,46.35,45.4,45.6,14946206
BAC.US,2025-04-01,41.32,41.7,40.97,41.49,25578539
DIS.US,2025-04-01,98.32,98.59,96.84,97.68,8762675
PG.US,2025-04-01,170.57,171.05,169.06,170.56,7021507
0857.HK,2025-04-02,6.5,6.5,6.37,6.37,153152519
2318.HK,2025-04-02,46.75,47.7,46.55,47.65,31195845
2628.HK,2025-04-02,15.2,15.64,15.14,15.58,57745878
2899.HK,2025-04-02,17.68,17.68,17.12,17.32,57006009
3968.HK,2025-04-02,45.15,46.0,45.05,45.25,15817601
BAC.US,2025-04-02,40.88,41.97,40.82,41.85,28216129
DIS.US,2025-04-02,96.62,98.31,96.45,97.88,7959946
PG.US,2025-04-02,170.07,170.88,168.31,169.5,6274548
0857.HK,2025-04-03,6.25,6.37,6.17,6.3,149073539
2318.HK,2025-04-03,46.45,47.25,46.45,46.9,36442793
2628.HK,2025-04-03,15.12,15.42,15.08,15.2,53067392
2899.HK,2025-04-03,16.9,17.08,16.62,16.94,72915727
3968.HK,2025-04-03,44.3,45.35,44.25,44.75,16875037
BAC.US,2025-04-03,38.63,38.84,37.02,37.22,115497878
DIS.US,2025-04-03,94.51,94.78,88.61,88.84,19353389
PG.US,2025-04-03,174.23,174.8,170.73,172.39,9393270
BAC.US,2025-04-04,35.29,35.79,33.67,34.39,107761162
DIS.US,2025-04-04,86.0,87.54,83.08,83.53,22580894
PG.US,2025-04-04,171.77,173.6,163.47,163.75,13454205
0857.HK,2025-04-07,5.5,5.72,5.32,5.32,709630068
2318.HK,2025-04-07,43.4,44.1,40.15,40.8,211621186
2628.HK,2025-04-07,13.58,14.18,12.54,12.72,260590575
2899.HK,2025-04-07,14.42,15.46,14.16,14.34,210185780
3968.HK,2025-04-07,41.65,42.35,39.85,40.25,67188960
BAC.US,2025-04-07,34.97,36.63,33.54,35.58,137329068
DIS.US,2025-04-07,80.99,86.63,80.1,83.3,20455994
PG.US,2025-04-07,163.66,164.7,159.19,160.23,15708009
0857.HK,2025-04-08,5.3,5.5,5.3,5.47,346718168
2318.HK,2025-04-08,40.75,41.75,40.7,41.1,111679883
2628.HK,2025-04-08,12.7,13.0,12.66,12.9,123000009
2899.HK,2025-04-08,14.66,15.06,14.6,14.8,104097052
3968.HK,2025-04-08,40.25,41.9,40.25,41.45,51921937
BAC.US,2025-04-08,36.86,37.33,34.33,35.03,79116309
DIS.US,2025-04-08,85.95,86.95,80.85,81.72,14845638
PG.US,2025-04-08,162.31,163.28,156.71,158.39,11541114
0857.HK,2025-04-09,5.28,5.33,5.07,5.2,461769299
2318.HK,2025-04-09,40.0,41.65,39.6,41.3,79388768
2628.HK,2025-04-09,12.5,13.2,12.38,13.08,114644222
2899.HK,2025-04-09,14.1,14.94,14.02,14.84,117626670
3968.HK,2025-04-09,40.0,41.65,39.95,41.3,45520117
BAC.US,2025-04-09,34.05,37.86,33.07,37.15,161173535
DIS.US,2025-04-09,81.29,92.25,81.19,91.44,24970930
PG.US,2025-04-09,157.36,164.68,156.69,162.32,10670212
0857.HK,2025-04-10,5.37,5.41,5.23,5.24,350832144
2318.HK,2025-04-10,42.0,42.9,41.6,41.9,63885535
2628.HK,2025-04-10,13.26,13.58,13.08,13.18,124078417
2899.HK,2025-04-10,15.34,15.98,15.2,15.64,120579851
3968.HK,2025-04-10,41.3,42.85,40.85,41.85,33755807
BAC.US,2025-04-10,36.32,36.4,34.63,35.85,90451847
DIS.US,2025-04-10,88.92,89.01,83.07,85.23,16376962
PG.US,2025-04-10,162.9,165.07,160.75,163.56,10581571
0857.HK,2025-04-11,5.2,5.3,5.1,5.28,344810572
2318.HK,2025-04-11,41.25,42.95,41.25,42.65,49627799
2628.HK,2025-04-11,13.16,13.46,13.04,13.26,78993392
2899.HK,2025-04-11,16.1,16.66,16.02,16.54,124897652
3968.HK,2025-04-11,41.55,43.6,41.4,43.3,24598720
BAC.US,2025-04-11,35.2,36.23,34.81,35.95,63671938
DIS.US,2025-04-11,85.11,85.67,83.35,84.89,10204364
PG.US,2025-04-11,163.37,168.02,162.62,166.91,8603200
0857.HK,2025-04-14,5.35,5.56,5.33,5.51,396839558
2318.HK,2025-04-14,43.35,44.0,43.25,43.8,44337501
2628.HK,2025-04-14,13.54,13.8,13.5,13.66,69182878
2899.HK,2025-04-14,16.88,17.66,16.76,17.22,108475410
3968.HK,2025-04-14,43.75,44.1,42.9,43.2,19224538
BAC.US,2025-04-14,36.49,36.99,36.27,36.67,46830587
DIS.US,2025-04-14,85.83,86.45,84.03,84.66,10841307
PG.US,2025-04-14,167.04,170.11,165.78,169.13,9877411
0857.HK,2025-04-15,5.55,5.63,5.52,5.58,179810010
2318.HK,2025-04-15,43.8,43.95,43.25,43.8,24494836
2628.HK,2025-04-15,13.7,13.82,13.6,13.7,61505978
2899.HK,2025-04-15,17.22,17.32,16.74,17.22,51625240
3968.HK,2025-04-15,43.1,43.75,42.95,43.65,9976316
BAC.US,2025-04-15,37.8,38.75,37.8,37.99,84677796
DIS.US,2025-04-15,84.75,85.98,84.52,85.01,7840454
PG.US,2025-04-15,169.14,170.16,168.28,168.47,8764978
0857.HK,2025-04-16,5.57,5.62,5.54,5.59,151533481
2318.HK,2025-04-16,43.4,43.65,42.8,43.3,33358699
2628.HK,2025-04-16,13.64,13.7,13.32,13.52,36656175
2899.HK,2025-04-16,17.44,17.56,16.9,17.18,60540170
3968.HK,2025-04-16,43.55,43.9,42.75,43.3,10452454
BAC.US,2025-04-16,37.86,38.16,36.97,37.33,52872668
DIS.US,2025-04-16,84.28,84.8,82.01,82.77,10144289
PG.US,2025-04-16,169.29,169.68,165.79,166.39,5897634
0857.HK,2025-04-17,5.66,5.77,5.62,5.67,155393346
2318.HK,2025-04-17,43.2,43.8,43.05,43.8,27912639
2628.HK,2025-04-17,13.5,13.8,13.5,13.68,53972252
2899.HK,2025-04-17,17.68,18.0,17.16,17.22,80637072
3968.HK,2025-04-17,43.3,43.55,42.9,43.35,12662785
BAC.US,2025-04-17,37.51,37.87,37.24,37.41,47144445
DIS.US,2025-04-17,83.37,85.78,83.36,84.81,14810894
PG.US,2025-04-17,167.53,171.65,167.35,170.63,7227061
BAC.US,2025-04-21,37.07,37.28,36.5,36.92,34928346
DIS.US,2025-04-21,84.91,85.23,82.98,84.0,14166825
PG.US,2025-04-21,169.89,169.95,164.28,165.75,8062360
0857.HK,2025-04-22,5.66,5.79,5.64,5.77,122294507
2318.HK,2025-04-22,43.5,44.8,43.5,44.7,43944884
2628.HK,2025-04-22,13.68,13.96,13.6,13.86,69631701
2899.HK,2025-04-22,18.1,18.34,17.82,18.02,156398496
3968.HK,2025-04-22,43.3,44.05,43.1,43.9,15021971
BAC.US,2025-04-22,37.57,38.49,37.4,38.32,42288918
DIS.US,2025-04-22,85.01,86.56,84.6,86.09,9578470
PG.US,2025-04-22,165.86,168.77,164.54,167.88,7907421
0857.HK,2025-04-23,5.86,5.9,5.79,5.82,125157740
2318.HK,2025-04-23,45.0,45.55,44.9,45.55,50961394
2628.HK,2025-04-23,14.1,14.28,13.92,14.12,81095088
2899.HK,2025-04-23,17.76,17.76,16.98,17.16,108870062
3968.HK,2025-04-23,44.2,44.35,43.75,44.15,10376725
BAC.US,2025-04-23,39.41,40.13,38.67,38.75,54428408
DIS.US,2025-04-23,89.03,89.87,87.03,87.29,12089123
PG.US,2025-04-23,166.4,166.61,163.11,165.73,9309164
0857.HK,2025-04-24,5.81,5.84,5.75,5.77,84322560
2318.HK,2025-04-24,45.05,45.9,45.05,45.65,43434161
2628.HK,2025-04-24,14.06,14.28,13.88,14.0,72365779
2899.HK,2025-04-24,17.16,17.52,16.88,17.24,57991451
3968.HK,2025-04-24,43.85,44.45,43.85,44.3,8033717
BAC.US,2025-04-24,38.66,39.7,38.6,39.58,42457109
DIS.US,2025-04-24,87.45,90.24,86.77,90.01,10309953
PG.US,2025-04-24,160.5,160.96,156.58,159.53,20077665
0857.HK,2025-04-25,5.82,5.83,5.77,5.78,84814096
2318.HK,2025-04-25,45.95,46.5,45.75,45.95,50031687
2628.HK,2025-04-25,14.08,14.26,13.94,14.0,55117272
2899.HK,2025-04-25,17.4,17.44,17.0,17.1,41142374
3968.HK,2025-04-25,44.45,44.65,44.1,44.25,12993521
BAC.US,2025-04-25,39.54,39.79,39.32,39.69,32694154
DIS.US,2025-04-25,90.07,90.34,89.07,90.28,7749630
PG.US,2025-04-25,159.88,161.8,157.77,161.02,12893200
0857.HK,2025-04-28,5.81,5.85,5.77,5.83,72349540
2318.HK,2025-04-28,45.2,46.1,44.6,46.0,43898165
2628.HK,2025-04-28,14.02,14.04,13.58,13.9,53147277
2899.HK,2025-04-28,17.08,17.16,16.7,17.14,40976619
3968.HK,2025-04-28,44.6,45.1,44.15,44.7,10666222
BAC.US,2025-04-28,39.8,40.08,39.46,39.78,37428007
DIS.US,2025-04-28,90.45,91.37,89.64,90.16,8491785
PG.US,2025-04-28,161.04,162.56,160.39,161.85,8126981
0857.HK,2025-04-29,5.83,5.85,5.79,5.8,87842402
2318.HK,2025-04-29,46.3,46.5,45.95,46.15,32187757
2628.HK,2025-04-29,13.98,14.14,13.88,13.98,33351529
2899.HK,2025-04-29,17.14,17.24,17.0,17.2,32710806
3968.HK,2025-04-29,44.6,44.95,44.15,44.5,16949059
BAC.US,2025-04-29,39.63,40.14,39.48,39.99,33792544
DIS.US,2025-04-29,89.83,91.66,89.76,91.17,6359924
PG.US,2025-04-29,161.29,162.39,159.2,162.26,8266154
0857.HK,2025-04-30,5.85,6.0,5.84,5.94,163755807
2318.HK,2025-04-30,46.3,46.8,46.15,46.6,36382097
2628.HK,2025-04-30,14.26,14.48,14.14,14.2,73809824
2899.HK,2025-04-30,17.06,17.14,16.82,16.98,43209489
3968.HK,2025-04-30,44.0,44.0,41.9,42.45,64447977
BAC.US,2025-04-30,39.36,40.0,38.82,39.88,40994596
DIS.US,2025-04-30,89.89,91.19,88.56,90.95,8474834
PG.US,2025-04-30,162.45,163.16,159.95,162.57,12475539
BAC.US,2025-05-01,39.82,40.44,39.58,40.17,33569144
DIS.US,2025-05-01,91.27,91.61,90.36,90.81,7790638
PG.US,2025-05-01,160.66,161.35,159.05,159.98,6792815
0857.HK,2025-05-02,5.95,5.96,5.88,5.94,45908666
2318.HK,2025-05-02,46.6,47.15,46.35,46.65,19553893
2628.HK,2025-05-02,14.28,14.56,14.24,14.5,29709659
2899.HK,2025-05-02,17.42,17.68,17.34,17.46,43714519
3968.HK,2025-05-02,42.25,43.5,42.2,43.35,13054319
BAC.US,2025-05-02,40.91,41.23,40.7,41.07,41613021
DIS.US,2025-05-02,91.84,93.19,91.84,92.49,7594041
PG.US,2025-05-02,160.93,161.81,159.9,160.52,5750165
BAC.US,2025-05-05,40.85,41.49,40.62,41.12,32829236
DIS.US,2025-05-05,89.7,93.08,89.61,92.11,10231010
PG.US,2025-05-05,160.89,160.91,158.02,158.83,7576219
0857.HK,2025-05-06,5.87,5.93,5.79,5.91,130245281
2318.HK,2025-05-06,46.3,46.6,46.1,46.3,32179516
2628.HK,2025-05-06,14.54,14.64,14.3,14.58,40165883
2899.HK,2025-05-06,17.7,17.76,17.42,17.68,62270767
3968.HK,2025-05-06,43.05,44.05,42.55,43.95,15893481
BAC.US,2025-05-06,40.65,41.27,40.56,40.84,29541838
DIS.US,2025-05-06,91.2,92.74,91.0,92.17,11839405
PG.US,2025-05-06,158.04,159.71,157.65,159.25,7703843
0857.HK,2025-05-07,6.02,6.07,5.96,6.04,107528805
2318.HK,2025-05-07,47.5,47.85,46.55,46.6,36816136
2628.HK,2025-05-07,15.0,15.12,14.78,14.8,65836109
2899.HK,2025-05-07,17.78,18.08,17.64,17.82,44885172
3968.HK,2025-05-07,44.75,45.1,44.05,44.35,20236818
BAC.US,2025-05-07,41.04,41.34,40.86,40.93,30928612
DIS.US,2025-05-07,102.42,103.31,100.14,102.09,36174940
PG.US,2025-05-07,159.02,160.05,158.54,159.29,6430156
0857.HK,2025-05-08,6.01,6.09,6.0,6.0,97002987
2318.HK,2025-05-08,46.2,47.55,46.2,47.0,28176687
2628.HK,2025-05-08,14.8,15.3,14.8,15.06,56998048
2899.HK,2025-05-08,17.68,17.9,17.52,17.6,33087831
3968.HK,2025-05-08,44.3,46.0,44.25,45.2,30026025
BAC.US,2025-05-08,41.29,42.15,41.25,41.6,41861747
DIS.US,2025-05-08,103.97,106.19,103.86,105.12,19265441
PG.US,2025-05-08,158.38,160.0,158.01,158.65,7230806
0857.HK,2025-05-09,6.04,6.12,6.04,6.11,78461976
2318.HK,2025-05-09,46.8,47.0,46.35,46.5,33251418
2628.HK,2025-05-09,15.04,15.1,14.86,14.9,31616851
2899.HK,2025-05-09,17.44,17.46,17.18,17.34,37093913
3968.HK,2025-05-09,45.2,46.2,45.15,46.0,28575077
BAC.US,2025-05-09,41.73,41.98,41.69,41.79,27222761
DIS.US,2025-05-09,105.26,106.19,104.76,105.94,10438191
PG.US,2025-05-09,158.02,159.13,157.41,157.66,6453232
0857.HK,2025-05-12,6.21,6.25,6.14,6.23,151275427
2318.HK,2025-05-12,47.5,48.65,47.0,48.3,59478196
2628.HK,2025-05-12,15.2,15.84,15.1,15.64,81333527
2899.HK,2025-05-12,17.32,17.68,16.98,17.5,43653118
3968.HK,2025-05-12,46.9,48.85,46.15,48.65,41452804
BAC.US,2025-05-12,43.32,43.96,42.94,43.36,44875064
DIS.US,2025-05-12,109.87,110.94,108.66,110.49,18366644
PG.US,2025-05-12,157.43,161.05,156.69,160.9,7378380
0857.HK,2025-05-13,6.19,6.28,6.18,6.22,115953804
2318.HK,2025-05-13,48.0,48.1,47.3,47.5,35438954
2628.HK,2025-05-13,15.6,15.6,15.24,15.26,45466911
2899.HK,2025-05-13,17.48,17.7,17.2,17.5,26815600
3968.HK,2025-05-13,47.75,48.8,47.75,48.4,29404657
BAC.US,2025-05-13,43.42,44.49,43.42,44.28,43232541
DIS.US,2025-05-13,110.25,112.2,110.15,111.38,14076719
PG.US,2025-05-13,160.02,160.72,157.36,158.73,7780827
0857.HK,2025-05-14,6.26,6.38,6.24,6.34,137616263
2318.HK,2025-05-14,47.8,49.65,47.45,49.5,81576226
2628.HK,2025-05-14,15.4,16.3,15.34,16.26,131088994
2899.HK,2025-05-14,17.7,17.92,17.46,17.68,45076554
3968.HK,2025-05-14,48.65,49.4,48.15,49.3,19087466
BAC.US,2025-05-14,44.19,44.92,44.13,44.74,42419547
DIS.US,2025-05-14,111.38,113.41,110.83,112.94,15352206
PG.US,2025-05-14,158.12,159.16,157.57,158.02,5988905
0857.HK,2025-05-15,6.3,6.36,6.25,6.26,117740420
2318.HK,2025-05-15,47.85,48.0,46.6,46.65,57051230
2628.HK,2025-05-15,16.24,16.3,15.88,15.96,71101689
2899.HK,2025-05-15,17.56,17.66,17.1,17.32,43942930
3968.HK,2025-05-15,49.3,49.75,48.85,48.95,15460223
BAC.US,2025-05-15,44.6,44.98,44.01,44.38,47379372
DIS.US,2025-05-15,112.23,112.85,111.58,112.22,8322383
PG.US,2025-05-15,159.59,162.91,158.7,162.41,8727316
0857.HK,2025-05-16,6.28,6.28,6.17,6.19,126312685
2318.HK,2025-05-16,46.5,46.8,45.6,46.1,48140743
2628.HK,2025-05-16,15.9,15.92,15.52,15.7,47303664
2899.HK,2025-05-16,17.32,17.58,17.28,17.34,40043954
3968.HK,2025-05-16,48.5,49.3,48.45,49.1,13207861
BAC.US,2025-05-16,44.34,44.79,43.66,44.69,49488135
DIS.US,2025-05-16,111.92,113.44,111.42,113.42,10960998
PG.US,2025-05-16,162.65,163.43,161.85,163.28,7100784
0857.HK,2025-05-19,6.17,6.25,6.11,6.23,134776924
2318.HK,2025-05-19,45.55,46.05,45.35,45.7,32320095
2628.HK,2025-05-19,15.58,15.72,15.52,15.58,32069963
2899.HK,2025-05-19,17.12,17.46,17.12,17.34,20763510
3968.HK,2025-05-19,48.6,49.3,48.5,48.6,24635253
BAC.US,2025-05-19,44.11,45.14,44.11,44.77,37915717
DIS.US,2025-05-19,112.12,112.99,111.9,112.66,7209681
PG.US,2025-05-19,163.47,165.15,163.41,164.77,8120219
0857.HK,2025-05-20,6.23,6.35,6.22,6.34,103093971
2318.HK,2025-05-20,46.05,46.6,45.6,46.4,36643900
2628.HK,2025-05-20,15.66,15.82,15.6,15.72,42433755
2899.HK,2025-05-20,17.38,17.7,17.38,17.5,26747935
3968.HK,2025-05-20,48.6,49.1,48.45,48.75,12211596
BAC.US,2025-05-20,44.59,44.91,44.41,44.69,33424251
DIS.US,2025-05-20,112.44,113.4,111.81,112.36,6433281
PG.US,2025-05-20,164.61,166.0,164.6,165.64,5576561
0857.HK,2025-05-21,6.35,6.48,6.31,6.45,201400383
2318.HK,2025-05-21,46.55,47.0,46.35,46.6,28945783
2628.HK,2025-05-21,15.76,15.94,15.66,15.7,39809155
2899.HK,2025-05-21,17.5,18.68,17.46,18.56,113813641
3968.HK,2025-05-21,48.7,49.65,48.55,49.35,16484306
BAC.US,2025-05-21,44.37,44.49,43.15,43.25,55594058
DIS.US,2025-05-21,111.69,112.49,110.13,110.46,10150618
PG.US,2025-05-21,164.82,166.37,164.62,165.43,6424153
0857.HK,2025-05-22,6.4,6.52,6.39,6.41,204230590
2318.HK,2025-05-22,46.25,46.5,45.85,45.9,29031455
2628.HK,2025-05-22,15.68,15.76,15.48,15.52,39345635
2899.HK,2025-05-22,18.56,18.98,18.46,18.58,54518623
3968.HK,2025-05-22,49.0,50.2,49.0,49.75,15817509
BAC.US,2025-05-22,43.18,43.57,42.96,43.31,29026187
DIS.US,2025-05-22,109.98,111.8,109.98,111.13,7903694
PG.US,2025-05-22,164.44,166.2,164.02,165.03,6245571
0857.HK,2025-05-23,6.44,6.49,6.36,6.48,123434078
2318.HK,2025-05-23,45.9,46.3,45.55,45.85,29241675
2628.HK,2025-05-23,15.5,15.92,15.5,15.76,59723308
2899.HK,2025-05-23,18.58,18.76,18.44,18.72,49949967
3968.HK,2025-05-23,49.7,50.15,49.25,49.7,9462650
BAC.US,2025-05-23,42.48,43.43,42.35,43.2,34875060
DIS.US,2025-05-23,109.6,110.35,108.78,109.72,8086103
PG.US,2025-05-23,164.83,166.22,163.48,165.86,5349868
0857.HK,2025-05-26,6.46,6.62,6.44,6.5,173995581
2318.HK,2025-05-26,45.7,46.9,45.65,45.7,37064927
2628.HK,2025-05-26,15.76,16.22,15.7,15.7,50480387
2899.HK,2025-05-26,18.46,19.02,18.4,18.44,35298302
3968.HK,2025-05-26,49.25,50.0,49.1,49.45,17737282
0857.HK,2025-05-27,6.59,6.59,6.47,6.53,151074941
2318.HK,2025-05-27,46.0,46.4,45.8,46.2,29064501
2628.HK,2025-05-27,15.82,16.14,15.82,16.1,56134209
2899.HK,2025-05-27,18.52,18.6,17.6,17.86,62333043
3968.HK,2025-05-27,49.7,49.9,49.1,49.45,12048759
BAC.US,2025-05-27,43.79,44.22,43.3,44.22,36322007
DIS.US,2025-05-27,111.03,112.89,110.15,112.36,10201106
PG.US,2025-05-27,165.27,167.98,165.27,167.76,11423794
0857.HK,2025-05-28,6.51,6.63,6.5,6.59,193222929
2318.HK,2025-05-28,46.2,46.55,45.55,45.8,26054763
2628.HK,2025-05-28,16.16,16.28,15.9,16.04,46406423
2899.HK,2025-05-28,17.8,18.1,17.78,17.9,24518440
3968.HK,2025-05-28,49.4,49.75,48.85,49.35,12818073
BAC.US,2025-05-28,44.21,44.44,43.96,44.06,35673753
DIS.US,2025-05-28,112.2,112.47,111.17,111.52,5787948
PG.US,2025-05-28,167.65,168.84,167.06,167.36,5385942
0857.HK,2025-05-29,6.61,6.7,6.61,6.64,159656452
2318.HK,2025-05-29,45.8,46.4,45.6,46.4,28921299
2628.HK,2025-05-29,15.98,16.16,15.96,16.16,38614714
2899.HK,2025-05-29,17.66,17.94,17.6,17.86,25887270
3968.HK,2025-05-29,49.35,49.6,48.7,49.45,15256097
BAC.US,2025-05-29,44.37,44.46,43.9,44.24,28553008
DIS.US,2025-05-29,112.01,112.26,110.52,112.02,9683748
PG.US,2025-05-29,166.74,168.99,166.44,168.56,4842554
0857.HK,2025-05-30,6.58,6.64,6.54,6.59,316652157
2318.HK,2025-05-30,45.85,46.15,45.55,46.15,45688225
2628.HK,2025-05-30,16.0,16.04,15.74,15.98,49746228
2899.HK,2025-05-30,17.86,17.88,17.46,17.5,51344625
3968.HK,2025-05-30,48.8,49.3,48.7,48.9,32412313
BAC.US,2025-05-30,44.19,44.3,43.72,44.13,66537474
DIS.US,2025-05-30,112.01,113.35,111.37,113.04,12881064
PG.US,2025-05-30,168.75,170.99,168.6,169.89,12587537
0857.HK,2025-06-02,6.55,6.58,6.36,6.51,74245388
2318.HK,2025-06-02,45.6,45.75,44.5,45.6,44122635
2628.HK,2025-06-02,15.74,15.86,15.32,15.86,32541912
2899.HK,2025-06-02,17.42,17.76,17.2,17.76,25824358
3968.HK,2025-06-02,48.1,48.6,46.55,48.1,18962746
BAC.US,2025-06-02,43.88,44.15,43.36,44.08,28582598
DIS.US,2025-06-02,112.68,113.6,112.25,112.95,7546839
PG.US,2025-06-02,169.02,169.04,166.23,167.78,7574428
0857.HK,2025-06-03,6.57,6.72,6.56,6.7,159875041
2318.HK,2025-06-03,45.85,46.65,45.7,46.45,33640197
2628.HK,2025-06-03,15.86,16.16,15.84,16.08,52249700
2899.HK,2025-06-03,18.16,18.48,18.1,18.16,51192605
3968.HK,2025-06-03,48.1,49.6,48.05,49.6,16424308
BAC.US,2025-06-03,44.01,44.73,43.94,44.65,31320154
DIS.US,2025-06-03,112.73,114.69,112.52,113.6,9738804
PG.US,2025-06-03,166.78,167.41,165.9,166.85,6223447
0857.HK,2025-06-04,6.7,6.78,6.7,6.78,142336911
2318.HK,2025-06-04,46.1,46.2,45.4,45.8,62190591
2628.HK,2025-06-04,16.04,16.38,16.04,16.38,57428488
2899.HK,2025-06-04,18.16,18.48,18.08,18.18,25521161
3968.HK,2025-06-04,49.55,49.95,49.35,49.9,13817295
BAC.US,2025-06-04,44.6,45.09,44.34,44.36,30591708
DIS.US,2025-06-04,113.86,114.05,112.98,113.49,5614893
PG.US,2025-06-04,166.69,168.05,165.92,165.95,4939333
0857.HK,2025-06-05,6.78,6.83,6.71,6.82,137049585
2318.HK,2025-06-05,46.15,46.35,45.75,46.0,63174541
2628.HK,2025-06-05,16.42,16.78,16.4,16.74,73550729
2899.HK,2025-06-05,18.26,18.48,17.86,17.94,38107370
3968.HK,2025-06-05,50.1,50.55,49.8,50.5,9986785
BAC.US,2025-06-05,44.45,44.58,44.01,44.38,32036157
DIS.US,2025-06-05,113.73,114.34,111.84,112.53,8550153
PG.US,2025-06-05,165.43,165.44,162.51,162.8,10352288
0857.HK,2025-06-06,6.8,6.9,6.79,6.84,153698110
2318.HK,2025-06-06,46.0,46.5,45.6,45.7,57499628
2628.HK,2025-06-06,16.8,16.94,16.54,16.68,46921160
2899.HK,2025-06-06,18.12,18.54,18.02,18.34,58297883
3968.HK,2025-06-06,50.75,51.0,50.2,50.25,16166859
BAC.US,2025-06-06,44.69,45.17,44.64,44.97,37013001
DIS.US,2025-06-06,113.36,114.22,113.21,113.9,5790664
PG.US,2025-06-06,163.29,165.24,163.28,164.02,5697877
0857.HK,2025-06-09,6.92,6.96,6.86,6.94,143847639
2318.HK,2025-06-09,46.05,47.2,46.0,47.2,61759416
2628.HK,2025-06-09,16.9,17.06,16.7,16.98,54943189
2899.HK,2025-06-09,18.32,18.32,17.5,18.04,99021702
3968.HK,2025-06-09,50.5,50.95,50.2,50.85,15947709
BAC.US,2025-06-09,45.11,45.4,44.78,44.87,32414025
DIS.US,2025-06-09,113.98,116.11,113.98,115.66,7960389
PG.US,2025-06-09,163.39,164.02,162.07,162.56,6544199
0857.HK,2025-06-10,6.95,7.09,6.95,7.07,194413900
2318.HK,2025-06-10,47.2,48.1,47.15,47.45,59743467
2628.HK,2025-06-10,16.98,17.2,16.84,17.02,62640659
2899.HK,2025-06-10,18.1,18.46,18.0,18.4,42474851
3968.HK,2025-06-10,50.85,51.7,50.6,50.9,15314033
BAC.US,2025-06-10,44.8,45.2,44.75,45.09,32229081
DIS.US,2025-06-10,115.53,120.5,115.53,118.73,18948440
PG.US,2025-06-10,162.69,163.51,161.92,162.84,7680015
0857.HK,2025-06-11,7.07,7.22,7.06,7.16,181468377
2318.HK,2025-06-11,47.45,48.9,47.4,48.75,79172415
2628.HK,2025-06-11,17.14,17.86,17.08,17.8,124642848
2899.HK,2025-06-11,18.5,19.16,18.44,19.06,72683795
3968.HK,2025-06-11,51.3,52.75,51.1,52.3,29714589
BAC.US,2025-06-11,45.2,45.41,44.55,44.73,47873455
DIS.US,2025-06-11,118.38,119.55,117.65,119.52,10439186
PG.US,2025-06-11,162.63,162.77,161.69,162.11,5960052
0857.HK,2025-06-12,7.23,7.34,7.15,7.27,210769482
2318.HK,2025-06-12,48.5,49.5,47.95,48.55,68158985
2628.HK,2025-06-12,17.76,18.72,17.66,17.96,136796326
2899.HK,2025-06-12,19.1,20.35,19.1,20.0,108476132
3968.HK,2025-06-12,52.15,52.85,51.8,52.1,22914454
BAC.US,2025-06-12,44.4,44.65,44.02,44.62,30165422
DIS.US,2025-06-12,118.87,119.39,117.66,118.61,7980313
PG.US,2025-06-12,161.97,163.31,161.68,163.18,6509891
0857.HK,2025-06-13,7.44,7.54,7.28,7.4,275421228
2318.HK,2025-06-13,48.3,48.55,47.5,47.7,50139179
2628.HK,2025-06-13,17.78,18.18,17.62,17.9,74562938
2899.HK,2025-06-13,20.6,20.7,19.92,20.1,97358891
3968.HK,2025-06-13,51.65,52.45,51.65,51.85,12367137
BAC.US,2025-06-13,44.0,44.46,43.66,44.09,43281740
DIS.US,2025-06-13,117.31,118.32,117.3,117.94,13204927
PG.US,2025-06-13,162.77,163.03,159.91,160.28,7104547
0857.HK,2025-06-16,7.49,7.5,7.33,7.38,237006846
2318.HK,2025-06-16,47.7,48.2,47.25,48.15,41126390
2628.HK,2025-06-16,17.8,18.5,17.78,18.42,84818185
2899.HK,2025-06-16,20.1,20.25,19.5,19.54,60115830
3968.HK,2025-06-16,51.85,53.85,51.5,53.65,24612701
BAC.US,2025-06-16,44.64,44.89,44.35,44.41,34103646
DIS.US,2025-06-16,118.02,120.34,117.87,119.48,9592056
PG.US,2025-06-16,160.88,161.95,160.01,160.88,6331961
0857.HK,2025-06-17,7.14,7.14,6.97,7.05,209214966
2318.HK,2025-06-17,48.15,48.3,47.5,47.8,26221248
2628.HK,2025-06-17,18.38,18.68,18.22,18.56,68219785
2899.HK,2025-06-17,19.62,19.74,19.34,19.7,40578738
3968.HK,2025-06-17,53.5,54.65,53.2,54.25,24709133
BAC.US,2025-06-17,44.27,44.67,44.06,44.23,27489633
DIS.US,2025-06-17,118.99,119.33,117.65,118.13,9241183
PG.US,2025-06-17,160.06,160.37,158.31,158.52,6809747
0857.HK,2025-06-18,7.07,7.16,6.91,6.95,185729667
2318.HK,2025-06-18,47.55,47.75,46.75,47.05,33877398
2628.HK,2025-06-18,18.4,18.54,18.08,18.22,68798175
2899.HK,2025-06-18,19.64,19.76,19.16,19.76,38899629
3968.HK,2025-06-18,53.7,54.15,52.8,53.15,19272349
BAC.US,2025-06-18,44.26,45.2,44.21,45.06,37684730
DIS.US,2025-06-18,117.88,118.75,116.84,117.86,8181181
PG.US,2025-06-18,158.55,158.65,157.66,158.02,7211225
0857.HK,2025-06-19,6.94,6.94,6.67,6.8,232269343
2318.HK,2025-06-19,46.75,46.9,45.7,46.0,50856721
2628.HK,2025-06-19,18.12,18.3,17.58,17.74,91461182
2899.HK,2025-06-19,19.7,19.72,19.0,19.0,53832403
3968.HK,2025-06-19,52.9,53.45,52.0,52.15,16935953
0857.HK,2025-06-20,6.8,6.8,6.67,6.71,183356276
2318.HK,2025-06-20,46.0,47.7,45.85,47.35,59997803
2628.HK,2025-06-20,17.78,18.7,17.68,18.58,125732650
2899.HK,2025-06-20,19.0,19.36,18.92,19.18,58204773
3968.HK,2025-06-20,51.95,53.7,51.95,53.1,28994909
BAC.US,2025-06-20,45.31,45.65,45.27,45.5,64591572
DIS.US,2025-06-20,118.25,119.05,116.9,117.63,17180437
PG.US,2025-06-20,158.03,159.34,157.85,159.08,16173371
0857.HK,2025-06-23,6.82,6.89,6.67,6.71,168088680
2318.HK,2025-06-23,46.7,47.7,46.5,47.5,28376757
2628.HK,2025-06-23,18.3,18.62,18.14,18.56,67088635
2899.HK,2025-06-23,19.08,19.34,18.96,19.26,38009885
3968.HK,2025-06-23,52.4,54.0,52.35,53.9,20126072
BAC.US,2025-06-23,45.4,46.37,45.11,46.3,42683615
DIS.US,2025-06-23,116.66,117.99,115.02,117.75,8347998
PG.US,2025-06-23,159.07,161.19,159.0,161.03,6588223
0857.HK,2025-06-24,6.6,6.7,6.5,6.69,178410243
2318.HK,2025-06-24,47.9,50.1,47.9,49.95,136077998
2628.HK,2025-06-24,18.68,19.42,18.68,19.28,118065251
2899.HK,2025-06-24,19.28,19.72,19.02,19.26,37724275
3968.HK,2025-06-24,54.25,55.35,54.15,54.95,28630842
BAC.US,2025-06-24,46.75,47.19,46.57,46.66,45437593
DIS.US,2025-06-24,117.75,119.08,117.75,118.65,8350221
PG.US,2025-06-24,161.18,161.74,159.65,160.36,7470052
0857.HK,2025-06-25,6.72,6.75,6.62,6.69,105146550
2318.HK,2025-06-25,49.95,51.75,49.5,51.45,110921076
2628.HK,2025-06-25,19.36,19.98,19.18,19.9,136626863
2899.HK,2025-06-25,19.4,19.7,19.2,19.46,39931066
3968.HK,2025-06-25,55.2,56.25,54.95,56.15,22794134
BAC.US,2025-06-25,46.58,46.98,46.46,46.85,33532391
DIS.US,2025-06-25,118.77,119.72,118.63,119.42,6976323
PG.US,2025-06-25,159.83,160.34,158.71,158.97,5933715
0857.HK,2025-06-26,6.68,6.81,6.68,6.78,99075930
2318.HK,2025-06-26,51.3,51.35,50.55,51.05,69891026
2628.HK,2025-06-26,19.9,19.9,19.38,19.54,75767421
2899.HK,2025-06-26,19.44,19.94,19.34,19.68,35716668
3968.HK,2025-06-26,56.0,56.75,55.55,56.5,19739942
BAC.US,2025-06-26,46.95,47.58,46.9,47.46,40127021
DIS.US,2025-06-26,119.98,121.67,119.68,121.46,10439595
PG.US,2025-06-26,159.55,159.56,157.17,158.63,7410446
0857.HK,2025-06-27,6.79,6.84,6.74,6.81,128608183
2318.HK,2025-06-27,51.0,51.55,49.9,50.4,57839853
2628.HK,2025-06-27,19.5,19.8,18.9,18.96,111203593
2899.HK,2025-06-27,19.96,21.05,19.94,20.5,90304604
3968.HK,2025-06-27,56.25,56.6,54.8,55.15,23340020
BAC.US,2025-06-27,47.45,47.67,46.91,47.12,56705021
DIS.US,2025-06-27,121.85,122.94,121.48,122.34,13435553
PG.US,2025-06-27,158.68,160.13,158.29,159.86,19256955
0857.HK,2025-06-30,6.82,6.82,6.69,6.75,76028337
2318.HK,2025-06-30,50.6,50.8,49.65,49.85,35626841
2628.HK,2025-06-30,18.92,19.2,18.8,18.84,70246491
2899.HK,2025-06-30,20.6,20.85,19.98,20.05,36872393
3968.HK,2025-06-30,55.05,55.15,53.8,54.85,23158545
BAC.US,2025-06-30,47.62,47.62,47.03,47.32,47921177
DIS.US,2025-06-30,124.31,124.69,123.18,124.01,13456209
PG.US,2025-06-30,159.26,159.9,158.13,159.32,11238201
BAC.US,2025-07-01,47.02,48.42,46.94,48.15,48540877
DIS.US,2025-07-01,123.5,123.76,122.45,123.49,9815654
PG.US,2025-07-01,159.88,162.53,159.38,161.22,10664891
0857.HK,2025-07-02,6.75,6.83,6.75,6.8,68368592
2318.HK,2025-07-02,50.6,50.7,49.95,50.25,47102250
2628.HK,2025-07-02,18.4,18.64,18.2,18.46,67731975
2899.HK,2025-07-02,20.8,21.1,20.55,20.6,75246751
3968.HK,2025-07-02,55.95,56.3,55.25,56.0,28159835
BAC.US,2025-07-02,48.36,48.73,48.06,48.71,48003612
DIS.US,2025-07-02,123.32,123.7,122.53,122.98,7317075
PG.US,2025-07-02,161.14,161.35,159.86,161.2,8848744
0857.HK,2025-07-03,6.83,6.87,6.77,6.83,44785962
2318.HK,2025-07-03,50.55,50.85,49.75,50.1,39479103
2628.HK,2025-07-03,18.58,18.66,18.16,18.5,45096237
2899.HK,2025-07-03,21.15,21.5,20.8,21.25,77082938
3968.HK,2025-07-03,54.05,54.45,51.8,52.5,21155271
BAC.US,2025-07-03,48.95,49.31,48.81,48.93,21620278
DIS.US,2025-07-03,123.07,124.24,122.9,124.0,4252305
PG.US,2025-07-03,161.79,162.02,159.79,160.83,6999589
0857.HK,2025-07-04,6.78,6.85,6.77,6.81,45845321
2318.HK,2025-07-04,49.8,50.85,48.7,50.05,57325315
2628.HK,2025-07-04,18.32,18.82,18.06,18.46,63459302
2899.HK,2025-07-04,21.0,21.25,20.6,21.05,45510887
3968.HK,2025-07-04,51.8,52.5,51.75,51.9,23216862
0857.HK,2025-07-07,6.81,6.82,6.71,6.81,48554868
2318.HK,2025-07-07,49.85,50.0,49.4,49.7,32597617
2628.HK,2025-07-07,18.36,18.46,18.16,18.26,42288000
2899.HK,2025-07-07,20.85,20.85,20.3,20.35,37482800
3968.HK,2025-07-07,51.95,52.1,50.9,51.35,18387177
BAC.US,2025-07-07,48.74,49.21,48.37,48.66,35567880
DIS.US,2025-07-07,123.21,124.61,122.58,123.16,7023455
PG.US,2025-07-07,160.89,161.18,159.29,160.5,7225695
0857.HK,2025-07-08,6.84,6.88,6.79,6.85,52597571
2318.HK,2025-07-08,50.15,50.8,49.85,50.7,43363137
2628.HK,2025-07-08,18.26,18.4,18.04,18.36,62129737
2899.HK,2025-07-08,20.55,20.95,20.35,20.7,38096046
3968.HK,2025-07-08,51.8,52.0,51.15,51.45,17985915
BAC.US,2025-07-08,47.5,47.79,46.76,47.15,88086497
DIS.US,2025-07-08,123.22,123.71,121.82,121.82,6622889
PG.US,2025-07-08,159.52,159.78,157.44,157.89,12034764
0857.HK,2025-07-09,6.84,6.98,6.8,6.91,91131551
2318.HK,2025-07-09,50.55,50.6,49.2,49.5,50272711
2628.HK,2025-07-09,18.3,18.36,17.98,18.06,62188085
2899.HK,2025-07-09,20.7,20.75,19.7,20.0,90006387
3968.HK,2025-07-09,51.0,51.45,50.75,51.25,17269254
BAC.US,2025-07-09,47.16,47.45,46.71,46.84,46227855
DIS.US,2025-07-09,121.84,122.35,120.61,120.61,6724923
PG.US,2025-07-09,158.1,158.2,155.95,157.52,18770894
0857.HK,2025-07-10,6.93,7.03,6.93,7.01,81286633
2318.HK,2025-07-10,49.5,51.75,49.2,51.65,81724168
2628.HK,2025-07-10,18.0,18.8,18.0,18.58,78311996
2899.HK,2025-07-10,20.0,20.05,19.7,19.8,47522700
3968.HK,2025-07-10,51.0,52.5,51.0,52.2,16569742
BAC.US,2025-07-10,46.9,47.22,46.78,46.97,44224992
DIS.US,2025-07-10,120.62,121.95,120.62,121.56,6893444
PG.US,2025-07-10,157.76,159.61,157.04,158.49,7201748
0857.HK,2025-07-11,7.01,7.15,7.01,7.05,110391121
2318.HK,2025-07-11,51.7,54.85,51.7,52.85,124532768
2628.HK,2025-07-11,18.6,19.44,18.56,18.86,116327101
2899.HK,2025-07-11,19.72,20.55,19.72,20.0,49693863
3968.HK,2025-07-11,52.0,53.05,51.25,51.25,14621664
BAC.US,2025-07-11,46.64,46.81,46.25,46.73,31653005
DIS.US,2025-07-11,120.64,121.23,119.73,119.87,6112433
PG.US,2025-07-11,158.05,158.05,156.44,157.05,8053808
0857.HK,2025-07-14,7.07,7.19,7.07,7.16,103745786
2318.HK,2025-07-14,52.95,54.0,52.85,53.05,42228657
2628.HK,2025-07-14,18.92,19.3,18.86,19.04,46260289
2899.HK,2025-07-14,20.2,20.7,20.2,20.45,42459323
3968.HK,2025-07-14,51.55,51.9,50.9,51.15,10605130
BAC.US,2025-07-14,46.81,47.07,46.55,47.07,36381172
DIS.US,2025-07-14,119.78,120.5,119.6,119.97,6853279
PG.US,2025-07-14,155.58,155.8,152.86,153.76,11491688
0857.HK,2025-07-15,7.18,7.21,7.09,7.18,78325961
2318.HK,2025-07-15,53.2,53.85,51.9,52.6,57199689
2628.HK,2025-07-15,19.12,19.4,18.44,18.78,76004239
2899.HK,2025-07-15,20.45,20.5,19.94,20.4,44081135
3968.HK,2025-07-15,52.15,52.75,50.25,50.85,20506758
BAC.US,2025-07-15,46.88,47.01,45.95,46.15,55144992
DIS.US,2025-07-15,120.23,120.23,118.88,118.98,7943647
PG.US,2025-07-15,153.56,154.05,151.9,152.68,9142615
0857.HK,2025-07-16,7.16,7.22,7.15,7.16,62428203
2318.HK,2025-07-16,52.6,52.95,51.75,51.85,46194660
2628.HK,2025-07-16,18.8,18.92,18.58,18.68,35391590
2899.HK,2025-07-16,20.4,20.75,20.25,20.55,26604196
3968.HK,2025-07-16,51.25,51.4,50.8,51.1,17062221
BAC.US,2025-07-16,46.25,46.56,45.01,46.03,61296628
DIS.US,2025-07-16,119.36,120.57,118.88,119.82,6747531
PG.US,2025-07-16,152.74,153.76,152.27,153.73,8478997
0857.HK,2025-07-17,7.14,7.15,7.05,7.11,97569516
2318.HK,2025-07-17,52.05,52.3,51.25,51.5,32274494
2628.HK,2025-07-17,18.7,18.92,18.58,18.7,43523337
2899.HK,2025-07-17,20.6,20.75,20.1,20.25,39062997
3968.HK,2025-07-17,51.1,52.1,50.85,51.1,13873074
BAC.US,2025-07-17,45.64,47.22,45.44,47.02,56480729
DIS.US,2025-07-17,119.75,122.39,119.75,122.21,9933689
PG.US,2025-07-17,154.04,155.75,153.88,155.62,8319996
0857.HK,2025-07-18,7.18,7.23,7.13,7.21,71564834
2318.HK,2025-07-18,52.4,53.0,51.85,52.85,42282495
2628.HK,2025-07-18,18.82,19.7,18.82,19.66,139407641
2899.HK,2025-07-18,20.5,21.15,20.35,20.95,62648739
3968.HK,2025-07-18,51.75,52.0,51.05,51.9,14518074
BAC.US,2025-07-18,47.01,47.38,46.9,47.32,48314188
DIS.US,2025-07-18,121.97,122.16,120.29,121.42,9486785
PG.US,2025-07-18,153.78,155.57,153.63,155.1,7337252
0857.HK,2025-07-21,7.25,7.52,7.23,7.47,226057488
2318.HK,2025-07-21,52.95,53.5,52.5,53.4,33878673
2628.HK,2025-07-21,19.68,20.2,19.58,20.1,115096543
2899.HK,2025-07-21,21.15,21.75,20.8,21.65,67779541
3968.HK,2025-07-21,52.1,52.15,51.25,51.4,16027717
BAC.US,2025-07-21,47.54,48.04,47.2,47.48,32199673
DIS.US,2025-07-21,121.07,121.97,120.78,120.84,6392470
PG.US,2025-07-21,155.07,155.94,154.89,155.03,6328370
0857.HK,2025-07-22,7.47,7.52,7.39,7.45,121011834
2318.HK,2025-07-22,53.45,53.7,52.45,53.5,42447739
2628.HK,2025-07-22,20.15,21.0,20.05,20.95,155090704
2899.HK,2025-07-22,21.8,22.7,21.7,22.45,86477976
3968.HK,2025-07-22,51.4,51.75,50.4,51.45,17348119
BAC.US,2025-07-22,47.6,48.17,47.46,47.77,34749381
DIS.US,2025-07-22,120.75,121.43,120.56,121.06,5614473
PG.US,2025-07-22,154.92,158.37,154.9,158.32,8186970
0857.HK,2025-07-23,7.45,7.54,7.44,7.47,76834563
2318.HK,2025-07-23,54.0,54.85,53.8,54.3,79912166
2628.HK,2025-07-23,21.15,22.2,21.1,21.65,187050561
2899.HK,2025-07-23,22.8,23.0,22.4,22.7,80238845
3968.HK,2025-07-23,51.95,53.15,51.75,52.95,18548495
BAC.US,2025-07-23,48.01,48.31,47.81,48.14,31380097
DIS.US,2025-07-23,121.52,123.18,121.5,122.94,8258934
PG.US,2025-07-23,158.22,158.88,157.68,158.28,4804795
0857.HK,2025-07-24,7.45,7.52,7.42,7.46,80617419
2318.HK,2025-07-24,54.3,55.7,54.2,55.4,73852097
2628.HK,2025-07-24,21.65,22.7,21.6,22.35,155607338
2899.HK,2025-07-24,22.35,22.75,22.2,22.55,46630852
3968.HK,2025-07-24,53.0,53.8,52.8,53.15,17715401
BAC.US,2025-07-24,48.49,49.0,48.21,48.39,42967619
DIS.US,2025-07-24,122.85,123.4,121.81,121.95,6702242
PG.US,2025-07-24,158.87,159.02,158.05,158.81,7027392
0857.HK,2025-07-25,7.42,7.58,7.39,7.45,76204995
2318.HK,2025-07-25,55.15,55.4,54.35,54.5,45995766
2628.HK,2025-07-25,22.35,23.15,22.1,22.75,153697977
2899.HK,2025-07-25,22.4,22.7,22.3,22.45,31787736
3968.HK,2025-07-25,53.1,53.1,52.4,52.65,13177956
BAC.US,2025-07-25,48.39,48.55,47.94,48.45,24461228
DIS.US,2025-07-25,122.26,122.45,120.87,121.47,5656575
PG.US,2025-07-25,157.34,158.44,157.02,158.3,5800248
0857.HK,2025-07-28,7.44,7.44,7.27,7.33,106782665
2318.HK,2025-07-28,54.75,57.65,54.6,56.4,102731940
2628.HK,2025-07-28,22.9,24.45,22.9,23.15,256773481
2899.HK,2025-07-28,22.5,22.7,22.1,22.5,36685772
3968.HK,2025-07-28,52.4,53.2,52.3,53.0,12456376
BAC.US,2025-07-28,48.45,48.54,48.08,48.23,20590380
DIS.US,2025-07-28,121.03,121.4,119.89,120.37,6042152
PG.US,2025-07-28,157.63,158.09,156.23,157.11,7885026
0857.HK,2025-07-29,7.33,7.54,7.31,7.53,175730584
2318.HK,2025-07-29,56.35,56.5,55.55,56.4,52075015
2628.HK,2025-07-29,22.95,23.45,22.45,22.9,129235221
2899.HK,2025-07-29,22.05,22.55,21.8,22.4,36274261
3968.HK,2025-07-29,53.0,53.05,52.0,52.55,17663748
BAC.US,2025-07-29,48.39,48.51,47.89,47.95,26216484
DIS.US,2025-07-29,120.58,120.81,119.36,119.91,6283748
PG.US,2025-07-29,158.65,158.65,154.84,156.61,11466058
0857.HK,2025-07-30,7.55,7.9,7.53,7.82,319980653
2318.HK,2025-07-30,56.4,57.2,55.75,56.3,68830779
2628.HK,2025-07-30,22.75,23.6,22.45,23.25,135790792
2899.HK,2025-07-30,22.35,22.7,22.1,22.3,39386019
3968.HK,2025-07-30,51.95,52.5,51.4,52.05,15577099
BAC.US,2025-07-30,48.26,48.5,47.74,47.96,32265850
DIS.US,2025-07-30,119.95,120.5,119.18,119.54,5281457
PG.US,2025-07-30,157.0,157.0,152.05,152.88,8162888
0857.HK,2025-07-31,7.75,7.82,7.64,7.67,120441343
2318.HK,2025-07-31,56.0,56.0,53.75,53.95,102427596
2628.HK,2025-07-31,23.05,23.2,22.4,22.75,119873240
2899.HK,2025-07-31,21.8,21.8,20.9,20.95,91604119
3968.HK,2025-07-31,51.4,51.75,50.85,51.0,14821423
BAC.US,2025-07-31,47.76,48.03,47.19,47.27,40016313
DIS.US,2025-07-31,119.46,119.91,118.58,119.11,7235003
PG.US,2025-07-31,151.8,152.0,149.91,150.47,11845443
0857.HK,2025-08-01,7.64,7.64,7.36,7.42,200326825
2318.HK,2025-08-01,53.8,54.5,52.6,52.9,78618302
2628.HK,2025-08-01,22.6,23.1,21.85,22.15,133621354
2899.HK,2025-08-01,20.85,21.55,20.85,21.15,41632245
3968.HK,2025-08-01,50.9,51.6,50.15,50.3,14956241
BAC.US,2025-08-01,46.36,46.41,45.32,45.66,52310438
DIS.US,2025-08-01,117.59,117.89,115.57,116.59,8637815
PG.US,2025-08-01,151.78,153.49,150.52,150.65,8594220
0857.HK,2025-08-04,7.34,7.38,7.2,7.38,135779372
2318.HK,2025-08-04,52.4,53.8,52.4,53.65,45024954
2628.HK,2025-08-04,21.64,22.4,21.58,22.26,81194290
2899.HK,2025-08-04,21.68,21.84,21.5,21.66,42027363
3968.HK,2025-08-04,50.15,51.5,50.0,51.0,10143565
BAC.US,2025-08-04,45.96,46.11,45.64,45.85,31038904
DIS.US,2025-08-04,117.73,119.52,117.73,119.35,8845043
PG.US,2025-08-04,150.25,151.46,150.02,150.76,7679361
0857.HK,2025-08-05,7.38,7.44,7.33,7.36,86199436
2318.HK,2025-08-05,53.75,54.1,53.0,54.05,40166359
2628.HK,2025-08-05,22.22,22.96,22.22,22.88,75949269
2899.HK,2025-08-05,21.78,22.14,21.6,22.02,34067610
3968.HK,2025-08-05,50.75,51.45,50.7,51.3,13938023
BAC.US,2025-08-05,45.95,46.0,44.75,45.56,36798320
DIS.US,2025-08-05,119.25,119.57,117.33,118.32,15365681
PG.US,2025-08-05,150.71,152.08,150.32,150.51,6670065
0857.HK,2025-08-06,7.31,7.53,7.31,7.5,95848672
2318.HK,2025-08-06,54.1,54.55,53.5,53.85,28025954
2628.HK,2025-08-06,22.9,23.22,22.52,22.68,50453745
2899.HK,2025-08-06,22.0,22.38,21.84,22.2,22127511
3968.HK,2025-08-06,51.0,51.95,50.55,50.7,8407613
BAC.US,2025-08-06,45.71,45.94,45.39,45.42,27916767
DIS.US,2025-08-06,115.78,116.12,112.2,115.17,22153696
PG.US,2025-08-06,150.86,153.48,150.21,152.86,7376213
0857.HK,2025-08-07,7.54,7.62,7.47,7.57,75210294
2318.HK,2025-08-07,54.25,54.8,53.6,54.6,30613126
2628.HK,2025-08-07,22.78,22.98,22.4,22.84,39004846
2899.HK,2025-08-07,22.32,22.5,21.82,22.5,32979130
3968.HK,2025-08-07,50.85,51.3,50.6,51.05,7804364
BAC.US,2025-08-07,45.71,45.76,44.78,44.92,30609882
DIS.US,2025-08-07,115.75,116.4,111.82,112.88,15484435
PG.US,2025-08-07,153.12,154.01,152.7,153.49,6719044
0857.HK,2025-08-08,7.5,7.64,7.48,7.57,62609964
2318.HK,2025-08-08,54.6,54.75,54.1,54.35,18130583
2628.HK,2025-08-08,22.7,22.86,22.36,22.46,54146086
2899.HK,2025-08-08,22.56,23.2,22.5,23.06,41749061
3968.HK,2025-08-08,50.65,50.85,50.2,50.3,12884639
BAC.US,2025-08-08,45.15,46.3,44.98,46.01,37131557
DIS.US,2025-08-08,113.3,114.29,112.02,112.43,9490971
PG.US,2025-08-08,152.77,153.79,152.57,153.51,5811281
0857.HK,2025-08-11,7.57,7.59,7.48,7.54,61444854
2318.HK,2025-08-11,54.7,55.0,54.05,54.75,24847149
2628.HK,2025-08-11,22.5,22.54,21.86,21.96,76124646
2899.HK,2025-08-11,23.0,23.06,22.44,22.86,38178622
3968.HK,2025-08-11,50.8,50.8,49.56,49.78,14293571
BAC.US,2025-08-11,46.06,46.52,45.81,46.16,35559383
DIS.US,2025-08-11,112.91,113.15,111.54,112.55,8532602
PG.US,2025-08-11,153.54,155.39,153.31,154.98,7331707
0857.HK,2025-08-12,7.51,7.69,7.51,7.67,71905791
2318.HK,2025-08-12,54.75,56.1,54.65,55.9,43998073
2628.HK,2025-08-12,21.88,22.72,21.88,22.64,64869250
2899.HK,2025-08-12,22.78,23.06,22.42,22.88,21702252
3968.HK,2025-08-12,49.7,50.25,49.58,49.98,10483340
BAC.US,2025-08-12,46.48,47.66,46.36,47.5,35484466
DIS.US,2025-08-12,113.31,114.4,112.49,113.72,7275374
PG.US,2025-08-12,155.06,155.55,154.31,155.09,6938336
0857.HK,2025-08-13,7.67,7.75,7.64,7.7,80146382
2318.HK,2025-08-13,56.3,57.05,55.6,56.8,57362372
2628.HK,2025-08-13,22.86,23.04,22.32,22.8,83585858
2899.HK,2025-08-13,23.0,23.7,22.9,23.7,40078863
3968.HK,2025-08-13,50.45,50.55,49.8,50.1,16619928
BAC.US,2025-08-13,47.68,47.76,46.99,47.24,29465062
DIS.US,2025-08-13,114.23,117.23,114.15,116.64,9025741
PG.US,2025-08-13,155.21,157.01,154.95,155.41,5812356
0857.HK,2025-08-14,7.73,7.8,7.68,7.71,102454023
2318.HK,2025-08-14,57.0,59.1,56.95,57.9,87441926
2628.HK,2025-08-14,22.9,24.08,22.84,23.62,191784364
2899.HK,2025-08-14,23.8,24.14,23.68,23.94,37936792
3968.HK,2025-08-14,50.0,50.5,49.9,50.1,14467618
BAC.US,2025-08-14,47.09,47.73,46.89,47.71,21073786
DIS.US,2025-08-14,115.48,116.71,114.62,116.31,6800884
PG.US,2025-08-14,154.64,154.7,153.27,153.74,6343715
0857.HK,2025-08-15,7.7,7.77,7.65,7.68,74776833
2318.HK,2025-08-15,57.9,57.9,56.75,57.6,55233118
2628.HK,2025-08-15,23.4,24.42,23.38,24.36,143039145
2899.HK,2025-08-15,23.8,24.16,23.4,24.1,41196880
3968.HK,2025-08-15,49.8,50.0,48.62,48.84,17262214
BAC.US,2025-08-15,47.75,47.82,46.9,46.94,26276902
DIS.US,2025-08-15,116.57,116.84,115.19,115.39,6768603
PG.US,2025-08-15,154.47,155.6,154.21,154.36,7121700
0857.HK,2025-08-18,7.66,7.67,7.51,7.51,89615553
2318.HK,2025-08-18,58.0,58.7,57.5,57.75,47162253
2628.HK,2025-08-18,24.54,25.58,24.5,25.06,145802038
2899.HK,2025-08-18,24.1,24.16,23.48,23.48,33065230
3968.HK,2025-08-18,48.66,49.06,48.32,48.56,14485618
BAC.US,2025-08-18,46.92,48.04,46.79,47.92,43125120
DIS.US,2025-08-18,115.19,117.01,115.16,116.55,5798370
PG.US,2025-08-18,154.42,156.92,154.17,155.72,8274726
0857.HK,2025-08-19,7.5,7.5,7.4,7.47,88045191
2318.HK,2025-08-19,58.0,58.45,57.15,57.3,37572078
2628.HK,2025-08-19,25.28,25.58,24.18,24.26,86178399
2899.HK,2025-08-19,23.8,23.8,22.86,23.12,30860373
3968.HK,2025-08-19,49.0,49.2,48.36,48.5,13478603
BAC.US,2025-08-19,47.82,48.12,47.63,48.08,33783443
DIS.US,2025-08-19,116.5,116.99,115.72,116.27,5913959
PG.US,2025-08-19,155.73,158.7,155.67,158.4,7868129
0857.HK,2025-08-20,7.39,7.46,7.36,7.45,72913501
2318.HK,2025-08-20,56.95,57.9,56.55,57.8,28245578
2628.HK,2025-08-20,24.08,24.8,23.64,24.62,74795438
2899.HK,2025-08-20,22.92,23.34,22.66,23.26,41574059
3968.HK,2025-08-20,48.4,49.0,48.22,48.68,11654508
BAC.US,2025-08-20,48.17,48.5,47.87,48.35,30822222
DIS.US,2025-08-20,116.08,117.89,116.0,117.04,7046680
PG.US,2025-08-20,158.58,161.03,158.41,159.51,7840355
0857.HK,2025-08-21,7.47,7.57,7.44,7.55,85637615
2318.HK,2025-08-21,57.95,58.4,57.45,57.9,31299193
2628.HK,2025-08-21,24.7,25.12,24.34,24.62,65087128
2899.HK,2025-08-21,23.36,23.36,22.74,22.9,35078131
3968.HK,2025-08-21,48.66,48.9,48.3,48.74,14337497
BAC.US,2025-08-21,48.27,48.49,47.81,48.26,28713163
DIS.US,2025-08-21,116.57,116.66,115.53,116.21,6337059
PG.US,2025-08-21,157.93,159.06,157.18,158.73,6417695
0857.HK,2025-08-22,7.55,7.6,7.45,7.51,74192732
2318.HK,2025-08-22,57.9,58.2,57.25,58.1,36747559
2628.HK,2025-08-22,24.7,24.9,24.16,24.78,77892065
2899.HK,2025-08-22,23.08,23.14,22.66,22.88,23458753
3968.HK,2025-08-22,48.74,49.22,48.08,48.34,13241594
BAC.US,2025-08-22,48.52,49.66,48.46,49.48,45078911
DIS.US,2025-08-22,117.59,119.78,117.13,118.86,7161725
PG.US,2025-08-22,159.38,160.68,158.31,158.67,5797325
0857.HK,2025-08-25,7.58,7.62,7.46,7.48,91738055
2318.HK,2025-08-25,58.7,59.2,58.4,58.65,56101457
2628.HK,2025-08-25,25.16,25.38,24.6,24.74,91740063
2899.HK,2025-08-25,23.5,24.58,23.5,24.34,80035427
3968.HK,2025-08-25,48.96,49.78,48.34,49.64,21205625
BAC.US,2025-08-25,49.39,49.66,49.21,49.48,34715749
DIS.US,2025-08-25,118.49,119.05,117.7,117.71,5424937
PG.US,2025-08-25,158.39,158.7,155.89,156.15,4692505
0857.HK,2025-08-26,7.49,7.56,7.42,7.43,95117619
2318.HK,2025-08-26,58.65,58.65,57.4,57.45,41174576
2628.HK,2025-08-26,24.74,25.3,24.58,24.68,80192244
2899.HK,2025-08-26,24.34,25.16,24.34,24.8,58154926
3968.HK,2025-08-26,49.68,49.86,48.36,48.38,13581297
BAC.US,2025-08-26,49.25,50.26,49.25,50.25,40609302
DIS.US,2025-08-26,117.43,118.38,117.16,117.65,5787377
PG.US,2025-08-26,155.92,156.7,155.34,155.97,6337977
0857.HK,2025-08-27,7.4,7.54,7.36,7.39,113032242
2318.HK,2025-08-27,57.0,57.2,56.1,56.3,79986092
2628.HK,2025-08-27,24.7,24.8,23.76,23.88,108429830
2899.HK,2025-08-27,25.2,25.3,24.56,24.74,44548694
3968.HK,2025-08-27,48.68,48.8,47.8,47.84,19603476
BAC.US,2025-08-27,50.03,50.63,49.99,50.38,42428187
DIS.US,2025-08-27,117.53,118.46,117.29,118.09,4377994
PG.US,2025-08-27,156.15,157.13,155.79,156.96,4551219
0857.HK,2025-08-28,7.4,7.46,7.34,7.38,88365114
2318.HK,2025-08-28,56.1,56.8,55.35,56.2,56007863
2628.HK,2025-08-28,22.98,24.3,22.92,23.92,178064516
2899.HK,2025-08-28,24.74,25.14,24.38,24.68,34898299
3968.HK,2025-08-28,47.62,48.3,47.44,47.96,12272959
BAC.US,2025-08-28,50.55,50.64,50.28,50.49,32949399
DIS.US,2025-08-28,118.1,118.37,116.61,117.64,5687698
PG.US,2025-08-28,157.0,157.01,155.03,155.65,5857727
0857.HK,2025-08-29,7.43,7.64,7.43,7.51,162732840
2318.HK,2025-08-29,56.0,58.1,56.0,56.3,86491909
2628.HK,2025-08-29,24.2,25.14,23.96,24.02,133935175
2899.HK,2025-08-29,24.9,26.0,24.66,25.58,76248035
3968.HK,2025-08-29,48.08,48.94,47.94,48.0,12808137
BAC.US,2025-08-29,50.51,50.92,50.51,50.74,32496470
DIS.US,2025-08-29,117.39,118.65,117.25,118.38,5212602
PG.US,2025-08-29,156.09,157.56,155.65,157.04,5318179
0857.HK,2025-09-01,7.56,7.68,7.51,7.63,124474843
2318.HK,2025-09-01,57.0,57.1,56.4,56.65,48059341
2628.HK,2025-09-01,24.22,24.38,23.58,23.66,76142035
2899.HK,2025-09-01,26.28,27.76,26.22,27.56,120637342
3968.HK,2025-09-01,47.72,47.84,46.28,47.04,21847794
0857.HK,2025-09-02,7.61,7.79,7.61,7.67,111238189
2318.HK,2025-09-02,56.45,57.3,56.15,56.45,35399106
2628.HK,2025-09-02,23.5,23.9,23.26,23.34,53223576
2899.HK,2025-09-02,27.6,27.98,26.82,27.1,80337700
3968.HK,2025-09-02,47.04,48.38,46.66,48.16,16117695
BAC.US,2025-09-02,50.22,50.47,49.67,50.42,52719782
DIS.US,2025-09-02,117.02,118.28,116.0,118.27,6015871
PG.US,2025-09-02,157.36,158.86,156.98,157.99,6432837
0857.HK,2025-09-03,7.67,7.84,7.67,7.74,155691694
2318.HK,2025-09-03,56.45,57.2,56.05,56.5,38854433
2628.HK,2025-09-03,23.36,23.98,22.94,23.16,59548390
2899.HK,2025-09-03,27.8,28.56,27.34,27.6,57873042
3968.HK,2025-09-03,48.64,48.98,47.68,47.88,9849204
BAC.US,2025-09-03,50.4,50.57,49.7,50.06,38344193
DIS.US,2025-09-03,117.83,118.62,116.35,117.38,6288650
PG.US,2025-09-03,157.65,158.64,156.5,158.17,6592451
0857.HK,2025-09-04,7.72,7.77,7.59,7.63,100011528
2318.HK,2025-09-04,57.1,57.1,55.2,55.65,42888736
2628.HK,2025-09-04,23.34,23.48,22.18,22.4,96027026
2899.HK,2025-09-04,27.92,28.24,26.38,26.68,96392777
3968.HK,2025-09-04,47.96,48.28,47.38,47.54,11071652
BAC.US,2025-09-04,50.24,50.83,50.12,50.62,34796896
DIS.US,2025-09-04,117.08,119.68,116.76,118.81,6949291
PG.US,2025-09-04,158.52,159.75,157.81,159.19,6935245
0857.HK,2025-09-05,7.62,7.72,7.62,7.69,98928068
2318.HK,2025-09-05,55.65,55.75,54.85,55.45,42138877
2628.HK,2025-09-05,22.44,22.6,22.18,22.58,52390412
2899.HK,2025-09-05,26.66,28.5,26.66,28.24,74541357
3968.HK,2025-09-05,48.0,48.14,47.06,47.4,11962068
BAC.US,2025-09-05,50.44,50.79,49.23,49.77,40063322
DIS.US,2025-09-05,118.91,119.78,117.7,117.91,6669126
PG.US,2025-09-05,158.55,160.56,158.41,160.02,6436150
0857.HK,2025-09-08,7.69,7.86,7.57,7.79,141673070
2318.HK,2025-09-08,55.5,56.4,55.35,56.0,36337765
2628.HK,2025-09-08,22.62,22.7,22.28,22.5,33875809
2899.HK,2025-09-08,28.62,28.84,27.36,27.74,65167373
3968.HK,2025-09-08,47.38,47.74,46.98,47.1,15243278
BAC.US,2025-09-08,49.8,49.91,48.88,49.46,48033135
DIS.US,2025-09-08,117.96,118.88,116.74,118.84,6450670
PG.US,2025-09-08,159.61,160.27,158.25,159.01,7178356
0857.HK,2025-09-09,7.58,7.59,7.33,7.39,152552766
2318.HK,2025-09-09,56.0,57.6,56.0,57.2,61462967
2628.HK,2025-09-09,22.6,23.08,22.42,22.7,48488724
2899.HK,2025-09-09,28.24,29.06,27.88,28.86,71016192
3968.HK,2025-09-09,47.1,47.96,47.0,47.86,9531845
BAC.US,2025-09-09,49.5,50.56,49.46,50.29,40060147
DIS.US,2025-09-09,118.53,119.05,117.22,117.37,5444265
PG.US,2025-09-09,158.61,159.87,158.2,159.46,4984936
0857.HK,2025-09-10,7.42,7.51,7.37,7.45,91680690
2318.HK,2025-09-10,56.4,57.0,56.0,56.55,35524896
2628.HK,2025-09-10,22.9,23.42,22.64,23.12,69343177
2899.HK,2025-09-10,28.46,29.04,27.8,29.0,68840310
3968.HK,2025-09-10,47.86,49.14,47.86,48.92,14653813
BAC.US,2025-09-10,50.37,50.63,49.97,50.13,31706338
DIS.US,2025-09-10,116.85,117.51,114.5,115.79,7484866
PG.US,2025-09-10,158.6,158.94,155.89,157.35,6205463
0857.HK,2025-09-11,7.46,7.49,7.4,7.45,50370349
2318.HK,2025-09-11,56.1,56.75,55.85,56.35,30295333
2628.HK,2025-09-11,22.92,23.44,22.62,23.16,59519487
2899.HK,2025-09-11,28.84,29.94,28.78,29.36,62362796
3968.HK,2025-09-11,48.7,49.04,48.36,48.7,7382627
BAC.US,2025-09-11,50.14,50.96,49.99,50.75,28055187
DIS.US,2025-09-11,115.45,117.17,114.63,117.08,8399064
PG.US,2025-09-11,157.72,159.35,157.39,158.63,5819875
0857.HK,2025-09-12,7.5,7.51,7.28,7.39,99244070
2318.HK,2025-09-12,57.05,57.75,56.8,57.1,34154569
2628.HK,2025-09-12,23.5,23.74,23.16,23.24,45893437
2899.HK,2025-09-12,29.76,29.98,29.28,29.78,70056518
3968.HK,2025-09-12,49.28,49.36,48.04,48.18,12499661
BAC.US,2025-09-12,50.7,50.93,50.46,50.58,27851108
DIS.US,2025-09-12,116.26,117.01,115.1,115.96,7640875
PG.US,2025-09-12,157.93,159.13,157.78,157.9,5957021
0857.HK,2025-09-15,7.4,7.43,7.34,7.41,47911657
2318.HK,2025-09-15,56.75,57.1,55.9,56.3,28729822
2628.HK,2025-09-15,23.2,23.38,22.76,22.92,47144594
2899.HK,2025-09-15,29.72,29.94,29.18,29.54,68312517
3968.HK,2025-09-15,48.18,48.36,47.62,47.94,12626521
BAC.US,2025-09-15,50.85,51.09,50.46,50.59,29043572
DIS.US,2025-09-15,116.11,116.75,115.0,115.62,7150935
PG.US,2025-09-15,157.88,158.52,156.2,156.83,5994966
0857.HK,2025-09-16,7.4,7.44,7.32,7.35,54585180
2318.HK,2025-09-16,56.35,56.5,55.0,55.05,43469490
2628.HK,2025-09-16,23.08,23.1,22.1,22.36,71081054
2899.HK,2025-09-16,30.0,30.28,28.28,29.38,81425545
3968.HK,2025-09-16,48.04,48.4,47.26,47.42,14785072
BAC.US,2025-09-16,50.64,50.88,50.21,50.66,31624444
DIS.US,2025-09-16,115.45,115.85,114.71,115.23,6844852
PG.US,2025-09-16,157.14,158.39,156.89,158.05,6559608
0857.HK,2025-09-17,7.36,7.42,7.32,7.35,60073405
2318.HK,2025-09-17,55.2,55.75,55.05,55.75,35358096
2628.HK,2025-09-17,22.44,22.78,22.34,22.72,42517359
2899.HK,2025-09-17,29.06,29.08,28.32,28.78,101045975
3968.HK,2025-09-17,47.4,47.9,47.14,47.68,23162077
BAC.US,2025-09-17,50.86,51.63,50.79,51.4,38337889
DIS.US,2025-09-17,115.24,116.66,115.22,116.1,7333899
PG.US,2025-09-17,158.43,161.67,158.43,160.33,6764169
0857.HK,2025-09-18,7.34,7.36,7.2,7.26,90646768
2318.HK,2025-09-18,55.4,55.8,53.75,54.25,58807045
2628.HK,2025-09-18,22.96,23.32,22.1,22.3,94541276
2899.HK,2025-09-18,28.4,29.04,27.84,28.3,107398449
3968.HK,2025-09-18,47.28,47.6,46.58,46.76,26834340
BAC.US,2025-09-18,51.49,52.19,51.3,52.13,35246871
DIS.US,2025-09-18,115.33,115.78,114.05,114.86,9460509
PG.US,2025-09-18,158.15,159.02,157.16,157.32,7651487
0857.HK,2025-09-19,7.2,7.28,7.17,7.22,77587681
2318.HK,2025-09-19,54.2,54.45,53.75,53.95,39732437
2628.HK,2025-09-19,22.42,22.42,22.04,22.28,54181000
2899.HK,2025-09-19,28.06,29.4,28.06,29.08,278666580
3968.HK,2025-09-19,46.56,47.36,46.42,47.16,17847011
BAC.US,2025-09-19,52.15,52.66,51.76,52.25,98970669
DIS.US,2025-09-19,114.6,114.6,111.93,113.76,23398424
PG.US,2025-09-19,157.61,157.62,155.97,156.04,17224774
0857.HK,2025-09-22,7.24,7.25,7.05,7.09,115986643
2318.HK,2025-09-22,53.95,54.0,52.7,52.95,50212147
2628.HK,2025-09-22,22.28,22.28,21.46,21.6,64948342
2899.HK,2025-09-22,29.7,29.76,28.78,29.54,77080997
3968.HK,2025-09-22,47.16,47.16,46.3,46.54,11468004
BAC.US,2025-09-22,51.76,52.35,51.76,51.92,27467951
DIS.US,2025-09-22,111.76,113.63,111.52,112.56,15479834
PG.US,2025-09-22,156.08,156.08,153.05,153.07,8712910
0857.HK,2025-09-23,7.12,7.12,7.04,7.07,58946319
2318.HK,2025-09-23,53.0,53.2,52.1,52.3,46905920
2628.HK,2025-09-23,21.76,21.76,21.32,21.48,44886320
2899.HK,2025-09-23,29.82,30.36,29.2,29.7,71165021
3968.HK,2025-09-23,46.98,47.08,46.22,46.8,12747278
BAC.US,2025-09-23,52.0,52.88,51.52,51.7,28278182
DIS.US,2025-09-23,112.72,113.62,111.6,112.25,13145046
PG.US,2025-09-23,153.2,153.3,150.97,152.5,8853418
0857.HK,2025-09-24,7.09,7.17,7.04,7.07,58291944
2318.HK,2025-09-24,52.05,52.8,52.05,52.4,28802541
2628.HK,2025-09-24,21.4,21.72,21.34,21.56,31418297
2899.HK,2025-09-24,29.72,30.02,29.46,29.64,34800253
3968.HK,2025-09-24,46.58,47.1,46.2,46.34,14592662
BAC.US,2025-09-24,51.85,52.25,51.46,51.7,27010386
DIS.US,2025-09-24,112.41,114.15,112.2,113.43,8755235
PG.US,2025-09-24,152.05,153.63,151.79,152.42,6483264
0857.HK,2025-09-25,7.1,7.11,7.03,7.08,70868555
2318.HK,2025-09-25,52.15,52.35,51.85,52.25,35177554
2628.HK,2025-09-25,21.56,21.56,21.18,21.26,40125338
2899.HK,2025-09-25,30.8,31.62,30.48,31.16,109567704
3968.HK,2025-09-25,46.34,46.34,45.2,45.44,22196041
BAC.US,2025-09-25,51.48,52.33,51.44,51.85,22957932
DIS.US,2025-09-25,112.71,114.05,112.65,112.99,6365502
PG.US,2025-09-25,153.23,153.88,151.78,152.15,7511415
0857.HK,2025-09-26,7.08,7.18,7.06,7.11,70103334
2318.HK,2025-09-26,51.85,53.05,51.5,52.4,34126815
2628.HK,2025-09-26,20.94,21.52,20.9,21.24,70781881
2899.HK,2025-09-26,30.66,31.94,30.32,30.38,68205959
3968.HK,2025-09-26,45.02,45.82,44.8,45.68,15226565
BAC.US,2025-09-26,52.11,52.62,51.98,52.21,20025763
DIS.US,2025-09-26,113.13,113.57,112.76,113.47,6145725
PG.US,2025-09-26,152.23,152.68,151.53,152.5,5721092
0857.HK,2025-09-29,7.16,7.33,7.12,7.28,151161198
2318.HK,2025-09-29,52.6,54.35,52.5,53.5,50511734
2628.HK,2025-09-29,21.3,22.68,21.24,22.22,89891835
2899.HK,2025-09-29,31.32,32.22,30.72,32.16,86821282
3968.HK,2025-09-29,46.22,47.06,45.94,46.74,20469895
BAC.US,2025-09-29,52.36,52.55,52.11,52.42,23700991
DIS.US,2025-09-29,113.47,115.01,113.33,114.78,9304136
PG.US,2025-09-29,152.42,153.72,151.79,153.53,8139711
0857.HK,2025-09-30,7.27,7.3,6.99,7.08,183867552
2318.HK,2025-09-30,53.4,54.0,52.9,53.05,29920882
2628.HK,2025-09-30,22.22,22.62,21.92,22.1,47441255
2899.HK,2025-09-30,34.5,34.8,31.72,32.6,114728404
3968.HK,2025-09-30,46.22,46.82,46.1,46.76,17022531
BAC.US,2025-09-30,52.48,52.57,51.02,51.59,29944960
DIS.US,2025-09-30,114.53,114.88,113.34,114.5,9303666
PG.US,2025-09-30,153.46,154.38,152.84,153.65,7762609
BAC.US,2025-10-01,51.3,51.68,50.56,50.68,27709125
DIS.US,2025-10-01,114.08,116.06,112.79,112.95,9736341
PG.US,2025-10-01,153.7,153.89,151.41,153.18,7566014
0857.HK,2025-10-02,7.1,7.27,7.06,7.2,89369214
2318.HK,2025-10-02,52.85,53.7,52.85,53.2,26767602
2628.HK,2025-10-02,22.16,22.32,21.9,22.1,26191978
2899.HK,2025-10-02,32.38,34.3,32.3,33.9,73879051
3968.HK,2025-10-02,45.9,47.0,45.9,46.48,10558919
BAC.US,2025-10-02,50.65,50.85,50.07,50.48,22757213
DIS.US,2025-10-02,112.98,113.17,110.78,112.14,8695136
PG.US,2025-10-02,152.72,152.8,151.63,152.05,6892089
0857.HK,2025-10-03,7.13,7.23,7.06,7.14,56419624
2318.HK,2025-10-03,53.2,53.35,52.55,52.95,19387791
2628.HK,2025-10-03,22.1,22.16,21.84,22.04,14574995
2899.HK,2025-10-03,33.1,33.62,32.94,33.34,30836528
3968.HK,2025-10-03,46.14,46.84,46.14,46.58,9522572
BAC.US,2025-10-03,50.62,51.13,50.55,50.64,24565717
DIS.US,2025-10-03,112.04,113.57,111.56,112.47,7148378
PG.US,2025-10-03,152.0,153.43,152.0,152.27,5212584
0857.HK,2025-10-06,7.16,7.17,7.09,7.12,32517988
2318.HK,2025-10-06,52.85,53.4,52.8,53.25,14464748
2628.HK,2025-10-06,21.84,22.04,21.84,21.86,8282106
2899.HK,2025-10-06,33.7,35.1,33.7,34.18,49759965
3968.HK,2025-10-06,46.44,46.98,46.26,46.48,2804545
BAC.US,2025-10-06,50.93,51.32,49.89,50.39,25386321
DIS.US,2025-10-06,112.69,113.11,111.45,112.75,6141223
PG.US,2025-10-06,151.5,152.32,150.4,150.41,6736960
BAC.US,2025-10-07,50.55,50.91,50.13,50.29,24107321
DIS.US,2025-10-07,112.63,113.4,111.8,112.53,5409754
PG.US,2025-10-07,150.76,153.17,150.05,152.54,6844361
0857.HK,2025-10-08,7.15,7.17,7.05,7.15,48899038
2318.HK,2025-10-08,53.35,53.35,52.1,52.75,27968471
2628.HK,2025-10-08,21.96,22.04,21.38,21.78,25380255
2899.HK,2025-10-08,34.0,34.48,33.82,34.28,60578915
3968.HK,2025-10-08,46.5,46.62,45.74,46.14,8384745
BAC.US,2025-10-08,50.4,50.51,49.78,49.84,24014168
DIS.US,2025-10-08,112.81,113.2,111.65,111.89,7074442
PG.US,2025-10-08,152.79,152.79,150.63,150.69,5254728
0857.HK,2025-10-09,7.16,7.32,7.08,7.26,121873387
2318.HK,2025-10-09,52.75,53.85,51.95,53.5,36402781
2628.HK,2025-10-09,21.56,22.08,21.1,21.86,46708487
2899.HK,2025-10-09,34.36,36.92,34.1,36.14,144363310
3968.HK,2025-10-09,46.24,46.68,45.94,46.68,12124318
BAC.US,2025-10-09,50.0,50.28,49.67,49.79,21816912
DIS.US,2025-10-09,111.82,113.0,110.88,110.99,6502403
PG.US,2025-10-09,150.74,150.87,149.58,150.58,6134461
0857.HK,2025-10-10,7.21,7.29,7.16,7.27,65084075
2318.HK,2025-10-10,53.0,54.3,52.65,53.9,33330431
2628.HK,2025-10-10,21.78,22.76,21.7,22.06,77246750
2899.HK,2025-10-10,35.72,35.72,33.5,33.66,130069763
3968.HK,2025-10-10,46.68,46.94,46.06,46.28,10439266
BAC.US,2025-10-10,49.93,50.14,48.55,48.65,31831921
DIS.US,2025-10-10,111.53,112.68,109.11,109.19,9635211
PG.US,2025-10-10,150.94,151.52,149.45,149.69,7374046
0857.HK,2025-10-13,7.1,7.33,7.1,7.3,155769586
2318.HK,2025-10-13,52.5,52.7,51.7,52.45,65054740
2628.HK,2025-10-13,21.3,21.58,20.9,21.58,85712685
2899.HK,2025-10-13,33.0,34.52,32.4,34.24,152914272
3968.HK,2025-10-13,45.64,46.1,45.12,46.0,14238099
BAC.US,2025-10-13,49.2,49.4,48.81,48.86,34462800
DIS.US,2025-10-13,110.39,110.96,109.38,110.27,7435054
PG.US,2025-10-13,149.0,149.43,146.97,147.49,7511103
0857.HK,2025-10-14,7.27,7.32,7.16,7.21,88665309
2318.HK,2025-10-14,52.45,54.0,52.45,53.0,56144673
2628.HK,2025-10-14,21.78,22.62,21.76,21.92,87790257
2899.HK,2025-10-14,35.38,35.92,31.88,32.0,142995063
3968.HK,2025-10-14,46.0,48.3,45.72,48.16,48618338
BAC.US,2025-10-14,48.85,50.5,48.53,50.09,42462595
DIS.US,2025-10-14,109.65,111.84,109.2,111.17,7897966
PG.US,2025-10-14,147.57,149.25,147.08,149.16,8585346
0857.HK,2025-10-15,7.26,7.27,7.15,7.25,85033181
2318.HK,2025-10-15,53.85,54.95,53.45,54.75,60370504
2628.HK,2025-10-15,22.5,23.36,22.3,23.24,135924196
2899.HK,2025-10-15,32.6,33.76,32.0,33.5,95679029
3968.HK,2025-10-15,48.9,49.28,47.88,48.92,41304709
BAC.US,2025-10-15,51.57,52.85,51.23,52.28,69992192
DIS.US,2025-10-15,111.47,112.68,111.14,111.71,7012557
PG.US,2025-10-15,148.53,149.41,147.27,147.42,10003073
0857.HK,2025-10-16,7.25,7.44,7.21,7.43,129011213
2318.HK,2025-10-16,54.95,56.1,54.8,55.5,48720931
2628.HK,2025-10-16,23.7,24.56,23.52,24.36,145235138
2899.HK,2025-10-16,33.54,34.04,32.5,33.02,77960504
3968.HK,2025-10-16,48.92,49.46,48.7,49.3,21548746
BAC.US,2025-10-16,52.6,52.76,50.0,50.44,49027707
DIS.US,2025-10-16,111.79,112.09,108.51,109.88,7531191
PG.US,2025-10-16,148.01,150.4,147.92,149.6,8809673
0857.HK,2025-10-17,7.42,7.46,7.27,7.32,86610089
2318.HK,2025-10-17,55.1,55.65,53.25,53.7,44339348
2628.HK,2025-10-17,24.38,24.5,22.8,22.96,95644067
2899.HK,2025-10-17,34.8,34.8,32.34,32.6,91351928
3968.HK,2025-10-17,49.4,49.98,48.8,49.04,23466724
BAC.US,2025-10-17,50.95,51.77,50.33,51.28,48915375
DIS.US,2025-10-17,109.74,111.46,109.44,110.67,10090543
PG.US,2025-10-17,150.57,152.03,150.43,151.4,8612894
0857.HK,2025-10-20,7.45,7.7,7.35,7.69,223690132
2318.HK,2025-10-20,55.05,55.2,54.0,54.3,28526529
2628.HK,2025-10-20,24.4,24.4,23.26,23.52,116185029
2899.HK,2025-10-20,32.6,33.08,31.72,32.46,80962579
3968.HK,2025-10-20,49.94,49.96,48.88,49.3,19819247
BAC.US,2025-10-20,51.44,52.28,51.37,52.04,25785985
DIS.US,2025-10-20,111.03,112.25,110.6,111.96,8047473
PG.US,2025-10-20,151.59,152.39,151.3,151.96,5601287
0857.HK,2025-10-21,7.7,7.89,7.7,7.8,189744767
2318.HK,2025-10-21,54.9,56.5,54.7,55.9,61339397
2628.HK,2025-10-21,23.7,25.36,23.68,24.94,169079813
2899.HK,2025-10-21,33.06,33.96,32.18,32.34,65167133
3968.HK,2025-10-21,49.64,50.15,49.46,49.74,16372076
BAC.US,2025-10-21,52.09,52.37,51.44,51.52,27303428
DIS.US,2025-10-21,112.25,114.54,112.04,114.3,8163164
PG.US,2025-10-21,151.96,152.28,150.87,151.62,6013379
0857.HK,2025-10-22,7.77,7.92,7.72,7.89,123086405
2318.HK,2025-10-22,55.85,55.85,54.95,55.5,32372727
2628.HK,2025-10-22,24.8,24.92,24.32,24.36,60751180
2899.HK,2025-10-22,30.76,31.86,30.0,31.8,100694694
3968.HK,2025-10-22,50.0,50.25,49.24,49.46,13766120
BAC.US,2025-10-22,51.5,51.58,50.44,51.1,34954973
DIS.US,2025-10-22,114.0,114.28,112.98,113.08,7569242
PG.US,2025-10-22,151.3,153.46,150.79,152.2,6394378
0857.HK,2025-10-23,7.88,8.15,7.88,8.01,166348418
2318.HK,2025-10-23,55.3,56.1,54.9,55.55,28510745
2628.HK,2025-10-23,24.44,24.88,24.04,24.58,49579730
2899.HK,2025-10-23,31.22,32.08,30.74,31.76,60728470
3968.HK,2025-10-23,49.46,50.2,49.3,49.96,17246748
BAC.US,2025-10-23,51.48,51.8,51.11,51.76,26028810
DIS.US,2025-10-23,113.17,113.83,111.9,113.03,6945407
PG.US,2025-10-23,152.35,153.3,150.58,152.21,8205353
0857.HK,2025-10-24,7.98,8.08,7.94,8.0,97228455
2318.HK,2025-10-24,56.15,56.3,55.25,55.65,18922771
2628.HK,2025-10-24,24.8,24.94,24.38,24.88,46149330
2899.HK,2025-10-24,32.32,32.74,32.22,32.56,46692998
3968.HK,2025-10-24,50.3,50.35,49.62,49.8,19024271
BAC.US,2025-10-24,51.85,52.82,51.85,52.57,38923897
DIS.US,2025-10-24,113.23,113.65,111.59,111.68,6235183
PG.US,2025-10-24,156.4,157.4,151.53,152.49,11968491
0857.HK,2025-10-27,8.09,8.1,7.96,7.99,91313491
2318.HK,2025-10-27,56.2,56.6,55.5,56.0,23869974
2628.HK,2025-10-27,25.3,25.6,24.78,25.22,76729009
2899.HK,2025-10-27,33.0,33.74,32.72,32.92,61824025
3968.HK,2025-10-27,50.3,50.35,49.2,49.74,19090035
BAC.US,2025-10-27,52.8,53.07,52.53,53.02,27345801
DIS.US,2025-10-27,111.94,112.6,111.31,112.34,6029584
PG.US,2025-10-27,151.61,151.76,150.13,151.74,7775323
0857.HK,2025-10-28,8.04,8.06,7.96,8.0,65847798
2318.HK,2025-10-28,56.05,56.5,55.6,56.15,29382282
2628.HK,2025-10-28,25.4,25.54,24.9,25.04,44649606
2899.HK,2025-10-28,32.5,32.52,31.04,31.08,100684647
3968.HK,2025-10-28,49.74,49.98,49.2,49.8,15615683
BAC.US,2025-10-28,53.0,53.28,52.34,52.87,29575215
DIS.US,2025-10-28,111.91,112.48,111.46,111.65,6839375
PG.US,2025-10-28,151.12,153.17,150.62,151.37,5819257
BAC.US,2025-10-29,52.66,53.01,52.32,52.58,29158770
DIS.US,2025-10-29,111.18,111.53,110.01,110.24,7097056
PG.US,2025-10-29,150.66,150.97,148.47,148.77,7405466
0857.HK,2025-10-30,8.08,8.08,7.9,7.97,78616587
2318.HK,2025-10-30,57.3,58.6,57.1,57.1,94615454
2628.HK,2025-10-30,25.38,25.7,24.5,24.72,82186995
2899.HK,2025-10-30,32.1,32.88,32.0,32.5,88236513
3968.HK,2025-10-30,49.66,49.66,48.24,48.56,39893232
BAC.US,2025-10-30,52.67,53.44,52.56,53.03,37548588
DIS.US,2025-10-30,110.13,113.58,109.55,111.84,8311279
PG.US,2025-10-30,149.47,150.8,149.34,149.58,6760702
0857.HK,2025-10-31,7.95,8.17,7.95,8.02,121559172
2318.HK,2025-10-31,57.25,57.7,56.15,56.15,43995873
2628.HK,2025-10-31,25.0,25.54,24.5,24.52,87878095
2899.HK,2025-10-31,32.5,33.06,32.24,32.24,44837773
3968.HK,2025-10-31,48.38,49.16,48.2,48.64,21170194
BAC.US,2025-10-31,52.79,53.64,52.77,53.45,39295717
DIS.US,2025-10-31,111.58,113.1,110.53,112.62,8700619
PG.US,2025-10-31,148.71,151.1,148.53,150.37,7930334
0857.HK,2025-11-03,8.1,8.35,8.06,8.29,170112568
2318.HK,2025-11-03,56.65,56.85,56.0,56.55,16258615
2628.HK,2025-11-03,24.76,24.94,24.34,24.58,35083600
2899.HK,2025-11-03,31.5,31.96,30.64,31.72,62224852
3968.HK,2025-11-03,48.64,49.76,48.28,49.72,17634886
BAC.US,2025-11-03,53.26,53.64,52.71,53.56,31252323
DIS.US,2025-11-03,112.55,112.81,111.03,112.12,8542271
PG.US,2025-11-03,150.1,150.22,147.77,148.02,8946383
0857.HK,2025-11-04,8.29,8.58,8.27,8.33,200963550
2318.HK,2025-11-04,56.55,57.75,56.2,56.8,43556392
2628.HK,2025-11-04,24.58,25.34,24.5,24.7,67355022
2899.HK,2025-11-04,31.02,31.46,29.68,30.02,92266162
3968.HK,2025-11-04,49.68,51.3,49.52,50.9,33387679
BAC.US,2025-11-04,53.02,54.0,52.72,53.54,47226578
DIS.US,2025-11-04,110.97,111.79,110.64,111.47,7950075
PG.US,2025-11-04,148.6,149.5,146.25,147.17,9295449
0857.HK,2025-11-05,8.25,8.37,8.2,8.36,89432507
2318.HK,2025-11-05,56.7,56.7,55.55,56.25,35765769
2628.HK,2025-11-05,24.24,24.78,23.98,24.7,57628782
2899.HK,2025-11-05,29.2,30.8,29.06,30.74,68401342
3968.HK,2025-11-05,50.5,51.2,50.05,51.1,24022812
BAC.US,2025-11-05,52.96,53.07,51.74,52.45,54353588
DIS.US,2025-11-05,111.35,111.97,110.6,111.36,5746038
PG.US,2025-11-05,146.87,147.42,145.65,145.79,11199878
0857.HK,2025-11-06,8.43,8.46,8.34,8.45,82753799
2318.HK,2025-11-06,56.35,58.15,56.35,58.0,53954647
2628.HK,2025-11-06,25.0,25.92,24.96,25.9,95661543
2899.HK,2025-11-06,30.74,32.14,30.74,32.06,58493169
3968.HK,2025-11-06,51.1,51.3,50.85,51.2,19248814
BAC.US,2025-11-06,53.42,53.75,52.77,53.29,55296039
DIS.US,2025-11-06,111.17,111.71,109.18,110.49,10291781
PG.US,2025-11-06,145.88,146.68,144.46,146.13,10024549
0857.HK,2025-11-07,8.48,8.56,8.44,8.51,79002527
2318.HK,2025-11-07,57.9,58.3,57.4,57.95,33572971
2628.HK,2025-11-07,25.86,26.06,25.58,25.68,52221588
2899.HK,2025-11-07,32.08,32.96,31.92,32.64,53744842
3968.HK,2025-11-07,50.9,51.65,50.75,51.25,20899763
BAC.US,2025-11-07,53.15,53.58,52.71,53.2,40537658
DIS.US,2025-11-07,110.26,111.43,110.04,110.74,8782121
PG.US,2025-11-07,146.95,147.94,146.0,146.98,8500097
0857.HK,2025-11-10,8.57,8.79,8.56,8.76,176416608
2318.HK,2025-11-10,57.7,59.25,57.7,59.2,49103097
2628.HK,2025-11-10,25.7,26.74,25.54,26.64,95249735
2899.HK,2025-11-10,33.1,33.36,32.68,33.18,42209908
3968.HK,2025-11-10,51.25,51.6,50.95,51.5,11692398
BAC.US,2025-11-10,53.41,53.99,53.34,53.42,26094576
DIS.US,2025-11-10,111.15,112.79,111.03,112.24,9158709
PG.US,2025-11-10,146.38,146.62,144.09,145.5,10208085
0857.HK,2025-11-11,8.75,8.83,8.63,8.82,93458052
2318.HK,2025-11-11,59.3,59.7,58.85,59.4,31886671
2628.HK,2025-11-11,26.6,27.08,26.12,26.5,64368244
2899.HK,2025-11-11,33.4,33.52,32.46,32.82,35576722
3968.HK,2025-11-11,51.1,52.15,51.1,52.1,17622394
BAC.US,2025-11-11,53.75,53.98,53.28,53.63,22244345
DIS.US,2025-11-11,112.65,114.97,112.42,114.85,9713347
PG.US,2025-11-11,145.96,148.65,145.67,148.54,7332540
0857.HK,2025-11-12,8.88,9.13,8.84,9.07,188987516
2318.HK,2025-11-12,59.55,61.0,59.4,60.3,61188046
2628.HK,2025-11-12,26.76,27.72,26.6,27.64,98925346
2899.HK,2025-11-12,33.08,33.08,32.12,32.62,31757238
3968.HK,2025-11-12,52.15,52.6,51.85,52.25,14528941
BAC.US,2025-11-12,53.89,54.69,53.77,54.11,40536695
DIS.US,2025-11-12,114.57,117.09,114.39,116.65,15248737
PG.US,2025-11-12,148.53,149.15,147.51,148.01,7851052
0857.HK,2025-11-13,8.95,8.99,8.85,8.96,112368260
2318.HK,2025-11-13,60.7,61.15,60.0,60.95,51994745
2628.HK,2025-11-13,27.52,28.36,27.5,28.3,83382808
2899.HK,2025-11-13,32.84,34.04,32.84,34.0,62280396
3968.HK,2025-11-13,51.9,52.5,51.6,52.25,10288027
BAC.US,2025-11-13,53.79,54.21,52.77,52.87,37716055
DIS.US,2025-11-13,108.89,109.36,104.91,107.61,44045355
PG.US,2025-11-13,148.18,149.0,147.64,147.96,7566789
0857.HK,2025-11-14,8.88,8.96,8.75,8.79,120266498
2318.HK,2025-11-14,60.05,60.95,59.85,59.95,42148647
2628.HK,2025-11-14,27.98,28.26,27.2,27.38,103195994
2899.HK,2025-11-14,33.14,33.66,32.92,33.0,31382517
3968.HK,2025-11-14,51.6,52.6,51.4,51.85,10266964
BAC.US,2025-11-14,52.86,52.9,52.03,52.61,32363064
DIS.US,2025-11-14,107.52,108.73,105.3,105.8,16691363
PG.US,2025-11-14,149.1,149.38,147.61,147.67,9151066
0857.HK,2025-11-17,8.78,8.88,8.68,8.85,78312143
2318.HK,2025-11-17,59.95,60.35,59.1,59.55,43022911
2628.HK,2025-11-17,27.38,27.52,26.64,26.98,43778360
2899.HK,2025-11-17,32.62,32.84,31.7,32.12,37318867
3968.HK,2025-11-17,51.9,52.15,51.0,51.5,33389470
BAC.US,2025-11-17,52.58,52.58,51.39,51.48,35546828
DIS.US,2025-11-17,105.75,107.67,105.12,105.69,12296420
PG.US,2025-11-17,147.75,147.98,145.01,145.82,9902310
0857.HK,2025-11-18,8.8,8.92,8.77,8.84,124057399
2318.HK,2025-11-18,58.85,59.1,57.9,58.2,38553791
2628.HK,2025-11-18,26.68,26.8,25.9,26.14,68353754
2899.HK,2025-11-18,31.7,31.74,30.56,30.72,50891363
3968.HK,2025-11-18,51.2,51.6,50.65,51.4,14326709
BAC.US,2025-11-18,51.28,52.18,51.15,51.64,35189535
DIS.US,2025-11-18,105.1,107.08,105.0,106.28,11796188
PG.US,2025-11-18,146.33,147.39,145.51,146.99,10735177
0857.HK,2025-11-19,8.87,9.1,8.8,9.03,116177986
2318.HK,2025-11-19,58.1,58.8,57.75,58.2,34183252
2628.HK,2025-11-19,26.0,26.88,26.0,26.68,57597711
2899.HK,2025-11-19,31.16,31.6,31.02,31.44,49552467
3968.HK,2025-11-19,51.4,52.3,51.1,51.6,11319645
BAC.US,2025-11-19,51.67,52.49,51.67,52.02,28112345
DIS.US,2025-11-19,106.08,107.59,104.08,104.67,12790002
PG.US,2025-11-19,146.96,147.54,145.86,146.99,6367038
0857.HK,2025-11-20,8.99,9.09,8.94,9.0,74368802
2318.HK,2025-11-20,58.7,59.0,58.0,58.25,27793988
2628.HK,2025-11-20,27.0,27.22,26.6,26.9,36552101
2899.HK,2025-11-20,31.72,31.96,31.06,31.12,33196405
3968.HK,2025-11-20,52.4,52.5,51.65,51.8,30180542
BAC.US,2025-11-20,52.5,52.95,50.97,51.0,36661608
DIS.US,2025-11-20,105.37,105.8,102.5,102.7,12609875
PG.US,2025-11-20,146.64,148.66,146.13,148.19,9021325
0857.HK,2025-11-21,8.91,8.92,8.66,8.7,129848100
2318.HK,2025-11-21,57.5,57.85,56.5,56.9,48302575
2628.HK,2025-11-21,26.6,26.6,25.76,25.88,75487494
2899.HK,2025-11-21,30.3,31.04,29.96,30.0,73561227
3968.HK,2025-11-21,51.65,52.2,51.15,51.3,18040507
BAC.US,2025-11-21,51.29,51.78,50.7,51.56,43867164
DIS.US,2025-11-21,103.48,104.78,102.69,104.28,10785420
PG.US,2025-11-21,148.38,151.5,148.3,150.92,12017986
0857.HK,2025-11-24,8.7,8.75,8.46,8.64,159571185
2318.HK,2025-11-24,57.3,57.65,56.5,56.55,40543248
2628.HK,2025-11-24,26.12,26.42,25.94,26.12,47720745
2899.HK,2025-11-24,30.48,30.5,29.66,30.38,77604965
3968.HK,2025-11-24,51.3,51.75,51.1,51.6,22950785
BAC.US,2025-11-24,51.65,52.24,51.4,51.93,52852083
DIS.US,2025-11-24,104.09,104.34,101.89,101.94,15024845
PG.US,2025-11-24,150.1,150.41,146.54,146.98,13846906
0857.HK,2025-11-25,8.64,8.76,8.56,8.69,63497830
2318.HK,2025-11-25,57.0,57.75,56.75,57.55,29985083
2628.HK,2025-11-25,26.4,26.74,26.08,26.7,46215401
2899.HK,2025-11-25,31.3,31.42,30.7,30.92,45916272
3968.HK,2025-11-25,51.45,52.7,51.25,52.7,21955809
BAC.US,2025-11-25,52.25,52.88,51.86,52.48,41310130
DIS.US,2025-11-25,102.49,103.92,102.0,103.31,10574458
PG.US,2025-11-25,147.32,148.65,147.22,148.49,10477661
0857.HK,2025-11-26,8.8,8.85,8.64,8.7,56441821
2318.HK,2025-11-26,58.1,58.25,57.3,57.35,25099417
2628.HK,2025-11-26,26.88,27.08,26.5,26.74,41639699
2899.HK,2025-11-26,31.42,31.42,30.18,30.28,63965807
3968.HK,2025-11-26,53.2,53.5,52.25,52.4,19296342
BAC.US,2025-11-26,52.7,53.25,52.55,52.99,32045585
DIS.US,2025-11-26,103.32,104.25,102.88,103.43,10130217
PG.US,2025-11-26,147.92,148.97,147.61,148.25,9238450
0857.HK,2025-11-27,8.66,8.83,8.66,8.74,54126934
2318.HK,2025-11-27,57.0,57.7,56.3,57.25,29077009
2628.HK,2025-11-27,26.74,27.88,26.32,27.32,63460564
2899.HK,2025-11-27,31.06,31.06,30.46,30.7,66308625
3968.HK,2025-11-27,52.45,53.0,51.7,52.6,17855316
0857.HK,2025-11-28,8.8,8.8,8.64,8.68,47994784
2318.HK,2025-11-28,57.25,57.45,56.6,56.7,16572810
2628.HK,2025-11-28,27.48,27.48,26.82,26.86,30734911
2899.HK,2025-11-28,31.26,31.26,30.4,30.7,46368943
3968.HK,2025-11-28,52.6,52.95,51.95,52.3,9528456
BAC.US,2025-11-28,53.11,53.94,53.05,53.65,18920782
DIS.US,2025-11-28,103.3,104.74,103.24,104.47,6525548
PG.US,2025-11-28,147.8,148.71,147.18,148.16,4707161
0857.HK,2025-12-01,8.7,8.82,8.69,8.78,49177806
2318.HK,2025-12-01,57.05,57.15,56.45,57.0,19899763
2628.HK,2025-12-01,27.0,27.44,26.6,27.12,34351465
2899.HK,2025-12-01,31.22,32.82,31.22,32.32,84856009
3968.HK,2025-12-01,53.0,53.1,52.35,52.75,11900491
BAC.US,2025-12-01,53.5,53.9,53.21,53.24,30536532
DIS.US,2025-12-01,104.92,106.83,104.47,106.77,12628914
PG.US,2025-12-01,148.1,148.89,147.35,147.44,8240689
0857.HK,2025-12-02,8.77,9.0,8.77,8.85,60119480
2318.HK,2025-12-02,57.4,57.95,57.2,57.4,24092010
2628.HK,2025-12-02,27.18,27.86,27.12,27.3,45412874
2899.HK,2025-12-02,32.38,32.76,32.04,32.72,59596959
3968.HK,2025-12-02,53.0,53.35,52.3,52.4,12902516
BAC.US,2025-12-02,53.53,53.64,52.97,53.19,46073513
DIS.US,2025-12-02,106.53,106.57,104.82,104.83,8548213
PG.US,2025-12-02,145.29,146.19,142.51,145.86,16376769
0857.HK,2025-12-03,8.85,8.87,8.75,8.78,54427331
2318.HK,2025-12-03,57.1,57.55,56.15,56.4,25189086
2628.HK,2025-12-03,27.14,27.34,26.24,26.32,45885461
2899.HK,2025-12-03,32.8,33.44,32.4,32.78,47799822
3968.HK,2025-12-03,52.75,52.8,51.55,51.65,11908890
BAC.US,2025-12-03,53.25,54.24,53.18,54.09,37134402
DIS.US,2025-12-03,104.9,105.85,104.47,105.74,10177760
PG.US,2025-12-03,145.92,148.29,145.86,146.71,9125320
0857.HK,2025-12-04,8.8,8.89,8.76,8.8,37044589
2318.HK,2025-12-04,56.95,56.95,56.15,56.65,14415677
2628.HK,2025-12-04,26.5,26.76,26.16,26.76,28150729
2899.HK,2025-12-04,33.8,34.24,33.04,33.2,68781026
3968.HK,2025-12-04,51.8,52.7,51.6,52.6,11290937
BAC.US,2025-12-04,54.21,54.69,54.0,54.16,38529590
DIS.US,2025-12-04,105.84,106.22,104.51,105.47,11471406
PG.US,2025-12-04,146.67,147.42,144.5,145.36,10479267
0857.HK,2025-12-05,8.75,8.84,8.73,8.83,50932504
2318.HK,2025-12-05,57.2,60.45,56.75,60.45,99426661
2628.HK,2025-12-05,26.76,28.26,26.6,28.22,94277651
2899.HK,2025-12-05,33.2,34.4,32.9,34.4,67099328
3968.HK,2025-12-05,52.0,53.7,52.0,53.7,23067312
BAC.US,2025-12-05,53.93,54.83,53.74,53.95,33986515
DIS.US,2025-12-05,105.18,106.17,104.56,105.3,10680060
PG.US,2025-12-05,145.16,145.63,143.25,143.45,12791745
0857.HK,2025-12-08,8.98,8.99,8.64,8.68,73804480
2318.HK,2025-12-08,60.6,62.3,60.5,61.75,84928826
2628.HK,2025-12-08,28.36,28.94,28.02,28.06,65342325
2899.HK,2025-12-08,34.22,34.26,33.26,33.94,48638992
3968.HK,2025-12-08,53.3,53.5,51.7,51.8,21519008
BAC.US,2025-12-08,53.9,54.21,53.49,53.9,34386644
DIS.US,2025-12-08,105.3,108.05,104.83,107.63,13727703
PG.US,2025-12-08,142.91,142.91,138.14,138.34,17507504
0857.HK,2025-12-09,8.63,8.68,8.37,8.42,137813188
2318.HK,2025-12-09,61.75,61.75,60.35,60.75,39273719
2628.HK,2025-12-09,28.06,28.18,26.88,26.9,64117819
2899.HK,2025-12-09,33.5,33.5,32.08,32.5,52830561
3968.HK,2025-12-09,51.6,52.25,51.2,52.0,25611303
BAC.US,2025-12-09,53.97,54.28,53.27,53.54,47189323
DIS.US,2025-12-09,107.59,107.75,106.55,107.02,8549401
PG.US,2025-12-09,139.19,140.88,139.0,139.63,10375688
0857.HK,2025-12-10,8.36,8.39,8.19,8.29,123873765
2318.HK,2025-12-10,61.05,61.4,60.6,61.2,27046885
2628.HK,2025-12-10,27.0,27.14,26.64,27.14,43503366
2899.HK,2025-12-10,32.66,33.08,32.24,32.96,30310568
3968.HK,2025-12-10,51.95,52.0,49.9,50.4,39187725
BAC.US,2025-12-10,53.59,54.55,53.34,54.08,54424439
DIS.US,2025-12-10,107.12,109.67,106.58,108.83,11237894
PG.US,2025-12-10,139.65,141.28,139.54,139.82,13650378
0857.HK,2025-12-11,8.29,8.39,8.21,8.26,81302750
2318.HK,2025-12-11,61.5,62.1,61.3,61.5,32498716
2628.HK,2025-12-11,27.28,27.56,26.7,26.82,27652725
2899.HK,2025-12-11,33.62,34.32,32.86,33.08,44031186
3968.HK,2025-12-11,50.8,51.65,50.55,51.1,22377211
BAC.US,2025-12-11,53.95,54.65,53.75,54.56,35686915
DIS.US,2025-12-11,109.2,111.56,109.11,111.46,13281383
PG.US,2025-12-11,141.0,141.84,140.36,140.76,11797981
0857.HK,2025-12-12,8.29,8.32,8.15,8.24,131861489
2318.HK,2025-12-12,61.95,63.85,61.55,63.75,68145012
2628.HK,2025-12-12,27.1,28.38,26.78,28.3,97978090
2899.HK,2025-12-12,34.24,34.48,33.64,34.32,58868843
3968.HK,2025-12-12,51.4,51.4,50.75,51.25,12131624
BAC.US,2025-12-12,54.78,55.3,54.35,55.14,40539413
DIS.US,2025-12-12,111.73,113.34,111.15,111.6,13059066
PG.US,2025-12-12,141.0,143.11,140.84,142.84,10268768
0857.HK,2025-12-15,8.13,8.2,8.06,8.14,140907714
2318.HK,2025-12-15,62.85,66.25,62.85,65.25,83851011
2628.HK,2025-12-15,27.68,29.08,27.68,28.56,82526780
2899.HK,2025-12-15,34.0,34.76,33.66,34.46,47510175
3968.HK,2025-12-15,50.65,51.45,50.5,50.65,11600423
BAC.US,2025-12-15,55.41,56.07,55.07,55.33,32881254
DIS.US,2025-12-15,110.7,111.55,108.55,110.49,14317985
PG.US,2025-12-15,143.27,145.32,143.2,145.13,13877674
0857.HK,2025-12-16,8.07,8.12,7.92,8.03,125489305
2318.HK,2025-12-16,65.4,65.7,63.2,63.9,51765732
2628.HK,2025-12-16,28.48,28.82,27.14,27.38,86623721
2899.HK,2025-12-16,33.8,34.16,32.58,32.94,47532459
3968.HK,2025-12-16,50.65,51.05,49.4,49.8,15528788
BAC.US,2025-12-16,55.14,55.35,54.69,54.81,32931915
DIS.US,2025-12-16,111.22,112.85,110.86,111.62,15580195
PG.US,2025-12-16,146.1,146.54,144.65,145.21,10251720
0857.HK,2025-12-17,8.0,8.03,7.9,8.03,91150833
2318.HK,2025-12-17,64.25,65.75,63.7,65.05,42149872
2628.HK,2025-12-17,27.44,28.96,27.18,28.56,91813995
2899.HK,2025-12-17,33.38,33.94,32.92,33.54,46126875
3968.HK,2025-12-17,50.1,50.1,49.2,49.4,20385201
BAC.US,2025-12-17,55.12,55.57,54.46,54.55,35304082
DIS.US,2025-12-17,111.06,112.13,110.46,110.63,12142521
PG.US,2025-12-17,146.69,148.45,146.45,147.81,9833261
0857.HK,2025-12-18,8.02,8.12,8.01,8.1,100722068
2318.HK,2025-12-18,65.0,65.55,64.25,65.2,24691189
2628.HK,2025-12-18,28.5,28.7,28.26,28.46,31735578
2899.HK,2025-12-18,33.32,34.0,32.84,33.2,43393695
3968.HK,2025-12-18,49.1,50.85,49.1,50.6,20631519
BAC.US,2025-12-18,54.8,55.15,53.77,54.26,87452699
DIS.US,2025-12-18,110.53,112.8,110.42,111.87,12913867
PG.US,2025-12-18,146.62,147.5,145.35,145.52,12239860
0857.HK,2025-12-19,8.13,8.14,8.02,8.09,88798572
2318.HK,2025-12-19,65.8,65.8,64.6,65.45,26653931
2628.HK,2025-12-19,28.74,28.9,28.32,28.8,37845425
2899.HK,2025-12-19,32.86,33.6,32.44,33.6,47944560
3968.HK,2025-12-19,51.05,51.3,50.5,51.05,14638273
BAC.US,2025-12-19,54.52,55.31,54.38,55.27,73001930
DIS.US,2025-12-19,112.32,113.48,110.92,111.24,21138383
PG.US,2025-12-19,145.51,146.05,143.94,144.46,19345622
0857.HK,2025-12-22,8.09,8.09,7.97,8.08,97885215
2318.HK,2025-12-22,65.75,66.3,64.65,65.25,22063337
2628.HK,2025-12-22,28.8,29.04,28.0,28.48,38067870
2899.HK,2025-12-22,34.1,35.38,34.1,35.38,63490465
3968.HK,2025-12-22,50.9,51.35,50.55,51.0,16885234
BAC.US,2025-12-22,55.37,56.11,55.34,55.88,33408769
DIS.US,2025-12-22,111.41,112.8,111.15,112.38,8803331
PG.US,2025-12-22,143.71,144.4,142.42,142.69,11731360
0857.HK,2025-12-23,8.18,8.29,8.11,8.13,76884337
2318.HK,2025-12-23,65.5,67.2,65.3,65.95,37530382
2628.HK,2025-12-23,28.7,29.14,28.32,28.4,31452263
2899.HK,2025-12-23,35.8,35.88,34.2,34.84,49260311
3968.HK,2025-12-23,51.35,51.5,50.7,51.45,18965692
BAC.US,2025-12-23,55.81,56.22,55.81,55.97,22274605
DIS.US,2025-12-23,112.29,113.31,112.04,113.22,7634453
PG.US,2025-12-23,142.49,143.73,142.08,143.18,9541563
0857.HK,2025-12-24,8.18,8.21,8.08,8.14,29269519
2318.HK,2025-12-24,66.45,66.6,65.8,66.2,17994025
2628.HK,2025-12-24,28.4,28.62,28.18,28.44,13481036
2899.HK,2025-12-24,35.28,35.66,34.7,35.18,22951667
3968.HK,2025-12-24,51.35,51.6,50.85,51.6,14955755
BAC.US,2025-12-24,56.13,56.5,55.89,56.25,13634407
DIS.US,2025-12-24,112.94,114.53,112.8,114.48,4606746
PG.US,2025-12-24,142.9,144.74,142.83,144.49,3259209
BAC.US,2025-12-26,56.28,56.55,56.03,56.17,15259444
DIS.US,2025-12-26,114.15,114.74,113.27,113.56,5428886
PG.US,2025-12-26,144.31,145.64,144.31,144.74,4711505
0857.HK,2025-12-29,8.14,8.38,8.13,8.26,111022130
2318.HK,2025-12-29,67.0,68.1,66.2,66.4,47266570
2628.HK,2025-12-29,28.8,29.28,28.06,28.12,47037153
2899.HK,2025-12-29,36.0,36.36,33.86,34.12,104663491
3968.HK,2025-12-29,51.75,52.2,51.25,52.15,31408570
BAC.US,2025-12-29,56.11,56.25,55.27,55.35,21040098
DIS.US,2025-12-29,113.32,114.49,113.31,114.19,7966017
PG.US,2025-12-29,144.8,145.07,143.95,144.57,7662127
0857.HK,2025-12-30,8.26,8.56,8.26,8.46,144469610
2318.HK,2025-12-30,66.4,66.4,65.25,65.95,27332239
2628.HK,2025-12-30,28.2,28.2,27.52,27.94,35033201
2899.HK,2025-12-30,33.36,35.58,33.2,35.36,57796333
3968.HK,2025-12-30,51.95,53.3,51.8,53.0,27494102
BAC.US,2025-12-30,55.49,55.64,55.17,55.28,17427630
DIS.US,2025-12-30,114.1,115.28,114.1,114.79,6883851
PG.US,2025-12-30,144.29,144.46,143.57,144.05,6006432
0857.HK,2025-12-31,8.46,8.56,8.34,8.38,45989288
2318.HK,2025-12-31,65.6,65.85,65.0,65.15,19756541
2628.HK,2025-12-31,27.88,27.94,27.38,27.38,21231585
2899.HK,2025-12-31,35.38,36.98,35.2,35.66,65082582
3968.HK,2025-12-31,52.6,52.95,51.85,52.8,26047298
BAC.US,2025-12-31,55.32,55.42,54.93,55.0,16293026
DIS.US,2025-12-31,114.77,114.89,113.55,113.77,6607973
PG.US,2025-12-31,144.0,144.14,143.23,143.31,5293220
0857.HK,2026-01-02,8.45,8.54,8.38,8.52,68414960
2318.HK,2026-01-02,65.45,66.8,65.25,66.8,16318047
2628.HK,2026-01-02,27.34,28.84,27.34,28.84,35937508
2899.HK,2026-01-02,35.66,37.06,35.34,36.94,27379787
3968.HK,2026-01-02,53.1,53.6,52.8,53.55,11901049
BAC.US,2026-01-02,55.03,55.99,54.88,55.95,25503555
DIS.US,2026-01-02,113.44,113.44,111.62,111.85,8906211
PG.US,2026-01-02,143.11,143.34,141.24,141.79,8946091
0857.HK,2026-01-05,8.41,8.44,8.06,8.22,314656941
2318.HK,2026-01-05,66.45,70.35,66.15,68.6,80427726
2628.HK,2026-01-05,28.5,29.88,28.28,29.82,104240202
2899.HK,2026-01-05,37.0,37.0,35.76,36.62,75377546
3968.HK,2026-01-05,53.5,53.5,51.95,52.05,18015912
BAC.US,2026-01-05,56.17,57.55,56.14,56.89,36096600
DIS.US,2026-01-05,111.42,116.03,111.38,114.07,12028968
PG.US,2026-01-05,141.1,141.35,139.6,140.37,12297334
0857.HK,2026-01-06,8.27,8.32,8.13,8.26,171393419
2318.HK,2026-01-06,69.15,72.35,68.9,72.0,102792315
2628.HK,2026-01-06,29.8,31.3,29.52,31.1,126221467
2899.HK,2026-01-06,37.2,38.96,37.12,38.26,99960944
3968.HK,2026-01-06,52.1,52.3,51.25,52.0,17425899
BAC.US,2026-01-06,57.01,57.41,56.75,57.25,31791923
DIS.US,2026-01-06,113.79,114.76,113.11,114.57,7388341
PG.US,2026-01-06,140.39,141.42,139.51,139.91,10421756
0857.HK,2026-01-07,8.18,8.27,7.97,8.02,205288370
2318.HK,2026-01-07,71.1,72.0,70.4,71.1,47198918
2628.HK,2026-01-07,30.82,32.26,30.8,31.82,101401172
2899.HK,2026-01-07,38.68,39.06,37.72,37.92,64042082
3968.HK,2026-01-07,52.25,52.25,51.35,51.4,8838961
BAC.US,2026-01-07,56.69,56.81,55.44,55.64,49695546
DIS.US,2026-01-07,114.46,114.97,112.51,112.91,8296293
PG.US,2026-01-07,139.8,139.8,137.62,138.04,14369142
0857.HK,2026-01-08,8.0,8.03,7.86,7.97,143748901
2318.HK,2026-01-08,70.75,71.1,69.5,70.2,51880309
2628.HK,2026-01-08,31.5,31.6,30.66,31.14,60500235
2899.HK,2026-01-08,37.42,37.68,36.58,37.2,50382764
3968.HK,2026-01-08,51.85,51.85,50.2,50.4,15806703
BAC.US,2026-01-08,55.48,56.58,55.47,56.18,30933669
DIS.US,2026-01-08,112.55,114.99,112.55,114.17,9778203
PG.US,2026-01-08,137.89,141.78,137.82,141.53,9297080
0857.HK,2026-01-09,8.1,8.22,8.03,8.1,137416398
2318.HK,2026-01-09,70.35,70.9,68.95,70.0,49033671
2628.HK,2026-01-09,31.1,31.82,30.9,31.48,41532040
2899.HK,2026-01-09,37.2,38.9,37.0,38.26,52153228
3968.HK,2026-01-09,50.4,50.7,49.76,50.15,16243487
BAC.US,2026-01-09,56.17,56.61,55.79,55.85,30768757
DIS.US,2026-01-09,114.31,115.98,113.9,115.88,8935207
PG.US,2026-01-09,141.7,142.33,140.83,141.87,9528476
0857.HK,2026-01-12,8.18,8.21,8.08,8.11,72256852
2318.HK,2026-01-12,69.95,69.95,67.2,68.5,68701517
2628.HK,2026-01-12,31.66,31.88,30.98,31.88,75621737
2899.HK,2026-01-12,39.3,39.68,38.36,39.28,60282153
3968.HK,2026-01-12,50.55,50.55,49.88,50.35,13098861
BAC.US,2026-01-12,55.29,55.45,54.73,55.19,45860555
DIS.US,2026-01-12,114.63,114.94,112.55,112.82,10833806
PG.US,2026-01-12,142.28,143.88,141.71,143.46,12812014
0857.HK,2026-01-13,8.19,8.31,8.14,8.22,85316070
2318.HK,2026-01-13,69.2,71.3,68.85,70.0,47939279
2628.HK,2026-01-13,31.88,33.18,31.68,33.0,82703772
2899.HK,2026-01-13,40.0,40.72,39.36,40.22,71734315
3968.HK,2026-01-13,50.7,50.95,49.82,50.35,11312983
BAC.US,2026-01-13,55.27,55.52,54.3,54.54,43542232
DIS.US,2026-01-13,112.84,113.22,111.61,112.98,8945659
PG.US,2026-01-13,144.0,144.34,142.97,144.24,15549150
0857.HK,2026-01-14,8.3,8.38,8.23,8.26,105061264
2318.HK,2026-01-14,70.0,70.25,67.85,68.7,55251766
2628.HK,2026-01-14,33.0,33.04,31.9,32.7,114210570
2899.HK,2026-01-14,41.0,41.68,40.5,40.8,54232287
3968.HK,2026-01-14,49.06,49.32,48.32,48.38,21532304
BAC.US,2026-01-14,52.88,53.48,51.66,52.48,84750044
DIS.US,2026-01-14,112.81,113.59,112.26,113.53,8951292
PG.US,2026-01-14,144.68,146.9,144.37,146.35,13474983
0857.HK,2026-01-15,8.22,8.47,8.22,8.3,92790529
2318.HK,2026-01-15,69.0,70.65,68.7,69.55,57350189
2628.HK,2026-01-15,32.7,33.44,31.4,31.76,101862639
2899.HK,2026-01-15,40.8,41.42,39.32,40.0,82149390
3968.HK,2026-01-15,48.16,48.5,47.86,48.04,18248030
BAC.US,2026-01-15,52.72,53.04,52.23,52.59,51018273
DIS.US,2026-01-15,113.71,114.11,112.17,113.41,7958518
PG.US,2026-01-15,145.68,146.35,144.35,144.63,10102757
0857.HK,2026-01-16,8.33,8.36,8.18,8.23,72390735
2318.HK,2026-01-16,70.3,70.45,68.1,68.65,35154048
2628.HK,2026-01-16,32.0,32.42,31.22,31.94,69214435
2899.HK,2026-01-16,40.44,40.94,39.1,39.46,62231502
3968.HK,2026-01-16,48.3,48.62,47.3,47.52,16620148
BAC.US,2026-01-16,52.69,53.38,52.25,52.97,52178429
DIS.US,2026-01-16,113.2,113.85,111.12,111.2,12049610
PG.US,2026-01-16,143.76,144.73,143.66,144.53,11729334
0857.HK,2026-01-19,8.2,8.32,8.11,8.22,84808660
2318.HK,2026-01-19,68.35,68.9,67.7,68.4,27059339
2628.HK,2026-01-19,31.4,32.32,31.3,32.02,45587807
2899.HK,2026-01-19,40.0,40.28,39.24,39.32,42192954
3968.HK,2026-01-19,47.0,47.38,46.68,46.68,17387231
0857.HK,2026-01-20,8.23,8.29,8.15,8.21,79351204
2318.HK,2026-01-20,68.4,69.65,68.1,69.0,30771432
2628.HK,2026-01-20,32.16,33.44,31.86,33.4,91083648
2899.HK,2026-01-20,39.84,40.22,37.88,39.98,61468569
3968.HK,2026-01-20,46.68,47.22,46.52,46.82,17334476
BAC.US,2026-01-20,52.32,53.48,51.96,52.1,49172654
DIS.US,2026-01-20,109.66,111.09,108.8,110.34,9818195
PG.US,2026-01-20,144.46,147.0,144.12,147.0,12901430
0857.HK,2026-01-21,8.21,8.44,8.2,8.4,117930946
2318.HK,2026-01-21,68.75,68.85,68.0,68.5,26193832
2628.HK,2026-01-21,33.28,33.3,32.36,32.98,71072998
2899.HK,2026-01-21,40.44,41.02,39.96,40.92,58662647
3968.HK,2026-01-21,47.14,47.38,46.66,46.84,14710011
BAC.US,2026-01-21,52.23,52.86,52.05,52.07,36339971
DIS.US,2026-01-21,110.57,113.25,110.5,113.19,10041423
PG.US,2026-01-21,147.06,147.37,144.97,146.06,14126814
0857.HK,2026-01-22,8.45,8.78,8.41,8.6,192258134
2318.HK,2026-01-22,69.0,69.15,66.5,66.9,47734314
2628.HK,2026-01-22,32.98,33.32,31.46,31.72,89103614
2899.HK,2026-01-22,40.04,40.14,39.16,39.98,53301231
3968.HK,2026-01-22,46.64,47.08,46.22,46.3,13687696
BAC.US,2026-01-22,52.47,53.13,52.33,52.45,31229211
DIS.US,2026-01-22,113.17,114.29,112.17,113.21,12437711
PG.US,2026-01-22,148.08,150.91,147.5,149.93,18501854
0857.HK,2026-01-23,8.63,8.68,8.38,8.42,86691777
2318.HK,2026-01-23,67.85,67.95,66.65,67.0,33546185
2628.HK,2026-01-23,31.72,31.82,30.68,31.54,80054529
2899.HK,2026-01-23,40.5,40.88,40.1,40.42,49151059
3968.HK,2026-01-23,46.3,46.92,46.1,46.4,16258606
BAC.US,2026-01-23,52.11,52.2,51.38,51.72,34553499
DIS.US,2026-01-23,112.69,112.95,110.55,110.98,10819751
PG.US,2026-01-23,150.84,151.65,149.8,150.15,14562626
0857.HK,2026-01-26,8.48,8.76,8.46,8.73,114631218
2318.HK,2026-01-26,67.5,69.25,67.2,68.1,34625026
2628.HK,2026-01-26,31.52,32.68,31.1,32.18,61808611
2899.HK,2026-01-26,41.6,43.56,41.6,42.18,137117432
3968.HK,2026-01-26,46.4,46.76,45.92,46.64,13837927
BAC.US,2026-01-26,51.8,52.28,51.67,52.02,27728400
DIS.US,2026-01-26,111.68,112.41,111.13,111.31,8859849
PG.US,2026-01-26,150.12,150.88,148.52,149.49,12655663
0857.HK,2026-01-27,8.8,8.87,8.7,8.81,91686256
2318.HK,2026-01-27,68.25,70.05,67.9,69.7,47392544
2628.HK,2026-01-27,32.26,34.1,32.08,34.1,115324037
2899.HK,2026-01-27,44.0,45.18,42.04,43.4,129707907
3968.HK,2026-01-27,46.64,47.52,46.5,47.18,22272089
BAC.US,2026-01-27,52.21,52.25,51.81,52.17,26494298
DIS.US,2026-01-27,111.5,111.8,110.03,110.61,8956915
PG.US,2026-01-27,148.07,149.64,147.93,148.34,9546000
0857.HK,2026-01-28,8.88,9.35,8.88,9.25,236897045
2318.HK,2026-01-28,70.85,70.95,69.7,70.95,51767221
2628.HK,2026-01-28,34.38,35.26,34.26,35.18,99012881
2899.HK,2026-01-28,44.36,45.06,43.22,44.76,149578663
3968.HK,2026-01-28,47.34,47.96,46.94,47.66,33008642
BAC.US,2026-01-28,51.95,52.14,51.31,51.81,35030158
DIS.US,2026-01-28,110.28,111.43,109.0,109.56,9016629
PG.US,2026-01-28,148.0,148.71,146.79,147.34,7465812
0857.HK,2026-01-29,9.25,9.58,9.23,9.39,214872642
2318.HK,2026-01-29,70.9,73.7,70.1,73.3,85254708
2628.HK,2026-01-29,34.8,35.96,34.8,35.52,68742771
2899.HK,2026-01-29,45.6,46.98,44.58,46.14,135093712
3968.HK,2026-01-29,47.44,47.88,46.8,47.82,29756719
BAC.US,2026-01-29,51.98,53.09,51.95,53.08,35200456
DIS.US,2026-01-29,109.63,111.67,108.76,111.58,11078959
PG.US,2026-01-29,147.29,150.13,147.11,149.9,11035563
0857.HK,2026-01-30,9.55,9.62,9.18,9.28,194995473
2318.HK,2026-01-30,73.3,74.7,72.0,72.7,71403764
2628.HK,2026-01-30,35.14,35.56,34.42,34.88,92036049
2899.HK,2026-01-30,44.52,45.22,41.76,41.9,184772129
3968.HK,2026-01-30,48.3,48.9,47.86,47.86,29509912
BAC.US,2026-01-30,52.87,53.41,52.77,53.2,34549130
DIS.US,2026-01-30,111.36,112.95,110.99,112.8,17895224
PG.US,2026-01-30,150.43,151.97,149.15,151.77,12651426
0857.HK,2026-02-02,9.06,9.24,8.81,8.95,168881807
2318.HK,2026-02-02,71.7,72.7,69.7,70.7,59792105
2628.HK,2026-02-02,34.18,34.8,32.84,33.5,111276126
2899.HK,2026-02-02,37.72,40.58,37.7,39.56,182231110
3968.HK,2026-02-02,47.86,48.56,47.68,48.06,22476042
BAC.US,2026-02-02,53.2,54.09,52.95,54.03,34624464
DIS.US,2026-02-02,104.01,108.61,103.75,104.45,37778503
PG.US,2026-02-02,152.42,153.73,151.25,153.19,10554872
0857.HK,2026-02-03,8.98,9.1,8.89,8.97,73946430
2318.HK,2026-02-03,72.0,73.15,70.45,71.3,39508657
2628.HK,2026-02-03,34.0,34.88,33.56,34.46,67477030
2899.HK,2026-02-03,40.9,41.44,39.72,41.36,119073350
3968.HK,2026-02-03,47.78,48.34,47.32,47.36,17113850
BAC.US,2026-02-03,54.2,55.12,53.68,54.45,41208444
DIS.US,2026-02-03,104.78,104.99,102.34,104.22,24827093
PG.US,2026-02-03,152.59,156.53,152.2,155.32,12424740
0857.HK,2026-02-04,9.09,9.17,8.97,9.16,86142539
2318.HK,2026-02-04,71.35,72.45,70.8,72.05,28128750
2628.HK,2026-02-04,34.6,35.48,34.0,35.16,49992989
2899.HK,2026-02-04,42.24,42.72,40.74,41.64,61862311
3968.HK,2026-02-04,47.36,47.94,47.32,47.5,18481573
BAC.US,2026-02-04,54.78,56.04,54.71,55.38,54522543
DIS.US,2026-02-04,104.2,108.6,103.63,107.05,19070374
PG.US,2026-02-04,156.13,158.37,155.76,156.87,12178463
0857.HK,2026-02-05,9.25,9.33,8.88,9.1,98179484
2318.HK,2026-02-05,71.7,72.1,69.4,71.15,33898387
2628.HK,2026-02-05,34.94,35.3,33.14,34.2,101193871
2899.HK,2026-02-05,40.98,40.98,38.5,39.66,88751050
3968.HK,2026-02-05,47.1,48.88,47.08,48.68,21248324
BAC.US,2026-02-05,55.02,55.29,54.25,54.94,32959672
DIS.US,2026-02-05,107.05,108.33,104.81,104.97,11859533
PG.US,2026-02-05,158.84,159.65,156.12,158.61,13077657
0857.HK,2026-02-06,8.89,9.3,8.81,9.28,112674965
2318.HK,2026-02-06,69.6,70.55,69.2,69.6,35471137
2628.HK,2026-02-06,33.4,34.44,33.36,33.7,44295254
2899.HK,2026-02-06,38.02,39.54,37.54,39.1,69280035
3968.HK,2026-02-06,48.68,49.36,48.3,49.18,21293710
BAC.US,2026-02-06,55.55,56.87,55.29,56.53,42467989
DIS.US,2026-02-06,106.13,108.96,105.37,108.7,12105606
PG.US,2026-02-06,158.24,159.99,158.01,159.17,10441737
0857.HK,2026-02-09,9.28,9.33,9.12,9.16,73977364
2318.HK,2026-02-09,71.8,73.35,70.7,73.0,52358887
2628.HK,2026-02-09,34.8,35.74,34.2,35.04,57192027
2899.HK,2026-02-09,40.04,41.5,40.04,41.28,76378977
3968.HK,2026-02-09,49.54,49.86,48.86,49.22,20902455
BAC.US,2026-02-09,56.39,56.72,56.18,56.41,31968377
DIS.US,2026-02-09,108.69,108.92,106.77,107.13,10515412
PG.US,2026-02-09,158.76,159.28,156.02,157.33,11439942
0857.HK,2026-02-10,9.25,9.41,9.21,9.31,60803224
2318.HK,2026-02-10,74.0,74.15,73.25,73.45,42851282
2628.HK,2026-02-10,35.22,35.6,34.92,35.52,47067944
2899.HK,2026-02-10,42.46,42.46,41.1,42.32,66959473
3968.HK,2026-02-10,49.3,49.42,49.02,49.3,13312125
BAC.US,2026-02-10,56.44,56.83,54.27,55.39,48304748
DIS.US,2026-02-10,107.6,111.11,107.6,109.96,9815529
PG.US,2026-02-10,157.53,160.15,156.72,159.08,9910099
0857.HK,2026-02-11,9.34,9.42,9.21,9.38,45556069
2318.HK,2026-02-11,73.85,74.1,71.75,72.5,23288990
2628.HK,2026-02-11,35.6,36.16,34.06,34.12,64142181
2899.HK,2026-02-11,42.3,44.26,41.66,43.52,80111450
3968.HK,2026-02-11,49.3,49.68,49.08,49.52,12356284
BAC.US,2026-02-11,55.97,56.11,53.24,53.85,48973507
DIS.US,2026-02-11,108.93,109.87,107.8,108.12,9374912
PG.US,2026-02-11,158.64,161.14,158.19,160.0,10217309
0857.HK,2026-02-12,9.42,9.59,9.4,9.46,84196856
2318.HK,2026-02-12,73.45,73.45,71.5,71.9,19236432
2628.HK,2026-02-12,34.46,34.46,33.82,34.34,33096795
2899.HK,2026-02-12,44.6,45.58,43.74,45.02,111789112
3968.HK,2026-02-12,49.46,49.68,48.9,49.62,14643038
BAC.US,2026-02-12,53.91,53.94,51.79,52.52,55481595
DIS.US,2026-02-12,107.93,108.16,101.02,102.38,25319617
PG.US,2026-02-12,160.02,163.14,159.65,161.21,13512862
0857.HK,2026-02-13,9.35,9.35,9.04,9.05,111248203
2318.HK,2026-02-13,70.95,71.5,69.6,70.35,37025868
2628.HK,2026-02-13,33.88,33.9,32.5,33.08,81508901
2899.HK,2026-02-13,43.46,43.8,41.32,41.58,97868180
3968.HK,2026-02-13,48.78,49.44,48.66,48.8,10101302
BAC.US,2026-02-13,51.91,52.82,51.44,52.55,31772096
DIS.US,2026-02-13,101.4,105.52,101.2,105.45,12845332
PG.US,2026-02-13,161.74,162.57,159.71,160.07,13999208
0857.HK,2026-02-16,9.1,9.26,9.1,9.18,23205763
2318.HK,2026-02-16,70.35,70.85,69.7,70.65,11223944
2628.HK,2026-02-16,33.06,33.78,32.82,33.72,8914512
2899.HK,2026-02-16,41.86,43.56,41.68,43.52,30274864
3968.HK,2026-02-16,48.88,49.14,48.7,48.9,3350586
BAC.US,2026-02-17,53.04,53.55,52.62,52.74,35542357
DIS.US,2026-02-17,106.57,107.28,104.37,105.44,10467365
PG.US,2026-02-17,159.95,162.17,158.88,159.55,13319135
BAC.US,2026-02-18,52.99,53.61,52.79,53.36,30698902
DIS.US,2026-02-18,105.96,107.73,105.81,107.1,8791935
PG.US,2026-02-18,158.98,158.98,155.77,156.86,14434308
BAC.US,2026-02-19,51.91,52.81,51.83,52.77,47148587
DIS.US,2026-02-19,107.11,107.77,105.45,106.0,7492923
PG.US,2026-02-19,156.83,159.96,156.83,158.56,10724558
0857.HK,2026-02-20,9.33,9.64,9.33,9.52,94420900
2318.HK,2026-02-20,70.0,71.45,69.95,70.55,11845983
2628.HK,2026-02-20,33.6,34.08,33.22,33.56,16794776
2899.HK,2026-02-20,43.52,44.06,42.64,42.64,28327483
3968.HK,2026-02-20,48.9,49.5,48.34,49.12,8857454
BAC.US,2026-02-20,52.53,53.09,51.83,53.06,33552006
DIS.US,2026-02-20,105.61,106.2,104.65,105.58,9043632
PG.US,2026-02-20,159.13,161.06,158.16,160.78,11508133
0857.HK,2026-02-23,9.66,9.67,9.48,9.57,45183262
2318.HK,2026-02-23,72.1,72.8,71.6,72.8,24679910
2628.HK,2026-02-23,34.38,34.78,34.14,34.58,21868952
2899.HK,2026-02-23,43.9,45.52,43.88,44.92,40756574
3968.HK,2026-02-23,49.72,50.2,49.6,49.98,10550828
BAC.US,2026-02-23,52.84,53.26,50.89,51.07,50602478
DIS.US,2026-02-23,104.98,105.19,102.96,104.41,10626494
PG.US,2026-02-23,160.32,165.36,160.3,165.17,14772449
0857.HK,2026-02-24,9.71,9.73,9.5,9.56,122115944
2318.HK,2026-02-24,71.8,72.0,69.3,69.8,52120704
2628.HK,2026-02-24,34.02,34.16,32.26,32.48,66538004
2899.HK,2026-02-24,45.26,45.26,43.6,44.02,52050591
3968.HK,2026-02-24,49.98,49.98,49.24,49.36,9872167
BAC.US,2026-02-24,50.74,50.88,49.47,50.41,53062697
DIS.US,2026-02-24,104.45,107.23,103.98,106.05,13594755
PG.US,2026-02-24,164.9,166.87,163.94,165.28,9709847
0857.HK,2026-02-25,9.6,9.76,9.52,9.6,111324289
2318.HK,2026-02-25,70.4,71.55,69.7,71.15,32042019
2628.HK,2026-02-25,32.58,33.24,32.08,32.72,45557318
2899.HK,2026-02-25,44.68,45.28,44.08,44.9,38813393
3968.HK,2026-02-25,49.36,49.56,48.6,48.76,17348161
BAC.US,2026-02-25,50.33,51.77,50.31,51.69,41375022
DIS.US,2026-02-25,106.0,106.72,104.51,105.05,8556478
PG.US,2026-02-25,164.54,165.0,162.1,163.39,7878458
0857.HK,2026-02-26,9.63,9.63,9.38,9.46,95841697
2318.HK,2026-02-26,72.4,72.4,67.75,67.85,59998374
2628.HK,2026-02-26,33.0,33.0,31.32,31.38,76940104
2899.HK,2026-02-26,45.3,45.3,44.04,44.48,53910248
3968.HK,2026-02-26,48.9,49.22,48.5,48.96,21684717
BAC.US,2026-02-26,51.88,52.67,51.74,52.3,52418498
DIS.US,2026-02-26,105.47,106.77,105.32,105.55,9578521
PG.US,2026-02-26,164.22,164.5,162.86,163.75,7028558
0857.HK,2026-02-27,9.46,9.55,9.28,9.54,149644089
2318.HK,2026-02-27,68.6,68.6,67.9,68.0,39693661
2628.HK,2026-02-27,31.4,31.96,31.38,31.58,52153713
2899.HK,2026-02-27,44.98,45.46,44.22,45.0,47910544
3968.HK,2026-02-27,48.96,49.02,48.34,48.84,13742259
BAC.US,2026-02-27,51.08,51.41,49.32,49.83,77728699
DIS.US,2026-02-27,104.78,106.34,103.93,106.04,13954006
PG.US,2026-02-27,164.04,167.25,163.69,167.2,14878484
0857.HK,2026-03-02,10.1,10.1,9.62,9.93,465437336
2318.HK,2026-03-02,66.9,67.5,65.4,66.4,53850365
2628.HK,2026-03-02,30.72,31.34,29.92,30.5,94881622
2899.HK,2026-03-02,46.14,46.48,43.94,46.04,78260818
3968.HK,2026-03-02,48.62,48.72,47.76,48.06,18728326
BAC.US,2026-03-02,48.78,50.42,48.58,49.81,40595188
DIS.US,2026-03-02,104.61,104.61,102.86,104.33,14178584
PG.US,2026-03-02,165.29,166.55,163.45,163.51,9095500
0857.HK,2026-03-03,9.99,10.61,9.9,10.43,505995465
2318.HK,2026-03-03,67.05,67.1,65.5,66.0,46664062
2628.HK,2026-03-03,30.6,30.7,29.48,30.04,73245212
2899.HK,2026-03-03,46.5,46.5,42.82,43.22,83430076
3968.HK,2026-03-03,47.94,48.82,47.88,48.24,14754664
BAC.US,2026-03-03,48.76,50.51,48.5,49.97,51242938
DIS.US,2026-03-03,102.84,104.31,102.15,103.3,13608362
PG.US,2026-03-03,162.19,162.19,158.62,159.72,10161002
0857.HK,2026-03-04,10.42,10.42,9.82,10.12,360599197
2318.HK,2026-03-04,66.0,66.0,62.6,64.55,81461257
2628.HK,2026-03-04,29.2,29.34,27.88,28.88,117066494
2899.HK,2026-03-04,41.8,42.98,40.94,41.94,75829511
3968.HK,2026-03-04,47.88,47.94,46.74,47.52,18627296
BAC.US,2026-03-04,49.89,50.41,49.21,50.3,34208496
DIS.US,2026-03-04,103.17,103.84,102.64,103.04,9672313
PG.US,2026-03-04,159.44,159.61,157.31,158.3,8752716
0857.HK,2026-03-05,10.14,10.5,9.92,10.26,269202765
2318.HK,2026-03-05,64.9,65.65,63.65,64.05,40342120
2628.HK,2026-03-05,29.04,29.68,28.2,28.62,91599575
2899.HK,2026-03-05,42.96,42.96,40.18,40.86,64336644
3968.HK,2026-03-05,48.16,48.8,48.0,48.22,14874409
BAC.US,2026-03-05,49.82,50.43,49.33,49.81,39073943
DIS.US,2026-03-05,103.1,104.55,101.59,102.41,11761031
PG.US,2026-03-05,156.94,157.1,153.77,153.99,10060314
0857.HK,2026-03-06,10.41,10.59,10.2,10.4,222741822
2318.HK,2026-03-06,63.8,65.0,63.4,64.65,32310007
2628.HK,2026-03-06,28.44,29.02,28.12,28.8,78666420
2899.HK,2026-03-06,40.32,40.74,39.2,40.12,59730119
3968.HK,2026-03-06,48.2,48.8,47.96,48.8,8119101
BAC.US,2026-03-06,48.55,48.7,47.62,48.64,47015993
DIS.US,2026-03-06,101.39,101.81,99.95,101.54,10448618
PG.US,2026-03-06,153.66,154.43,151.89,153.63,8187905
0857.HK,2026-03-09,11.13,11.28,10.5,10.64,462190539
2318.HK,2026-03-09,62.4,62.7,60.85,62.65,82352185
2628.HK,2026-03-09,27.4,28.7,26.6,28.58,129718156
2899.HK,2026-03-09,38.0,39.12,37.1,38.98,110120010
3968.HK,2026-03-09,48.0,49.46,47.68,49.3,34325090
BAC.US,2026-03-09,47.94,48.15,46.77,47.9,62752798
DIS.US,2026-03-09,100.55,101.87,98.45,101.66,11715052
PG.US,2026-03-09,153.15,156.23,152.9,155.22,12494929
0857.HK,2026-03-10,10.24,10.44,10.07,10.26,219696701
2318.HK,2026-03-10,63.65,64.05,62.8,63.45,34415521
2628.HK,2026-03-10,29.12,29.5,28.98,29.4,57392305
2899.HK,2026-03-10,39.8,40.6,39.64,39.94,43164331
3968.HK,2026-03-10,49.2,49.72,48.5,49.62,18332168
BAC.US,2026-03-10,48.28,49.15,47.6,48.56,50271136
DIS.US,2026-03-10,101.75,102.24,100.24,101.32,7833149
PG.US,2026-03-10,155.49,157.15,153.6,156.01,7756771
0857.HK,2026-03-11,10.22,10.55,10.01,10.5,183872332
2318.HK,2026-03-11,63.4,64.0,63.15,63.5,27017655
2628.HK,2026-03-11,29.52,29.56,28.66,28.72,41879367
2899.HK,2026-03-11,40.1,40.8,39.6,39.76,25424991
3968.HK,2026-03-11,49.62,49.94,49.24,49.62,12150164
BAC.US,2026-03-11,48.36,48.65,47.78,48.52,42185812
DIS.US,2026-03-11,101.4,101.89,100.4,100.89,8161816
PG.US,2026-03-11,155.23,155.38,151.43,153.32,8857194
0857.HK,2026-03-12,10.67,10.89,10.52,10.62,197970541
2318.HK,2026-03-12,63.0,63.7,62.1,62.85,28682412
2628.HK,2026-03-12,28.52,28.7,27.86,28.42,32247702
2899.HK,2026-03-12,39.5,40.14,38.88,39.72,40418742
3968.HK,2026-03-12,49.36,49.72,48.94,49.56,11468134
BAC.US,2026-03-12,47.7,47.78,46.79,47.13,58354534
DIS.US,2026-03-12,100.1,100.88,99.37,99.43,10309389
PG.US,2026-03-12,152.21,153.05,150.33,150.5,8489278
0857.HK,2026-03-13,10.75,11.02,10.52,10.67,157392382
2318.HK,2026-03-13,62.5,63.45,62.05,62.25,26661414
2628.HK,2026-03-13,28.1,28.68,28.0,28.08,27927366
2899.HK,2026-03-13,39.12,39.66,38.12,38.26,45505823
3968.HK,2026-03-13,49.24,49.66,48.92,49.26,7291850
BAC.US,2026-03-13,47.52,47.82,46.66,46.72,45473073
DIS.US,2026-03-13,99.83,100.77,99.16,99.29,9551465
PG.US,2026-03-13,151.37,152.55,150.18,150.65,7298896
0857.HK,2026-03-16,10.66,10.85,10.53,10.62,137281267
2318.HK,2026-03-16,62.25,62.65,61.05,62.25,26397537
2628.HK,2026-03-16,28.08,28.6,27.44,28.44,31577869
2899.HK,2026-03-16,37.42,37.72,36.1,36.98,99340379
3968.HK,2026-03-16,49.26,50.2,48.84,50.0,14565834
BAC.US,2026-03-16,47.12,47.68,46.9,47.06,38055608
DIS.US,2026-03-16,99.47,99.69,98.46,98.66,11578529
PG.US,2026-03-16,151.86,152.64,150.65,152.12,6944219
0857.HK,2026-03-17,10.6,10.71,10.4,10.58,144348393
2318.HK,2026-03-17,62.6,64.4,62.55,63.1,31330854
2628.HK,2026-03-17,28.58,29.74,28.54,28.78,49371887
2899.HK,2026-03-17,36.96,38.08,36.78,36.94,55711038
3968.HK,2026-03-17,50.0,50.6,49.84,49.96,11264490
BAC.US,2026-03-17,47.66,48.08,47.2,47.28,33427815
DIS.US,2026-03-17,99.17,100.71,99.02,100.3,11785559
PG.US,2026-03-17,153.01,153.46,151.2,151.48,6147692
0857.HK,2026-03-18,10.59,10.65,10.26,10.48,130878569
2318.HK,2026-03-18,63.8,63.8,62.95,63.4,20229275
2628.HK,2026-03-18,28.9,29.3,28.72,29.08,25410043
2899.HK,2026-03-18,36.94,37.7,36.78,37.34,33152786
3968.HK,2026-03-18,49.98,50.15,49.26,49.28,15406666
BAC.US,2026-03-18,47.22,47.88,46.69,46.83,40251811
DIS.US,2026-03-18,99.84,101.02,99.0,99.42,12615136
PG.US,2026-03-18,149.31,149.62,146.46,146.71,10059257
0857.HK,2026-03-19,10.54,10.77,10.54,10.73,143738908
2318.HK,2026-03-19,61.9,62.2,61.45,61.65,30959562
2628.HK,2026-03-19,28.08,28.44,27.98,28.2,41928111
2899.HK,2026-03-19,35.62,35.8,34.02,34.7,133456667
3968.HK,2026-03-19,48.8,49.28,48.8,48.88,17586095
BAC.US,2026-03-19,46.42,47.19,46.12,47.01,38601377
DIS.US,2026-03-19,99.03,100.78,98.44,99.2,14793761
PG.US,2026-03-19,146.22,147.38,144.79,144.84,10340333
0857.HK,2026-03-20,10.68,10.98,10.43,10.91,206411188
2318.HK,2026-03-20,61.65,62.6,61.35,61.75,31221069
2628.HK,2026-03-20,28.34,28.76,27.92,28.16,41442779
2899.HK,2026-03-20,34.0,34.96,33.68,34.22,111340671
3968.HK,2026-03-20,48.88,49.22,48.56,48.84,17182378
BAC.US,2026-03-20,47.13,47.46,46.69,47.16,78060881
DIS.US,2026-03-20,99.01,100.03,98.39,99.51,27544215
PG.US,2026-03-20,144.99,145.82,144.25,144.28,60620861
0857.HK,2026-03-23,10.91,11.09,10.59,10.76,246879592
2318.HK,2026-03-23,60.0,60.2,57.1,57.5,102616377
2628.HK,2026-03-23,27.4,27.6,25.56,26.02,130265747
2899.HK,2026-03-23,32.36,33.48,31.66,32.52,145153265
3968.HK,2026-03-23,48.56,48.56,46.82,47.2,15847029
BAC.US,2026-03-23,48.34,48.39,47.48,47.52,42333241
DIS.US,2026-03-23,100.22,100.6,97.86,97.95,11373009
PG.US,2026-03-23,146.15,146.15,143.48,143.99,10315584
0857.HK,2026-03-24,10.71,10.88,10.53,10.72,199819314
2318.HK,2026-03-24,58.15,59.65,57.95,59.5,52588421
2628.HK,2026-03-24,26.46,26.96,26.16,26.9,63486833
2899.HK,2026-03-24,33.38,35.0,33.1,34.86,99984452
3968.HK,2026-03-24,47.7,48.56,47.54,48.4,13784030
BAC.US,2026-03-24,47.05,48.46,47.02,48.14,39804103
DIS.US,2026-03-24,97.74,98.05,96.25,96.39,9155717
PG.US,2026-03-24,143.33,145.23,142.23,143.16,8567608
0857.HK,2026-03-25,10.7,10.84,10.36,10.72,171990669
2318.HK,2026-03-25,60.2,61.45,59.85,60.45,39545928
2628.HK,2026-03-25,27.36,27.96,27.08,27.36,55240701
2899.HK,2026-03-25,36.2,36.6,35.14,35.62,93561950
3968.HK,2026-03-25,48.88,49.0,48.32,48.98,10264035
BAC.US,2026-03-25,48.52,49.11,48.18,48.75,29988292
DIS.US,2026-03-25,96.82,97.18,95.06,95.95,8467460
PG.US,2026-03-25,143.74,144.1,142.23,143.92,8418089
0857.HK,2026-03-26,10.72,10.91,10.62,10.88,146799794
2318.HK,2026-03-26,60.45,60.8,57.7,58.15,55954105
2628.HK,2026-03-26,27.22,27.3,24.78,25.04,148874829
2899.HK,2026-03-26,35.62,35.62,33.32,33.88,87643915
3968.HK,2026-03-26,49.02,49.1,48.4,49.02,12387042
BAC.US,2026-03-26,48.71,48.87,48.03,48.24,32502597
DIS.US,2026-03-26,95.12,96.4,94.59,94.75,8548801
PG.US,2026-03-26,143.69,144.57,142.24,142.42,6443158
0857.HK,2026-03-27,10.84,11.04,10.72,10.97,137590530
2318.HK,2026-03-27,57.5,59.8,57.45,59.3,56867450
2628.HK,2026-03-27,24.78,25.34,24.6,25.0,61048394
2899.HK,2026-03-27,33.6,34.44,33.04,33.94,65059655
3968.HK,2026-03-27,49.22,49.26,48.6,48.96,12650975
BAC.US,2026-03-27,48.07,48.25,46.84,46.97,36781861
DIS.US,2026-03-27,94.19,94.19,92.19,92.42,12475879
PG.US,2026-03-27,142.72,144.08,142.01,142.71,11558266
0857.HK,2026-03-30,11.16,11.28,10.94,11.14,168917976
2318.HK,2026-03-30,58.05,58.9,57.55,58.9,51258326
2628.HK,2026-03-30,24.44,24.44,23.94,24.38,70467752
2899.HK,2026-03-30,33.68,34.38,33.08,34.22,64335860
3968.HK,2026-03-30,47.68,49.5,47.68,49.4,17301574
BAC.US,2026-03-30,47.55,47.86,46.93,47.23,43375850
DIS.US,2026-03-30,92.89,95.19,92.89,94.32,10592642
PG.US,2026-03-30,143.04,145.57,142.57,144.72,11616291
0857.HK,2026-03-31,11.22,11.25,10.6,10.75,231852570
2318.HK,2026-03-31,58.65,59.8,58.5,59.45,36323270
2628.HK,2026-03-31,24.34,25.14,24.18,24.6,47540413
2899.HK,2026-03-31,34.22,35.4,33.9,34.36,68995339
3968.HK,2026-03-31,49.26,49.76,49.1,49.28,16824715
BAC.US,2026-03-31,47.68,48.77,47.37,48.75,49060591
DIS.US,2026-03-31,95.34,96.89,94.19,96.38,11180156
PG.US,2026-03-31,144.82,144.92,142.28,144.44,10407548
0857.HK,2026-04-01,10.6,10.95,10.48,10.55,149480466
2318.HK,2026-04-01,61.0,61.7,60.4,60.6,52208789
2628.HK,2026-04-01,25.6,25.86,25.12,25.2,65282019
2899.HK,2026-04-01,36.76,36.92,35.8,36.4,105068623
3968.HK,2026-04-01,49.7,49.86,49.0,49.12,19657880
BAC.US,2026-04-01,49.7,50.05,48.78,49.27,32947016
DIS.US,2026-04-01,97.26,98.36,96.49,96.56,8518600
PG.US,2026-04-01,143.92,144.97,143.21,144.09,8061652
0857.HK,2026-04-02,10.45,10.78,10.44,10.77,152200427
2318.HK,2026-04-02,60.6,60.6,59.3,60.2,29869408
2628.HK,2026-04-02,25.2,25.26,24.74,25.0,33731940
2899.HK,2026-04-02,36.72,36.72,34.9,35.32,56791587
3968.HK,2026-04-02,49.0,49.7,48.92,49.7,13021818
BAC.US,2026-04-02,48.75,49.57,48.16,49.38,27548242
DIS.US,2026-04-02,96.0,97.17,95.09,96.61,6379090
PG.US,2026-04-02,144.09,144.21,142.58,143.12,5941663
BAC.US,2026-04-06,49.43,50.12,49.25,50.06,28507199
DIS.US,2026-04-06,96.5,97.16,96.12,96.28,5882227
PG.US,2026-04-06,143.01,143.67,141.92,142.77,6823103
BAC.US,2026-04-07,49.8,50.48,49.62,50.28,28473178
DIS.US,2026-04-07,95.8,96.79,95.33,95.78,7913016
PG.US,2026-04-07,142.52,142.77,140.74,141.3,7207503
0857.HK,2026-04-08,10.48,10.62,10.15,10.56,174043007
2318.HK,2026-04-08,61.8,63.35,61.8,62.4,62953846
2628.HK,2026-04-08,25.92,26.74,25.8,26.26,108411568
2899.HK,2026-04-08,36.8,38.26,36.8,37.18,105900776
3968.HK,2026-04-08,50.2,50.6,49.44,49.7,18949124
BAC.US,2026-04-08,51.94,52.26,51.37,51.88,36473548
DIS.US,2026-04-08,98.1,99.19,97.69,99.18,10820968
PG.US,2026-04-08,143.15,145.11,141.87,144.9,10849670
0857.HK,2026-04-09,10.56,10.77,10.53,10.77,113724408
2318.HK,2026-04-09,62.1,62.5,61.7,62.25,41175500
2628.HK,2026-04-09,26.26,26.5,25.92,26.32,44410889
2899.HK,2026-04-09,36.5,36.74,36.04,36.46,39827401
3968.HK,2026-04-09,49.36,50.1,49.08,50.1,13863563
BAC.US,2026-04-09,51.63,52.84,51.63,52.71,32007987
DIS.US,2026-04-09,98.66,100.23,97.68,99.79,8918282
PG.US,2026-04-09,144.39,146.94,143.0,146.66,6794840
0857.HK,2026-04-10,10.76,10.91,10.73,10.8,76956497
2318.HK,2026-04-10,62.75,63.55,62.55,62.75,27509899
2628.HK,2026-04-10,26.56,27.48,26.44,27.16,51895695
2899.HK,2026-04-10,37.04,37.16,36.32,36.48,39087460
3968.HK,2026-04-10,49.96,50.2,49.78,50.0,7900819
BAC.US,2026-04-10,52.8,52.83,52.2,52.54,25225326
DIS.US,2026-04-10,99.84,100.16,98.82,99.17,6359602
PG.US,2026-04-10,146.89,146.89,144.76,145.16,9790295
0857.HK,2026-04-13,10.82,11.05,10.82,10.97,96106689
2318.HK,2026-04-13,62.15,62.15,61.1,61.65,24784092
2628.HK,2026-04-13,26.72,27.18,26.1,27.06,69136315
2899.HK,2026-04-13,36.0,36.74,35.68,36.6,36703784
3968.HK,2026-04-13,49.76,49.98,49.26,49.72,9488275
BAC.US,2026-04-13,52.18,53.44,51.85,53.35,27835292
DIS.US,2026-04-13,98.53,101.27,98.53,101.18,6790349
PG.US,2026-04-13,145.0,145.09,142.63,143.58,7121405
0857.HK,2026-04-14,10.88,11.01,10.82,10.91,78841715
2318.HK,2026-04-14,62.75,63.5,62.25,63.25,26938107
2628.HK,2026-04-14,27.36,27.74,27.08,27.5,57393538
2899.HK,2026-04-14,37.6,38.3,37.24,37.7,61398302
3968.HK,2026-04-14,49.72,50.2,49.64,50.15,12297783
BAC.US,2026-04-14,53.1,53.57,52.8,53.35,40178472
DIS.US,2026-04-14,101.34,103.1,100.9,102.59,9997361
PG.US,2026-04-14,143.24,144.72,142.77,144.38,6621561
0857.HK,2026-04-15,10.81,10.85,10.5,10.58,146543669
2318.HK,2026-04-15,63.95,64.15,62.55,62.55,23752554
2628.HK,2026-04-15,27.98,28.04,27.32,27.42,47420700
2899.HK,2026-04-15,38.7,39.18,37.5,37.98,72288379
3968.HK,2026-04-15,50.45,50.95,50.35,50.8,15403338
BAC.US,2026-04-15,54.25,55.4,53.71,54.32,63838206
DIS.US,2026-04-15,102.6,103.38,101.79,103.04,7035321
PG.US,2026-04-15,144.36,144.4,142.26,143.38,7698188
0857.HK,2026-04-16,10.48,10.65,10.44,10.61,97145073
2318.HK,2026-04-16,62.55,63.05,62.3,62.65,27004059
2628.HK,2026-04-16,27.42,28.18,27.4,28.06,43424869
2899.HK,2026-04-16,38.0,38.2,37.62,37.82,41570673
3968.HK,2026-04-16,51.0,51.45,51.0,51.3,14534082
BAC.US,2026-04-16,54.04,54.51,53.47,53.51,35206733
DIS.US,2026-04-16,103.62,104.53,102.78,103.9,8145920
PG.US,2026-04-16,143.2,144.29,142.66,143.11,6947144
0857.HK,2026-04-17,10.56,10.71,10.5,10.69,95756391
2318.HK,2026-04-17,62.0,62.25,60.25,60.6,67025039
2628.HK,2026-04-17,27.56,28.1,27.2,27.74,54507943
2899.HK,2026-04-17,37.82,37.82,36.42,36.62,54074734
3968.HK,2026-04-17,50.95,51.45,50.2,50.55,19908237
BAC.US,2026-04-17,54.16,54.6,53.75,53.91,43484724
DIS.US,2026-04-17,104.69,106.33,104.69,106.29,10506163
PG.US,2026-04-17,143.41,147.59,143.16,146.93,10886017
0857.HK,2026-04-20,10.42,10.57,10.27,10.34,157178282
2318.HK,2026-04-20,60.4,61.65,60.25,61.5,40990900
2628.HK,2026-04-20,27.76,27.84,27.1,27.62,34227818
2899.HK,2026-04-20,36.5,37.4,36.28,37.12,43166287
3968.HK,2026-04-20,50.85,51.3,50.15,51.1,9515886
BAC.US,2026-04-20,53.5,53.95,53.18,53.95,43999191
DIS.US,2026-04-20,105.91,107.11,105.91,106.3,6423418
PG.US,2026-04-20,146.06,146.66,143.59,144.49,8084743
0857.HK,2026-04-21,10.34,10.45,10.27,10.44,129903437
2318.HK,2026-04-21,61.5,62.1,61.25,61.45,17633037
2628.HK,2026-04-21,27.62,27.84,27.24,27.52,31136726
2899.HK,2026-04-21,37.12,38.32,36.84,38.2,58828253
3968.HK,2026-04-21,51.3,51.65,51.15,51.35,9764778
BAC.US,2026-04-21,54.0,54.65,53.21,53.48,34266256
DIS.US,2026-04-21,106.19,106.88,103.97,104.29,7784483
PG.US,2026-04-21,144.62,144.62,142.32,142.32,11197205
0857.HK,2026-04-22,10.45,10.65,10.44,10.65,100311623
2318.HK,2026-04-22,60.95,61.6,60.8,61.3,19089688
2628.HK,2026-04-22,27.36,27.6,27.16,27.28,25562336
2899.HK,2026-04-22,38.2,38.72,37.1,37.84,62454689
3968.HK,2026-04-22,51.35,51.55,50.65,50.9,9715152
BAC.US,2026-04-22,53.67,53.8,53.0,53.12,24097637
DIS.US,2026-04-22,105.03,106.28,104.23,104.82,6886600
PG.US,2026-04-22,142.5,143.3,142.22,142.85,7236304
0857.HK,2026-04-23,10.65,11.1,10.6,11.1,167221760
2318.HK,2026-04-23,60.85,61.2,60.3,60.7,26135866
2628.HK,2026-04-23,27.28,27.3,26.66,26.8,36699998
2899.HK,2026-04-23,38.1,38.6,36.5,36.9,63785430
3968.HK,2026-04-23,50.9,51.4,50.5,51.05,10611495
BAC.US,2026-04-23,53.06,53.52,52.25,52.47,31956276
DIS.US,2026-04-23,104.94,105.2,102.55,103.65,6146952
PG.US,2026-04-23,143.4,146.23,143.4,145.71,11288762
0857.HK,2026-04-24,11.04,11.33,11.04,11.33,166545618
2318.HK,2026-04-24,60.3,61.25,60.2,60.95,22303252
2628.HK,2026-04-24,26.44,27.3,26.38,27.16,34587028
2899.HK,2026-04-24,36.9,37.04,35.8,36.8,45352009
3968.HK,2026-04-24,50.65,50.75,50.05,50.4,7945878
BAC.US,2026-04-24,52.32,52.51,51.93,52.05,30265402
DIS.US,2026-04-24,103.6,103.64,101.97,102.6,5974471
PG.US,2026-04-24,152.01,152.42,147.62,148.18,13786243
0857.HK,2026-04-27,11.32,11.53,11.25,11.46,120418774
2318.HK,2026-04-27,61.1,61.35,60.5,60.9,26406752
2628.HK,2026-04-27,27.16,27.26,26.62,26.74,49919647
2899.HK,2026-04-27,36.8,36.8,36.0,36.22,35825192
3968.HK,2026-04-27,50.4,51.35,50.1,50.35,14314633
BAC.US,2026-04-27,51.99,52.93,51.83,52.63,28043724
DIS.US,2026-04-27,102.62,103.81,102.06,102.35,6524285
PG.US,2026-04-27,147.42,149.7,147.42,148.4,9166393
0857.HK,2026-04-28,11.28,11.71,11.23,11.67,165895351
2318.HK,2026-04-28,60.3,61.05,59.75,60.05,32341558
2628.HK,2026-04-28,26.54,26.84,25.58,26.06,109055637
2899.HK,2026-04-28,35.88,35.88,35.08,35.36,42866576
3968.HK,2026-04-28,50.3,50.45,49.54,50.1,15309028
BAC.US,2026-04-28,53.02,53.43,52.63,52.66,21164121
DIS.US,2026-04-28,102.66,103.29,100.61,101.47,6409294
PG.US,2026-04-28,150.03,151.19,148.43,149.17,7965681
0857.HK,2026-04-29,11.7,12.02,11.66,11.98,168454091
2318.HK,2026-04-29,61.25,64.0,60.85,63.7,80577081
2628.HK,2026-04-29,26.32,27.5,26.26,27.4,60455670
2899.HK,2026-04-29,35.08,36.58,34.56,36.46,47738210
3968.HK,2026-04-29,50.1,50.1,47.72,47.98,47729541
BAC.US,2026-04-29,52.43,53.02,51.83,52.88,26250668
DIS.US,2026-04-29,100.94,101.48,100.6,101.3,5533717
PG.US,2026-04-29,148.3,148.75,145.89,146.46,9002422
0857.HK,2026-04-30,11.92,12.22,11.71,12.03,212401381
2318.HK,2026-04-30,63.7,64.4,62.85,63.0,50065051
2628.HK,2026-04-30,28.5,29.18,28.22,28.62,102332708
2899.HK,2026-04-30,35.9,36.18,35.22,35.68,56435531
3968.HK,2026-04-30,47.5,47.98,47.04,47.1,27203878
BAC.US,2026-04-30,52.61,53.66,52.15,53.46,27089208
DIS.US,2026-04-30,100.91,104.12,100.42,103.75,9203503
PG.US,2026-04-30,147.09,147.72,145.95,147.09,9491704
BAC.US,2026-05-01,53.69,54.06,53.09,53.24,24824952
DIS.US,2026-05-01,104.4,104.83,102.97,103.08,5956945
PG.US,2026-05-01,147.87,149.28,146.46,147.26,6814828
0857.HK,2026-05-04,12.12,12.16,11.65,11.7,87673723
2318.HK,2026-05-04,63.75,64.2,63.2,63.25,17882637
2628.HK,2026-05-04,29.22,29.44,28.76,28.78,23504904
2899.HK,2026-05-04,35.88,36.38,35.72,35.8,27280408
3968.HK,2026-05-04,47.78,48.04,47.06,47.08,11156733
BAC.US,2026-05-04,53.07,53.07,52.0,52.19,42928955
DIS.US,2026-05-04,102.74,103.05,101.27,101.31,8400068
PG.US,2026-05-04,146.06,146.06,143.27,143.42,9642763
0857.HK,2026-05-05,11.73,11.84,11.59,11.68,52172287
2318.HK,2026-05-05,62.8,63.5,62.4,63.5,12569588
2628.HK,2026-05-05,28.52,29.26,28.34,29.12,23265241
2899.HK,2026-05-05,35.7,35.7,34.66,35.5,33589371
3968.HK,2026-05-05,46.8,47.16,46.5,47.1,8753618
BAC.US,2026-05-05,52.57,53.36,52.28,53.12,28458642
DIS.US,2026-05-05,101.53,101.73,100.06,100.48,14314678
PG.US,2026-05-05,143.38,145.9,142.18,144.9,7664267
0857.HK,2026-05-06,11.68,11.71,11.4,11.68,172231777
2318.HK,2026-05-06,63.95,64.2,63.0,64.2,25663414
2628.HK,2026-05-06,29.3,30.06,28.98,29.9,68642166
2899.HK,2026-05-06,35.96,37.38,35.34,37.3,66049629
3968.HK,2026-05-06,47.5,47.56,46.92,47.04,17161850
BAC.US,2026-05-06,53.82,54.2,53.47,53.6,27541194
DIS.US,2026-05-06,106.52,109.14,105.31,108.06,23219533
PG.US,2026-05-06,146.4,148.95,145.94,147.9,9399519
0857.HK,2026-05-07,11.27,11.33,10.62,10.69,307153470
2318.HK,2026-05-07,64.55,66.5,64.55,66.0,55187118
2628.HK,2026-05-07,30.2,31.6,29.98,31.18,72755339
2899.HK,2026-05-07,38.08,38.48,37.58,38.16,85038895
3968.HK,2026-05-07,47.26,48.14,46.94,47.82,22561145
BAC.US,2026-05-07,53.55,54.0,52.5,52.75,28682052
DIS.US,2026-05-07,109.05,110.48,107.09,108.66,14309207
PG.US,2026-05-07,147.99,147.99,146.02,146.06,9545761
0857.HK,2026-05-08,10.68,10.76,10.47,10.59,122436878
2318.HK,2026-05-08,64.9,65.95,64.9,65.6,32889448
2628.HK,2026-05-08,31.04,31.5,30.54,31.26,57590612
2899.HK,2026-05-08,37.46,38.78,37.24,38.5,68722748
3968.HK,2026-05-08,47.48,47.64,47.12,47.24,13748628
BAC.US,2026-05-08,52.98,53.01,51.1,51.31,36111182
DIS.US,2026-05-08,109.03,109.21,107.54,108.02,8369970
PG.US,2026-05-08,146.55,147.52,146.21,146.42,5740971
0857.HK,2026-05-11,10.69,10.76,10.57,10.64,87493260
2318.HK,2026-05-11,65.55,66.0,64.75,65.05,37767063
2628.HK,2026-05-11,31.06,31.84,31.04,31.38,52773401
2899.HK,2026-05-11,38.5,38.5,37.54,37.78,46002471
3968.HK,2026-05-11,47.1,47.64,47.0,47.46,16757956
BAC.US,2026-05-11,51.21,51.39,50.27,50.55,33132236
DIS.US,2026-05-11,108.0,108.39,104.38,104.72,10562317
PG.US,2026-05-11,145.79,145.95,141.97,143.36,7489537
0857.HK,2026-05-12,10.8,11.16,10.7,11.06,147036168
2318.HK,2026-05-12,65.4,65.85,64.9,65.0,21057367
2628.HK,2026-05-12,31.46,31.66,30.4,30.58,32180963
2899.HK,2026-05-12,38.54,39.38,38.18,38.44,70878085
3968.HK,2026-05-12,47.46,47.8,47.3,47.52,11609087
BAC.US,2026-05-12,50.86,51.08,49.84,50.78,33518838
DIS.US,2026-05-12,104.99,106.27,104.22,106.16,8178525
PG.US,2026-05-12,144.35,145.86,142.86,143.91,9051215
0857.HK,2026-05-13,11.06,11.26,11.01,11.06,81505457
2318.HK,2026-05-13,65.0,65.45,63.85,64.1,35862058
2628.HK,2026-05-13,30.52,30.74,29.28,29.96,51947297
2899.HK,2026-05-13,39.2,39.66,38.3,38.82,64125848
3968.HK,2026-05-13,47.52,47.94,47.02,47.22,12834278
BAC.US,2026-05-13,50.36,50.78,49.8,49.84,29838010
DIS.US,2026-05-13,105.35,105.88,103.86,104.9,7605943
PG.US,2026-05-13,143.15,144.67,141.66,142.24,6685871
0857.HK,2026-05-14,11.24,11.24,10.78,10.92,90059188
2318.HK,2026-05-14,65.4,65.4,63.15,63.5,32557112
2628.HK,2026-05-14,30.34,30.36,29.46,29.88,44288898
2899.HK,2026-05-14,39.3,39.3,36.72,37.22,64010321
3968.HK,2026-05-14,47.8,47.8,47.28,47.48,8282566
BAC.US,2026-05-14,50.06,50.47,49.49,49.85,37671755
DIS.US,2026-05-14,105.54,106.29,104.85,105.42,6144555
PG.US,2026-05-14,143.18,144.28,142.63,142.71,9636209
0857.HK,2026-05-15,10.89,11.03,10.82,10.89,85439082
2318.HK,2026-05-15,63.5,63.5,61.85,62.45,36937388
2628.HK,2026-05-15,29.56,30.02,29.52,29.88,47758565
2899.HK,2026-05-15,36.72,36.72,34.9,35.16,76306773
3968.HK,2026-05-15,47.48,47.48,46.7,46.94,12387488
BAC.US,2026-05-15,49.62,49.99,49.3,49.77,46282292
DIS.US,2026-05-15,105.03,105.42,102.3,102.72,9258603
PG.US,2026-05-15,143.4,143.4,141.2,141.57,6989372
0857.HK,2026-05-18,11.05,11.26,10.93,10.99,88812396
2318.HK,2026-05-18,61.95,61.95,61.05,61.85,26082059
2628.HK,2026-05-18,29.42,29.88,29.06,29.76,92458209
2899.HK,2026-05-18,34.5,34.5,33.52,34.42,62043648
3968.HK,2026-05-18,46.8,46.88,46.26,46.58,13713792
BAC.US,2026-05-18,49.72,50.92,49.72,50.69,33404075
DIS.US,2026-05-18,102.69,104.7,102.55,103.91,9037187
PG.US,2026-05-18,142.1,144.43,141.63,142.39,7731165
0857.HK,2026-05-19,10.99,11.21,10.86,11.12,100664621
2318.HK,2026-05-19,61.85,61.9,60.9,61.4,37059311
2628.HK,2026-05-19,29.98,29.98,28.66,29.62,76188604
2899.HK,2026-05-19,34.6,34.6,33.1,33.4,67620905
3968.HK,2026-05-19,46.58,46.84,46.28,46.34,15411678
BAC.US,2026-05-19,50.73,51.28,50.38,50.7,44154636
DIS.US,2026-05-19,103.71,103.93,101.97,102.29,7032570
PG.US,2026-05-19,142.47,143.71,140.85,141.3,8355788
0857.HK,2026-05-20,11.1,11.37,10.96,11.2,113695896
2318.HK,2026-05-20,61.1,61.3,60.5,61.15,27948319
2628.HK,2026-05-20,29.4,29.68,28.4,29.12,95960760
2899.HK,2026-05-20,32.9,33.0,32.04,32.72,97482800
3968.HK,2026-05-20,46.54,46.54,46.0,46.1,11511300
BAC.US,2026-05-20,50.99,51.58,50.49,51.23,47739417
DIS.US,2026-05-20,102.91,104.86,101.6,104.08,7941447
PG.US,2026-05-20,141.45,143.22,140.62,142.44,8375642
0857.HK,2026-05-21,11.1,11.3,10.84,10.94,183505686
2318.HK,2026-05-21,61.7,62.3,60.7,60.8,33506833
2628.HK,2026-05-21,29.3,29.8,28.52,28.72,51424508
2899.HK,2026-05-21,33.38,33.58,32.32,32.48,73916304
3968.HK,2026-05-21,46.5,46.8,46.06,46.14,12022224
BAC.US,2026-05-21,51.0,51.5,50.76,51.49,27461928
DIS.US,2026-05-21,103.61,104.62,102.59,103.58,8611206
PG.US,2026-05-21,141.88,143.72,140.09,143.4,6297289
0857.HK,2026-05-22,11.19,11.19,10.81,10.83,88886224
2318.HK,2026-05-22,61.75,61.8,60.65,60.85,24636290
2628.HK,2026-05-22,29.28,29.3,28.78,28.92,32851980
2899.HK,2026-05-22,32.8,34.14,32.44,33.88,70259873
3968.HK,2026-05-22,46.68,46.68,46.06,46.26,12167250
BAC.US,2026-05-22,51.69,52.15,51.65,51.8,26683681
DIS.US,2026-05-22,104.04,104.5,102.98,103.0,5700791
PG.US,2026-05-22,143.87,144.64,143.53,144.44,4618184
0857.HK,2026-05-26,10.6,10.95,10.46,10.91,186882093
2318.HK,2026-05-26,60.5,61.4,60.3,60.65,26378072
2628.HK,2026-05-26,28.92,29.96,28.8,29.42,48418215
2899.HK,2026-05-26,34.2,35.6,33.66,35.38,80816879
3968.HK,2026-05-26,46.26,46.54,45.92,45.98,12933104
BAC.US,2026-05-26,52.22,52.5,51.88,52.2,27397607
DIS.US,2026-05-26,103.1,103.8,102.35,103.28,6717873
PG.US,2026-05-26,144.51,145.61,142.53,142.96,8161742
0857.HK,2026-05-27,10.8,10.9,10.54,10.7,141045211
2318.HK,2026-05-27,60.85,60.85,59.65,59.9,39859161
2628.HK,2026-05-27,29.42,29.5,28.66,28.84,39455626
2899.HK,2026-05-27,35.68,35.68,33.9,34.18,54715548
3968.HK,2026-05-27,45.98,46.12,45.54,45.82,14048836
BAC.US,2026-05-27,52.39,52.49,50.76,51.1,48581474
DIS.US,2026-05-27,103.3,105.25,103.26,104.18,7362127
PG.US,2026-05-27,143.46,148.54,143.46,147.49,10049829
0857.HK,2026-05-28,10.67,10.83,10.57,10.78,189148855
2318.HK,2026-05-28,59.9,60.0,58.45,59.25,45877023
2628.HK,2026-05-28,28.66,28.7,27.82,28.56,60666280
2899.HK,2026-05-28,33.86,34.0,32.16,32.88,73071804
3968.HK,2026-05-28,45.68,46.28,45.36,45.92,16553976
BAC.US,2026-05-28,50.92,51.5,50.64,50.77,48550106
DIS.US,2026-05-28,103.81,104.41,103.1,103.73,6514066
PG.US,2026-05-28,146.7,146.7,145.01,145.91,10200882
0857.HK,2026-05-29,10.74,10.91,10.6,10.89,171841209
2318.HK,2026-05-29,59.7,60.55,59.3,60.05,52826036
2628.HK,2026-05-29,28.78,29.16,28.52,28.88,49861181
2899.HK,2026-05-29,33.72,33.78,32.6,32.78,59202853
3968.HK,2026-05-29,45.92,47.1,45.64,47.1,23261517
BAC.US,2026-05-29,50.97,51.8,50.61,51.6,57930560
DIS.US,2026-05-29,103.63,103.76,101.83,101.83,13340323
PG.US,2026-05-29,145.52,145.64,143.2,143.56,12359906
0857.HK,2026-06-01,10.79,11.12,10.79,10.91,106200340
2318.HK,2026-06-01,60.0,60.7,59.35,60.2,34250928
2628.HK,2026-06-01,28.88,29.2,28.34,28.9,23798284
2899.HK,2026-06-01,32.96,33.62,32.64,32.76,51860831
3968.HK,2026-06-01,47.1,47.7,46.8,47.4,13287211
BAC.US,2026-06-01,51.31,51.83,50.85,51.51,34303714
DIS.US,2026-06-01,101.66,103.01,100.3,102.85,8218974
PG.US,2026-06-01,141.52,141.82,138.86,140.28,11093789
0857.HK,2026-06-02,10.91,11.27,10.66,10.75,104192013
2318.HK,2026-06-02,58.5,58.7,57.65,58.6,49676843
2628.HK,2026-06-02,28.52,28.92,28.1,28.48,32522778
2899.HK,2026-06-02,32.76,34.66,32.54,34.44,54107402
3968.HK,2026-06-02,47.24,48.42,47.24,48.42,15384746
BAC.US,2026-06-02,51.26,52.71,51.26,52.48,42126492
DIS.US,2026-06-02,102.35,102.49,100.09,101.41,8397356
PG.US,2026-06-02,140.12,141.12,139.03,140.82,9599450
0857.HK,2026-06-03,10.77,10.82,10.34,10.69,141931019
2318.HK,2026-06-03,58.6,58.6,57.5,57.8,29412677
2628.HK,2026-06-03,28.3,28.3,27.62,27.9,36005744
2899.HK,2026-06-03,34.02,34.62,33.94,34.24,30827522
3968.HK,2026-06-03,48.02,48.48,47.6,47.86,12427176
BAC.US,2026-06-03,52.26,52.55,51.22,52.4,48065359
DIS.US,2026-06-03,100.44,101.27,99.25,99.39,7471644
PG.US,2026-06-03,140.93,142.45,140.0,140.19,9351044
0857.HK,2026-06-04,10.69,10.82,10.52,10.55,87957954
2318.HK,2026-06-04,57.8,58.1,56.8,57.05,27743265
2628.HK,2026-06-04,27.64,28.1,27.62,28.0,32634567
2899.HK,2026-06-04,33.4,33.74,32.72,33.32,32774397
3968.HK,2026-06-04,47.72,48.02,47.34,47.62,10997762
BAC.US,2026-06-04,53.13,54.33,52.8,54.17,51883552
DIS.US,2026-06-04,100.54,101.47,99.01,99.34,9568022
PG.US,2026-06-04,142.7,143.14,139.89,140.78,8193955
0857.HK,2026-06-05,10.55,10.65,10.45,10.55,99535067
2318.HK,2026-06-05,57.4,58.1,56.85,56.9,28784990
2628.HK,2026-06-05,28.06,28.86,27.82,28.0,37384732
2899.HK,2026-06-05,33.78,33.78,32.74,32.96,42653084
3968.HK,2026-06-05,47.5,48.3,47.5,48.18,12327320
BAC.US,2026-06-05,54.17,54.28,53.32,53.83,38829439
DIS.US,2026-06-05,99.68,100.2,99.09,99.71,9501571
PG.US,2026-06-05,142.22,148.23,141.8,146.54,10963204
0857.HK,2026-06-08,10.47,10.69,10.42,10.69,107140336
2318.HK,2026-06-08,56.15,57.0,55.6,56.85,30000540
2628.HK,2026-06-08,27.6,27.74,27.0,27.48,30939077
2899.HK,2026-06-08,32.0,32.02,30.92,31.56,75587135
3968.HK,2026-06-08,47.88,48.56,47.7,48.16,11987805
BAC.US,2026-06-08,53.72,54.35,53.57,53.63,30332131
DIS.US,2026-06-08,99.52,99.84,98.41,98.87,7559159
PG.US,2026-06-08,145.79,146.55,145.02,145.1,7200679
0857.HK,2026-06-09,10.64,10.64,10.18,10.2,118256299
2318.HK,2026-06-09,56.85,57.4,56.6,56.9,23506423
2628.HK,2026-06-09,27.16,27.66,27.0,27.38,29671513
2899.HK,2026-06-09,31.02,31.38,30.4,30.64,71157541
3968.HK,2026-06-09,48.16,48.22,47.76,47.96,10085264
BAC.US,2026-06-09,54.0,54.62,53.65,54.42,32328966
DIS.US,2026-06-09,99.05,100.09,98.51,99.33,8616301
PG.US,2026-06-09,144.67,149.48,144.53,148.67,8259310
0857.HK,2026-06-10,10.15,10.17,9.9,10.15,128574045
2318.HK,2026-06-10,56.0,57.65,55.85,57.2,22479654
2628.HK,2026-06-10,27.28,28.3,27.08,28.2,39183208
2899.HK,2026-06-10,30.08,30.2,28.92,29.72,102996405
3968.HK,2026-06-10,47.96,48.66,47.4,48.48,14433873
BAC.US,2026-06-10,54.54,55.3,54.22,54.54,37025463
DIS.US,2026-06-10,99.49,99.76,97.95,98.61,7041376
PG.US,2026-06-10,149.91,150.43,148.38,149.05,7345886
0857.HK,2026-06-11,10.33,10.42,10.03,10.21,71493769
2318.HK,2026-06-11,57.2,58.3,56.15,56.85,26633073
2628.HK,2026-06-11,28.06,29.54,27.96,28.26,54594949
2899.HK,2026-06-11,28.96,29.52,28.42,29.1,113341702
3968.HK,2026-06-11,48.46,48.64,47.94,48.2,9564923
BAC.US,2026-06-11,54.72,55.31,54.07,55.16,31746349
DIS.US,2026-06-11,98.83,100.74,98.1,100.34,9264363
PG.US,2026-06-11,148.7,149.62,147.77,148.34,6684664
0857.HK,2026-06-12,10.09,10.35,10.04,10.35,63193736
2318.HK,2026-06-12,57.1,58.45,56.35,57.15,55588345
2628.HK,2026-06-12,28.56,30.38,28.3,30.12,76665203
2899.HK,2026-06-12,30.24,31.96,29.94,31.4,107545850
3968.HK,2026-06-12,48.2,49.6,47.9,49.4,18619309
BAC.US,2026-06-12,55.36,56.19,55.26,56.02,32989015
DIS.US,2026-06-12,101.06,101.77,99.54,100.04,8257240
PG.US,2026-06-12,149.38,150.2,148.3,149.61,6832001
0857.HK,2026-06-15,10.08,10.24,9.85,9.99,174371282
2318.HK,2026-06-15,57.65,58.75,57.05,57.7,59509622
2628.HK,2026-06-15,30.62,31.58,30.42,31.18,51151326
2899.HK,2026-06-15,32.8,34.14,32.7,33.56,116715636
3968.HK,2026-06-15,49.5,50.25,49.3,49.9,17566345
BAC.US,2026-06-15,56.62,57.0,55.74,55.87,31666487
DIS.US,2026-06-15,100.88,102.4,100.59,101.69,10265095
PG.US,2026-06-15,148.76,151.5,148.76,150.46,9158900
0857.HK,2026-06-16,9.87,10.0,9.68,9.79,128583370
2318.HK,2026-06-16,57.5,58.2,55.75,56.35,52963084
2628.HK,2026-06-16,31.18,31.34,30.24,30.4,45303724
2899.HK,2026-06-16,33.84,33.94,32.94,33.34,64715320
3968.HK,2026-06-16,49.74,50.15,49.38,49.62,13992762
BAC.US,2026-06-16,56.5,57.07,56.23,56.84,33409761
DIS.US,2026-06-16,101.43,101.93,100.05,101.28,10694557
PG.US,2026-06-16,151.51,153.02,150.55,152.49,8518945
0857.HK,2026-06-17,9.7,9.82,9.68,9.73,79408624
2318.HK,2026-06-17,56.2,56.25,55.35,56.1,38345516
2628.HK,2026-06-17,30.4,30.88,29.7,30.0,38384523
2899.HK,2026-06-17,33.34,33.52,32.88,33.1,43987661
3968.HK,2026-06-17,49.9,49.98,48.3,48.42,13586120
BAC.US,2026-06-17,57.14,57.98,56.3,56.53,40439271
DIS.US,2026-06-17,100.67,102.36,100.44,100.86,11168735
PG.US,2026-06-17,152.38,152.94,149.77,150.56,7055832
0857.HK,2026-06-18,9.42,9.46,9.09,9.18,143266482
2318.HK,2026-06-18,55.75,55.95,53.15,53.85,80933769
2628.HK,2026-06-18,29.6,29.84,27.8,28.02,74373740
2899.HK,2026-06-18,32.34,33.62,31.38,32.08,81637113
3968.HK,2026-06-18,47.9,48.5,46.86,47.16,19839873
BAC.US,2026-06-18,57.23,57.33,56.03,56.2,70438836
DIS.US,2026-06-18,101.8,104.22,100.8,103.89,22943613
PG.US,2026-06-18,150.87,152.29,150.18,150.38,17076435
0857.HK,2026-06-22,9.18,9.28,9.02,9.16,96588632
2318.HK,2026-06-22,53.35,55.35,52.6,54.95,61205418
2628.HK,2026-06-22,28.02,30.76,27.48,30.26,97684000
2899.HK,2026-06-22,31.54,32.12,30.42,31.62,56275618
3968.HK,2026-06-22,47.16,47.16,46.06,46.68,16683504
BAC.US,2026-06-22,56.85,57.73,56.81,57.37,38653828
DIS.US,2026-06-22,103.41,104.31,101.51,102.45,17396273
PG.US,2026-06-22,150.11,150.89,147.57,147.68,10533003
0857.HK,2026-06-23,9.14,9.24,8.81,8.94,103375651
2318.HK,2026-06-23,54.8,55.5,53.3,53.6,44484166
2628.HK,2026-06-23,30.26,30.56,29.0,29.3,37947073
2899.HK,2026-06-23,31.34,31.52,29.4,29.56,62545666
3968.HK,2026-06-23,46.94,47.18,46.56,46.7,15017718
BAC.US,2026-06-23,57.52,58.01,57.2,57.91,30045715
DIS.US,2026-06-23,102.02,104.04,101.8,103.53,14457424
PG.US,2026-06-23,149.66,151.37,149.37,150.86,7259577
0857.HK,2026-06-24,9.05,9.05,8.88,8.95,64851702
2318.HK,2026-06-24,53.7,53.9,52.3,52.85,38675933
2628.HK,2026-06-24,29.38,29.48,28.06,28.32,46680956
2899.HK,2026-06-24,29.64,30.0,28.94,29.44,43123592
3968.HK,2026-06-24,46.58,47.1,45.62,45.74,18186498
BAC.US,2026-06-24,58.21,58.33,57.39,57.73,30324864
DIS.US,2026-06-24,103.1,104.53,101.04,101.12,12215536
PG.US,2026-06-24,151.99,153.35,150.92,152.04,8618470
0857.HK,2026-06-25,8.9,8.95,8.58,8.73,125189417
2318.HK,2026-06-25,52.5,52.55,51.2,51.95,58839567
2628.HK,2026-06-25,28.32,29.18,27.62,28.48,41445303
2899.HK,2026-06-25,28.46,28.78,27.24,28.04,120791809
3968.HK,2026-06-25,45.66,45.72,44.38,44.84,22652971
BAC.US,2026-06-25,57.85,59.2,57.85,58.19,33759457
DIS.US,2026-06-25,101.11,101.58,97.99,98.05,12066378
PG.US,2026-06-25,151.57,152.29,147.82,148.5,11202143
0857.HK,2026-06-26,8.81,8.85,8.63,8.78,120493241
2318.HK,2026-06-26,52.0,52.2,50.0,50.55,65486720
2628.HK,2026-06-26,28.56,28.56,26.7,26.92,79725231
2899.HK,2026-06-26,28.22,28.56,27.14,27.46,60950589
3968.HK,2026-06-26,44.6,45.04,43.74,44.7,21509039
BAC.US,2026-06-26,58.54,58.63,57.44,57.88,48757636
DIS.US,2026-06-26,98.05,99.45,97.9,98.79,13921361
PG.US,2026-06-26,150.34,150.88,148.42,149.02,16724556
0857.HK,2026-06-29,8.9,8.93,8.68,8.79,82509397
2318.HK,2026-06-29,50.35,52.45,50.35,51.9,43912077
2628.HK,2026-06-29,27.2,28.28,26.94,27.64,44946286
2899.HK,2026-06-29,27.82,28.12,27.36,27.68,55755021
3968.HK,2026-06-29,44.7,45.68,44.2,44.98,25201763
BAC.US,2026-06-29,57.76,58.34,57.61,57.88,28920848
DIS.US,2026-06-29,99.71,100.04,98.5,98.63,10418066
PG.US,2026-06-29,148.73,149.05,147.04,148.45,10387687
0857.HK,2026-06-30,8.79,8.79,8.32,8.48,157267103
2318.HK,2026-06-30,52.45,52.6,50.75,51.05,43974461
2628.HK,2026-06-30,26.9,27.18,26.32,26.66,45376024
2899.HK,2026-06-30,27.0,27.4,26.58,27.4,61702050
3968.HK,2026-06-30,45.16,45.32,43.5,44.92,44001399
BAC.US,2026-06-30,57.47,57.75,56.84,56.98,41324610
DIS.US,2026-06-30,97.41,97.6,95.99,96.25,12717808
PG.US,2026-06-30,147.53,147.53,144.17,146.64,9353791
BAC.US,2026-07-01,57.13,58.48,56.85,58.36,35288360
DIS.US,2026-07-01,96.55,97.76,95.65,95.71,11590416
PG.US,2026-07-01,146.53,147.5,145.55,147.43,9571736
0857.HK,2026-07-02,8.44,8.8,8.39,8.75,123878672
2318.HK,2026-07-02,52.05,53.0,51.7,52.3,43712599
2628.HK,2026-07-02,27.86,28.74,27.5,28.08,74888609
2899.HK,2026-07-02,27.46,29.02,27.3,28.18,87702510
3968.HK,2026-07-02,43.78,44.7,43.34,43.86,17719994
BAC.US,2026-07-02,58.94,59.0,57.94,58.73,29330900
DIS.US,2026-07-02,96.4,99.52,95.77,99.5,11308072
PG.US,2026-07-02,148.58,151.67,147.74,151.41,9256703
0857.HK,2026-07-03,8.7,8.86,8.7,8.82,62765900
2318.HK,2026-07-03,52.5,53.0,51.9,52.05,23901938
2628.HK,2026-07-03,28.14,29.18,28.1,28.4,62127628
2899.HK,2026-07-03,29.5,31.16,29.46,30.72,134796362
3968.HK,2026-07-03,43.98,44.54,43.8,44.2,10003186
0857.HK,2026-07-06,8.5,9.01,8.5,8.91,56420778
2318.HK,2026-07-06,52.05,53.2,51.95,52.85,28764574
2628.HK,2026-07-06,28.88,29.58,28.5,29.52,58692984
2899.HK,2026-07-06,31.4,31.86,30.68,31.2,55206126
3968.HK,2026-07-06,44.2,45.46,44.18,45.36,11309040
BAC.US,2026-07-06,59.14,59.94,58.92,59.9,34645416
DIS.US,2026-07-06,98.85,99.44,97.02,97.41,10171874
PG.US,2026-07-06,150.68,151.22,146.96,149.31,8323139
0857.HK,2026-07-07,8.79,8.94,8.7,8.94,84938813
2318.HK,2026-07-07,52.4,53.05,52.0,52.3,24856468
2628.HK,2026-07-07,28.92,29.22,28.04,28.3,46182348
2899.HK,2026-07-07,30.38,30.7,29.88,30.2,35436343
3968.HK,2026-07-07,44.98,45.92,44.76,44.86,9891924
BAC.US,2026-07-07,60.29,60.83,59.79,59.86,29306142
DIS.US,2026-07-07,98.14,99.04,96.92,97.48,9936369
PG.US,2026-07-07,152.66,153.49,150.61,152.75,8061360
0857.HK,2026-07-08,9.1,9.32,9.07,9.12,128790248
2318.HK,2026-07-08,52.5,54.2,52.4,53.85,50356731
2628.HK,2026-07-08,28.4,29.16,28.3,29.06,46821303
2899.HK,2026-07-08,29.64,30.32,29.48,29.74,41094420
3968.HK,2026-07-08,45.2,45.86,44.72,45.72,12382267
BAC.US,2026-07-08,59.37,59.57,58.3,58.3,29802437
DIS.US,2026-07-08,97.3,97.66,96.64,96.7,8720822
PG.US,2026-07-08,150.96,151.07,148.35,148.4,14272270
0857.HK,2026-07-09,9.24,9.29,9.02,9.04,86021191
2318.HK,2026-07-09,53.6,53.85,52.7,53.25,35119785
2628.HK,2026-07-09,28.88,29.06,28.32,28.9,44494746
2899.HK,2026-07-09,29.52,29.72,28.46,29.42,50211323
3968.HK,2026-07-09,45.48,45.6,44.8,44.98,9633265
BAC.US,2026-07-09,58.45,59.43,58.41,59.25,29203372
DIS.US,2026-07-09,96.34,96.55,94.78,96.17,11448122
PG.US,2026-07-09,146.77,147.66,145.6,146.85,7747987
0857.HK,2026-07-10,9.14,9.16,8.78,9.03,74765061
2318.HK,2026-07-10,53.0,53.8,52.85,53.05,26367744
2628.HK,2026-07-10,28.9,29.3,28.32,28.42,36788527
2899.HK,2026-07-10,30.26,30.56,29.2,30.0,59268924
3968.HK,2026-07-10,45.38,46.08,45.1,45.72,10467123
BAC.US,2026-07-10,59.64,59.87,59.39,59.67,21916580
DIS.US,2026-07-10,96.89,97.05,95.52,95.62,10678885
PG.US,2026-07-10,147.1,148.59,146.71,147.04,12472967
0857.HK,2026-07-13,9.13,9.29,9.09,9.25,79492963
2318.HK,2026-07-13,52.8,53.75,52.8,53.25,27226276
2628.HK,2026-07-13,28.24,28.34,26.9,27.52,65633530
2899.HK,2026-07-13,29.5,29.76,28.98,29.54,33905352
3968.HK,2026-07-13,45.72,46.28,45.6,45.98,8162590
BAC.US,2026-07-13,59.7,60.05,58.85,59.5,27837785
DIS.US,2026-07-13,96.1,97.54,95.83,96.0,9304173
PG.US,2026-07-13,148.08,150.05,147.11,148.37,7816074
0857.HK,2026-07-14,9.58,9.67,9.4,9.57,125027407
2318.HK,2026-07-14,53.25,53.95,52.3,53.7,28367563
2628.HK,2026-07-14,27.74,28.8,26.5,28.62,77393829
2899.HK,2026-07-14,29.04,30.8,28.72,30.5,55480873
3968.HK,2026-07-14,45.98,46.1,45.04,45.96,8413664
BAC.US,2026-07-14,59.0,61.21,58.67,60.62,49432687
DIS.US,2026-07-14,95.51,96.69,95.13,95.87,7651562
PG.US,2026-07-14,148.37,148.75,145.59,146.08,7668081
0857.HK,2026-07-15,9.54,9.59,9.43,9.54,54779336
2318.HK,2026-07-15,54.35,54.85,53.25,54.4,35141916
2628.HK,2026-07-15,29.86,30.2,27.66,28.0,151941997
2899.HK,2026-07-15,31.3,31.4,30.0,30.2,45261389
3968.HK,2026-07-15,46.04,46.36,45.72,46.2,10000604
BAC.US,2026-07-15,61.32,62.03,61.11,61.59,43361012
DIS.US,2026-07-15,96.1,97.9,96.1,97.15,10219184
PG.US,2026-07-15,145.28,148.59,144.66,148.05,6180006
0857.HK,2026-07-16,9.68,9.69,9.44,9.47,46953383
2318.HK,2026-07-16,54.95,55.15,54.5,54.8,20960272
2628.HK,2026-07-16,28.12,28.32,27.5,27.7,66746008
2899.HK,2026-07-16,30.24,31.62,29.86,30.86,50485798
3968.HK,2026-07-16,46.48,47.04,46.18,46.3,6985416
BAC.US,2026-07-16,61.98,62.0,60.99,61.49,37351888
DIS.US,2026-07-16,97.28,99.85,97.28,99.71,7480013
PG.US,2026-07-16,149.49,151.52,148.18,151.5,6485409
0857.HK,2026-07-17,9.5,9.59,9.35,9.59,121800564
2318.HK,2026-07-17,54.95,55.5,54.0,54.6,31652382
2628.HK,2026-07-17,27.7,27.72,26.44,26.48,80013985
2899.HK,2026-07-17,30.38,30.86,28.88,29.38,69125947
3968.HK,2026-07-17,46.26,47.22,46.26,47.08,11353675
BAC.US,2026-07-17,61.25,62.12,60.66,61.27,45045229
DIS.US,2026-07-17,99.01,99.79,97.05,97.67,10496513
PG.US,2026-07-17,152.86,154.32,149.31,149.98,8917388
0857.HK,2026-07-20,9.75,10.12,9.72,9.99,104488537
2318.HK,2026-07-20,54.75,56.15,54.5,55.7,34888764
2628.HK,2026-07-20,26.72,27.54,26.3,27.28,70017336
2899.HK,2026-07-20,29.68,30.24,29.34,30.12,44085287
3968.HK,2026-07-20,47.3,48.84,46.84,48.76,17965085
BAC.US,2026-07-20,61.35,61.49,60.37,60.42,30741098
DIS.US,2026-07-20,97.85,98.39,96.0,96.41,9861720
PG.US,2026-07-20,149.56,150.1,148.43,149.13,5788262
0857.HK,2026-07-21,9.9,9.99,9.67,9.82,86123907
2318.HK,2026-07-21,56.1,57.0,55.8,56.25,33210784
2628.HK,2026-07-21,27.34,27.82,27.16,27.46,50157296
2899.HK,2026-07-21,30.66,31.94,30.44,31.52,61723932
3968.HK,2026-07-21,49.08,49.16,47.7,47.96,12000650
BAC.US,2026-07-21,60.9,61.53,60.07,61.22,31631582
DIS.US,2026-07-21,96.0,96.89,95.84,96.14,9745415
PG.US,2026-07-21,147.86,148.41,146.88,148.1,7027580
0857.HK,2026-07-22,9.57,10.07,9.57,10.05,60950292
2318.HK,2026-07-22,55.75,56.65,55.6,56.5,22028061
2628.HK,2026-07-22,27.3,28.34,27.16,27.8,53030965
2899.HK,2026-07-22,32.5,33.98,32.36,33.42,114247437
3968.HK,2026-07-22,47.34,48.1,47.2,47.98,8886195
BAC.US,2026-07-22,61.4,61.9,61.15,61.62,51484899
DIS.US,2026-07-22,97.12,97.3,95.65,95.87,9119247
PG.US,2026-07-22,149.5,150.46,148.82,149.13,5371217
0857.HK,2026-07-23,10.01,10.22,9.99,10.11,78478768
2318.HK,2026-07-23,56.7,57.3,56.35,57.05,26392583
2628.HK,2026-07-23,28.08,28.66,27.74,28.6,52996027
2899.HK,2026-07-23,32.94,34.26,32.72,33.52,81607585
3968.HK,2026-07-23,48.1,48.7,47.96,48.52,7727826
BAC.US,2026-07-23,61.35,61.5,60.71,61.28,29253247
DIS.US,2026-07-23,94.81,94.82,92.49,92.83,13562488
PG.US,2026-07-23,146.14,147.61,145.59,146.97,6499248
0857.HK,2026-07-24,10.14,10.25,10.04,10.21,77564316
2318.HK,2026-07-24,56.05,57.15,56.05,56.9,21581641
2628.HK,2026-07-24,28.28,28.64,27.96,28.44,53766765
2899.HK,2026-07-24,32.62,32.66,31.88,32.38,51160287
3968.HK,2026-07-24,48.02,48.84,48.02,48.76,7732431
BAC.US,2026-07-24,61.53,62.28,61.28,62.05,29035417
DIS.US,2026-07-24,93.26,96.29,93.0,94.85,12153054
PG.US,2026-07-24,146.45,147.99,145.4,147.41,6620893
0857.HK,2026-07-27,9.9,9.98,9.78,9.85,104782526
2318.HK,2026-07-27,57.0,57.3,56.55,56.65,18610706
2628.HK,2026-07-27,28.68,28.96,28.26,28.66,30107682
2899.HK,2026-07-27,33.16,33.42,32.22,32.68,33087546
3968.HK,2026-07-27,49.0,49.1,48.62,48.96,6785390
BAC.US,2026-07-27,62.52,62.99,61.84,62.13,36903341
DIS.US,2026-07-27,95.51,97.19,95.51,96.65,10595412
PG.US,2026-07-27,147.85,150.25,147.85,148.63,7302441
0857.HK,2026-07-28,9.8,9.89,9.69,9.84,102563740
2318.HK,2026-07-28,57.0,57.7,56.5,57.1,27251023
2628.HK,2026-07-28,28.6,28.84,27.52,27.94,46306155
2899.HK,2026-07-28,32.32,32.8,31.66,32.44,41996926
3968.HK,2026-07-28,49.14,49.86,49.1,49.76,11123704
BAC.US,2026-07-28,62.3,62.66,61.9,62.62,28737891
DIS.US,2026-07-28,97.0,99.23,96.97,98.89,11395091
PG.US,2026-07-28,151.5,153.68,148.52,148.88,12848768
0857.HK,2026-07-29,9.79,9.94,9.7,9.93,70085788
2318.HK,2026-07-29,57.55,58.7,57.45,57.95,36101077
2628.HK,2026-07-29,27.8,28.38,27.64,28.32,63328770
2899.HK,2026-07-29,32.3,32.84,31.82,32.7,38734816
3968.HK,2026-07-29,49.98,50.55,49.78,50.4,12888794
BAC.US,2026-07-29,62.51,62.65,60.91,61.07,37919014
DIS.US,2026-07-29,98.34,99.41,97.99,98.48,11070138
PG.US,2026-07-29,141.38,146.38,140.2,146.1,14616804
0857.HK,2026-07-30,9.99,10.2,9.99,10.15,89082406
2318.HK,2026-07-30,58.3,58.8,57.95,58.7,33826535
2628.HK,2026-07-30,28.32,28.96,28.14,28.9,56032928
2899.HK,2026-07-30,33.28,33.5,32.0,32.52,48251551
3968.HK,2026-07-30,50.7,51.3,50.3,51.2,15608317
BAC.US,2026-07-30,61.52,61.93,61.03,61.73,24848600
DIS.US,2026-07-30,97.41,97.48,94.46,96.16,21112372
PG.US,2026-07-30,143.76,144.45,142.25,143.96,9572624
0857.HK,2026-07-31,10.15,10.15,9.89,9.94,77169023
2318.HK,2026-07-31,58.45,58.7,57.8,58.65,26319543
2628.HK,2026-07-31,29.24,29.34,28.48,29.2,40914701
2899.HK,2026-07-31,33.82,33.82,32.7,33.24,68793768
3968.HK,2026-07-31,51.15,51.45,50.0,50.9,16460307
BAC.US,2026-07-31,61.54,62.24,61.54,61.95,27301147
DIS.US,2026-07-31,96.08,96.59,95.6,96.19,11193030
PG.US,2026-07-31,143.51,144.7,141.46,144.49,9152630
0857.HK,2026-08-03,9.89,9.985,9.725,9.81,81719701
2318.HK,2026-08-03,59.0,59.0,58.05,58.45,23426906
2628.HK,2026-08-03,29.24,29.38,28.64,29.0,33177334
2899.HK,2026-08-03,33.1,33.16,32.46,32.92,33128264
3968.HK,2026-08-03,50.9,51.3,50.25,50.9,12107184
BAC.US,2026-08-03,62.26,62.51,61.71,62.48,24013692
DIS.US,2026-08-03,97.62,99.05,97.21,98.14,11480308
PG.US,2026-08-03,145.85,147.15,144.26,144.97,8843619
0857.HK,2026-08-04,9.8,9.85,9.59,9.645,108176834
2318.HK,2026-08-04,58.75,58.9,57.35,57.85,22745009
2628.HK,2026-08-04,28.98,29.26,28.16,28.48,40638482
2899.HK,2026-08-04,33.04,33.42,32.68,33.08,38154266
3968.HK,2026-08-04,51.0,51.1,49.22,49.46,17265690
BAC.US,2026-08-04,62.47,63.54,62.35,62.9,28242108
DIS.US,2026-08-04,97.87,98.57,97.38,98.18,16796758
PG.US,2026-08-04,144.04,148.25,143.79,148.01,7362261
0857.HK,2026-08-05,9.46,9.525,9.35,9.49,134354167
2318.HK,2026-08-05,58.0,58.2,57.3,58.0,28219220
2628.HK,2026-08-05,28.4,29.36,28.18,29.26,52983892
2899.HK,2026-08-05,33.74,35.38,33.58,35.2,81506224
3968.HK,2026-08-05,49.66,49.92,48.7,48.76,11781394
BAC.US,2026-08-05,63.0,63.57,62.83,63.25,30265954
DIS.US,2026-08-05,101.99,103.21,99.69,101.76,20809012
PG.US,2026-08-05,147.85,147.85,144.66,146.8,9753275
0857.HK,2026-08-06,9.4,9.55,9.3,9.415,114819264
2318.HK,2026-08-06,57.8,57.8,56.7,57.3,26643590
2628.HK,2026-08-06,29.06,29.28,28.5,29.04,32827682
2899.HK,2026-08-06,36.96,36.96,35.04,35.3,114956529
3968.HK,2026-08-06,48.74,49.06,48.1,48.9,11624469
BAC.US,2026-08-06,63.91,63.97,62.73,63.0,24482914
DIS.US,2026-08-06,102.54,104.73,102.52,104.68,14047181
PG.US,2026-08-06,147.82,148.5,145.45,146.97,8767101
0857.HK,2026-08-07,9.48,9.635,9.48,9.505,81601981
2318.HK,2026-08-07,57.15,57.35,56.7,57.15,19466760
2628.HK,2026-08-07,29.04,29.74,28.46,28.8,79534924
2899.HK,2026-08-07,35.24,36.72,34.92,36.4,77750298
3968.HK,2026-08-07,48.84,49.06,48.1,48.68,10657650
BAC.US,2026-08-07,62.71,63.22,62.39,63.17,22620522
DIS.US,2026-08-07,104.42,105.25,103.7,104.91,10929696
PG.US,2026-08-07,144.9,146.0,143.88,145.79,7565510
0857.HK,2026-08-10,9.51,9.615,9.42,9.565,57320630
2318.HK,2026-08-10,57.15,57.45,56.55,56.75,14758825
2628.HK,2026-08-10,29.08,29.08,27.92,28.06,57426508
2899.HK,2026-08-10,36.6,37.78,36.28,37.56,84143906
3968.HK,2026-08-10,48.68,49.02,48.0,49.0,7139738
BAC.US,2026-08-10,63.16,64.0,63.0,63.86,25400368
DIS.US,2026-08-10,104.61,104.8,102.8,103.18,8631939
PG.US,2026-08-10,144.73,146.46,144.15,146.44,7386477
0857.HK,2026-08-11,9.74,9.89,9.665,9.735,94255133
2318.HK,2026-08-11,57.0,57.05,55.8,55.9,24466095
2628.HK,2026-08-11,28.06,28.18,27.16,27.2,43620163
2899.HK,2026-08-11,37.5,38.04,35.14,35.38,88848493
3968.HK,2026-08-11,49.0,49.12,48.3,48.34,5884896
BAC.US,2026-08-11,63.98,64.27,63.71,64.0,20738590
DIS.US,2026-08-11,102.95,104.09,102.79,103.53,6781574
PG.US,2026-08-11,145.41,145.71,143.93,145.21,7936743
0857.HK,2026-08-12,9.63,9.73,9.455,9.51,80269353
2318.HK,2026-08-12,55.75,55.75,55.05,55.55,36609206
2628.HK,2026-08-12,27.18,27.3,26.86,27.06,52253824
2899.HK,2026-08-12,35.3,36.3,35.12,35.92,38628011
3968.HK,2026-08-12,48.34,48.34,47.78,48.02,10122418
BAC.US,2026-08-12,64.12,64.95,63.84,64.81,27541549
DIS.US,2026-08-12,103.29,103.68,102.03,103.22,6717517
PG.US,2026-08-12,144.05,144.94,143.79,144.08,7195332
0857.HK,2026-08-13,9.49,9.52,9.385,9.4,68924015
2318.HK,2026-08-13,55.35,55.75,55.15,55.5,32549351
2628.HK,2026-08-13,26.86,27.82,26.82,27.6,49858465
2899.HK,2026-08-13,35.9,36.12,34.14,34.46,61844562
3968.HK,2026-08-13,48.02,48.4,47.68,48.38,7159863
BAC.US,2026-08-13,65.2,65.2,63.9,64.09,27306409
DIS.US,2026-08-13,103.8,104.94,103.46,104.8,7099963
PG.US,2026-08-13,144.59,145.8,144.0,144.26,7491276
0857.HK,2026-08-14,9.35,9.475,9.315,9.455,53940581
2318.HK,2026-08-14,55.15,55.5,54.55,54.6,39346266
2628.HK,2026-08-14,27.42,27.72,26.76,26.8,53819941
2899.HK,2026-08-14,34.06,35.16,33.8,34.8,46912130
3968.HK,2026-08-14,47.94,48.28,47.8,47.96,5341119
BAC.US,2026-08-14,64.04,64.55,63.81,64.49,21847926
DIS.US,2026-08-14,104.99,107.11,104.91,106.85,8176896
PG.US,2026-08-14,144.33,144.91,143.42,144.55,7249856
0857.HK,2026-08-17,9.535,9.69,9.465,9.565,44627901
2318.HK,2026-08-17,54.5,55.4,54.5,54.8,27524647
2628.HK,2026-08-17,26.94,28.26,26.78,27.98,51218023
2899.HK,2026-08-17,35.56,36.02,35.4,35.92,42498266
3968.HK,2026-08-17,48.28,48.3,47.7,47.82,7576583
BAC.US,2026-08-17,64.4,65.23,63.88,63.89,27349446
DIS.US,2026-08-17,106.33,106.64,103.46,103.5,7635031
PG.US,2026-08-17,143.64,143.97,142.48,143.12,9867533
0857.HK,2026-08-18,9.595,9.86,9.55,9.805,103311199
2318.HK,2026-08-18,54.5,54.65,53.45,53.9,55829826
2628.HK,2026-08-18,27.72,27.86,26.56,26.88,71662093
2899.HK,2026-08-18,35.68,35.94,35.2,35.5,29309453
3968.HK,2026-08-18,47.68,48.08,47.4,48.0,12618161
BAC.US,2026-08-18,64.0,64.4,63.57,64.23,28773974
DIS.US,2026-08-18,104.19,105.21,103.63,103.95,6149934
PG.US,2026-08-18,143.28,144.42,142.68,143.45,12746056
0857.HK,2026-08-19,9.8,10.08,9.77,9.965,109613721
2318.HK,2026-08-19,53.85,54.4,53.5,54.3,34599738
2628.HK,2026-08-19,26.7,27.28,26.66,26.96,49539961
2899.HK,2026-08-19,34.46,35.4,34.34,34.9,39860013
3968.HK,2026-08-19,47.8,48.98,47.44,48.7,10856081
BAC.US,2026-08-19,64.2,64.43,62.98,63.17,24082606
DIS.US,2026-08-19,104.06,107.06,103.96,106.93,8046144
PG.US,2026-08-19,144.3,146.23,143.62,144.38,13948526
0857.HK,2026-08-20,9.965,10.06,9.85,10.03,58517703
2318.HK,2026-08-20,54.7,54.95,53.75,54.1,33721396
2628.HK,2026-08-20,27.12,27.4,26.5,26.7,51627054
2899.HK,2026-08-20,36.44,37.68,36.26,36.76,80500285
3968.HK,2026-08-20,48.82,49.06,48.1,49.0,8676898
BAC.US,2026-08-20,63.06,63.24,61.81,61.86,34979448
DIS.US,2026-08-20,106.88,108.69,106.42,107.32,7971488
PG.US,2026-08-20,144.47,144.92,142.56,142.97,15794058
0857.HK,2026-08-21,10.11,10.32,10.03,10.13,79763906
2318.HK,2026-08-21,55.1,56.3,54.9,56.2,56598869
2628.HK,2026-08-21,26.8,28.06,26.8,28.06,58109992
2899.HK,2026-08-21,37.76,38.56,37.02,38.56,78415386
3968.HK,2026-08-21,48.6,49.64,48.6,49.44,10981362
BAC.US,2026-08-21,62.33,62.52,61.52,61.69,33434828
DIS.US,2026-08-21,107.57,108.41,106.97,107.78,6840800
PG.US,2026-08-21,143.02,145.27,142.14,144.68,9788712
0857.HK,2026-08-24,10.13,10.22,9.96,10.14,68188473
2318.HK,2026-08-24,56.55,57.2,56.0,56.6,49991884
2628.HK,2026-08-24,28.06,28.74,27.78,28.66,58773373
2899.HK,2026-08-24,39.88,39.88,38.12,38.44,67495761
3968.HK,2026-08-24,48.84,49.7,48.84,49.52,11925588
BAC.US,2026-08-24,61.74,62.76,61.52,62.33,27351367
DIS.US,2026-08-24,108.39,111.87,108.08,110.61,12662633
PG.US,2026-08-24,145.24,146.8,145.0,146.6,7063344
0857.HK,2026-08-25,10.18,10.18,10.04,10.06,43820465
2318.HK,2026-08-25,57.05,57.15,56.0,56.4,25817944
2628.HK,2026-08-25,28.74,28.86,27.96,28.12,50831701
2899.HK,2026-08-25,38.56,38.9,36.72,37.04,77718483
3968.HK,2026-08-25,49.9,50.3,49.3,49.38,11201375
BAC.US,2026-08-25,62.2,62.75,61.87,62.43,23391389
DIS.US,2026-08-25,110.5,111.6,109.76,111.25,6748597
PG.US,2026-08-25,145.73,146.12,144.95,145.4,9126859
0857.HK,2026-08-26,9.9,9.98,9.815,9.92,82027175
2318.HK,2026-08-26,56.4,57.8,56.25,57.65,39504067
2628.HK,2026-08-26,28.3,29.54,28.06,29.2,65888544
2899.HK,2026-08-26,37.74,39.46,37.52,38.08,64436272
3968.HK,2026-08-26,49.44,49.9,49.3,49.42,11499400
BAC.US,2026-08-26,62.39,62.58,61.94,62.23,22537067
DIS.US,2026-08-26,111.3,111.52,109.45,109.63,8528613
PG.US,2026-08-26,145.28,145.93,144.5,145.0,8253021
0857.HK,2026-08-27,10.01,10.09,9.88,9.97,33354555
2318.HK,2026-08-27,57.5,57.9,56.7,57.2,32016603
2628.HK,2026-08-27,29.5,29.6,28.7,29.32,55636812
2899.HK,2026-08-27,38.08,38.3,37.56,37.66,35424286
3968.HK,2026-08-27,49.7,49.92,48.86,49.52,10974090
BAC.US,2026-08-27,61.75,62.02,61.1,61.17,49432085
DIS.US,2026-08-27,108.78,108.87,106.74,106.82,8704359
PG.US,2026-08-27,143.7,144.15,142.71,143.14,7817173
0857.HK,2026-08-28,9.88,10.2,9.855,10.19,66590360
2318.HK,2026-08-28,56.9,57.3,56.45,56.9,24247818
2628.HK,2026-08-28,29.56,29.88,29.06,29.42,73702241
2899.HK,2026-08-28,37.66,38.28,37.06,38.28,35343480
3968.HK,2026-08-28,48.96,49.8,48.7,49.02,15154641
BAC.US,2026-08-28,61.38,62.56,61.36,62.32,33517994
DIS.US,2026-08-28,107.25,108.2,107.03,108.1,5467425
PG.US,2026-08-28,143.25,144.4,143.01,143.78,5870682
0857.HK,2026-08-31,10.26,10.4,10.11,10.17,116498995
2318.HK,2026-08-31,56.4,56.7,55.85,56.55,80049112
2628.HK,2026-08-31,29.0,30.46,29.0,30.3,70877154
2899.HK,2026-08-31,36.5,36.84,35.7,36.62,72617074
3968.HK,2026-08-31,48.28,50.95,48.28,50.95,26971865
BAC.US,2026-08-31,62.25,62.49,61.9,61.94,43470374
DIS.US,2026-08-31,107.78,108.09,106.97,107.55,8731191
PG.US,2026-08-31,143.44,145.9,142.5,145.12,12100702
0857.HK,2026-09-01,10.17,10.35,10.13,10.2,63918073
2318.HK,2026-09-01,56.1,57.2,55.9,56.75,50478810
2628.HK,2026-09-01,30.32,30.64,29.96,30.18,48324870
2899.HK,2026-09-01,36.92,37.16,36.38,36.42,31725170
3968.HK,2026-09-01,50.45,51.65,50.45,51.45,13743008
BAC.US,2026-09-01,61.97,62.83,61.72,61.99,25056390
DIS.US,2026-09-01,107.24,108.95,106.14,106.22,7034768
PG.US,2026-09-01,145.76,148.36,145.09,146.21,8504281
0857.HK,2026-09-02,10.27,10.43,9.965,10.1,59846967
2318.HK,2026-09-02,55.4,56.0,54.6,55.45,38852591
2628.HK,2026-09-02,29.8,30.58,29.4,29.98,46943464
2899.HK,2026-09-02,35.42,35.88,34.62,35.8,56324743
3968.HK,2026-09-02,51.3,51.75,50.95,51.75,9869098
BAC.US,2026-09-02,62.28,63.55,61.94,62.6,28435758
DIS.US,2026-09-02,106.71,108.99,106.33,107.98,7556681
PG.US,2026-09-02,146.42,148.32,145.79,147.64,7431842
0857.HK,2026-09-03,10.08,10.21,9.99,10.02,44941208
2318.HK,2026-09-03,55.85,57.7,55.75,56.95,59878415
2628.HK,2026-09-03,30.02,30.74,29.7,29.92,47424441
2899.HK,2026-09-03,36.3,36.82,35.88,36.34,39017728
3968.HK,2026-09-03,51.8,52.6,51.55,51.9,16532312
BAC.US,2026-09-03,62.81,63.27,62.32,63.04,29951603
DIS.US,2026-09-03,108.62,109.2,106.9,107.16,6242524
PG.US,2026-09-03,147.68,148.22,146.5,146.92,6108823
0857.HK,2026-09-04,10.02,10.23,10.02,10.16,82167712
2318.HK,2026-09-04,57.3,58.2,57.1,57.15,43512900
2628.HK,2026-09-04,30.38,31.6,30.34,30.9,76008335
2899.HK,2026-09-04,37.8,37.8,36.26,36.6,62499196
3968.HK,2026-09-04,52.25,53.45,51.95,53.35,22482422
BAC.US,2026-09-04,62.56,62.92,61.96,62.68,26589402
DIS.US,2026-09-04,106.49,106.88,105.17,105.31,6112016
PG.US,2026-09-04,146.47,147.15,145.82,146.44,5589142
0857.HK,2026-09-07,10.17,10.23,9.905,9.96,66055997
2318.HK,2026-09-07,57.25,57.6,55.95,56.25,29665873
2628.HK,2026-09-07,31.3,31.3,30.12,30.56,55381430
2899.HK,2026-09-07,36.5,36.6,35.9,35.92,25157464
3968.HK,2026-09-07,53.25,53.55,51.7,51.9,9816170
0857.HK,2026-09-08,9.91,10.36,9.91,10.35,82065706
2318.HK,2026-09-08,55.75,56.2,55.25,55.25,29263616
2628.HK,2026-09-08,30.1,30.38,29.56,29.62,30195352
2899.HK,2026-09-08,36.2,37.52,36.2,36.96,33159826
3968.HK,2026-09-08,51.4,52.05,51.4,51.9,9240748
BAC.US,2026-09-08,62.49,62.82,62.11,62.39,28339827
DIS.US,2026-09-08,104.68,105.11,103.71,105.06,7397791
PG.US,2026-09-08,145.6,146.16,144.3,145.58,8328442
0857.HK,2026-09-09,10.35,10.51,10.26,10.43,73524945
2318.HK,2026-09-09,55.25,55.55,54.65,55.45,32396575
2628.HK,2026-09-09,29.64,29.96,29.04,29.48,34224222
2899.HK,2026-09-09,37.3,37.9,36.86,37.6,33639021
3968.HK,2026-09-09,51.55,51.85,51.1,51.85,13911886
BAC.US,2026-09-09,61.97,63.19,61.43,62.67,36025057
DIS.US,2026-09-09,104.45,104.93,102.99,104.18,7042559
PG.US,2026-09-09,144.16,144.47,142.34,142.64,9270917
0857.HK,2026-09-10,10.12,10.31,10.05,10.09,102263412
2318.HK,2026-09-10,54.8,55.05,54.5,54.85,38273658
2628.HK,2026-09-10,29.1,30.36,29.08,30.14,33695404
2899.HK,2026-09-10,36.78,37.54,36.78,37.34,20144555
3968.HK,2026-09-10,51.4,52.2,51.3,52.15,9206044
BAC.US,2026-09-10,62.65,63.01,62.22,62.56,29364835
DIS.US,2026-09-10,103.69,106.12,103.57,105.82,7609754
PG.US,2026-09-10,142.6,143.51,141.86,142.97,10928855
0857.HK,2026-09-11,10.16,10.24,9.96,9.98,99082498
2318.HK,2026-09-11,54.15,54.25,53.25,54.0,47856853
2628.HK,2026-09-11,29.84,30.08,29.14,29.6,30797407
2899.HK,2026-09-11,35.9,35.9,33.94,34.82,95547294
3968.HK,2026-09-11,52.15,52.65,51.35,51.95,11376560
BAC.US,2026-09-11,63.23,63.83,62.38,62.69,28877548
DIS.US,2026-09-11,106.74,107.36,105.64,106.55,7257809
PG.US,2026-09-11,143.72,145.49,143.55,145.27,11531746
0857.HK,2026-09-14,10.0,10.09,9.815,9.92,54303804
2318.HK,2026-09-14,53.55,53.8,53.25,53.6,36401115
2628.HK,2026-09-14,29.38,29.8,28.68,29.8,46982612
2899.HK,2026-09-14,34.6,35.1,34.3,34.62,41835615
3968.HK,2026-09-14,51.55,52.75,51.55,52.75,11437716
BAC.US,2026-09-14,62.34,62.44,58.92,59.47,64773953
DIS.US,2026-09-14,107.09,109.42,107.09,108.59,7172192
PG.US,2026-09-14,146.38,147.72,145.75,146.13,8704946
0857.HK,2026-09-15,9.92,10.0,9.87,9.975,60580284
2318.HK,2026-09-15,53.9,53.9,52.85,53.05,30160574
2628.HK,2026-09-15,29.8,30.0,28.86,28.96,37717758
2899.HK,2026-09-15,34.62,34.7,33.14,33.3,45479148
3968.HK,2026-09-15,52.75,52.75,51.1,51.2,11968853
BAC.US,2026-09-15,59.37,59.92,58.77,59.52,50859668
DIS.US,2026-09-15,108.11,108.32,105.92,106.42,8919501
PG.US,2026-09-15,144.78,147.22,143.92,146.67,8804854
0857.HK,2026-09-16,10.03,10.07,9.775,9.79,62278437
2318.HK,2026-09-16,53.3,53.45,52.7,52.8,23551736
2628.HK,2026-09-16,29.34,29.34,28.42,28.54,33546248
2899.HK,2026-09-16,33.88,34.46,33.18,34.42,29619612
3968.HK,2026-09-16,51.45,51.65,50.95,51.35,8728071
BAC.US,2026-09-16,59.27,59.39,57.18,57.9,50145197
DIS.US,2026-09-16,106.48,108.34,106.23,106.99,10108578
PG.US,2026-09-16,146.83,148.23,146.5,147.02,6950599
0857.HK,2026-09-17,9.69,9.785,9.485,9.56,73391122
2318.HK,2026-09-17,52.55,53.0,52.2,52.85,22920343
2628.HK,2026-09-17,28.36,28.8,28.12,28.64,38070879
2899.HK,2026-09-17,33.9,34.14,33.0,33.86,39179588
3968.HK,2026-09-17,50.7,51.4,50.5,51.3,7525033
BAC.US,2026-09-17,58.4,58.5,57.42,58.18,36733116
DIS.US,2026-09-17,107.59,107.71,105.32,105.35,7818190
PG.US,2026-09-17,147.59,147.78,146.35,147.55,6742160
