symbol,date,open,high,low,close,volume
000651.SZ,2021-09-16,25.582,25.872,24.972,24.992,774093
000858.SZ,2021-09-16,173.624,177.204,170.054,174.624,335387
002594.SZ,2021-09-16,83.919,85.126,80.379,80.536,220810
300750.SZ,2021-09-16,268.706,268.706,254.817,254.817,112604
510300.SH,2021-09-16,4.526,4.536,4.462,4.47,4293484
600036.SH,2021-09-16,41.982,42.582,40.962,41.452,629896
600276.SH,2021-09-16,44.981,45.531,44.461,45.231,558906
600519.SH,2021-09-16,1380.059,1421.059,1362.059,1415.129,45968
600900.SH,2021-09-16,15.311,15.821,15.231,15.361,389124
601318.SH,2021-09-16,35.966,36.626,35.856,36.156,591156
601857.SH,2021-09-16,4.121,4.161,3.831,3.921,5418312
601899.SH,2021-09-16,9.65,9.78,9.05,9.06,3905041
688981.SH,2021-09-16,56.08,56.66,55.1,55.11,24399382
000651.SZ,2021-09-17,24.872,25.162,24.222,25.042,724545
000858.SZ,2021-09-17,173.624,182.624,171.694,179.574,294397
002594.SZ,2021-09-17,81.202,82.536,80.366,81.909,139421
300750.SZ,2021-09-17,254.262,260.928,251.556,257.595,81938
510300.SH,2021-09-17,4.469,4.515,4.449,4.509,5139927
600036.SH,2021-09-17,41.532,42.292,41.252,42.002,420165
600276.SH,2021-09-17,44.911,46.681,44.781,46.031,635328
600519.SH,2021-09-17,1397.059,1482.659,1397.059,1463.059,55130
600900.SH,2021-09-17,15.371,16.081,15.371,15.911,561249
601318.SH,2021-09-17,36.046,36.426,34.866,35.326,927214
601857.SH,2021-09-17,3.881,4.041,3.601,3.801,4317243
601899.SH,2021-09-17,8.77,9.02,8.54,8.76,3748194
688981.SH,2021-09-17,55.01,55.88,55.01,55.65,17411708
000651.SZ,2021-09-22,24.352,24.702,24.222,24.572,368043
000858.SZ,2021-09-22,174.624,176.124,171.074,171.554,249090
002594.SZ,2021-09-22,79.536,80.682,78.212,79.269,163413
300750.SZ,2021-09-22,252.928,256.484,249.317,252.212,64239
510300.SH,2021-09-22,4.441,4.493,4.433,4.476,4916296
600036.SH,2021-09-22,39.432,40.732,38.852,40.162,1122596
600276.SH,2021-09-22,46.031,47.231,45.691,46.981,580513
600519.SH,2021-09-22,1435.889,1465.059,1412.059,1414.749,31743
600900.SH,2021-09-22,15.871,17.291,15.851,16.961,1142537
601318.SH,2021-09-22,34.146,34.726,33.946,34.426,723930
601857.SH,2021-09-22,3.731,4.251,3.681,4.211,4905012
601899.SH,2021-09-22,8.45,8.68,8.38,8.66,2761474
688981.SH,2021-09-22,55.1,56.2,55.05,55.25,22873427
000651.SZ,2021-09-23,24.742,25.262,24.662,24.892,517064
000858.SZ,2021-09-23,172.444,174.504,170.264,172.044,188113
002594.SZ,2021-09-23,81.479,82.709,79.829,80.176,149784
300750.SZ,2021-09-23,258.628,258.628,251.373,252.034,79714
510300.SH,2021-09-23,4.498,4.536,4.487,4.505,2869733
600036.SH,2021-09-23,40.252,41.282,39.362,39.592,861025
600276.SH,2021-09-23,47.081,47.871,46.361,46.871,586868
600519.SH,2021-09-23,1415.059,1432.939,1402.139,1412.059,30342
600900.SH,2021-09-23,17.051,17.531,16.651,16.831,1013649
601318.SH,2021-09-23,35.146,35.996,34.656,34.866,758045
601857.SH,2021-09-23,4.251,4.281,4.021,4.091,4337376
601899.SH,2021-09-23,8.74,8.8,8.47,8.53,2734842
688981.SH,2021-09-23,55.35,55.88,55.2,55.33,23203082
000651.SZ,2021-09-24,24.782,25.212,24.532,24.692,436109
000858.SZ,2021-09-24,171.524,181.624,170.684,178.144,350540
002594.SZ,2021-09-24,80.522,82.702,79.202,80.792,158267
300750.SZ,2021-09-24,253.078,262.878,250.651,255.917,102625
510300.SH,2021-09-24,4.509,4.556,4.499,4.512,4647712
600036.SH,2021-09-24,39.202,40.082,39.152,39.522,532039
600276.SH,2021-09-24,46.781,49.181,46.631,48.881,927197
600519.SH,2021-09-24,1405.059,1497.039,1405.059,1471.059,69537
600900.SH,2021-09-24,17.131,17.151,16.451,16.691,732813
601318.SH,2021-09-24,34.876,35.526,34.546,34.726,843584
601857.SH,2021-09-24,4.151,4.351,4.041,4.071,3700975
601899.SH,2021-09-24,8.47,8.58,8.26,8.29,2907512
688981.SH,2021-09-24,55.39,55.54,54.0,54.04,31236117
000651.SZ,2021-09-27,24.612,26.032,24.332,25.222,740250
000858.SZ,2021-09-27,185.244,198.194,185.244,198.194,760066
002594.SZ,2021-09-27,81.536,82.699,79.136,81.036,179991
300750.SZ,2021-09-27,258.706,266.928,255.812,263.428,144963
510300.SH,2021-09-27,4.526,4.579,4.502,4.544,3598936
600036.SH,2021-09-27,39.042,40.552,38.962,39.842,667905
600276.SH,2021-09-27,48.921,51.241,48.281,49.831,881591
600519.SH,2021-09-27,1527.059,1640.459,1527.059,1632.059,126869
600900.SH,2021-09-27,17.061,17.261,16.711,17.181,1019653
601318.SH,2021-09-27,34.546,35.886,34.466,35.646,990081
601857.SH,2021-09-27,4.201,4.461,4.161,4.311,5651826
601899.SH,2021-09-27,8.28,8.32,7.96,8.08,2913272
688981.SH,2021-09-27,54.61,55.58,54.34,54.66,25756435
000651.SZ,2021-09-28,24.882,25.312,24.502,24.892,466110
000858.SZ,2021-09-28,197.944,200.224,191.624,194.564,411459
002594.SZ,2021-09-28,80.836,81.476,78.966,79.156,162444
300750.SZ,2021-09-28,262.595,265.901,254.928,256.167,92225
510300.SH,2021-09-28,4.536,4.561,4.507,4.535,2636353
600036.SH,2021-09-28,39.852,41.732,39.842,41.172,709925
600276.SH,2021-09-28,50.581,50.581,48.411,49.471,542766
600519.SH,2021-09-28,1625.059,1637.059,1572.059,1599.119,49221
600900.SH,2021-09-28,17.091,17.661,16.721,17.391,904817
601318.SH,2021-09-28,35.636,36.276,35.166,35.906,779507
601857.SH,2021-09-28,4.401,4.591,4.191,4.591,5588387
601899.SH,2021-09-28,8.09,8.31,8.04,8.17,1921619
688981.SH,2021-09-28,54.67,54.93,53.66,54.03,18061946
000651.SZ,2021-09-29,25.602,26.382,25.242,26.082,1047373
000858.SZ,2021-09-29,194.514,198.854,190.324,196.304,311367
002594.SZ,2021-09-29,77.869,78.496,75.202,75.536,245555
300750.SZ,2021-09-29,253.706,262.484,252.595,257.323,93955
510300.SH,2021-09-29,4.503,4.53,4.459,4.502,5922611
600036.SH,2021-09-29,40.702,42.922,40.362,42.312,904610
600276.SH,2021-09-29,48.981,49.521,47.841,49.001,484391
600519.SH,2021-09-29,1586.059,1622.069,1562.959,1597.059,43291
600900.SH,2021-09-29,17.231,17.821,16.951,17.721,1122401
601318.SH,2021-09-29,35.416,36.186,35.166,35.836,631295
601857.SH,2021-09-29,4.391,4.391,3.961,4.141,5801199
601899.SH,2021-09-29,8.05,8.1,7.86,7.97,2246565
688981.SH,2021-09-29,53.65,56.65,53.43,55.54,45432281
000651.SZ,2021-09-30,26.072,26.242,25.512,25.532,673326
000858.SZ,2021-09-30,194.624,200.914,194.624,197.014,331906
002594.SZ,2021-09-30,76.269,80.102,75.936,80.039,225038
300750.SZ,2021-09-30,258.706,273.984,257.045,270.223,167142
510300.SH,2021-09-30,4.504,4.534,4.502,4.516,3129597
600036.SH,2021-09-30,42.152,42.182,40.852,41.202,586118
600276.SH,2021-09-30,49.021,49.711,48.521,49.311,411221
600519.SH,2021-09-30,1595.239,1627.279,1580.459,1607.059,40539
600900.SH,2021-09-30,17.801,17.881,17.031,17.601,987507
601318.SH,2021-09-30,35.946,35.946,34.876,35.006,680070
601857.SH,2021-09-30,4.041,4.171,3.891,4.111,3316225
601899.SH,2021-09-30,7.95,8.05,7.93,8.04,1234598
688981.SH,2021-09-30,55.45,55.98,54.92,55.2,17240431
000651.SZ,2021-10-08,25.662,26.742,25.152,26.592,826855
000858.SZ,2021-10-08,198.224,213.604,195.224,205.844,416279
002594.SZ,2021-10-08,82.862,83.529,80.202,81.202,194104
300750.SZ,2021-10-08,274.817,283.745,268.651,274.817,125169
510300.SH,2021-10-08,4.559,4.596,4.552,4.587,2446241
600036.SH,2021-10-08,40.772,41.832,40.772,41.682,645553
600276.SH,2021-10-08,49.941,53.801,49.161,53.271,1124309
600519.SH,2021-10-08,1599.479,1655.059,1584.289,1616.659,47452
600900.SH,2021-10-08,18.101,18.111,17.291,17.551,795368
601318.SH,2021-10-08,37.146,38.746,36.756,38.746,2180028
601857.SH,2021-10-08,4.461,4.571,4.231,4.381,3762908
601899.SH,2021-10-08,8.21,8.25,8.01,8.21,1519314
688981.SH,2021-10-08,55.79,56.2,55.21,55.77,17440173
000651.SZ,2021-10-11,26.772,26.902,26.322,26.632,558193
000858.SZ,2021-10-11,207.064,212.854,203.114,205.424,261466
002594.SZ,2021-10-11,81.236,84.569,79.536,82.119,211973
300750.SZ,2021-10-11,275.373,276.817,265.962,267.595,78309
510300.SH,2021-10-11,4.595,4.641,4.582,4.586,2603224
600036.SH,2021-10-11,42.192,44.932,42.192,43.752,971779
600276.SH,2021-10-11,53.271,54.621,52.091,52.691,739909
600519.SH,2021-10-11,1616.569,1666.959,1608.069,1644.179,37676
600900.SH,2021-10-11,17.701,17.771,17.001,17.221,587591
601318.SH,2021-10-11,38.746,40.036,38.586,39.386,1504500
601857.SH,2021-10-11,4.431,4.491,4.211,4.251,2638857
601899.SH,2021-10-11,8.68,9.15,8.57,8.99,5557334
688981.SH,2021-10-11,56.0,56.3,55.31,55.41,20386040
000651.SZ,2021-10-12,26.302,26.662,26.052,26.222,435443
000858.SZ,2021-10-12,204.624,207.624,200.634,206.964,203424
002594.SZ,2021-10-12,81.869,84.502,81.206,82.539,211651
300750.SZ,2021-10-12,267.917,268.495,255.306,258.706,95907
510300.SH,2021-10-12,4.568,4.579,4.494,4.534,3306068
600036.SH,2021-10-12,43.452,44.542,43.052,43.842,589373
600276.SH,2021-10-12,52.831,53.781,52.181,52.881,549721
600519.SH,2021-10-12,1643.059,1654.059,1619.479,1648.049,30606
600900.SH,2021-10-12,17.011,17.181,16.681,16.931,604423
601318.SH,2021-10-12,38.696,39.686,38.326,38.906,944656
601857.SH,2021-10-12,4.221,4.361,4.011,4.101,3008476
601899.SH,2021-10-12,8.93,8.93,8.48,8.77,3160280
688981.SH,2021-10-12,55.05,55.38,54.06,54.48,17892611
000651.SZ,2021-10-13,26.002,26.212,25.302,25.882,453317
000858.SZ,2021-10-13,205.994,222.224,204.824,217.114,347774
002594.SZ,2021-10-13,82.539,88.069,81.646,87.269,321978
300750.SZ,2021-10-13,258.706,268.428,258.151,268.295,76522
510300.SH,2021-10-13,4.526,4.606,4.524,4.59,2535737
600036.SH,2021-10-13,43.702,44.152,42.802,43.782,442557
600276.SH,2021-10-13,52.631,52.631,50.631,52.031,607656
600519.SH,2021-10-13,1647.059,1727.009,1639.059,1706.959,50143
600900.SH,2021-10-13,16.851,16.851,16.301,16.451,398106
601318.SH,2021-10-13,38.746,38.836,37.546,38.396,649889
601857.SH,2021-10-13,4.001,4.031,3.641,3.851,3831238
601899.SH,2021-10-13,8.66,8.73,8.51,8.66,1468955
688981.SH,2021-10-13,54.37,55.3,54.22,54.39,19559872
000651.SZ,2021-10-14,25.812,26.102,25.602,25.762,271457
000858.SZ,2021-10-14,215.624,222.304,213.784,217.624,240590
002594.SZ,2021-10-14,87.202,88.866,86.249,87.849,177799
300750.SZ,2021-10-14,269.817,275.306,269.817,273.873,78416
510300.SH,2021-10-14,4.584,4.609,4.552,4.563,1998087
600036.SH,2021-10-14,43.742,44.002,42.952,43.112,288996
600276.SH,2021-10-14,51.531,51.771,50.141,50.141,561685
600519.SH,2021-10-14,1705.989,1718.859,1673.059,1688.059,26623
600900.SH,2021-10-14,16.451,16.551,16.151,16.281,346879
601318.SH,2021-10-14,38.346,38.646,37.846,38.056,427006
601857.SH,2021-10-14,3.841,3.901,3.761,3.801,1937262
601899.SH,2021-10-14,8.95,9.29,8.95,9.08,3848600
688981.SH,2021-10-14,54.45,54.48,53.95,54.17,14540322
000651.SZ,2021-10-15,25.762,26.272,25.592,25.832,402258
000858.SZ,2021-10-15,213.424,215.504,207.634,211.944,302158
002594.SZ,2021-10-15,88.536,92.702,87.202,91.312,287845
300750.SZ,2021-10-15,273.706,299.745,271.539,294.262,229513
510300.SH,2021-10-15,4.56,4.598,4.541,4.587,2179701
600036.SH,2021-10-15,43.202,44.192,43.102,44.062,420358
600276.SH,2021-10-15,49.481,50.451,48.821,49.131,569812
600519.SH,2021-10-15,1667.159,1707.049,1667.159,1694.029,28561
600900.SH,2021-10-15,16.231,16.511,16.101,16.451,405824
601318.SH,2021-10-15,37.776,38.226,37.266,37.526,733017
601857.SH,2021-10-15,3.851,4.101,3.781,4.051,3019901
601899.SH,2021-10-15,9.15,9.9,9.15,9.41,5149372
688981.SH,2021-10-15,54.27,55.43,54.22,54.98,22230510
000651.SZ,2021-10-18,25.832,25.882,25.002,25.142,396045
000858.SZ,2021-10-18,202.574,202.574,190.124,192.944,522287
002594.SZ,2021-10-18,91.619,93.079,90.216,92.176,216214
300750.SZ,2021-10-18,300.928,308.84,294.817,308.717,186702
510300.SH,2021-10-18,4.584,4.585,4.497,4.529,2512605
600036.SH,2021-10-18,44.062,44.102,42.302,42.612,577945
600276.SH,2021-10-18,48.821,49.081,47.611,48.181,515125
600519.SH,2021-10-18,1665.059,1665.059,1564.059,1577.059,69652
600900.SH,2021-10-18,16.451,16.841,16.341,16.661,444546
601318.SH,2021-10-18,37.726,37.886,36.326,36.506,771971
601857.SH,2021-10-18,4.091,4.181,3.961,4.111,2036433
601899.SH,2021-10-18,9.65,9.75,9.13,9.51,5290884
688981.SH,2021-10-18,54.7,54.8,53.93,54.15,20687133
000651.SZ,2021-10-19,24.982,26.042,24.952,25.832,452124
000858.SZ,2021-10-19,190.624,198.504,190.624,196.594,271520
002594.SZ,2021-10-19,92.869,95.172,91.536,91.799,193858
300750.SZ,2021-10-19,313.706,319.806,303.151,306.262,150890
510300.SH,2021-10-19,4.521,4.581,4.518,4.576,2884698
600036.SH,2021-10-19,43.002,44.072,42.752,43.632,481693
600276.SH,2021-10-19,47.821,49.821,47.741,48.691,521175
600519.SH,2021-10-19,1577.059,1615.859,1576.939,1589.239,40315
600900.SH,2021-10-19,16.501,17.001,16.361,16.911,411164
601318.SH,2021-10-19,36.496,38.496,36.346,38.096,847527
601857.SH,2021-10-19,4.001,4.091,3.941,4.061,1800808
601899.SH,2021-10-19,9.35,9.83,9.22,9.75,4101103
688981.SH,2021-10-19,54.28,54.68,54.15,54.47,12487513
000651.SZ,2021-10-20,25.882,26.082,25.302,25.362,353147
000858.SZ,2021-10-20,198.124,199.824,194.504,197.564,171712
002594.SZ,2021-10-20,92.202,95.202,91.949,93.736,217045
300750.SZ,2021-10-20,308.706,318.917,304.262,305.651,124666
510300.SH,2021-10-20,4.581,4.603,4.552,4.562,1566963
600036.SH,2021-10-20,43.962,44.392,43.032,43.152,305710
600276.SH,2021-10-20,48.081,50.971,46.881,50.661,965917
600519.SH,2021-10-20,1610.059,1626.859,1583.069,1618.059,28663
600900.SH,2021-10-20,16.901,16.981,16.501,16.591,660221
601318.SH,2021-10-20,38.346,38.686,37.436,38.016,668239
601857.SH,2021-10-20,3.951,4.021,3.911,3.951,1612080
601899.SH,2021-10-20,9.33,9.41,9.11,9.27,4286706
688981.SH,2021-10-20,54.66,54.86,54.18,54.23,13404574
000651.SZ,2021-10-21,25.362,26.882,25.202,26.862,966087
000858.SZ,2021-10-21,198.624,200.574,196.624,198.614,157814
002594.SZ,2021-10-21,93.869,94.402,91.539,92.539,180626
300750.SZ,2021-10-21,305.928,310.928,300.373,309.262,101423
510300.SH,2021-10-21,4.561,4.608,4.543,4.584,2240855
600036.SH,2021-10-21,43.602,44.752,43.352,44.502,576587
600276.SH,2021-10-21,50.041,50.401,49.451,49.581,437411
600519.SH,2021-10-21,1618.159,1637.059,1606.059,1621.059,23019
600900.SH,2021-10-21,16.601,16.681,16.411,16.671,339622
601318.SH,2021-10-21,38.196,41.526,38.156,40.926,2110058
601857.SH,2021-10-21,4.011,4.081,3.951,3.981,1541798
601899.SH,2021-10-21,9.38,9.53,9.2,9.29,2840467
688981.SH,2021-10-21,54.1,54.26,53.54,53.72,17617345
000651.SZ,2021-10-22,26.882,27.842,26.862,27.452,1062089
000858.SZ,2021-10-22,200.324,206.544,198.634,202.654,226149
002594.SZ,2021-10-22,94.269,97.202,93.202,96.869,336549
300750.SZ,2021-10-22,314.806,314.806,306.112,312.262,110216
510300.SH,2021-10-22,4.591,4.653,4.591,4.617,3345973
600036.SH,2021-10-22,44.842,45.552,44.482,45.042,547151
600276.SH,2021-10-22,49.691,50.941,49.491,50.381,461962
600519.SH,2021-10-22,1632.059,1698.069,1631.059,1678.059,35963
600900.SH,2021-10-22,16.651,16.721,16.441,16.601,298440
601318.SH,2021-10-22,41.326,41.496,40.246,40.936,1026330
601857.SH,2021-10-22,3.931,3.981,3.761,3.801,1998793
601899.SH,2021-10-22,9.05,9.19,8.85,9.07,3056976
688981.SH,2021-10-22,54.47,56.45,54.43,55.79,55315778
000651.SZ,2021-10-25,26.832,26.992,25.922,26.152,885019
000858.SZ,2021-10-25,200.624,202.514,195.624,197.984,248160
002594.SZ,2021-10-25,97.906,103.086,97.612,102.652,335190
300750.SZ,2021-10-25,318.151,325.462,313.334,317.467,140521
510300.SH,2021-10-25,4.603,4.642,4.592,4.634,2653745
600036.SH,2021-10-25,44.582,45.682,43.852,45.342,623341
600276.SH,2021-10-25,50.081,51.381,49.881,50.291,459922
600519.SH,2021-10-25,1657.059,1662.069,1635.059,1650.089,32461
600900.SH,2021-10-25,16.541,16.951,16.481,16.631,462938
601318.SH,2021-10-25,40.72,40.89,39.97,40.73,754447
601857.SH,2021-10-25,3.861,4.121,3.801,4.011,2156761
601899.SH,2021-10-25,9.07,9.22,8.83,9.11,1943670
688981.SH,2021-10-25,55.2,55.53,54.79,55.49,22893140
000651.SZ,2021-10-26,26.062,26.342,25.712,25.762,523588
000858.SZ,2021-10-26,197.984,200.624,195.624,198.284,171975
002594.SZ,2021-10-26,107.036,107.979,102.789,103.206,313244
300750.SZ,2021-10-26,331.351,332.862,309.223,310.367,148277
510300.SH,2021-10-26,4.636,4.669,4.604,4.617,2479095
600036.SH,2021-10-26,45.342,46.982,45.052,46.052,715424
600276.SH,2021-10-26,50.341,50.471,48.481,48.481,638573
600519.SH,2021-10-26,1641.089,1656.049,1621.059,1638.109,21130
600900.SH,2021-10-26,16.661,16.851,16.581,16.761,328986
601318.SH,2021-10-26,40.73,41.5,39.62,39.69,748825
601857.SH,2021-10-26,4.071,4.081,3.921,3.951,1326763
601899.SH,2021-10-26,9.21,9.42,9.06,9.26,2249687
688981.SH,2021-10-26,55.52,56.17,54.86,55.0,22440474
000651.SZ,2021-10-27,24.782,24.792,23.382,23.552,1591211
000858.SZ,2021-10-27,196.634,198.284,191.624,193.624,200485
002594.SZ,2021-10-27,101.202,105.779,100.629,104.116,219068
300750.SZ,2021-10-27,310.367,319.84,307.69,319.84,135486
510300.SH,2021-10-27,4.605,4.605,4.539,4.551,2781043
600036.SH,2021-10-27,45.952,45.952,44.582,45.272,420394
600276.SH,2021-10-27,48.381,48.951,47.761,48.141,341071
600519.SH,2021-10-27,1629.359,1635.359,1577.159,1596.059,34647
600900.SH,2021-10-27,16.741,16.871,16.581,16.871,360287
601318.SH,2021-10-27,39.49,40.17,39.06,39.17,589052
601857.SH,2021-10-27,3.921,4.001,3.841,3.911,1480119
601899.SH,2021-10-27,9.15,9.21,8.79,8.84,2761862
688981.SH,2021-10-27,54.95,54.95,54.02,54.12,17318302
000651.SZ,2021-10-28,23.252,23.532,22.692,23.282,625269
000858.SZ,2021-10-28,194.624,197.604,191.404,192.914,219253
002594.SZ,2021-10-28,103.406,104.802,98.669,99.529,298267
300750.SZ,2021-10-28,325.373,330.928,313.112,315.484,172829
510300.SH,2021-10-28,4.541,4.558,4.507,4.53,4413412
600036.SH,2021-10-28,45.052,45.752,44.602,44.972,346232
600276.SH,2021-10-28,47.641,49.231,47.561,47.841,445554
600519.SH,2021-10-28,1602.259,1620.839,1579.059,1602.549,29491
600900.SH,2021-10-28,16.761,16.851,16.591,16.731,420751
601318.SH,2021-10-28,38.25,38.93,37.57,38.82,850619
601857.SH,2021-10-28,3.801,3.801,3.511,3.551,3090019
601899.SH,2021-10-28,8.65,8.77,8.32,8.46,2865333
688981.SH,2021-10-28,54.11,55.0,54.01,54.24,15408100
000651.SZ,2021-10-29,23.272,23.612,22.812,23.432,557771
000858.SZ,2021-10-29,192.894,199.154,192.704,194.134,236335
002594.SZ,2021-10-29,98.579,101.456,94.792,100.639,347160
300750.SZ,2021-10-29,319.978,336.756,310.895,333.273,202687
510300.SH,2021-10-29,4.527,4.563,4.515,4.562,4264847
600036.SH,2021-10-29,44.972,45.502,44.452,44.722,405439
600276.SH,2021-10-29,47.581,48.961,47.581,48.321,427476
600519.SH,2021-10-29,1602.059,1625.059,1590.059,1603.139,28776
600900.SH,2021-10-29,16.701,16.851,16.461,16.851,407089
601318.SH,2021-10-29,38.34,38.75,36.76,37.09,1466627
601857.SH,2021-10-29,3.611,3.631,3.431,3.581,2165150
601899.SH,2021-10-29,8.54,8.59,8.32,8.41,2088858
688981.SH,2021-10-29,54.4,55.38,54.1,55.04,20930979
000651.SZ,2021-11-01,23.102,24.072,22.712,23.752,632053
000858.SZ,2021-11-01,177.624,187.144,174.524,182.564,580037
002594.SZ,2021-11-01,97.339,99.672,94.809,97.536,284786
300750.SZ,2021-11-01,334.262,355.373,328.778,339.262,221797
510300.SH,2021-11-01,4.538,4.569,4.52,4.546,1950023
600036.SH,2021-11-01,44.752,45.652,44.052,44.872,425018
600276.SH,2021-11-01,48.101,49.181,47.631,48.881,487702
600519.SH,2021-11-01,1557.059,1603.359,1537.059,1580.059,41690
600900.SH,2021-11-01,16.711,17.021,16.661,16.981,383045
601318.SH,2021-11-01,36.52,37.97,36.27,37.64,628761
601857.SH,2021-11-01,3.571,3.611,3.461,3.481,1750522
601899.SH,2021-11-01,8.32,8.51,8.23,8.43,2102253
688981.SH,2021-11-01,54.8,55.48,54.6,55.35,19183115
000651.SZ,2021-11-02,23.702,23.972,22.902,23.142,520889
000858.SZ,2021-11-02,181.604,183.524,177.274,178.944,349334
002594.SZ,2021-11-02,100.202,103.469,99.416,101.496,290087
300750.SZ,2021-11-02,342.04,348.017,338.151,343.706,131408
510300.SH,2021-11-02,4.543,4.576,4.455,4.494,4294135
600036.SH,2021-11-02,45.102,45.242,42.422,43.002,752206
600276.SH,2021-11-02,48.591,49.361,47.081,47.581,480225
600519.SH,2021-11-02,1573.759,1621.279,1565.059,1581.699,32500
600900.SH,2021-11-02,16.991,17.031,16.261,16.551,569460
601318.SH,2021-11-02,37.73,38.19,36.74,37.53,782725
601857.SH,2021-11-02,3.531,3.541,3.261,3.371,2082806
601899.SH,2021-11-02,8.42,8.47,8.0,8.18,3157974
688981.SH,2021-11-02,55.65,57.07,55.6,55.99,56816278
000651.SZ,2021-11-03,23.142,23.332,22.592,23.062,429450
000858.SZ,2021-11-03,179.144,180.124,176.304,176.754,218920
002594.SZ,2021-11-03,101.246,101.486,96.822,97.872,197248
300750.SZ,2021-11-03,339.817,342.606,327.04,333.706,127606
510300.SH,2021-11-03,4.491,4.517,4.46,4.474,3406351
600036.SH,2021-11-03,43.102,43.242,42.422,42.452,444372
600276.SH,2021-11-03,47.591,49.261,47.591,48.201,415537
600519.SH,2021-11-03,1577.059,1587.039,1538.249,1542.059,27829
600900.SH,2021-11-03,16.431,16.891,16.371,16.771,408790
601318.SH,2021-11-03,37.52,38.27,37.37,37.57,476763
601857.SH,2021-11-03,3.291,3.361,3.231,3.281,1654093
601899.SH,2021-11-03,8.18,8.21,8.03,8.15,2316268
688981.SH,2021-11-03,55.99,57.17,55.48,56.99,40400838
000651.SZ,2021-11-04,23.072,23.212,22.702,23.202,511861
000858.SZ,2021-11-04,178.714,185.484,177.924,184.444,298642
002594.SZ,2021-11-04,100.579,106.536,99.879,105.202,349964
300750.SZ,2021-11-04,338.151,342.04,331.512,337.512,92010
510300.SH,2021-11-04,4.494,4.532,4.493,4.521,2844233
600036.SH,2021-11-04,42.752,42.852,42.032,42.502,482915
600276.SH,2021-11-04,48.331,50.881,48.081,50.291,823350
600519.SH,2021-11-04,1554.999,1593.059,1546.479,1581.259,31130
600900.SH,2021-11-04,16.761,16.871,16.621,16.661,280268
601318.SH,2021-11-04,37.42,37.66,37.05,37.22,532053
601857.SH,2021-11-04,3.201,3.211,3.111,3.171,2040285
601899.SH,2021-11-04,8.16,8.21,8.07,8.21,1882139
688981.SH,2021-11-04,56.98,57.68,56.61,56.83,33081912
000651.SZ,2021-11-05,23.082,23.532,22.782,23.142,448898
000858.SZ,2021-11-05,184.444,192.324,184.434,187.934,301430
002594.SZ,2021-11-05,104.869,105.869,101.206,101.536,194183
300750.SZ,2021-11-05,333.151,339.14,330.367,330.423,85551
510300.SH,2021-11-05,4.511,4.548,4.503,4.504,2656008
600036.SH,2021-11-05,42.472,42.862,42.172,42.312,361974
600276.SH,2021-11-05,50.331,52.761,50.301,50.891,920662
600519.SH,2021-11-05,1581.269,1622.049,1581.269,1596.999,27077
600900.SH,2021-11-05,16.631,16.731,16.251,16.261,372512
601318.SH,2021-11-05,37.22,37.86,37.11,37.45,416655
601857.SH,2021-11-05,3.121,3.151,3.001,3.001,1899816
601899.SH,2021-11-05,8.12,8.2,8.1,8.13,1508680
688981.SH,2021-11-05,57.39,58.39,56.91,57.27,39494569
000651.SZ,2021-11-08,22.792,23.012,22.672,22.792,424179
000858.SZ,2021-11-08,187.624,190.034,185.384,188.614,156374
002594.SZ,2021-11-08,99.566,103.406,99.202,101.869,169849
300750.SZ,2021-11-08,332.04,347.584,328.706,345.262,122696
510300.SH,2021-11-08,4.501,4.529,4.483,4.5,3124852
600036.SH,2021-11-08,42.072,42.652,41.552,42.052,386749
600276.SH,2021-11-08,51.081,51.311,48.581,48.701,826903
600519.SH,2021-11-08,1597.059,1607.859,1579.109,1597.159,17706
600900.SH,2021-11-08,16.331,16.341,15.911,15.951,342853
601318.SH,2021-11-08,37.41,38.22,36.89,37.92,531724
601857.SH,2021-11-08,3.051,3.131,3.011,3.031,1548335
601899.SH,2021-11-08,8.25,8.59,8.25,8.46,2912390
688981.SH,2021-11-08,56.54,56.9,55.55,56.01,27843939
000651.SZ,2021-11-09,22.792,22.952,22.312,22.382,525954
000858.SZ,2021-11-09,187.304,190.304,185.174,186.394,155039
002594.SZ,2021-11-09,101.886,106.859,101.886,103.766,203305
300750.SZ,2021-11-09,349.117,349.262,341.001,346.64,66746
510300.SH,2021-11-09,4.516,4.533,4.473,4.498,2628400
600036.SH,2021-11-09,42.152,42.452,41.352,41.812,387884
600276.SH,2021-11-09,48.761,49.461,48.581,48.891,373595
600519.SH,2021-11-09,1597.039,1604.929,1559.059,1567.069,27352
600900.SH,2021-11-09,16.151,16.191,15.721,15.941,366742
601318.SH,2021-11-09,38.0,38.35,37.12,37.21,640511
601857.SH,2021-11-09,3.031,3.041,2.931,2.951,1491919
601899.SH,2021-11-09,8.55,8.6,8.36,8.51,1650746
688981.SH,2021-11-09,56.29,59.55,56.04,58.49,62342174
000651.SZ,2021-11-10,22.282,22.292,20.882,21.452,1123073
000858.SZ,2021-11-10,186.394,187.504,180.824,183.324,172003
002594.SZ,2021-11-10,101.536,102.069,97.396,100.289,274879
300750.SZ,2021-11-10,339.89,342.856,330.928,338.151,127398
510300.SH,2021-11-10,4.494,4.494,4.407,4.473,4894264
600036.SH,2021-11-10,41.812,41.902,40.792,41.382,558071
600276.SH,2021-11-10,48.891,53.581,48.781,52.811,1371612
600519.SH,2021-11-10,1567.069,1572.059,1512.059,1531.049,35349
600900.SH,2021-11-10,16.001,16.001,15.511,15.751,397716
601318.SH,2021-11-10,37.02,37.08,35.85,36.65,816049
601857.SH,2021-11-10,3.001,3.011,2.891,2.951,1788557
601899.SH,2021-11-10,8.49,8.53,8.3,8.5,1688849
688981.SH,2021-11-10,58.08,59.53,57.92,59.38,47394911
000651.SZ,2021-11-11,21.512,22.902,21.392,22.902,1238538
000858.SZ,2021-11-11,183.284,184.624,181.204,184.134,166521
002594.SZ,2021-11-11,101.202,102.532,99.552,100.866,138852
300750.SZ,2021-11-11,339.817,347.667,339.317,342.512,77014
510300.SH,2021-11-11,4.463,4.556,4.461,4.553,3523650
600036.SH,2021-11-11,41.302,43.622,41.212,43.572,849732
600276.SH,2021-11-11,52.581,52.871,51.641,52.081,775870
600519.SH,2021-11-11,1529.989,1546.659,1518.559,1546.659,22652
600900.SH,2021-11-11,15.701,15.841,15.561,15.731,402082
601318.SH,2021-11-11,36.63,38.68,36.52,38.67,1110858
601857.SH,2021-11-11,2.901,2.951,2.871,2.921,1678931
601899.SH,2021-11-11,8.45,8.68,8.45,8.64,2000248
688981.SH,2021-11-11,59.1,60.17,57.68,58.45,77742420
000651.SZ,2021-11-12,23.012,23.012,22.082,22.212,742524
000858.SZ,2021-11-12,184.994,185.294,180.734,181.474,157885
002594.SZ,2021-11-12,102.136,102.449,98.702,99.129,148884
300750.SZ,2021-11-12,343.151,345.851,330.328,334.262,114202
510300.SH,2021-11-12,4.557,4.572,4.535,4.551,2729067
600036.SH,2021-11-12,43.572,43.932,43.002,43.152,343597
600276.SH,2021-11-12,52.131,52.531,51.091,51.631,443428
600519.SH,2021-11-12,1555.059,1562.109,1543.719,1550.839,17607
600900.SH,2021-11-12,15.741,15.791,15.401,15.571,419825
601318.SH,2021-11-12,38.65,38.65,37.67,38.13,585959
601857.SH,2021-11-12,2.931,2.951,2.881,2.911,1450042
601899.SH,2021-11-12,8.71,8.9,8.68,8.69,1789491
688981.SH,2021-11-12,56.51,56.75,55.11,56.16,84356482
000651.SZ,2021-11-15,22.362,23.072,22.252,22.872,578556
000858.SZ,2021-11-15,182.614,185.124,180.734,182.324,207245
002594.SZ,2021-11-15,99.129,99.129,93.682,95.182,225372
300750.SZ,2021-11-15,334.256,334.256,315.906,322.595,140076
510300.SH,2021-11-15,4.555,4.572,4.524,4.545,3359154
600036.SH,2021-11-15,43.542,44.362,43.122,43.682,366950
600276.SH,2021-11-15,51.651,53.031,51.471,52.451,590072
600519.SH,2021-11-15,1550.739,1561.059,1527.059,1538.199,24947
600900.SH,2021-11-15,15.671,15.871,15.521,15.771,449912
601318.SH,2021-11-15,38.37,38.72,37.75,38.12,442091
601857.SH,2021-11-15,2.901,2.931,2.861,2.911,1231063
601899.SH,2021-11-15,8.7,8.85,8.45,8.51,1609097
688981.SH,2021-11-15,56.16,56.52,55.87,56.28,25449710
000651.SZ,2021-11-16,23.012,23.422,22.882,23.102,606326
000858.SZ,2021-11-16,183.514,191.074,182.734,189.624,314357
002594.SZ,2021-11-16,94.869,96.099,92.869,94.706,151808
300750.SZ,2021-11-16,322.595,325.44,315.373,319.801,84335
510300.SH,2021-11-16,4.547,4.577,4.531,4.541,3518703
600036.SH,2021-11-16,43.652,44.132,42.912,43.252,322315
600276.SH,2021-11-16,52.481,54.051,52.451,53.431,676750
600519.SH,2021-11-16,1545.059,1595.059,1542.059,1585.059,33526
600900.SH,2021-11-16,15.701,15.831,15.531,15.601,324937
601318.SH,2021-11-16,38.12,38.46,37.52,37.88,477438
601857.SH,2021-11-16,2.911,2.951,2.871,2.871,1725119
601899.SH,2021-11-16,8.52,8.56,8.27,8.31,1630758
688981.SH,2021-11-16,56.34,56.37,55.03,55.07,31614985
000651.SZ,2021-11-17,23.562,23.772,23.022,23.112,548348
000858.SZ,2021-11-17,188.674,190.624,186.624,189.134,174215
002594.SZ,2021-11-17,96.869,97.949,94.869,95.819,163378
300750.SZ,2021-11-17,324.262,328.39,321.24,325.862,75616
510300.SH,2021-11-17,4.534,4.555,4.522,4.54,2269818
600036.SH,2021-11-17,42.972,43.582,42.562,42.592,339386
600276.SH,2021-11-17,53.581,54.231,52.861,53.001,522252
600519.SH,2021-11-17,1582.059,1597.559,1567.069,1572.059,24505
600900.SH,2021-11-17,15.611,15.791,15.561,15.661,289355
601318.SH,2021-11-17,37.51,38.05,37.4,37.57,351532
601857.SH,2021-11-17,2.871,2.931,2.841,2.931,1275661
601899.SH,2021-11-17,8.26,8.39,8.23,8.37,1034528
688981.SH,2021-11-17,55.04,55.71,54.61,55.26,23126247
000651.SZ,2021-11-18,23.012,23.112,22.492,22.532,462281
000858.SZ,2021-11-18,187.614,188.604,185.174,186.244,132203
002594.SZ,2021-11-18,95.136,96.496,93.536,95.336,129097
300750.SZ,2021-11-18,325.862,331.851,319.034,325.928,75273
510300.SH,2021-11-18,4.528,4.533,4.483,4.496,3606012
600036.SH,2021-11-18,42.552,42.752,41.752,42.162,342443
600276.SH,2021-11-18,52.581,52.661,50.681,50.861,696159
600519.SH,2021-11-18,1558.279,1584.059,1547.059,1569.059,19521
600900.SH,2021-11-18,15.601,15.731,15.561,15.641,257365
601318.SH,2021-11-18,37.42,37.43,37.03,37.03,423325
601857.SH,2021-11-18,2.881,2.911,2.861,2.871,1368661
601899.SH,2021-11-18,8.27,8.39,8.27,8.31,1352042
688981.SH,2021-11-18,55.0,55.33,54.52,54.57,23746219
000651.SZ,2021-11-19,22.472,22.822,22.162,22.692,482933
000858.SZ,2021-11-19,185.504,194.124,185.024,190.224,242930
002594.SZ,2021-11-19,95.442,96.869,92.869,95.809,175159
300750.SZ,2021-11-19,328.706,333.151,322.623,333.151,84568
510300.SH,2021-11-19,4.491,4.557,4.486,4.551,2759206
600036.SH,2021-11-19,42.232,43.492,41.862,43.082,464668
600276.SH,2021-11-19,50.401,51.301,50.321,51.071,366586
600519.SH,2021-11-19,1571.249,1626.059,1565.259,1605.469,31156
600900.SH,2021-11-19,15.621,15.871,15.581,15.811,303074
601318.SH,2021-11-19,36.92,37.63,36.77,37.48,428290
601857.SH,2021-11-19,2.871,2.951,2.841,2.931,1502051
601899.SH,2021-11-19,8.31,8.4,8.19,8.38,1658843
688981.SH,2021-11-19,54.56,54.89,54.3,54.71,22346641
000651.SZ,2021-11-22,22.632,22.862,22.392,22.502,380023
000858.SZ,2021-11-22,191.624,199.624,190.624,193.594,319783
002594.SZ,2021-11-22,96.336,100.706,96.269,100.536,287020
300750.SZ,2021-11-22,336.478,356.484,334.878,356.484,153090
510300.SH,2021-11-22,4.555,4.576,4.548,4.564,3536475
600036.SH,2021-11-22,42.852,43.092,42.342,42.442,376538
600276.SH,2021-11-22,51.671,52.251,50.931,51.101,431026
600519.SH,2021-11-22,1626.059,1686.059,1625.059,1631.329,42573
600900.SH,2021-11-22,15.821,15.881,15.591,15.591,293104
601318.SH,2021-11-22,37.37,37.46,37.07,37.23,340051
601857.SH,2021-11-22,2.891,2.951,2.881,2.951,1711208
601899.SH,2021-11-22,8.39,8.51,8.32,8.49,1557004
688981.SH,2021-11-22,54.72,55.55,54.67,55.34,34861965
000651.SZ,2021-11-23,22.282,22.762,21.892,22.682,538987
000858.SZ,2021-11-23,192.614,196.124,190.984,192.424,193866
002594.SZ,2021-11-23,99.496,100.112,98.196,99.696,150363
300750.SZ,2021-11-23,356.101,356.101,348.151,351.484,99312
510300.SH,2021-11-23,4.557,4.581,4.547,4.567,3172672
600036.SH,2021-11-23,42.502,43.052,42.192,42.502,389149
600276.SH,2021-11-23,50.891,51.531,50.691,51.161,298044
600519.SH,2021-11-23,1629.059,1694.059,1629.059,1673.489,45782
600900.SH,2021-11-23,15.571,15.621,15.501,15.581,329494
601318.SH,2021-11-23,37.2,37.69,37.01,37.14,402241
601857.SH,2021-11-23,2.931,3.021,2.931,2.961,1550651
601899.SH,2021-11-23,8.45,8.63,8.41,8.53,1637682
688981.SH,2021-11-23,55.16,55.22,54.88,54.91,25689069
000651.SZ,2021-11-24,22.682,22.742,22.302,22.512,379317
000858.SZ,2021-11-24,195.624,205.604,195.624,202.044,476278
002594.SZ,2021-11-24,98.679,100.069,97.202,97.936,141938
300750.SZ,2021-11-24,350.467,353.595,339.451,344.151,85504
510300.SH,2021-11-24,4.567,4.597,4.555,4.578,1785947
600036.SH,2021-11-24,42.342,42.652,41.922,42.492,315040
600276.SH,2021-11-24,51.031,51.281,50.581,50.961,301306
600519.SH,2021-11-24,1677.059,1743.059,1674.059,1718.059,54512
600900.SH,2021-11-24,15.641,15.641,15.321,15.391,382762
601318.SH,2021-11-24,37.14,37.52,36.87,37.27,361961
601857.SH,2021-11-24,3.021,3.121,3.021,3.051,1707300
601899.SH,2021-11-24,8.55,8.57,8.31,8.39,1551711
688981.SH,2021-11-24,55.16,55.39,54.73,54.77,25023198
000651.SZ,2021-11-25,22.392,22.862,22.122,22.162,436947
000858.SZ,2021-11-25,205.624,206.774,199.794,200.574,284628
002594.SZ,2021-11-25,97.936,98.366,93.969,96.202,170971
300750.SZ,2021-11-25,340.928,343.984,336.645,341.484,58220
510300.SH,2021-11-25,4.579,4.58,4.551,4.559,1372600
600036.SH,2021-11-25,42.452,42.452,41.992,42.172,215660
600276.SH,2021-11-25,50.981,52.181,50.711,52.071,473939
600519.SH,2021-11-25,1730.059,1763.259,1723.309,1733.089,39753
600900.SH,2021-11-25,15.401,15.511,15.281,15.391,366550
601318.SH,2021-11-25,37.28,37.28,36.88,36.92,407411
601857.SH,2021-11-25,3.051,3.071,2.961,2.971,1163868
601899.SH,2021-11-25,8.43,8.52,8.29,8.48,1473531
688981.SH,2021-11-25,54.77,55.47,54.6,55.0,23802788
000651.SZ,2021-11-26,22.082,22.102,21.882,21.912,310586
000858.SZ,2021-11-26,200.484,201.204,196.704,200.484,162473
002594.SZ,2021-11-26,95.202,98.459,94.886,96.089,122494
300750.SZ,2021-11-26,339.817,349.706,339.817,343.706,58502
510300.SH,2021-11-26,4.546,4.547,4.508,4.517,2046378
600036.SH,2021-11-26,41.952,42.202,40.632,40.852,823357
600276.SH,2021-11-26,52.261,52.281,51.331,51.431,421663
600519.SH,2021-11-26,1741.889,1744.059,1702.059,1718.069,32656
600900.SH,2021-11-26,15.351,15.351,15.091,15.131,455695
601318.SH,2021-11-26,36.76,36.78,36.23,36.24,589023
601857.SH,2021-11-26,2.951,2.951,2.851,2.871,1547647
601899.SH,2021-11-26,8.39,8.41,8.28,8.31,1369332
688981.SH,2021-11-26,54.81,55.02,54.15,54.25,27285303
000651.SZ,2021-11-29,21.552,21.612,21.312,21.412,424632
000858.SZ,2021-11-29,198.124,202.624,197.874,202.354,192364
002594.SZ,2021-11-29,94.136,99.226,93.512,98.356,200157
300750.SZ,2021-11-29,341.484,358.428,340.928,355.817,114653
510300.SH,2021-11-29,4.481,4.519,4.481,4.51,2338560
600036.SH,2021-11-29,40.532,40.852,39.572,40.572,827247
600276.SH,2021-11-29,51.461,52.271,49.911,50.171,566364
600519.SH,2021-11-29,1737.059,1767.059,1728.139,1762.059,42399
601318.SH,2021-11-29,36.01,36.37,35.84,36.18,404273
601857.SH,2021-11-29,2.761,2.881,2.741,2.841,1502002
601899.SH,2021-11-29,8.15,8.39,8.03,8.2,1965921
688981.SH,2021-11-29,53.9,54.67,53.71,54.25,16023451
000651.SZ,2021-11-30,21.462,21.862,21.242,21.342,388079
000858.SZ,2021-11-30,202.604,203.124,195.624,195.624,230146
002594.SZ,2021-11-30,99.202,99.536,97.869,98.436,131788
300750.SZ,2021-11-30,358.573,359.073,352.223,355.928,71881
510300.SH,2021-11-30,4.513,4.53,4.469,4.492,1836800
600036.SH,2021-11-30,40.232,40.602,39.662,40.242,610043
600276.SH,2021-11-30,49.731,50.181,49.141,49.251,482994
600519.SH,2021-11-30,1762.459,1766.959,1704.559,1707.829,36925
601318.SH,2021-11-30,36.03,36.35,35.69,35.74,466947
601857.SH,2021-11-30,2.831,2.881,2.791,2.811,1201127
601899.SH,2021-11-30,8.22,8.27,8.08,8.1,1647716
688981.SH,2021-11-30,54.45,54.67,54.07,54.26,14872544
000651.SZ,2021-12-01,21.192,21.972,21.012,21.962,441191
000858.SZ,2021-12-01,200.644,202.464,195.734,198.184,192486
002594.SZ,2021-12-01,98.602,99.369,96.996,98.642,108279
300750.SZ,2021-12-01,355.928,358.701,347.101,351.484,69846
510300.SH,2021-12-01,4.492,4.51,4.488,4.505,2116262
600036.SH,2021-12-01,40.232,40.952,40.032,40.742,500361
600276.SH,2021-12-01,49.261,49.731,48.791,49.581,320410
600519.SH,2021-12-01,1727.059,1737.009,1696.079,1710.049,26254
601318.SH,2021-12-01,35.79,36.5,35.79,36.39,422137
601857.SH,2021-12-01,2.801,2.971,2.791,2.961,1505730
601899.SH,2021-12-01,8.04,8.12,7.95,8.09,1733966
688981.SH,2021-12-01,54.26,54.65,54.19,54.5,15176990
000651.SZ,2021-12-02,21.782,22.062,21.542,21.882,299982
000858.SZ,2021-12-02,198.224,201.524,196.934,200.374,175310
002594.SZ,2021-12-02,98.536,101.556,97.902,99.802,180072
300750.SZ,2021-12-02,351.473,361.04,349.817,360.373,91790
510300.SH,2021-12-02,4.501,4.526,4.484,4.515,1610351
600036.SH,2021-12-02,40.762,41.752,40.242,41.642,556070
600276.SH,2021-12-02,49.011,49.011,48.101,48.141,524007
600519.SH,2021-12-02,1717.059,1719.209,1696.659,1711.059,20422
601318.SH,2021-12-02,36.13,36.66,35.94,36.4,383301
601857.SH,2021-12-02,2.931,3.051,2.921,2.991,1254352
601899.SH,2021-12-02,8.04,8.09,7.96,7.99,1715981
688981.SH,2021-12-02,54.45,54.86,54.31,54.8,19134926
000651.SZ,2021-12-03,21.882,22.032,21.432,21.762,360033
000858.SZ,2021-12-03,201.124,210.424,200.924,207.074,340300
002594.SZ,2021-12-03,99.199,100.136,96.489,99.169,210327
300750.SZ,2021-12-03,360.906,362.595,350.928,359.817,80782
510300.SH,2021-12-03,4.515,4.561,4.507,4.56,2196321
600036.SH,2021-12-03,41.822,42.032,41.222,42.002,494076
600276.SH,2021-12-03,48.111,48.501,47.961,48.281,388783
600519.SH,2021-12-03,1709.059,1765.679,1708.109,1748.939,35818
601318.SH,2021-12-03,36.5,36.77,36.0,36.51,427489
601857.SH,2021-12-03,3.031,3.071,2.951,3.021,1152177
601899.SH,2021-12-03,8.0,8.07,7.92,8.07,1807956
688981.SH,2021-12-03,54.82,55.29,54.8,55.03,22185715
000651.SZ,2021-12-06,21.682,22.782,21.632,22.182,709541
000858.SZ,2021-12-06,208.624,212.624,206.624,209.924,288787
002594.SZ,2021-12-06,97.202,100.706,97.156,97.452,178801
300750.SZ,2021-12-06,353.762,356.04,342.595,343.306,112612
510300.SH,2021-12-06,4.563,4.597,4.55,4.555,3328991
600036.SH,2021-12-06,42.242,43.152,42.082,42.572,604716
600276.SH,2021-12-06,48.281,48.881,48.271,48.361,362115
600519.SH,2021-12-06,1760.059,1767.059,1727.059,1744.359,31064
601318.SH,2021-12-06,36.62,37.27,36.62,36.67,610369
601857.SH,2021-12-06,3.011,3.071,2.981,2.991,1001082
601899.SH,2021-12-06,8.07,8.21,8.01,8.12,1657100
688981.SH,2021-12-06,55.03,55.08,54.01,54.04,28412706
000651.SZ,2021-12-07,22.412,23.422,22.382,23.412,1092862
000858.SZ,2021-12-07,212.624,217.274,210.774,211.624,308904
002594.SZ,2021-12-07,98.872,98.986,93.896,95.136,227679
300750.SZ,2021-12-07,345.928,346.484,318.262,327.595,221391
510300.SH,2021-12-07,4.576,4.59,4.559,4.583,2124268
600036.SH,2021-12-07,43.042,43.332,41.852,42.592,540774
600276.SH,2021-12-07,48.761,49.361,48.371,49.261,415265
600519.SH,2021-12-07,1757.799,1764.929,1723.789,1732.929,36980
601318.SH,2021-12-07,37.02,38.02,36.73,37.91,1011502
601857.SH,2021-12-07,3.041,3.071,3.001,3.061,1295641
601899.SH,2021-12-07,8.21,8.23,8.11,8.2,1548533
688981.SH,2021-12-07,54.22,54.25,53.69,54.05,20307823
000651.SZ,2021-12-08,23.512,23.562,22.812,23.292,687489
000858.SZ,2021-12-08,211.634,222.134,208.904,221.624,397869
002594.SZ,2021-12-08,95.539,97.202,95.036,97.132,154382
300750.SZ,2021-12-08,330.812,336.362,326.067,333.151,118866
510300.SH,2021-12-08,4.588,4.66,4.57,4.655,3411917
600036.SH,2021-12-08,42.732,43.032,42.152,42.792,490975
600276.SH,2021-12-08,49.271,49.461,48.481,49.441,334290
600519.SH,2021-12-08,1741.939,1822.059,1727.059,1820.059,61048
601318.SH,2021-12-08,37.91,37.92,37.42,37.86,653544
601857.SH,2021-12-08,3.091,3.141,3.071,3.111,1409221
601899.SH,2021-12-08,8.29,8.29,8.2,8.25,1496969
688981.SH,2021-12-08,54.08,54.41,53.86,54.24,22586548
000651.SZ,2021-12-09,23.242,24.202,23.242,23.652,1022009
000858.SZ,2021-12-09,222.624,232.584,220.304,228.624,472970
002594.SZ,2021-12-09,96.869,97.079,95.879,96.702,112957
300750.SZ,2021-12-09,333.151,333.706,324.206,330.262,134272
510300.SH,2021-12-09,4.659,4.785,4.657,4.739,6332212
600036.SH,2021-12-09,43.002,44.592,42.552,43.882,840557
600276.SH,2021-12-09,49.481,50.691,49.091,50.471,576039
600519.SH,2021-12-09,1831.999,1893.979,1822.059,1863.609,64239
601318.SH,2021-12-09,37.88,39.35,37.65,38.83,1249296
601857.SH,2021-12-09,3.121,3.191,3.101,3.181,1346193
601899.SH,2021-12-09,8.29,8.34,8.23,8.31,1794963
688981.SH,2021-12-09,54.1,55.06,54.05,54.95,31281529
000651.SZ,2021-12-10,23.382,23.652,23.032,23.382,541645
000858.SZ,2021-12-10,226.344,228.524,222.124,224.624,332275
002594.SZ,2021-12-10,95.532,97.546,94.469,97.342,144873
300750.SZ,2021-12-10,323.828,341.128,323.251,333.678,213844
510300.SH,2021-12-10,4.724,4.731,4.704,4.724,3961260
600036.SH,2021-12-10,43.652,44.242,43.432,44.242,564263
600276.SH,2021-12-10,50.091,50.761,49.991,50.341,396118
600519.SH,2021-12-10,1837.059,1872.839,1833.059,1867.059,43148
601318.SH,2021-12-10,38.52,39.01,38.42,38.74,737707
601857.SH,2021-12-10,3.161,3.161,3.031,3.071,1592311
601899.SH,2021-12-10,8.26,8.27,8.11,8.21,1522686
688981.SH,2021-12-10,54.7,56.56,54.63,56.4,70222229
000651.SZ,2021-12-13,23.382,24.122,23.382,23.452,657590
000858.SZ,2021-12-13,229.624,234.834,226.624,227.604,355350
002594.SZ,2021-12-13,97.866,97.869,96.202,96.336,142941
300750.SZ,2021-12-13,333.651,345.184,328.195,343.906,160828
510300.SH,2021-12-13,4.748,4.808,4.73,4.737,4290338
600036.SH,2021-12-13,44.312,44.952,43.162,43.172,645546
600276.SH,2021-12-13,50.571,51.081,49.961,50.081,444106
600519.SH,2021-12-13,1931.059,1957.059,1895.059,1895.259,65807
600900.SH,2021-12-13,17.071,17.081,16.121,16.461,2404663
601318.SH,2021-12-13,39.18,40.02,38.64,38.67,918581
601857.SH,2021-12-13,3.061,3.111,3.041,3.061,1158116
601899.SH,2021-12-13,8.23,8.44,8.2,8.33,2254592
688981.SH,2021-12-13,56.02,56.5,55.82,56.01,31983903
000651.SZ,2021-12-14,23.672,23.672,22.892,22.982,516397
000858.SZ,2021-12-14,226.624,230.624,223.834,227.624,225574
002594.SZ,2021-12-14,95.369,95.892,94.099,94.669,157111
300750.SZ,2021-12-14,343.34,343.34,335.917,339.823,87811
510300.SH,2021-12-14,4.718,4.736,4.696,4.706,3626878
600036.SH,2021-12-14,43.072,43.252,41.602,41.902,810629
600276.SH,2021-12-14,49.731,50.561,49.701,50.081,309301
600519.SH,2021-12-14,1895.259,1944.959,1877.059,1927.059,40449
600900.SH,2021-12-14,16.151,17.371,15.951,17.281,1528170
601318.SH,2021-12-14,38.42,38.87,38.22,38.37,587334
601857.SH,2021-12-14,3.041,3.041,2.921,2.961,1584250
601899.SH,2021-12-14,8.25,8.27,8.05,8.09,2017461
688981.SH,2021-12-14,56.05,56.05,54.95,55.01,25502296
000651.SZ,2021-12-15,22.872,23.112,22.632,22.682,412089
000858.SZ,2021-12-15,225.724,226.534,220.624,221.424,263568
002594.SZ,2021-12-15,94.672,95.369,94.106,94.652,98150
300750.SZ,2021-12-15,338.945,345.373,337.567,338.706,70480
510300.SH,2021-12-15,4.701,4.717,4.656,4.66,2035832
600036.SH,2021-12-15,41.752,42.092,41.532,41.752,378493
600276.SH,2021-12-15,49.751,50.081,48.641,49.081,423673
600519.SH,2021-12-15,1919.209,1942.009,1902.079,1912.059,30078
600900.SH,2021-12-15,17.131,17.481,17.101,17.431,810446
601318.SH,2021-12-15,38.31,38.6,38.05,38.22,363833
601857.SH,2021-12-15,2.931,2.951,2.891,2.931,943576
601899.SH,2021-12-15,8.06,8.07,7.98,8.0,1532636
688981.SH,2021-12-15,54.88,55.26,54.01,54.13,28907438
000651.SZ,2021-12-16,22.732,22.922,22.452,22.822,379441
000858.SZ,2021-12-16,221.924,222.724,214.674,221.124,289712
002594.SZ,2021-12-16,94.536,94.699,89.869,92.269,278665
300750.SZ,2021-12-16,343.317,343.317,337.64,342.073,61502
510300.SH,2021-12-16,4.663,4.688,4.646,4.687,3773043
600036.SH,2021-12-16,41.662,42.052,41.362,41.952,383653
600276.SH,2021-12-16,48.781,49.381,48.411,49.311,317147
600519.SH,2021-12-16,1892.059,1921.109,1863.289,1896.049,37211
600900.SH,2021-12-16,17.381,17.621,17.251,17.621,583788
601318.SH,2021-12-16,38.31,38.81,38.02,38.72,514366
601857.SH,2021-12-16,2.951,3.051,2.941,3.041,1346472
601899.SH,2021-12-16,8.0,8.09,7.95,8.06,1549272
688981.SH,2021-12-16,53.76,53.76,52.5,53.44,39265689
000651.SZ,2021-12-17,22.782,22.782,22.242,22.282,423097
000858.SZ,2021-12-17,219.624,219.624,212.484,212.784,254835
002594.SZ,2021-12-17,91.536,92.162,89.739,89.862,151118
300750.SZ,2021-12-17,339.823,341.478,333.54,339.923,136491
510300.SH,2021-12-17,4.679,4.682,4.612,4.614,6226189
600036.SH,2021-12-17,41.842,42.152,41.412,41.522,476449
600276.SH,2021-12-17,49.361,49.571,48.861,48.861,264860
600519.SH,2021-12-17,1877.559,1885.059,1813.059,1827.759,48403
600900.SH,2021-12-17,17.571,17.781,17.421,17.511,568884
601318.SH,2021-12-17,38.54,38.92,37.9,38.06,539670
601857.SH,2021-12-17,3.031,3.091,3.011,3.041,1057375
601899.SH,2021-12-17,8.13,8.28,8.11,8.12,1840076
688981.SH,2021-12-17,53.45,53.88,53.23,53.49,16652393
000651.SZ,2021-12-20,22.182,22.552,22.012,22.032,379167
000858.SZ,2021-12-20,212.784,217.094,212.784,213.624,188827
002594.SZ,2021-12-20,89.946,90.692,86.296,87.036,217845
300750.SZ,2021-12-20,338.706,338.706,315.751,317.156,155114
510300.SH,2021-12-20,4.6,4.631,4.528,4.539,8518253
600036.SH,2021-12-20,41.452,42.052,41.142,41.442,470826
600276.SH,2021-12-20,48.531,49.531,48.441,48.961,251471
600519.SH,2021-12-20,1827.759,1862.719,1818.059,1836.019,32258
600900.SH,2021-12-20,17.341,17.631,17.091,17.351,487849
601318.SH,2021-12-20,37.76,38.37,37.72,37.8,428442
601857.SH,2021-12-20,3.001,3.021,2.951,2.951,1069757
601899.SH,2021-12-20,7.97,8.07,7.87,7.91,2346611
688981.SH,2021-12-20,53.22,53.42,52.67,52.87,20799164
000651.SZ,2021-12-21,22.152,22.882,22.132,22.642,477805
000858.SZ,2021-12-21,213.624,215.124,206.624,209.274,234542
002594.SZ,2021-12-21,87.036,89.129,86.672,88.939,149653
300750.SZ,2021-12-21,314.817,319.645,308.195,313.745,125658
510300.SH,2021-12-21,4.534,4.573,4.53,4.56,5171335
600036.SH,2021-12-21,41.402,41.742,41.052,41.382,356944
600276.SH,2021-12-21,48.551,49.261,48.541,49.121,223402
600519.SH,2021-12-21,1822.059,1846.189,1789.889,1815.259,26286
600900.SH,2021-12-21,17.431,17.741,17.331,17.581,362840
601318.SH,2021-12-21,37.81,38.66,37.8,38.36,393979
601857.SH,2021-12-21,2.951,3.011,2.941,3.001,760046
601899.SH,2021-12-21,7.89,7.96,7.87,7.94,814911
688981.SH,2021-12-21,52.96,53.13,52.83,53.08,14736937
000651.SZ,2021-12-22,22.672,22.902,22.262,22.712,415704
000858.SZ,2021-12-22,210.124,211.124,208.114,209.744,151998
002594.SZ,2021-12-22,90.206,91.929,89.206,89.942,144442
300750.SZ,2021-12-22,316.373,320.928,313.151,317.173,83618
510300.SH,2021-12-22,4.573,4.585,4.551,4.563,6660462
600036.SH,2021-12-22,41.382,41.502,40.632,40.762,436828
600276.SH,2021-12-22,49.081,49.171,48.641,48.741,251012
600519.SH,2021-12-22,1817.059,1840.059,1817.059,1825.059,17431
600900.SH,2021-12-22,17.591,17.781,17.531,17.611,307357
601318.SH,2021-12-22,38.45,38.52,37.65,37.7,425405
601857.SH,2021-12-22,3.031,3.091,2.991,2.991,1097239
601899.SH,2021-12-22,7.94,7.99,7.89,7.92,1000507
688981.SH,2021-12-22,53.16,53.25,52.96,53.02,15522821
000651.SZ,2021-12-23,22.532,22.762,22.262,22.492,306520
000858.SZ,2021-12-23,210.954,217.084,206.624,214.634,282051
002594.SZ,2021-12-23,90.879,91.836,89.256,90.199,123021
300750.SZ,2021-12-23,322.028,328.595,318.195,323.745,79718
510300.SH,2021-12-23,4.574,4.607,4.559,4.601,3023053
600036.SH,2021-12-23,40.862,41.012,40.432,40.972,423709
600276.SH,2021-12-23,48.791,48.981,48.281,48.491,254866
600519.SH,2021-12-23,1830.059,1897.059,1802.059,1897.059,39099
600900.SH,2021-12-23,17.621,17.861,17.511,17.801,324363
601318.SH,2021-12-23,37.71,37.92,37.27,37.74,404979
601857.SH,2021-12-23,3.021,3.151,3.001,3.131,2116517
601899.SH,2021-12-23,7.95,8.03,7.91,7.98,1086667
688981.SH,2021-12-23,53.05,53.13,52.69,52.79,12738656
000651.SZ,2021-12-24,22.502,22.502,22.032,22.382,350835
000858.SZ,2021-12-24,214.734,222.934,214.734,219.564,289429
002594.SZ,2021-12-24,90.862,90.869,85.189,86.869,209969
300750.SZ,2021-12-24,324.817,325.512,290.928,298.595,246081
510300.SH,2021-12-24,4.607,4.613,4.559,4.578,2603961
600036.SH,2021-12-24,40.972,40.972,40.592,40.612,344651
600276.SH,2021-12-24,48.381,49.411,48.331,49.201,330458
600519.SH,2021-12-24,1925.939,1994.019,1925.939,1971.149,56130
600900.SH,2021-12-24,17.771,18.631,17.671,17.971,506448
601318.SH,2021-12-24,37.71,37.72,37.24,37.34,312935
601857.SH,2021-12-24,3.141,3.151,3.031,3.041,1071870
601899.SH,2021-12-24,7.98,7.98,7.58,7.64,2297536
688981.SH,2021-12-24,52.9,53.04,52.51,52.56,13584757
000651.SZ,2021-12-27,22.462,24.382,22.382,24.372,1398889
000858.SZ,2021-12-27,216.524,217.124,210.624,213.834,184054
002594.SZ,2021-12-27,86.536,87.382,85.536,85.879,107190
300750.SZ,2021-12-27,297.151,304.812,296.762,299.595,101835
510300.SH,2021-12-27,4.578,4.599,4.551,4.582,5044913
600036.SH,2021-12-27,40.622,40.812,39.752,40.082,735943
600276.SH,2021-12-27,49.201,49.581,48.981,49.491,268236
600519.SH,2021-12-27,1945.059,1945.059,1889.059,1908.879,37556
600900.SH,2021-12-27,17.951,18.311,17.661,17.951,339158
601318.SH,2021-12-27,37.48,37.72,37.39,37.5,274701
601857.SH,2021-12-27,3.021,3.101,3.021,3.051,773641
601899.SH,2021-12-27,7.71,7.71,7.49,7.53,1309903
688981.SH,2021-12-27,52.53,53.0,52.53,52.7,10306999
000651.SZ,2021-12-28,24.372,24.922,23.912,24.582,1162189
000858.SZ,2021-12-28,213.924,217.204,213.124,215.204,143682
002594.SZ,2021-12-28,86.252,87.202,85.606,87.152,118543
300750.SZ,2021-12-28,299.262,304.417,294.767,303.151,96596
510300.SH,2021-12-28,4.582,4.618,4.573,4.608,6399142
600036.SH,2021-12-28,40.082,40.552,39.952,40.382,653221
600276.SH,2021-12-28,49.491,49.851,49.001,49.251,277510
600519.SH,2021-12-28,1910.059,1932.559,1893.659,1915.239,27651
600900.SH,2021-12-28,18.041,18.151,17.721,17.971,395866
601318.SH,2021-12-28,37.82,38.65,37.62,38.39,617359
601857.SH,2021-12-28,3.101,3.121,3.011,3.031,1143254
601899.SH,2021-12-28,7.57,7.69,7.51,7.66,1279473
688981.SH,2021-12-28,52.83,53.45,52.7,53.17,12549961
000651.SZ,2021-12-29,24.382,24.422,23.602,23.602,726745
000858.SZ,2021-12-29,215.204,215.204,201.724,203.324,349759
002594.SZ,2021-12-29,87.586,87.609,84.536,86.536,141603
300750.SZ,2021-12-29,303.151,303.701,294.695,297.901,99640
510300.SH,2021-12-29,4.606,4.612,4.54,4.541,4038656
600036.SH,2021-12-29,40.422,40.472,38.362,38.372,1438903
600276.SH,2021-12-29,49.251,49.251,48.711,48.801,214951
600519.SH,2021-12-29,1927.059,1931.309,1818.059,1818.059,54049
600900.SH,2021-12-29,17.971,18.011,17.731,17.851,291483
601318.SH,2021-12-29,38.62,38.68,38.04,38.33,376469
601857.SH,2021-12-29,3.031,3.041,3.001,3.011,751128
601899.SH,2021-12-29,7.65,7.67,7.53,7.57,1050926
688981.SH,2021-12-29,53.13,53.15,52.62,52.73,11656150
000651.SZ,2021-12-30,23.682,23.882,23.452,23.612,458544
000858.SZ,2021-12-30,202.694,205.124,201.134,203.124,264769
002594.SZ,2021-12-30,86.202,87.862,85.536,85.912,117327
300750.SZ,2021-12-30,298.706,309.423,297.912,305.928,124209
510300.SH,2021-12-30,4.541,4.598,4.536,4.577,4744980
600036.SH,2021-12-30,38.642,39.532,38.412,39.252,967917
600276.SH,2021-12-30,48.821,49.541,48.511,49.091,285881
600519.SH,2021-12-30,1818.059,1866.039,1805.059,1852.059,35261
600900.SH,2021-12-30,17.771,18.201,17.701,18.131,333394
601318.SH,2021-12-30,38.42,38.51,37.93,37.93,427880
601857.SH,2021-12-30,3.021,3.051,3.001,3.001,906081
601899.SH,2021-12-30,7.6,7.69,7.54,7.59,905550
688981.SH,2021-12-30,52.75,53.16,52.68,52.89,15721509
000651.SZ,2021-12-31,23.612,23.972,23.402,23.812,417656
000858.SZ,2021-12-31,203.134,203.424,198.234,200.284,240437
002594.SZ,2021-12-31,87.869,88.266,85.869,86.242,116292
300750.SZ,2021-12-31,310.54,314.812,301.484,304.817,93711
510300.SH,2021-12-31,4.591,4.61,4.575,4.589,3514166
600036.SH,2021-12-31,39.292,39.632,39.082,39.462,492935
600276.SH,2021-12-31,49.281,50.061,49.071,49.791,379036
600519.SH,2021-12-31,1847.059,1850.039,1805.059,1827.059,29665
600900.SH,2021-12-31,18.071,18.421,18.071,18.301,318894
601318.SH,2021-12-31,37.95,38.37,37.67,37.93,358000
601857.SH,2021-12-31,3.001,3.031,2.981,3.011,745481
601899.SH,2021-12-31,7.62,7.68,7.57,7.65,805447
688981.SH,2021-12-31,52.9,53.45,52.74,52.99,14307271
000651.SZ,2022-01-04,23.812,24.532,23.622,24.362,662317
000858.SZ,2022-01-04,200.284,201.504,195.704,201.184,201787
002594.SZ,2022-01-04,88.869,90.019,85.276,87.202,244661
300750.SZ,2022-01-04,314.817,315.373,289.817,294.195,174568
510300.SH,2022-01-04,4.606,4.608,4.523,4.571,4863553
600036.SH,2022-01-04,39.462,39.462,38.262,39.102,719606
600276.SH,2022-01-04,49.861,50.041,48.921,49.471,375581
600519.SH,2022-01-04,1832.059,1846.009,1791.059,1828.289,33843
600900.SH,2022-01-04,18.391,18.501,18.151,18.441,472079
601318.SH,2022-01-04,37.92,38.58,37.62,38.52,635838
601857.SH,2022-01-04,3.021,3.051,3.001,3.041,1240414
601899.SH,2022-01-04,7.65,7.81,7.57,7.77,1519378
688981.SH,2022-01-04,53.1,53.22,52.8,53.14,13831614
000651.SZ,2022-01-05,24.382,26.532,24.232,25.832,1822689
000858.SZ,2022-01-05,200.444,204.904,198.654,201.374,205622
002594.SZ,2022-01-05,85.052,85.696,80.776,81.289,301709
300750.SZ,2022-01-05,292.817,293.084,278.151,282.317,166579
510300.SH,2022-01-05,4.56,4.573,4.506,4.524,4640731
600036.SH,2022-01-05,39.242,40.432,39.152,39.802,837174
600276.SH,2022-01-05,49.421,50.601,48.971,50.001,466265
600519.SH,2022-01-05,1822.059,1842.059,1795.059,1801.059,28396
600900.SH,2022-01-05,18.351,18.531,18.151,18.391,442438
601318.SH,2022-01-05,38.63,39.92,38.49,39.59,1181247
601857.SH,2022-01-05,3.031,3.081,3.021,3.061,1401266
601899.SH,2022-01-05,7.75,7.81,7.67,7.72,1178566
688981.SH,2022-01-05,53.22,53.22,52.67,52.88,16742903
000651.SZ,2022-01-06,25.832,25.902,25.162,25.392,868195
000858.SZ,2022-01-06,200.944,203.624,195.764,197.104,197643
002594.SZ,2022-01-06,80.202,81.712,79.499,80.209,175908
300750.SZ,2022-01-06,277.323,282.04,273.589,278.967,138826
510300.SH,2022-01-06,4.504,4.514,4.438,4.468,5172728
600036.SH,2022-01-06,39.572,40.142,38.852,38.902,681867
600276.SH,2022-01-06,50.011,50.561,49.081,49.191,443946
600519.SH,2022-01-06,1799.069,1813.059,1715.569,1759.279,51795
600900.SH,2022-01-06,18.261,18.381,17.561,17.611,629044
601318.SH,2022-01-06,39.51,39.54,38.74,38.82,661658
601857.SH,2022-01-06,3.041,3.121,3.021,3.081,1437800
601899.SH,2022-01-06,7.66,7.76,7.6,7.62,1122243
688981.SH,2022-01-06,52.7,53.03,52.69,52.8,11978099
000651.SZ,2022-01-07,25.702,27.182,25.442,26.922,1646657
000858.SZ,2022-01-07,197.094,198.124,194.144,195.284,168682
002594.SZ,2022-01-07,80.802,81.189,78.536,79.036,161934
300750.SZ,2022-01-07,283.706,287.04,271.484,278.095,131695
510300.SH,2022-01-07,4.481,4.511,4.474,4.48,4785197
600036.SH,2022-01-07,38.892,39.892,38.792,39.802,660737
600276.SH,2022-01-07,49.201,50.561,48.891,49.961,483774
600519.SH,2022-01-07,1752.059,1765.939,1716.379,1719.059,29817
600900.SH,2022-01-07,17.761,17.981,17.491,17.761,355473
601318.SH,2022-01-07,39.01,40.85,38.97,40.46,1230760
601857.SH,2022-01-07,3.131,3.421,3.121,3.371,4216158
601899.SH,2022-01-07,7.6,7.61,7.25,7.32,2885984
688981.SH,2022-01-07,52.96,53.07,52.8,52.83,12831472
000651.SZ,2022-01-10,26.922,27.892,26.582,27.052,1100967
000858.SZ,2022-01-10,193.364,195.254,187.744,192.584,208423
002594.SZ,2022-01-10,78.536,80.026,76.546,78.969,162142
300750.SZ,2022-01-10,275.362,283.151,269.395,277.262,148629
510300.SH,2022-01-10,4.469,4.504,4.44,4.493,4911223
600036.SH,2022-01-10,40.222,40.752,39.662,39.982,570936
600276.SH,2022-01-10,49.981,50.561,49.281,50.201,393542
600519.SH,2022-01-10,1705.069,1754.059,1694.609,1743.059,29627
600900.SH,2022-01-10,17.721,18.091,17.721,18.001,326507
601318.SH,2022-01-10,40.51,41.08,40.02,40.6,761134
601857.SH,2022-01-10,3.331,3.471,3.271,3.401,2706298
601899.SH,2022-01-10,7.32,7.38,7.26,7.35,1302564
688981.SH,2022-01-10,52.98,52.99,52.69,52.88,11051346
000651.SZ,2022-01-11,26.832,27.532,26.412,26.742,661513
000858.SZ,2022-01-11,192.124,193.974,190.674,190.984,131623
002594.SZ,2022-01-11,78.962,78.962,76.136,76.566,212441
300750.SZ,2022-01-11,278.767,283.651,276.156,276.317,84723
510300.SH,2022-01-11,4.493,4.505,4.445,4.448,4122189
600036.SH,2022-01-11,40.242,40.852,39.642,40.602,715617
600276.SH,2022-01-11,49.691,49.881,49.091,49.261,370172
600519.SH,2022-01-11,1725.059,1742.059,1708.229,1717.609,22277
600900.SH,2022-01-11,18.051,18.591,17.981,18.101,456188
601318.SH,2022-01-11,40.69,41.26,40.06,40.38,680920
601857.SH,2022-01-11,3.381,3.431,3.331,3.341,1274730
601899.SH,2022-01-11,7.37,7.44,7.33,7.38,1070300
688981.SH,2022-01-11,52.89,52.96,52.71,52.75,12106869
000651.SZ,2022-01-12,26.742,26.772,25.792,26.302,645049
000858.SZ,2022-01-12,192.634,195.714,191.844,195.544,178943
002594.SZ,2022-01-12,78.869,82.202,78.306,82.202,323602
300750.SZ,2022-01-12,284.262,294.795,284.206,292.062,191642
510300.SH,2022-01-12,4.465,4.514,4.465,4.5,5113326
600036.SH,2022-01-12,40.622,40.852,39.942,40.512,518411
600276.SH,2022-01-12,49.311,49.481,48.541,48.671,516616
600519.SH,2022-01-12,1725.059,1755.859,1725.059,1744.059,27474
600900.SH,2022-01-12,18.071,18.221,17.621,17.871,350230
601318.SH,2022-01-12,40.12,40.33,39.38,40.02,572923
601857.SH,2022-01-12,3.481,3.541,3.391,3.431,2805586
601899.SH,2022-01-12,7.44,8.04,7.44,7.96,4381829
688981.SH,2022-01-12,52.87,52.96,52.75,52.89,11735031
000651.SZ,2022-01-13,26.282,26.782,25.762,25.882,518231
000858.SZ,2022-01-13,196.624,196.664,185.624,186.524,267623
002594.SZ,2022-01-13,82.782,83.056,79.739,81.972,217104
300750.SZ,2022-01-13,295.373,301.484,286.34,292.04,138997
510300.SH,2022-01-13,4.511,4.513,4.417,4.419,4882723
600036.SH,2022-01-13,40.602,40.802,39.872,40.092,401408
600276.SH,2022-01-13,48.571,48.651,46.091,46.561,910495
600519.SH,2022-01-13,1741.879,1745.049,1642.619,1654.449,56747
600900.SH,2022-01-13,17.901,18.101,17.701,17.961,342486
601318.SH,2022-01-13,40.07,41.2,39.82,39.82,728663
601857.SH,2022-01-13,3.541,3.681,3.511,3.581,3063674
601899.SH,2022-01-13,8.18,8.41,8.0,8.01,3890683
688981.SH,2022-01-13,52.88,52.9,52.02,52.06,22654746
000651.SZ,2022-01-14,25.782,25.872,25.002,25.032,566275
000858.SZ,2022-01-14,184.634,187.964,184.124,184.824,136468
002594.SZ,2022-01-14,80.469,82.636,80.202,81.249,149548
300750.SZ,2022-01-14,287.628,300.817,287.04,298.928,116128
510300.SH,2022-01-14,4.406,4.421,4.372,4.375,4100290
600036.SH,2022-01-14,40.222,40.222,38.752,38.772,666571
600276.SH,2022-01-14,46.081,46.511,45.661,45.731,493168
600519.SH,2022-01-14,1654.449,1670.059,1640.059,1644.059,29322
600900.SH,2022-01-14,18.021,18.261,17.631,18.051,405242
601318.SH,2022-01-14,39.87,40.02,38.58,38.62,779397
601857.SH,2022-01-14,3.561,3.561,3.381,3.391,2103849
601899.SH,2022-01-14,7.95,7.96,7.73,7.77,1953089
688981.SH,2022-01-14,52.0,52.0,51.04,51.09,23079431
000651.SZ,2022-01-17,24.782,25.382,24.732,25.332,442997
000858.SZ,2022-01-17,184.404,186.624,181.124,186.464,169362
002594.SZ,2022-01-17,81.209,86.032,81.209,85.699,241145
300750.SZ,2022-01-17,305.295,316.206,299.706,315.29,143528
510300.SH,2022-01-17,4.379,4.432,4.378,4.416,4983491
600036.SH,2022-01-17,39.122,39.602,38.642,39.332,531808
600276.SH,2022-01-17,45.741,45.961,45.141,45.491,394114
600519.SH,2022-01-17,1645.059,1655.359,1612.399,1638.669,27354
600900.SH,2022-01-17,18.051,18.541,18.041,18.221,428971
601318.SH,2022-01-17,38.63,38.95,38.27,38.46,460567
601857.SH,2022-01-17,3.491,3.521,3.311,3.421,1822127
601899.SH,2022-01-17,7.8,7.81,7.53,7.63,1977775
688981.SH,2022-01-17,51.1,51.64,51.1,51.49,11747962
000651.SZ,2022-01-18,25.282,26.082,24.812,25.992,670212
000858.SZ,2022-01-18,186.424,191.604,183.934,189.114,184749
002594.SZ,2022-01-18,85.672,86.522,84.302,85.562,125054
300750.SZ,2022-01-18,315.29,315.801,303.706,304.151,107017
510300.SH,2022-01-18,4.413,4.478,4.396,4.462,6241671
600036.SH,2022-01-18,39.402,40.092,39.032,39.762,579077
600276.SH,2022-01-18,45.491,45.581,45.081,45.291,354221
600519.SH,2022-01-18,1638.739,1685.909,1629.059,1669.329,31216
600900.SH,2022-01-18,18.261,18.581,18.111,18.461,365992
601318.SH,2022-01-18,38.46,39.11,38.12,38.75,636980
601857.SH,2022-01-18,3.421,3.621,3.401,3.591,2400138
601899.SH,2022-01-18,7.7,8.04,7.62,7.89,2477052
688981.SH,2022-01-18,51.5,53.13,51.35,52.44,25454402
000651.SZ,2022-01-19,25.732,26.592,25.612,26.232,664621
000858.SZ,2022-01-19,191.954,191.954,185.904,188.424,144019
002594.SZ,2022-01-19,85.519,86.162,80.306,81.192,231882
300750.SZ,2022-01-19,305.651,308.706,288.428,294.812,144874
510300.SH,2022-01-19,4.471,4.495,4.412,4.436,5224393
600036.SH,2022-01-19,40.222,40.732,39.862,40.452,620280
600276.SH,2022-01-19,45.181,45.461,44.371,44.811,413248
600519.SH,2022-01-19,1696.059,1696.059,1665.939,1689.059,26371
600900.SH,2022-01-19,18.441,18.641,18.351,18.551,348657
601318.SH,2022-01-19,38.82,39.36,38.63,38.97,483316
601857.SH,2022-01-19,3.631,3.671,3.511,3.601,2990875
601899.SH,2022-01-19,7.9,7.96,7.78,7.84,1592932
688981.SH,2022-01-19,52.22,52.22,51.62,51.89,12016896
000651.SZ,2022-01-20,26.252,27.252,26.182,26.782,737767
000858.SZ,2022-01-20,188.424,191.624,185.974,190.844,194686
002594.SZ,2022-01-20,80.902,81.439,79.202,80.559,149986
300750.SZ,2022-01-20,292.595,299.262,291.123,294.334,80654
510300.SH,2022-01-20,4.431,4.503,4.43,4.474,5412785
600036.SH,2022-01-20,40.632,42.642,40.632,42.122,1386249
600276.SH,2022-01-20,44.731,45.181,44.661,44.771,350225
600519.SH,2022-01-20,1693.059,1757.049,1693.059,1746.579,34014
600900.SH,2022-01-20,18.571,19.121,18.471,18.681,595636
601318.SH,2022-01-20,39.02,41.04,38.97,40.92,1448359
601857.SH,2022-01-20,3.391,3.541,3.351,3.501,2739628
601899.SH,2022-01-20,8.03,8.16,8.0,8.07,2789290
688981.SH,2022-01-20,51.9,52.34,51.57,51.69,11341605
000651.SZ,2022-01-21,26.752,26.882,25.792,25.882,507886
000858.SZ,2022-01-21,190.624,196.344,188.844,194.884,239747
002594.SZ,2022-01-21,80.562,82.116,78.979,80.336,112394
300750.SZ,2022-01-21,290.928,300.151,284.817,294.534,99174
510300.SH,2022-01-21,4.466,4.471,4.42,4.44,7814370
600036.SH,2022-01-21,42.142,42.752,41.962,42.572,858081
600276.SH,2022-01-21,44.781,44.961,43.581,44.021,446901
600519.SH,2022-01-21,1737.059,1770.549,1728.069,1762.049,30813
600900.SH,2022-01-21,18.671,18.831,18.411,18.581,354717
601318.SH,2022-01-21,41.02,41.32,40.52,41.07,1041895
601857.SH,2022-01-21,3.411,3.421,3.231,3.271,2829949
601899.SH,2022-01-21,8.08,8.3,7.92,8.22,2934297
688981.SH,2022-01-21,51.7,51.93,51.18,51.28,10877849
000651.SZ,2022-01-24,25.782,26.172,25.202,25.632,427209
000858.SZ,2022-01-24,193.624,195.554,190.824,192.694,138009
002594.SZ,2022-01-24,78.896,81.162,78.292,80.669,108377
300750.SZ,2022-01-24,291.484,307.184,288.712,300.923,115621
510300.SH,2022-01-24,4.416,4.455,4.404,4.442,4605740
600036.SH,2022-01-24,42.702,42.752,41.782,42.602,638155
600276.SH,2022-01-24,43.581,44.011,42.361,42.371,648814
600519.SH,2022-01-24,1732.059,1761.059,1708.499,1727.259,23986
600900.SH,2022-01-24,18.581,18.781,18.311,18.451,269919
601318.SH,2022-01-24,41.05,41.05,40.05,40.65,542641
601857.SH,2022-01-24,3.301,3.421,3.261,3.401,1564771
601899.SH,2022-01-24,8.08,8.25,8.06,8.24,1791004
688981.SH,2022-01-24,51.28,51.65,51.12,51.35,8792751
000651.SZ,2022-01-25,25.792,26.872,25.632,25.672,709592
000858.SZ,2022-01-25,191.174,192.624,185.624,185.984,155582
002594.SZ,2022-01-25,79.536,80.536,76.869,76.972,172772
300750.SZ,2022-01-25,296.601,302.223,292.04,292.373,71992
510300.SH,2022-01-25,4.418,4.433,4.332,4.336,5952709
600036.SH,2022-01-25,42.302,42.542,41.452,41.652,583513
600276.SH,2022-01-25,42.181,42.861,41.751,41.901,403950
600519.SH,2022-01-25,1720.059,1743.059,1708.059,1720.059,25510
600900.SH,2022-01-25,18.281,18.451,18.041,18.041,302615
601318.SH,2022-01-25,40.12,40.42,38.62,38.72,776662
601857.SH,2022-01-25,3.321,3.361,3.241,3.241,1669051
601899.SH,2022-01-25,8.14,8.4,8.05,8.06,2286601
688981.SH,2022-01-25,51.19,51.29,50.02,50.06,17506190
000651.SZ,2022-01-26,25.672,26.462,25.322,25.942,418620
000858.SZ,2022-01-26,185.724,189.384,179.854,183.674,215095
002594.SZ,2022-01-26,78.536,80.662,77.639,80.032,174446
300750.SZ,2022-01-26,295.817,306.262,292.873,304.54,116037
510300.SH,2022-01-26,4.351,4.367,4.306,4.362,5218421
600036.SH,2022-01-26,42.002,42.242,41.352,41.752,436696
600276.SH,2022-01-26,42.221,42.361,41.121,41.171,379315
600519.SH,2022-01-26,1719.099,1746.059,1696.059,1732.059,23905
600900.SH,2022-01-26,18.061,18.371,17.991,18.171,220260
601318.SH,2022-01-26,39.2,39.71,38.74,39.35,483275
601857.SH,2022-01-26,3.351,3.391,3.281,3.381,1805415
601899.SH,2022-01-26,8.15,8.22,7.93,8.13,1406940
688981.SH,2022-01-26,50.04,50.6,50.03,50.31,8416409
000651.SZ,2022-01-27,25.812,25.812,24.142,24.182,741024
000858.SZ,2022-01-27,184.624,188.884,180.794,181.024,209923
002594.SZ,2022-01-27,79.202,79.969,77.202,77.292,132650
300750.SZ,2022-01-27,303.151,308.701,294.817,297.59,129482
510300.SH,2022-01-27,4.349,4.355,4.272,4.281,6076217
600036.SH,2022-01-27,41.652,41.932,40.872,41.522,529401
600276.SH,2022-01-27,41.171,41.351,40.091,40.171,465658
600519.SH,2022-01-27,1778.069,1787.879,1729.059,1742.059,42665
600900.SH,2022-01-27,18.181,18.201,17.731,17.981,324109
601318.SH,2022-01-27,39.02,39.02,38.29,38.31,586502
601857.SH,2022-01-27,3.411,3.471,3.321,3.341,1556821
601899.SH,2022-01-27,8.15,8.15,7.85,7.86,1777453
688981.SH,2022-01-27,50.29,50.29,49.0,49.03,16972836
000651.SZ,2022-01-28,24.282,25.032,24.272,24.612,476445
000858.SZ,2022-01-28,181.614,182.924,175.624,176.004,257815
002594.SZ,2022-01-28,76.862,77.536,70.122,72.469,324373
300750.SZ,2022-01-28,308.484,313.706,295.062,307.373,243317
510300.SH,2022-01-28,4.293,4.315,4.206,4.21,8583917
600036.SH,2022-01-28,41.802,41.952,39.902,39.962,715144
600276.SH,2022-01-28,40.171,40.631,39.961,40.031,349369
600519.SH,2022-01-28,1732.059,1745.059,1657.069,1664.059,41020
600900.SH,2022-01-28,18.081,18.201,17.501,17.521,352449
601318.SH,2022-01-28,38.54,38.87,37.32,37.49,729355
601857.SH,2022-01-28,3.331,3.371,3.091,3.121,2900571
601899.SH,2022-01-28,7.83,7.94,7.56,7.71,1480190
688981.SH,2022-01-28,49.05,49.86,49.05,49.22,11219635
000651.SZ,2022-02-07,25.052,25.362,24.482,25.002,403733
000858.SZ,2022-02-07,177.624,180.484,172.304,173.244,248080
002594.SZ,2022-02-07,77.132,79.962,76.206,78.336,251125
300750.SZ,2022-02-07,314.817,317.028,297.14,300.062,145289
510300.SH,2022-02-07,4.281,4.319,4.262,4.282,4845868
600036.SH,2022-02-07,41.052,42.252,40.882,42.102,732349
600276.SH,2022-02-07,40.541,40.731,40.111,40.221,313714
600519.SH,2022-02-07,1678.049,1690.619,1627.059,1645.019,35150
600900.SH,2022-02-07,17.701,18.181,17.591,17.991,310437
601318.SH,2022-02-07,38.86,39.99,38.22,39.5,940417
601857.SH,2022-02-07,3.291,3.601,3.281,3.581,3996824
601899.SH,2022-02-07,7.98,8.23,7.97,8.2,2426358
688981.SH,2022-02-07,49.88,50.3,49.87,49.97,8389176
000651.SZ,2022-02-08,25.002,25.302,24.622,25.272,346409
000858.SZ,2022-02-08,173.274,173.954,162.524,167.624,304517
002594.SZ,2022-02-08,77.869,77.869,73.749,75.859,199040
300750.SZ,2022-02-08,300.062,300.062,268.051,278.628,206503
510300.SH,2022-02-08,4.282,4.282,4.171,4.26,4481413
600036.SH,2022-02-08,42.302,42.752,41.742,42.462,528242
600276.SH,2022-02-08,40.221,40.851,39.781,40.801,310682
600519.SH,2022-02-08,1645.939,1649.929,1567.059,1616.059,41713
600900.SH,2022-02-08,18.051,18.821,17.991,18.821,383215
601318.SH,2022-02-08,39.28,40.55,39.24,40.52,866116
601857.SH,2022-02-08,3.511,3.651,3.491,3.631,2476786
601899.SH,2022-02-08,8.23,8.3,8.08,8.3,1904749
688981.SH,2022-02-08,49.99,50.43,49.89,50.4,10954246
000651.SZ,2022-02-09,25.222,25.642,25.082,25.362,411069
000858.SZ,2022-02-09,166.624,173.924,166.624,173.604,237421
002594.SZ,2022-02-09,76.552,79.002,75.212,78.596,199929
300750.SZ,2022-02-09,277.595,284.206,270.928,282.151,114947
510300.SH,2022-02-09,4.262,4.309,4.246,4.299,4589381
600036.SH,2022-02-09,42.652,43.092,42.032,42.372,512207
600276.SH,2022-02-09,40.781,41.221,40.661,41.091,320538
600519.SH,2022-02-09,1616.149,1685.059,1604.029,1673.039,33885
600900.SH,2022-02-09,18.851,19.041,18.561,18.931,388551
601318.SH,2022-02-09,40.76,41.52,40.4,40.56,880435
601857.SH,2022-02-09,3.551,3.621,3.531,3.581,1748858
601899.SH,2022-02-09,8.36,8.84,8.32,8.73,3938408
688981.SH,2022-02-09,50.31,51.19,50.26,51.1,13522612
000651.SZ,2022-02-10,25.692,25.942,25.392,25.522,476581
000858.SZ,2022-02-10,173.604,174.124,168.734,170.664,168743
002594.SZ,2022-02-10,79.126,79.536,76.236,76.909,146285
300750.SZ,2022-02-10,284.706,284.817,255.867,265.984,292336
510300.SH,2022-02-10,4.306,4.309,4.262,4.288,4953831
600036.SH,2022-02-10,42.652,42.652,41.752,42.462,335542
600276.SH,2022-02-10,41.191,41.191,40.421,40.651,256442
600519.SH,2022-02-10,1677.059,1682.959,1634.449,1650.059,23032
600900.SH,2022-02-10,19.051,19.391,18.791,19.381,345391
601318.SH,2022-02-10,40.7,41.7,40.32,41.7,962787
601857.SH,2022-02-10,3.591,3.711,3.531,3.621,2172502
601899.SH,2022-02-10,8.97,9.36,8.97,9.16,5263394
688981.SH,2022-02-10,51.22,51.5,50.92,51.2,10622381
000651.SZ,2022-02-11,25.522,26.932,25.372,26.682,874832
000858.SZ,2022-02-11,170.124,176.254,168.974,171.894,273749
002594.SZ,2022-02-11,75.552,76.909,73.036,73.599,199439
300750.SZ,2022-02-11,259.262,263.473,249.817,250.367,239798
510300.SH,2022-02-11,4.27,4.314,4.249,4.252,4617436
600036.SH,2022-02-11,42.572,43.752,42.402,43.512,809933
600276.SH,2022-02-11,40.431,40.581,39.661,40.341,371662
600519.SH,2022-02-11,1634.059,1677.849,1618.059,1627.029,33746
600900.SH,2022-02-11,19.371,19.541,19.221,19.341,286057
601318.SH,2022-02-11,41.87,43.75,41.6,43.11,1583777
601857.SH,2022-02-11,3.601,3.971,3.591,3.901,4576501
601899.SH,2022-02-11,9.22,9.57,9.0,9.01,3535303
688981.SH,2022-02-11,52.0,52.6,51.39,51.46,22644969
000651.SZ,2022-02-14,27.062,27.162,25.822,26.542,623387
000858.SZ,2022-02-14,169.624,176.824,169.124,175.634,190316
002594.SZ,2022-02-14,73.602,75.202,71.869,74.196,133199
300750.SZ,2022-02-14,248.151,263.089,247.628,260.373,196286
510300.SH,2022-02-14,4.236,4.25,4.182,4.203,3299679
600036.SH,2022-02-14,43.742,43.742,41.752,41.952,594052
600276.SH,2022-02-14,40.081,40.301,38.781,38.831,537082
600519.SH,2022-02-14,1617.059,1654.059,1614.369,1645.729,20196
600900.SH,2022-02-14,19.341,19.341,18.771,18.991,313334
601318.SH,2022-02-14,42.53,42.82,41.2,41.42,944654
601857.SH,2022-02-14,4.091,4.141,3.861,3.921,3313170
601899.SH,2022-02-14,9.01,9.19,8.92,9.01,2360922
688981.SH,2022-02-14,51.25,51.4,50.65,50.8,10616084
000651.SZ,2022-02-15,26.212,26.442,25.702,25.922,456550
000858.SZ,2022-02-15,176.424,177.984,174.424,177.424,177390
002594.SZ,2022-02-15,74.262,76.856,74.262,76.306,158524
300750.SZ,2022-02-15,266.484,272.778,262.039,270.928,151508
510300.SH,2022-02-15,4.204,4.249,4.202,4.245,6043144
600036.SH,2022-02-15,41.702,42.132,40.702,40.972,566179
600276.SH,2022-02-15,38.831,40.441,38.681,40.281,645330
600519.SH,2022-02-15,1645.859,1688.059,1636.059,1667.679,27106
600900.SH,2022-02-15,18.981,19.071,18.601,18.701,249175
601318.SH,2022-02-15,41.07,41.42,40.43,40.8,635406
601857.SH,2022-02-15,3.881,3.881,3.681,3.751,2585321
601899.SH,2022-02-15,9.08,9.1,8.71,8.85,2147869
688981.SH,2022-02-15,50.99,52.05,50.99,51.47,15469513
000651.SZ,2022-02-16,25.802,26.222,25.732,26.002,307809
000858.SZ,2022-02-16,177.444,178.254,175.584,177.034,119085
002594.SZ,2022-02-16,77.536,78.532,76.999,77.069,128725
300750.SZ,2022-02-16,271.484,279.501,269.256,273.039,127068
510300.SH,2022-02-16,4.266,4.29,4.254,4.266,4498005
600036.SH,2022-02-16,41.312,42.112,40.982,41.822,404956
600276.SH,2022-02-16,40.081,40.161,39.481,39.651,483055
600519.SH,2022-02-16,1677.059,1684.059,1665.059,1669.609,14587
600900.SH,2022-02-16,18.761,18.991,18.671,18.691,220366
601318.SH,2022-02-16,41.02,41.7,40.8,41.36,523210
601857.SH,2022-02-16,3.601,3.771,3.551,3.741,2375093
601899.SH,2022-02-16,8.78,8.98,8.72,8.88,1626926
688981.SH,2022-02-16,51.77,51.88,51.4,51.48,8711976
000651.SZ,2022-02-17,26.082,26.082,25.302,25.422,427144
000858.SZ,2022-02-17,177.504,177.784,174.444,175.064,130546
002594.SZ,2022-02-17,77.616,79.782,76.536,78.672,191064
300750.SZ,2022-02-17,272.584,280.095,270.139,275.373,107472
510300.SH,2022-02-17,4.261,4.3,4.255,4.276,6290407
600036.SH,2022-02-17,42.022,42.732,41.672,42.212,441570
600276.SH,2022-02-17,39.661,39.951,39.491,39.691,271649
600519.SH,2022-02-17,1677.669,1688.539,1658.059,1664.049,18214
600900.SH,2022-02-17,18.691,19.011,18.641,18.841,314026
601318.SH,2022-02-17,41.62,42.15,40.88,41.17,504904
601857.SH,2022-02-17,3.681,3.851,3.641,3.801,2456602
601899.SH,2022-02-17,8.89,9.27,8.87,9.22,2778046
688981.SH,2022-02-17,51.21,51.57,50.74,50.85,13249802
000651.SZ,2022-02-18,25.182,25.832,25.082,25.822,263605
000858.SZ,2022-02-18,174.624,177.004,173.074,176.624,116144
002594.SZ,2022-02-18,77.202,78.666,76.869,77.856,99105
300750.SZ,2022-02-18,272.595,275.373,268.695,271.206,113848
510300.SH,2022-02-18,4.256,4.301,4.251,4.3,3041052
600036.SH,2022-02-18,42.002,42.862,42.002,42.812,354390
600276.SH,2022-02-18,39.291,40.161,39.121,40.041,321422
600519.SH,2022-02-18,1654.689,1685.039,1642.719,1684.059,19385
600900.SH,2022-02-18,18.841,18.911,18.611,18.831,185016
601318.SH,2022-02-18,41.12,42.12,40.96,42.02,484226
601857.SH,2022-02-18,3.711,3.771,3.641,3.731,1889899
601899.SH,2022-02-18,9.29,9.29,9.03,9.18,1839773
688981.SH,2022-02-18,50.57,50.87,50.2,50.84,9258056
000651.SZ,2022-02-21,25.582,25.762,25.212,25.612,339681
000858.SZ,2022-02-21,177.334,181.584,175.424,176.824,151926
002594.SZ,2022-02-21,77.202,78.802,76.749,77.499,109538
300750.SZ,2022-02-21,270.651,270.651,258.967,261.484,156306
510300.SH,2022-02-21,4.292,4.293,4.261,4.283,3241951
600036.SH,2022-02-21,42.582,42.642,41.762,42.512,313451
600276.SH,2022-02-21,39.881,40.231,39.681,40.011,253580
600519.SH,2022-02-21,1677.059,1683.959,1646.009,1654.049,20816
600900.SH,2022-02-21,18.701,18.801,18.511,18.651,185151
601318.SH,2022-02-21,41.62,41.77,41.03,41.68,387928
601857.SH,2022-02-21,3.741,3.761,3.631,3.671,1369937
601899.SH,2022-02-21,9.09,9.33,8.99,9.07,1543112
688981.SH,2022-02-21,50.69,51.06,50.57,50.93,7610992
000651.SZ,2022-02-22,25.282,25.422,24.612,24.692,530479
000858.SZ,2022-02-22,175.434,175.554,169.474,171.024,193677
002594.SZ,2022-02-22,76.536,76.536,74.969,76.019,125452
300750.SZ,2022-02-22,259.623,260.373,251.689,258.151,136329
510300.SH,2022-02-22,4.246,4.253,4.205,4.223,3153168
600036.SH,2022-02-22,41.832,42.102,41.492,41.972,369840
600276.SH,2022-02-22,40.011,40.011,39.091,39.191,321387
600519.SH,2022-02-22,1637.069,1638.059,1577.079,1584.929,52299
600900.SH,2022-02-22,18.551,18.601,18.301,18.441,235655
601318.SH,2022-02-22,41.04,41.12,40.23,40.59,577499
601857.SH,2022-02-22,3.801,3.901,3.741,3.901,3705775
601899.SH,2022-02-22,9.12,9.21,8.91,9.15,1910847
688981.SH,2022-02-22,50.68,50.76,50.31,50.38,9583035
000651.SZ,2022-02-23,24.802,25.072,24.752,25.022,292466
000858.SZ,2022-02-23,170.894,174.204,169.654,173.824,147973
002594.SZ,2022-02-23,77.502,81.042,76.539,80.869,291149
300750.SZ,2022-02-23,259.262,266.512,257.306,266.484,154332
510300.SH,2022-02-23,4.236,4.274,4.227,4.271,4469039
600036.SH,2022-02-23,42.212,42.212,41.402,41.582,375000
600276.SH,2022-02-23,39.331,40.021,39.261,39.981,336118
600519.SH,2022-02-23,1588.469,1611.059,1577.139,1604.069,28112
600900.SH,2022-02-23,18.501,18.581,18.281,18.401,262587
601318.SH,2022-02-23,40.62,40.82,40.21,40.41,463602
601857.SH,2022-02-23,3.781,3.821,3.691,3.771,2506086
601899.SH,2022-02-23,9.06,9.09,8.78,8.87,2607324
688981.SH,2022-02-23,50.33,51.96,50.28,51.64,20087640
000651.SZ,2022-02-24,24.932,24.932,23.692,23.982,608241
000858.SZ,2022-02-24,171.624,172.624,164.924,166.314,259610
002594.SZ,2022-02-24,79.572,80.796,77.396,78.489,238220
300750.SZ,2022-02-24,260.373,267.917,256.484,260.206,161600
510300.SH,2022-02-24,4.246,4.258,4.145,4.186,5912365
600036.SH,2022-02-24,41.302,41.332,40.602,40.772,482381
600276.SH,2022-02-24,39.751,39.821,38.411,38.761,559658
600519.SH,2022-02-24,1585.059,1591.049,1525.159,1541.169,65359
600900.SH,2022-02-24,18.441,18.631,18.141,18.261,414803
601318.SH,2022-02-24,39.67,39.77,38.61,38.98,975396
601857.SH,2022-02-24,3.771,4.181,3.731,4.011,6077027
601899.SH,2022-02-24,8.83,9.24,8.79,8.95,4373598
688981.SH,2022-02-24,51.51,51.73,50.2,50.73,20470737
000651.SZ,2022-02-25,24.022,24.272,23.692,23.952,427127
000858.SZ,2022-02-25,167.614,170.594,167.614,168.104,136664
002594.SZ,2022-02-25,80.169,80.996,79.479,79.482,146014
300750.SZ,2022-02-25,267.595,275.373,267.534,271.928,169672
510300.SH,2022-02-25,4.209,4.267,4.209,4.221,3844661
600036.SH,2022-02-25,40.792,41.252,40.302,40.562,451841
600276.SH,2022-02-25,38.971,40.261,38.951,39.191,536279
600519.SH,2022-02-25,1552.059,1585.339,1552.059,1576.119,38979
600900.SH,2022-02-25,18.311,18.501,18.241,18.351,386624
601318.SH,2022-02-25,39.22,39.58,38.73,38.92,544416
601857.SH,2022-02-25,3.841,3.911,3.731,3.831,3974932
601899.SH,2022-02-25,8.84,9.12,8.6,8.9,2842964
688981.SH,2022-02-25,51.2,51.45,50.58,50.73,12463754
000651.SZ,2022-02-28,23.962,23.982,22.972,23.552,627306
000858.SZ,2022-02-28,168.624,169.124,164.624,167.624,143093
002594.SZ,2022-02-28,79.169,80.266,78.869,80.069,118291
300750.SZ,2022-02-28,269.262,276.206,269.262,274.462,99657
510300.SH,2022-02-28,4.218,4.229,4.178,4.227,2693171
600036.SH,2022-02-28,40.342,40.692,40.062,40.552,335290
600276.SH,2022-02-28,39.201,39.521,38.881,39.161,319263
600519.SH,2022-02-28,1564.119,1574.059,1544.059,1567.459,28923
600900.SH,2022-02-28,18.411,18.821,18.311,18.781,398211
601318.SH,2022-02-28,38.62,38.62,37.77,38.28,731883
601857.SH,2022-02-28,3.851,3.981,3.831,3.871,2582706
601899.SH,2022-02-28,8.95,9.23,8.8,9.17,3057386
688981.SH,2022-02-28,50.6,51.0,50.38,50.73,8088679
000651.SZ,2022-03-01,23.482,23.852,23.132,23.612,429858
000858.SZ,2022-03-01,167.724,171.514,167.684,170.814,200285
002594.SZ,2022-03-01,81.869,82.406,79.952,80.796,176520
300750.SZ,2022-03-01,277.706,282.64,272.595,276.028,97490
510300.SH,2022-03-01,4.244,4.273,4.229,4.265,3261629
600036.SH,2022-03-01,40.752,41.252,40.112,40.992,406454
600276.SH,2022-03-01,39.161,40.371,39.161,40.141,544670
600519.SH,2022-03-01,1579.059,1640.629,1579.059,1635.539,47379
600900.SH,2022-03-01,18.801,18.981,18.661,18.871,277211
601318.SH,2022-03-01,38.53,38.92,38.09,38.91,568036
601857.SH,2022-03-01,3.871,3.871,3.751,3.831,2142103
601899.SH,2022-03-01,9.18,9.21,8.92,9.1,2025661
688981.SH,2022-03-01,50.82,50.92,50.6,50.87,7295511
000651.SZ,2022-03-02,23.282,23.462,23.162,23.362,245958
000858.SZ,2022-03-02,168.924,169.034,166.024,166.824,150165
002594.SZ,2022-03-02,79.869,79.989,78.189,79.736,121242
300750.SZ,2022-03-02,273.151,273.589,260.862,263.617,134129
510300.SH,2022-03-02,4.245,4.246,4.208,4.23,1946013
600036.SH,2022-03-02,40.552,40.982,40.192,40.222,397076
600276.SH,2022-03-02,39.911,39.911,39.501,39.691,277590
600519.SH,2022-03-02,1617.059,1628.049,1602.059,1621.939,20074
600900.SH,2022-03-02,18.871,19.261,18.781,19.171,331570
601318.SH,2022-03-02,38.42,38.75,38.22,38.28,436923
601857.SH,2022-03-02,4.021,4.061,3.911,3.941,3274135
601899.SH,2022-03-02,9.31,9.47,9.26,9.35,3200603
688981.SH,2022-03-02,50.69,50.85,50.51,50.58,6817963
000651.SZ,2022-03-03,23.502,23.542,22.792,22.882,461738
000858.SZ,2022-03-03,167.394,167.824,159.624,159.694,312889
002594.SZ,2022-03-03,80.042,80.489,78.202,78.606,99633
300750.SZ,2022-03-03,265.484,266.373,259.801,263.145,86989
510300.SH,2022-03-03,4.246,4.256,4.191,4.201,2006899
600036.SH,2022-03-03,40.332,40.722,40.202,40.482,311290
600276.SH,2022-03-03,39.851,39.931,39.181,39.231,285092
600519.SH,2022-03-03,1622.859,1627.309,1571.059,1577.059,31547
600900.SH,2022-03-03,19.301,19.631,19.211,19.551,385734
601318.SH,2022-03-03,38.32,38.71,38.22,38.44,352676
601857.SH,2022-03-03,4.001,4.121,3.981,4.031,3804173
601899.SH,2022-03-03,9.47,10.04,9.47,9.82,4552315
688981.SH,2022-03-03,50.85,51.47,50.71,51.06,13889190
000651.SZ,2022-03-04,22.642,22.752,22.302,22.612,339626
000858.SZ,2022-03-04,157.604,159.014,153.504,153.994,312930
002594.SZ,2022-03-04,75.972,77.489,73.536,74.802,291706
300750.SZ,2022-03-04,258.706,260.928,249.262,251.367,162834
510300.SH,2022-03-04,4.161,4.19,4.136,4.15,4053766
600036.SH,2022-03-04,40.002,40.142,39.252,39.452,577897
600276.SH,2022-03-04,38.881,39.411,38.591,38.861,322607
600519.SH,2022-03-04,1549.059,1569.949,1532.159,1557.559,31047
600900.SH,2022-03-04,19.501,19.651,19.101,19.551,405905
601318.SH,2022-03-04,37.99,38.0,37.48,37.62,700865
601857.SH,2022-03-04,3.951,3.991,3.851,3.911,2445656
601899.SH,2022-03-04,9.76,9.92,9.47,9.53,2952382
688981.SH,2022-03-04,50.8,51.46,50.58,50.88,12120290
000651.SZ,2022-03-07,22.382,22.422,21.642,21.672,489133
000858.SZ,2022-03-07,151.874,151.874,142.874,143.624,477389
002594.SZ,2022-03-07,72.499,72.766,70.209,71.406,236129
300750.SZ,2022-03-07,242.039,247.595,230.378,230.867,245993
510300.SH,2022-03-07,4.115,4.115,3.984,4.002,5831130
600036.SH,2022-03-07,38.762,39.012,37.252,37.512,1014354
600276.SH,2022-03-07,38.481,38.581,36.541,36.631,693118
600519.SH,2022-03-07,1537.259,1545.059,1480.859,1484.059,49156
600900.SH,2022-03-07,19.471,19.751,19.331,19.421,566621
601318.SH,2022-03-07,37.14,37.14,36.18,36.4,784597
601857.SH,2022-03-07,4.101,4.131,4.001,4.041,3793406
601899.SH,2022-03-07,9.96,10.12,9.68,9.78,4178085
688981.SH,2022-03-07,50.68,50.68,49.5,49.6,15476822
000651.SZ,2022-03-08,21.662,21.892,20.662,20.712,539168
000858.SZ,2022-03-08,147.614,149.124,142.894,143.874,333507
002594.SZ,2022-03-08,70.562,72.032,66.869,68.932,291499
300750.SZ,2022-03-08,235.917,237.295,224.267,231.178,227541
510300.SH,2022-03-08,4.003,4.027,3.904,3.92,6917081
600036.SH,2022-03-08,37.312,37.522,35.952,36.232,834665
600276.SH,2022-03-08,36.711,36.931,35.591,35.761,475707
600519.SH,2022-03-08,1537.039,1563.719,1509.059,1530.259,57215
600900.SH,2022-03-08,19.411,19.461,18.671,18.801,687976
601318.SH,2022-03-08,36.24,36.58,34.82,34.99,834403
601857.SH,2022-03-08,3.981,4.101,3.861,4.001,3069428
601899.SH,2022-03-08,9.39,9.74,9.05,9.36,4111586
688981.SH,2022-03-08,49.61,50.18,49.01,49.28,15043705
000651.SZ,2022-03-09,20.712,21.032,18.472,20.122,786803
000858.SZ,2022-03-09,144.624,145.354,134.424,140.504,399219
002594.SZ,2022-03-09,69.202,71.402,66.869,71.399,251135
300750.SZ,2022-03-09,231.484,241.484,227.039,241.189,234574
510300.SH,2022-03-09,3.928,3.95,3.726,3.88,7867488
600036.SH,2022-03-09,36.352,36.482,33.762,35.142,900431
600276.SH,2022-03-09,35.881,36.121,33.781,35.121,558800
600519.SH,2022-03-09,1541.159,1582.059,1498.169,1556.239,56434
600900.SH,2022-03-09,18.851,19.161,18.011,18.581,729975
601318.SH,2022-03-09,35.13,35.45,33.02,34.44,825545
601857.SH,2022-03-09,4.021,4.071,3.651,3.841,3602256
601899.SH,2022-03-09,9.43,9.55,8.77,9.22,3078343
688981.SH,2022-03-09,50.5,50.99,48.94,50.3,28756457
000651.SZ,2022-03-10,21.262,21.272,20.032,20.282,474895
000858.SZ,2022-03-10,145.614,149.864,143.614,149.774,417740
002594.SZ,2022-03-10,74.506,74.679,73.202,73.236,248343
300750.SZ,2022-03-10,250.373,259.012,247.767,250.823,239617
510300.SH,2022-03-10,3.956,3.982,3.938,3.94,5528465
600036.SH,2022-03-10,36.352,36.452,35.382,35.452,671496
600276.SH,2022-03-10,35.881,36.181,35.181,35.251,459155
600519.SH,2022-03-10,1585.059,1598.059,1568.059,1571.489,36462
600900.SH,2022-03-10,18.851,18.901,18.281,18.311,464150
601318.SH,2022-03-10,35.47,35.56,34.38,34.43,587753
601857.SH,2022-03-10,3.651,3.781,3.601,3.761,2961434
601899.SH,2022-03-10,8.96,9.09,8.72,8.93,2897227
688981.SH,2022-03-10,50.78,50.98,50.2,50.23,18378413
000651.SZ,2022-03-11,19.772,20.672,19.312,20.582,362909
000858.SZ,2022-03-11,146.624,150.174,144.854,149.394,257971
002594.SZ,2022-03-11,70.869,74.132,70.209,73.486,186116
300750.SZ,2022-03-11,245.278,253.151,241.539,252.345,171022
510300.SH,2022-03-11,3.884,3.974,3.831,3.968,3973422
600036.SH,2022-03-11,35.252,35.542,33.852,35.202,740525
600276.SH,2022-03-11,34.511,36.751,34.311,36.701,709099
600519.SH,2022-03-11,1543.059,1554.059,1495.139,1546.069,47727
600900.SH,2022-03-11,18.201,18.261,17.701,18.201,440143
601318.SH,2022-03-11,33.52,34.92,33.22,34.66,667078
601857.SH,2022-03-11,3.671,3.681,3.501,3.681,2679131
601899.SH,2022-03-11,8.84,8.93,8.6,8.93,1981855
688981.SH,2022-03-11,49.66,49.98,48.95,49.74,20912817
000651.SZ,2022-03-14,20.012,20.402,19.782,19.812,299433
000858.SZ,2022-03-14,146.614,147.214,143.894,143.894,181403
002594.SZ,2022-03-14,71.869,71.869,69.869,69.869,150841
300750.SZ,2022-03-14,246.484,248.834,235.373,235.373,162910
510300.SH,2022-03-14,3.906,3.93,3.827,3.828,4331004
600036.SH,2022-03-14,34.252,34.732,32.852,32.902,1080466
600276.SH,2022-03-14,36.861,37.971,36.481,36.481,679361
600519.SH,2022-03-14,1507.059,1527.059,1477.059,1477.059,49007
600900.SH,2022-03-14,18.021,18.501,17.931,18.101,450095
601318.SH,2022-03-14,33.52,34.09,33.29,33.33,592578
601857.SH,2022-03-14,3.561,3.731,3.551,3.561,1771882
601899.SH,2022-03-14,8.7,8.8,8.39,8.4,2166905
688981.SH,2022-03-14,49.28,49.34,48.57,48.59,15623125
000651.SZ,2022-03-15,19.472,19.472,17.972,17.982,622854
000858.SZ,2022-03-15,140.624,142.404,134.324,134.774,312945
002594.SZ,2022-03-15,67.246,70.869,66.679,67.802,198204
300750.SZ,2022-03-15,234.262,245.534,228.484,235.484,212687
510300.SH,2022-03-15,3.791,3.82,3.624,3.629,10444778
600036.SH,2022-03-15,32.362,32.362,29.932,30.202,1313092
600276.SH,2022-03-15,36.041,37.081,35.081,35.211,578556
600519.SH,2022-03-15,1427.059,1462.059,1380.059,1380.059,89056
600900.SH,2022-03-15,17.991,18.001,16.631,16.751,761192
601318.SH,2022-03-15,32.57,32.72,30.07,30.17,1269379
601857.SH,2022-03-15,3.481,3.481,3.101,3.101,3475314
601899.SH,2022-03-15,8.02,8.09,7.47,7.5,3782242
688981.SH,2022-03-15,48.0,48.18,45.2,45.29,29063389
000651.SZ,2022-03-16,18.392,18.732,17.432,18.532,606345
000858.SZ,2022-03-16,140.624,143.174,132.764,142.424,349000
002594.SZ,2022-03-16,70.536,73.536,68.269,73.346,333766
300750.SZ,2022-03-16,242.706,257.856,238.423,257.651,282237
510300.SH,2022-03-16,3.691,3.826,3.598,3.802,13251385
600036.SH,2022-03-16,30.812,33.552,30.662,33.332,1377449
600276.SH,2022-03-16,35.731,36.081,33.881,35.821,680261
600519.SH,2022-03-16,1411.059,1460.959,1370.059,1452.009,77593
600900.SH,2022-03-16,17.001,18.141,16.691,17.981,757809
601318.SH,2022-03-16,30.81,32.17,29.85,31.81,1009694
601857.SH,2022-03-16,3.121,3.201,2.961,3.181,2833017
601899.SH,2022-03-16,7.65,8.1,7.27,8.07,2937559
688981.SH,2022-03-16,45.83,46.59,44.13,46.28,22374263
000651.SZ,2022-03-17,19.192,19.562,18.842,18.852,652062
000858.SZ,2022-03-17,146.124,149.484,143.624,145.864,348292
002594.SZ,2022-03-17,76.996,77.162,75.089,75.169,315844
300750.SZ,2022-03-17,265.651,275.373,264.317,269.539,276301
510300.SH,2022-03-17,3.879,3.95,3.861,3.886,11475616
600036.SH,2022-03-17,34.902,35.922,34.422,35.262,1319648
600276.SH,2022-03-17,36.181,37.301,35.921,36.501,771905
600519.SH,2022-03-17,1497.059,1532.059,1488.719,1497.209,68352
600900.SH,2022-03-17,18.201,18.231,17.431,17.501,614377
601318.SH,2022-03-17,33.02,33.72,32.27,33.02,1095722
601857.SH,2022-03-17,3.201,3.251,3.131,3.231,2529723
601899.SH,2022-03-17,8.25,8.44,8.1,8.25,2131020
688981.SH,2022-03-17,46.97,47.3,46.49,46.49,17984266
000651.SZ,2022-03-18,18.582,19.312,18.422,19.042,533265
000858.SZ,2022-03-18,144.624,146.704,142.624,145.524,185857
002594.SZ,2022-03-18,75.169,76.492,74.219,75.036,150549
300750.SZ,2022-03-18,266.484,269.523,258.151,261.762,163918
510300.SH,2022-03-18,3.866,3.932,3.845,3.914,4030217
600036.SH,2022-03-18,35.352,36.922,34.772,36.922,923585
600276.SH,2022-03-18,36.111,36.681,35.881,36.581,560523
600519.SH,2022-03-18,1495.059,1522.059,1469.339,1484.849,38349
600900.SH,2022-03-18,17.481,17.791,17.321,17.381,996629
601318.SH,2022-03-18,32.57,35.9,32.44,35.45,1552323
601857.SH,2022-03-18,3.311,3.401,3.291,3.351,2357895
601899.SH,2022-03-18,8.31,8.64,8.19,8.58,1969446
688981.SH,2022-03-18,46.26,46.9,46.11,46.8,10648774
000651.SZ,2022-03-21,19.062,19.242,18.712,18.942,404036
000858.SZ,2022-03-21,147.374,147.404,142.634,143.334,171054
002594.SZ,2022-03-21,76.869,79.826,76.259,78.662,279178
300750.SZ,2022-03-21,267.039,274.928,265.706,267.039,136341
510300.SH,2022-03-21,3.919,3.936,3.868,3.908,3720164
600036.SH,2022-03-21,36.642,36.642,35.352,35.562,791032
600276.SH,2022-03-21,36.731,36.961,35.881,36.381,507424
600519.SH,2022-03-21,1501.059,1502.709,1472.069,1481.359,27877
600900.SH,2022-03-21,17.601,17.601,17.091,17.251,412679
601318.SH,2022-03-21,35.29,35.29,34.15,34.56,949519
601857.SH,2022-03-21,3.371,3.391,3.261,3.301,1769337
601899.SH,2022-03-21,8.77,9.01,8.5,8.95,2350342
688981.SH,2022-03-21,46.79,47.8,46.78,46.99,14248682
000651.SZ,2022-03-22,18.922,19.592,18.792,19.232,394398
000858.SZ,2022-03-22,143.324,144.924,141.624,141.924,122905
002594.SZ,2022-03-22,78.536,79.336,77.542,78.469,115079
300750.SZ,2022-03-22,267.039,267.039,259.817,263.151,102283
510300.SH,2022-03-22,3.888,3.938,3.887,3.904,2504225
600036.SH,2022-03-22,35.792,36.612,35.572,36.282,549038
600276.SH,2022-03-22,36.381,36.731,35.981,36.021,285882
600519.SH,2022-03-22,1500.939,1500.939,1463.389,1472.059,21054
600900.SH,2022-03-22,17.301,17.751,17.231,17.641,315526
601318.SH,2022-03-22,34.02,35.38,33.97,35.32,742112
601857.SH,2022-03-22,3.371,3.471,3.371,3.451,2107440
601899.SH,2022-03-22,8.89,9.34,8.85,9.25,2544176
688981.SH,2022-03-22,46.75,47.22,46.56,46.8,8235177
000651.SZ,2022-03-23,19.282,19.372,18.892,19.142,299320
000858.SZ,2022-03-23,141.944,144.914,140.364,143.564,184639
002594.SZ,2022-03-23,80.202,80.536,78.959,79.259,148501
300750.SZ,2022-03-23,267.039,268.695,261.428,264.423,84110
510300.SH,2022-03-23,3.914,3.942,3.896,3.929,3082447
600036.SH,2022-03-23,36.442,36.722,36.052,36.512,469960
600276.SH,2022-03-23,36.181,36.911,35.641,36.441,498463
600519.SH,2022-03-23,1482.059,1547.059,1474.059,1529.249,58067
600900.SH,2022-03-23,17.701,17.831,17.401,17.491,322252
601318.SH,2022-03-23,35.08,35.68,34.67,35.42,577029
601857.SH,2022-03-23,3.401,3.461,3.361,3.421,1300493
601899.SH,2022-03-23,9.35,9.35,9.13,9.29,1709244
688981.SH,2022-03-23,46.82,48.21,46.61,47.59,16595251
000651.SZ,2022-03-24,18.982,19.072,18.732,18.852,255953
000858.SZ,2022-03-24,142.024,142.024,138.304,138.984,198086
002594.SZ,2022-03-24,78.102,80.202,77.669,79.229,113681
300750.SZ,2022-03-24,261.456,265.751,255.028,263.706,84806
510300.SH,2022-03-24,3.906,3.926,3.869,3.902,2206418
600036.SH,2022-03-24,36.352,36.842,36.112,36.522,380332
600276.SH,2022-03-24,36.071,36.941,35.711,36.721,575648
600519.SH,2022-03-24,1515.059,1517.059,1494.409,1497.989,25815
600900.SH,2022-03-24,17.311,17.471,17.151,17.171,340645
601318.SH,2022-03-24,35.05,36.24,34.92,35.77,610757
601857.SH,2022-03-24,3.511,3.571,3.441,3.451,1573708
601899.SH,2022-03-24,9.38,9.78,9.37,9.66,2674066
688981.SH,2022-03-24,46.85,47.25,46.6,46.61,11056281
000651.SZ,2022-03-25,19.082,19.082,18.282,18.302,406848
000858.SZ,2022-03-25,141.174,141.204,134.304,134.814,213641
002594.SZ,2022-03-25,79.236,79.856,74.872,75.306,208024
300750.SZ,2022-03-25,262.551,266.028,257.039,257.078,92836
510300.SH,2022-03-25,3.901,3.91,3.823,3.825,3568083
600036.SH,2022-03-25,36.462,36.702,35.752,35.932,318259
600276.SH,2022-03-25,36.511,36.731,35.431,35.451,531614
600519.SH,2022-03-25,1489.059,1511.059,1462.059,1467.059,29709
600900.SH,2022-03-25,17.121,17.301,16.891,16.911,253195
601318.SH,2022-03-25,35.53,36.31,35.1,35.15,559938
601857.SH,2022-03-25,3.401,3.521,3.381,3.471,1266489
601899.SH,2022-03-25,9.6,9.76,9.43,9.47,2016759
688981.SH,2022-03-25,46.8,47.07,46.17,46.76,9388567
000651.SZ,2022-03-28,17.842,18.422,17.532,18.422,277666
000858.SZ,2022-03-28,131.924,131.924,128.124,128.824,274466
002594.SZ,2022-03-28,75.169,75.169,73.162,73.669,143104
300750.SZ,2022-03-28,260.862,260.862,243.751,248.706,149465
510300.SH,2022-03-28,3.79,3.83,3.739,3.8,4155938
600036.SH,2022-03-28,35.592,36.252,35.002,35.802,386459
600276.SH,2022-03-28,34.981,35.241,34.581,34.981,322103
600519.SH,2022-03-28,1402.059,1441.859,1381.059,1437.859,57542
600900.SH,2022-03-28,16.801,17.451,16.511,17.351,450183
601318.SH,2022-03-28,34.92,35.64,34.45,35.37,393686
601857.SH,2022-03-28,3.501,3.741,3.461,3.661,2496192
601899.SH,2022-03-28,9.39,9.64,9.2,9.51,1922005
688981.SH,2022-03-28,46.17,46.59,45.88,46.45,7895007
000651.SZ,2022-03-29,18.452,18.512,18.022,18.062,204409
000858.SZ,2022-03-29,128.614,131.394,126.734,126.804,235211
002594.SZ,2022-03-29,74.509,75.702,73.136,73.869,138587
300750.SZ,2022-03-29,248.706,255.928,245.928,248.651,112359
510300.SH,2022-03-29,3.811,3.829,3.775,3.782,2310331
600036.SH,2022-03-29,35.902,36.302,35.662,35.762,349621
600276.SH,2022-03-29,34.981,35.441,34.741,35.001,273913
600519.SH,2022-03-29,1438.559,1468.559,1438.559,1444.059,25935
600900.SH,2022-03-29,17.281,17.521,17.211,17.411,295556
601318.SH,2022-03-29,35.47,35.72,34.67,34.73,322357
601857.SH,2022-03-29,3.581,3.741,3.561,3.721,1612805
601899.SH,2022-03-29,9.45,9.68,9.42,9.54,1393731
688981.SH,2022-03-29,46.49,46.83,46.1,46.16,7235395
000651.SZ,2022-03-30,18.162,18.852,18.162,18.852,331528
000858.SZ,2022-03-30,130.594,134.574,128.784,134.574,323673
002594.SZ,2022-03-30,72.536,75.876,70.942,75.876,251260
300750.SZ,2022-03-30,251.484,266.484,251.484,266.484,162170
510300.SH,2022-03-30,3.81,3.908,3.81,3.905,5002575
600036.SH,2022-03-30,36.112,37.052,36.102,36.982,520723
600276.SH,2022-03-30,35.251,36.501,34.781,36.501,584919
600519.SH,2022-03-30,1475.059,1507.159,1472.059,1507.159,42433
600900.SH,2022-03-30,17.481,17.601,17.261,17.501,400881
601318.SH,2022-03-30,35.07,36.35,34.97,36.22,575427
601857.SH,2022-03-30,3.701,3.701,3.551,3.631,2007889
601899.SH,2022-03-30,9.53,9.53,9.3,9.41,1796862
688981.SH,2022-03-30,46.2,46.63,46.18,46.6,9155025
000651.SZ,2022-03-31,18.782,19.282,18.662,19.082,362676
000858.SZ,2022-03-31,133.624,134.224,132.124,132.684,201366
002594.SZ,2022-03-31,74.939,75.202,72.499,73.469,161731
300750.SZ,2022-03-31,264.345,265.928,257.678,262.762,96239
510300.SH,2022-03-31,3.895,3.9,3.866,3.874,4242790
600036.SH,2022-03-31,36.742,37.872,36.572,37.552,615885
600276.SH,2022-03-31,36.221,36.491,35.811,35.901,401770
600519.SH,2022-03-31,1497.059,1515.659,1485.859,1496.059,25174
600900.SH,2022-03-31,17.501,17.731,17.331,17.601,296524
601318.SH,2022-03-31,35.92,36.77,35.82,35.97,423498
601857.SH,2022-03-31,3.601,3.671,3.561,3.621,1604904
601899.SH,2022-03-31,9.48,9.64,9.2,9.29,1483666
688981.SH,2022-03-31,46.61,46.98,46.07,46.09,12730307
000651.SZ,2022-04-01,18.882,19.862,18.642,19.802,468241
000858.SZ,2022-04-01,132.624,139.854,132.074,137.524,287495
002594.SZ,2022-04-01,72.466,76.722,72.402,75.522,182948
300750.SZ,2022-04-01,260.373,269.539,258.778,266.428,95182
510300.SH,2022-04-01,3.843,3.945,3.841,3.925,3752472
600036.SH,2022-04-01,37.242,38.222,37.032,37.852,476139
600276.SH,2022-04-01,35.681,36.151,35.151,35.861,374431
600519.SH,2022-04-01,1506.999,1570.059,1498.749,1557.069,44862
600900.SH,2022-04-01,17.541,17.891,17.421,17.821,296414
601318.SH,2022-04-01,35.82,36.63,35.63,36.48,473677
601857.SH,2022-04-01,3.501,3.601,3.441,3.571,1781467
601899.SH,2022-04-01,9.32,9.54,9.15,9.4,1318667
688981.SH,2022-04-01,45.88,46.02,45.31,45.71,11942637
000651.SZ,2022-04-06,19.802,20.192,19.642,19.972,398952
000858.SZ,2022-04-06,135.624,139.884,135.124,137.634,179443
002594.SZ,2022-04-06,78.536,78.869,76.739,77.502,205293
300750.SZ,2022-04-06,265.106,265.928,257.595,260.467,85428
510300.SH,2022-04-06,3.899,3.925,3.884,3.913,3398938
600036.SH,2022-04-06,37.152,38.482,37.132,38.142,478269
600276.SH,2022-04-06,35.861,36.371,35.191,35.331,431287
600519.SH,2022-04-06,1530.059,1565.789,1530.059,1542.059,27820
600900.SH,2022-04-06,17.621,18.071,17.621,17.961,361172
601318.SH,2022-04-06,36.57,37.44,36.52,37.06,640053
601857.SH,2022-04-06,3.571,3.741,3.541,3.711,1981058
601899.SH,2022-04-06,9.47,9.73,9.35,9.55,1375547
688981.SH,2022-04-06,45.72,45.87,45.32,45.75,12586739
000651.SZ,2022-04-07,19.832,20.142,19.532,19.862,372623
000858.SZ,2022-04-07,136.624,141.514,136.154,138.074,185572
002594.SZ,2022-04-07,76.869,78.636,76.539,76.869,122700
300750.SZ,2022-04-07,256.234,258.706,248.734,253.273,119581
510300.SH,2022-04-07,3.893,3.924,3.858,3.861,2783984
600036.SH,2022-04-07,38.102,38.342,37.332,37.612,377201
600276.SH,2022-04-07,35.361,35.571,34.381,34.401,395446
600519.SH,2022-04-07,1535.059,1562.059,1527.159,1542.059,20196
600900.SH,2022-04-07,17.991,18.351,17.861,18.271,360590
601318.SH,2022-04-07,36.72,37.04,35.81,36.0,501130
601857.SH,2022-04-07,3.661,3.781,3.651,3.661,1593785
601899.SH,2022-04-07,9.4,9.63,9.33,9.48,1237283
688981.SH,2022-04-07,45.61,45.95,45.34,45.34,9318753
000651.SZ,2022-04-08,19.898,19.998,19.508,19.928,341177
000858.SZ,2022-04-08,138.624,140.394,137.124,138.214,165446
002594.SZ,2022-04-08,76.872,79.036,76.569,78.196,171719
300750.SZ,2022-04-08,251.873,258.634,249.817,253.151,93571
510300.SH,2022-04-08,3.864,3.892,3.831,3.889,3202713
600036.SH,2022-04-08,37.452,37.932,37.352,37.932,364235
600276.SH,2022-04-08,34.171,34.351,32.801,33.011,723021
600519.SH,2022-04-08,1545.059,1565.759,1543.599,1561.059,22941
600900.SH,2022-04-08,18.301,18.841,18.241,18.801,412766
601318.SH,2022-04-08,35.87,36.77,35.87,36.76,434732
601857.SH,2022-04-08,3.681,3.751,3.621,3.681,1167661
601899.SH,2022-04-08,9.55,10.0,9.54,9.9,3239898
688981.SH,2022-04-08,45.19,45.52,44.45,44.99,11473474
000651.SZ,2022-04-11,20.028,20.038,19.318,19.498,335349
000858.SZ,2022-04-11,135.634,136.304,130.474,131.284,242577
002594.SZ,2022-04-11,76.869,77.362,73.369,74.536,193070
300750.SZ,2022-04-11,242.189,243.706,229.317,233.151,207382
510300.SH,2022-04-11,3.861,3.862,3.744,3.757,5800585
600036.SH,2022-04-11,37.462,37.622,36.342,36.652,492612
600276.SH,2022-04-11,32.691,32.931,31.781,31.881,570157
600519.SH,2022-04-11,1547.059,1547.059,1483.089,1497.059,43864
600900.SH,2022-04-11,18.881,18.931,18.391,18.541,453709
601318.SH,2022-04-11,36.43,36.5,35.04,35.14,506405
601857.SH,2022-04-11,3.701,3.761,3.571,3.601,1444356
601899.SH,2022-04-11,9.95,9.97,9.43,9.63,2457562
688981.SH,2022-04-11,44.5,44.89,42.4,42.63,21272117
000651.SZ,2022-04-12,19.488,20.518,19.148,20.178,388335
000858.SZ,2022-04-12,131.884,142.314,131.884,141.504,334164
002594.SZ,2022-04-12,74.202,76.389,73.936,76.256,128889
300750.SZ,2022-04-12,234.134,240.806,233.984,240.373,124982
510300.SH,2022-04-12,3.759,3.832,3.732,3.827,8064759
600036.SH,2022-04-12,36.952,37.212,35.862,36.452,588840
600276.SH,2022-04-12,31.871,32.881,31.371,32.751,591549
600519.SH,2022-04-12,1506.059,1565.029,1485.059,1559.059,41630
600900.SH,2022-04-12,18.771,18.901,18.391,18.641,412896
601318.SH,2022-04-12,35.38,36.4,35.0,35.99,467396
601857.SH,2022-04-12,3.551,3.591,3.441,3.561,1742595
601899.SH,2022-04-12,9.65,9.74,9.38,9.63,1705593
688981.SH,2022-04-12,42.57,44.16,42.43,43.89,14649601
000651.SZ,2022-04-13,20.098,20.148,19.668,19.678,244791
000858.SZ,2022-04-13,140.424,142.624,138.254,139.944,238855
002594.SZ,2022-04-13,75.209,77.519,74.539,75.869,109673
300750.SZ,2022-04-13,236.978,245.817,234.817,237.039,95231
510300.SH,2022-04-13,3.807,3.843,3.791,3.795,3872602
600036.SH,2022-04-13,36.452,36.852,36.062,36.502,448223
600276.SH,2022-04-13,32.451,33.231,32.301,32.721,368377
600519.SH,2022-04-13,1544.059,1572.059,1528.139,1546.059,31148
600900.SH,2022-04-13,18.561,18.871,18.501,18.691,283012
601318.SH,2022-04-13,35.77,35.9,35.2,35.34,317751
601857.SH,2022-04-13,3.611,3.691,3.601,3.621,1583065
601899.SH,2022-04-13,9.73,10.69,9.68,10.48,4158214
688981.SH,2022-04-13,43.77,44.15,43.48,43.51,7419799
000651.SZ,2022-04-14,19.918,20.308,19.778,20.208,305662
000858.SZ,2022-04-14,141.524,150.624,140.554,149.194,431191
002594.SZ,2022-04-14,77.536,78.532,77.159,77.299,131638
300750.SZ,2022-04-14,242.039,242.595,230.373,233.595,137524
510300.SH,2022-04-14,3.832,3.868,3.809,3.839,5736892
600036.SH,2022-04-14,36.762,37.182,36.502,36.512,326613
600276.SH,2022-04-14,32.691,33.471,32.681,32.901,308845
600519.SH,2022-04-14,1565.059,1612.959,1557.259,1586.059,37650
600900.SH,2022-04-14,18.691,19.101,18.631,18.841,260450
601318.SH,2022-04-14,35.89,36.04,35.42,35.71,358849
601857.SH,2022-04-14,3.661,3.721,3.641,3.701,1333182
601899.SH,2022-04-14,10.56,10.86,10.37,10.69,2582894
688981.SH,2022-04-14,43.96,44.15,43.21,43.67,10399493
000651.SZ,2022-04-15,19.818,20.298,19.818,20.098,218347
000858.SZ,2022-04-15,147.624,151.624,146.224,147.524,226440
002594.SZ,2022-04-15,76.369,76.869,74.452,75.602,129239
300750.SZ,2022-04-15,228.784,232.034,218.578,228.628,199891
510300.SH,2022-04-15,3.816,3.862,3.806,3.837,5322380
600036.SH,2022-04-15,36.452,37.752,36.242,37.582,423159
600276.SH,2022-04-15,32.881,33.531,32.721,33.171,332958
600519.SH,2022-04-15,1579.259,1595.059,1572.949,1583.049,21041
600900.SH,2022-04-15,18.831,19.161,18.801,19.001,210126
601318.SH,2022-04-15,35.52,36.26,35.42,35.82,314115
601857.SH,2022-04-15,3.771,3.801,3.641,3.641,1305147
601899.SH,2022-04-15,10.38,10.81,10.03,10.08,3518681
688981.SH,2022-04-15,43.4,43.5,42.86,43.25,8460762
000651.SZ,2022-04-18,20.098,20.098,19.598,19.718,206310
000858.SZ,2022-04-18,146.524,146.524,141.834,144.804,184111
002594.SZ,2022-04-18,75.132,77.202,73.536,76.569,110592
300750.SZ,2022-04-18,223.706,229.251,219.984,228.706,119576
510300.SH,2022-04-18,3.801,3.82,3.773,3.817,2797093
600036.SH,2022-04-18,36.712,36.712,33.532,34.142,2366775
600276.SH,2022-04-18,32.981,33.041,32.421,33.041,223627
600519.SH,2022-04-18,1558.189,1575.059,1545.059,1567.879,19793
600900.SH,2022-04-18,18.831,19.011,18.451,18.551,256146
601318.SH,2022-04-18,35.51,35.51,34.35,34.52,405375
601857.SH,2022-04-18,3.651,3.721,3.491,3.501,1459858
601899.SH,2022-04-18,10.05,10.15,9.83,9.97,1673354
688981.SH,2022-04-18,43.2,43.98,42.9,43.69,9617252
000651.SZ,2022-04-19,19.718,19.898,19.088,19.268,325152
000858.SZ,2022-04-19,145.624,147.624,141.664,142.624,164993
002594.SZ,2022-04-19,77.922,80.502,77.912,78.489,207782
300750.SZ,2022-04-19,228.406,233.473,221.734,222.739,143821
510300.SH,2022-04-19,3.816,3.842,3.766,3.79,3139962
600036.SH,2022-04-19,32.752,33.502,32.152,32.852,2504770
600276.SH,2022-04-19,32.901,33.431,32.001,32.191,403558
600519.SH,2022-04-19,1577.059,1610.049,1552.559,1567.359,24205
600900.SH,2022-04-19,18.631,19.071,18.611,18.791,445509
601318.SH,2022-04-19,34.57,34.79,33.65,33.96,369543
601857.SH,2022-04-19,3.501,3.711,3.471,3.701,2182906
601899.SH,2022-04-19,10.15,10.31,9.86,9.95,2256734
688981.SH,2022-04-19,43.69,43.93,43.39,43.59,7547945
000651.SZ,2022-04-20,19.228,20.048,19.218,19.448,297307
000858.SZ,2022-04-20,143.114,146.624,139.264,143.524,206341
002594.SZ,2022-04-20,79.422,79.646,77.156,77.462,130781
300750.SZ,2022-04-20,222.045,224.262,203.584,204.262,311996
510300.SH,2022-04-20,3.788,3.794,3.714,3.72,3903434
600036.SH,2022-04-20,32.552,32.732,31.652,31.852,1318269
600276.SH,2022-04-20,32.381,34.251,32.291,33.401,754696
600519.SH,2022-04-20,1578.749,1597.059,1545.739,1574.059,24156
600900.SH,2022-04-20,18.881,19.121,18.641,18.951,415434
601318.SH,2022-04-20,34.17,34.31,33.35,33.43,380610
601857.SH,2022-04-20,3.621,3.681,3.501,3.511,1612461
601899.SH,2022-04-20,9.77,9.95,9.35,9.39,2324007
688981.SH,2022-04-20,43.7,43.88,42.95,43.05,7057713
000651.SZ,2022-04-21,19.448,19.708,18.728,18.898,362730
000858.SZ,2022-04-21,141.624,144.154,139.304,140.204,171229
002594.SZ,2022-04-21,76.126,77.126,74.236,74.882,154049
300750.SZ,2022-04-21,206.973,210.095,199.762,205.434,211166
510300.SH,2022-04-21,3.708,3.737,3.631,3.652,7925085
600036.SH,2022-04-21,31.452,32.852,31.352,32.032,1143501
600276.SH,2022-04-21,33.281,33.681,32.001,32.251,471589
600519.SH,2022-04-21,1567.259,1583.059,1547.059,1557.039,28953
600900.SH,2022-04-21,18.861,19.271,18.821,19.141,571295
601318.SH,2022-04-21,33.4,34.7,33.33,33.74,549044
601857.SH,2022-04-21,3.511,3.561,3.221,3.261,2799732
601899.SH,2022-04-21,9.31,9.43,8.86,8.96,1889692
688981.SH,2022-04-21,42.9,43.3,41.88,41.89,11735351
000651.SZ,2022-04-22,18.528,19.888,18.138,19.688,436429
000858.SZ,2022-04-22,140.194,143.804,136.604,143.054,200144
002594.SZ,2022-04-22,73.539,75.422,73.222,75.336,108162
300750.SZ,2022-04-22,204.817,213.251,203.151,208.895,201367
510300.SH,2022-04-22,3.621,3.693,3.608,3.662,6173784
600036.SH,2022-04-22,31.412,33.722,31.402,33.252,1195340
600276.SH,2022-04-22,32.041,32.681,30.691,32.081,452914
600519.SH,2022-04-22,1540.059,1564.939,1537.239,1550.059,27900
600900.SH,2022-04-22,19.011,19.291,18.631,19.291,950571
601318.SH,2022-04-22,33.53,34.49,33.43,33.98,397326
601857.SH,2022-04-22,3.191,3.421,3.171,3.381,1831624
601899.SH,2022-04-22,8.85,9.4,8.66,9.28,1936330
688981.SH,2022-04-22,41.7,42.24,41.45,41.85,10437549
000651.SZ,2022-04-25,19.328,19.718,18.418,18.428,439331
000858.SZ,2022-04-25,139.624,140.244,132.124,132.624,286351
002594.SZ,2022-04-25,73.536,75.682,72.409,72.702,161889
300750.SZ,2022-04-25,199.151,203.762,194.817,194.873,213165
510300.SH,2022-04-25,3.601,3.615,3.463,3.469,16542843
600036.SH,2022-04-25,31.132,31.702,29.472,29.582,2368745
600276.SH,2022-04-25,29.231,29.871,28.781,28.781,1039617
600519.SH,2022-04-25,1527.059,1553.559,1479.059,1485.059,53658
600900.SH,2022-04-25,19.091,19.331,18.511,18.521,776732
601318.SH,2022-04-25,32.52,33.7,32.22,32.37,673920
601857.SH,2022-04-25,3.281,3.361,3.141,3.151,2173066
601899.SH,2022-04-25,8.83,9.05,8.48,8.57,2497792
688981.SH,2022-04-25,41.5,41.5,38.97,38.97,19375771
000651.SZ,2022-04-26,18.688,18.798,17.638,17.718,422925
000858.SZ,2022-04-26,132.624,139.434,132.164,136.124,254539
002594.SZ,2022-04-26,73.199,75.486,73.012,74.139,158176
300750.SZ,2022-04-26,192.656,195.928,187.595,187.595,185105
510300.SH,2022-04-26,3.472,3.529,3.43,3.439,15437597
600036.SH,2022-04-26,29.612,29.912,28.352,29.162,1454719
600276.SH,2022-04-26,28.081,28.111,26.761,26.821,1082858
600519.SH,2022-04-26,1480.389,1526.039,1477.059,1509.539,44564
600900.SH,2022-04-26,18.521,18.991,18.461,18.791,438101
601318.SH,2022-04-26,32.36,32.7,31.03,31.11,638924
601857.SH,2022-04-26,3.151,3.221,3.051,3.091,1834246
601899.SH,2022-04-26,8.57,8.61,8.04,8.19,2343086
688981.SH,2022-04-26,38.59,39.49,37.76,37.78,16704039
000651.SZ,2022-04-27,17.518,18.188,17.368,18.178,372647
000858.SZ,2022-04-27,136.124,141.034,136.124,139.014,239278
002594.SZ,2022-04-27,72.406,75.472,69.806,75.206,254342
300750.SZ,2022-04-27,182.039,205.239,181.895,204.289,316124
510300.SH,2022-04-27,3.427,3.547,3.416,3.545,13725839
600036.SH,2022-04-27,28.582,29.382,28.362,28.792,1546208
600276.SH,2022-04-27,26.091,27.241,26.081,27.141,708004
600519.SH,2022-04-27,1544.179,1587.059,1544.179,1571.979,57402
600900.SH,2022-04-27,18.881,18.941,18.271,18.481,613467
601318.SH,2022-04-27,30.93,31.72,30.7,31.43,531084
601857.SH,2022-04-27,3.091,3.191,3.061,3.181,1857740
601899.SH,2022-04-27,8.13,8.95,8.11,8.84,2924730
688981.SH,2022-04-27,37.4,39.04,37.1,38.57,15687661
000651.SZ,2022-04-28,18.118,18.358,17.618,18.028,355267
000858.SZ,2022-04-28,139.024,144.284,138.174,143.474,257120
002594.SZ,2022-04-28,75.069,75.369,73.536,74.196,146372
300750.SZ,2022-04-28,200.362,201.762,190.373,193.428,259177
510300.SH,2022-04-28,3.528,3.591,3.525,3.571,10729261
600036.SH,2022-04-28,28.812,30.832,28.702,30.372,1564523
600276.SH,2022-04-28,27.041,27.801,26.881,27.531,572220
600519.SH,2022-04-28,1570.059,1622.059,1563.559,1612.059,44010
600900.SH,2022-04-28,18.281,18.661,18.061,18.611,491600
601318.SH,2022-04-28,31.31,31.43,30.68,31.18,525999
601857.SH,2022-04-28,3.181,3.311,3.141,3.281,1551008
601899.SH,2022-04-28,8.85,8.86,8.53,8.75,1583134
688981.SH,2022-04-28,38.21,38.57,37.45,37.91,12775757
000651.SZ,2022-04-29,18.078,19.048,18.018,18.928,420627
000858.SZ,2022-04-29,143.924,144.924,136.484,139.754,448743
002594.SZ,2022-04-29,74.802,78.146,73.786,77.869,248163
300750.SZ,2022-04-29,197.039,205.917,186.495,205.567,336477
510300.SH,2022-04-29,3.585,3.675,3.549,3.671,7631212
600036.SH,2022-04-29,29.852,30.962,29.472,30.682,1236929
600276.SH,2022-04-29,27.521,28.771,27.451,28.561,570479
600519.SH,2022-04-29,1613.059,1626.059,1588.039,1605.439,34885
600900.SH,2022-04-29,18.591,18.691,18.151,18.321,594430
601318.SH,2022-04-29,31.32,32.64,31.12,32.08,516386
601857.SH,2022-04-29,3.351,3.491,3.271,3.481,2035597
601899.SH,2022-04-29,8.78,9.03,8.63,9.02,2298765
688981.SH,2022-04-29,38.43,39.99,38.43,39.72,18076017
000651.SZ,2022-05-05,20.218,21.948,20.098,21.938,1223182
000858.SZ,2022-05-05,137.624,142.084,136.774,139.164,244802
002594.SZ,2022-05-05,78.936,80.999,77.459,79.802,253259
300750.SZ,2022-05-05,180.928,192.195,174.262,187.039,602772
510300.SH,2022-05-05,3.636,3.687,3.626,3.656,7360954
600036.SH,2022-05-05,30.412,30.932,29.772,30.012,944251
600276.SH,2022-05-05,28.551,29.151,28.301,28.761,461882
600519.SH,2022-05-05,1607.059,1647.059,1606.039,1614.059,33661
600900.SH,2022-05-05,18.451,18.831,18.321,18.681,456707
601318.SH,2022-05-05,32.31,33.1,32.27,32.54,428782
601857.SH,2022-05-05,3.511,3.591,3.491,3.551,2101204
601899.SH,2022-05-05,8.87,8.89,8.54,8.79,2470282
688981.SH,2022-05-05,39.57,40.94,39.56,40.36,16040205
000651.SZ,2022-05-06,21.458,21.888,21.228,21.678,586930
000858.SZ,2022-05-06,135.654,137.284,134.134,134.684,190861
002594.SZ,2022-05-06,77.209,78.869,76.902,77.562,145489
300750.SZ,2022-05-06,179.262,193.001,179.162,187.034,240801
510300.SH,2022-05-06,3.581,3.599,3.556,3.559,5206697
600036.SH,2022-05-06,29.452,29.502,28.652,28.662,889455
600276.SH,2022-05-06,28.181,29.031,28.091,28.421,307035
600519.SH,2022-05-06,1592.049,1596.059,1558.059,1570.059,28596
600900.SH,2022-05-06,18.581,18.851,18.201,18.321,341631
601318.SH,2022-05-06,31.97,32.5,31.52,31.58,372315
601857.SH,2022-05-06,3.441,3.471,3.341,3.391,1380164
601899.SH,2022-05-06,8.34,8.37,7.95,8.02,3384541
688981.SH,2022-05-06,39.39,40.1,39.21,39.6,11087303
000651.SZ,2022-05-09,21.438,21.548,20.928,21.088,334368
000858.SZ,2022-05-09,132.634,134.124,129.954,132.404,186236
002594.SZ,2022-05-09,73.869,75.832,73.869,74.446,175116
300750.SZ,2022-05-09,185.928,187.573,180.212,182.873,166680
510300.SH,2022-05-09,3.534,3.562,3.506,3.527,3187006
600036.SH,2022-05-09,28.552,28.572,26.902,27.222,1252406
600276.SH,2022-05-09,28.501,28.751,28.201,28.381,201674
600519.SH,2022-05-09,1557.059,1557.059,1515.059,1529.059,30352
600900.SH,2022-05-09,18.331,18.371,17.871,17.941,283668
601318.SH,2022-05-09,31.6,31.93,31.39,31.87,256120
601857.SH,2022-05-09,3.391,3.461,3.361,3.441,866497
601899.SH,2022-05-09,7.92,7.94,7.61,7.75,2974196
688981.SH,2022-05-09,39.5,40.27,39.35,39.93,8597777
000651.SZ,2022-05-10,20.708,21.368,20.418,21.268,489292
000858.SZ,2022-05-10,128.624,134.124,127.224,132.954,201080
002594.SZ,2022-05-10,71.569,74.756,70.962,74.646,209697
300750.SZ,2022-05-10,177.762,192.039,176.562,188.801,244378
510300.SH,2022-05-10,3.489,3.589,3.464,3.572,5474672
600036.SH,2022-05-10,26.732,27.912,26.012,27.732,1217637
600276.SH,2022-05-10,27.591,28.681,27.331,28.471,384859
600519.SH,2022-05-10,1497.059,1562.019,1482.069,1543.249,40119
600900.SH,2022-05-10,17.941,18.451,17.711,18.441,462987
601318.SH,2022-05-10,31.37,32.2,31.22,31.99,404693
601857.SH,2022-05-10,3.251,3.301,3.171,3.281,2240504
601899.SH,2022-05-10,7.45,7.6,7.21,7.58,4628873
688981.SH,2022-05-10,39.53,41.13,39.5,40.88,16024597
000651.SZ,2022-05-11,21.288,21.438,20.758,21.018,492802
000858.SZ,2022-05-11,132.954,137.274,132.624,135.134,243902
002594.SZ,2022-05-11,74.202,82.422,74.036,81.102,459526
300750.SZ,2022-05-11,189.245,210.806,188.984,205.789,317540
510300.SH,2022-05-11,3.565,3.682,3.565,3.627,6290116
600036.SH,2022-05-11,27.582,28.312,27.352,27.962,872399
600276.SH,2022-05-11,28.481,29.881,28.481,29.031,573373
600519.SH,2022-05-11,1532.059,1565.539,1529.059,1545.059,30313
600900.SH,2022-05-11,18.351,18.501,18.071,18.151,553816
601318.SH,2022-05-11,31.96,32.53,31.73,32.25,607285
601857.SH,2022-05-11,3.251,3.311,3.231,3.291,1423397
601899.SH,2022-05-11,7.46,7.91,7.31,7.75,4102623
688981.SH,2022-05-11,40.99,43.5,40.88,42.15,33266779
000651.SZ,2022-05-12,20.728,21.298,20.548,20.968,303578
000858.SZ,2022-05-12,133.824,137.304,133.724,135.704,170686
002594.SZ,2022-05-12,80.199,82.769,79.772,81.566,241156
300750.SZ,2022-05-12,202.817,205.484,199.195,202.323,134208
510300.SH,2022-05-12,3.611,3.635,3.589,3.607,3071058
600036.SH,2022-05-12,27.552,27.812,27.182,27.362,630023
600276.SH,2022-05-12,28.841,29.351,28.781,29.111,257546
600519.SH,2022-05-12,1530.059,1555.059,1527.059,1539.729,22038
600900.SH,2022-05-12,18.191,18.381,17.711,17.911,404750
601318.SH,2022-05-12,31.87,32.1,31.37,31.52,427738
601857.SH,2022-05-12,3.311,3.331,3.201,3.231,1276640
601899.SH,2022-05-12,7.55,7.69,7.35,7.48,3255540
688981.SH,2022-05-12,42.13,43.73,41.95,43.32,27148559
000651.SZ,2022-05-13,21.118,21.478,20.988,21.248,327401
000858.SZ,2022-05-13,137.224,137.494,133.674,134.564,152556
002594.SZ,2022-05-13,83.469,87.369,82.172,86.896,367121
300750.SZ,2022-05-13,204.262,210.623,200.656,208.595,148546
510300.SH,2022-05-13,3.644,3.655,3.608,3.638,2799732
600036.SH,2022-05-13,27.732,28.352,27.652,27.902,701301
600276.SH,2022-05-13,29.901,29.981,28.881,29.061,339407
600519.SH,2022-05-13,1557.059,1574.999,1543.059,1555.299,20731
600900.SH,2022-05-13,18.001,18.831,17.881,18.831,564500
601318.SH,2022-05-13,31.7,32.02,31.11,31.48,412335
601857.SH,2022-05-13,3.281,3.301,3.231,3.261,1399083
601899.SH,2022-05-13,7.44,7.52,7.28,7.48,2548052
688981.SH,2022-05-13,43.0,43.28,42.01,42.4,31126416
000651.SZ,2022-05-16,21.668,21.858,20.898,21.038,295149
000858.SZ,2022-05-16,136.594,136.604,131.824,132.804,177651
002594.SZ,2022-05-16,87.239,87.869,85.302,85.909,202369
300750.SZ,2022-05-16,209.812,215.817,204.267,204.267,143878
510300.SH,2022-05-16,3.656,3.67,3.596,3.607,4425843
600036.SH,2022-05-16,27.882,27.882,27.192,27.642,644742
600276.SH,2022-05-16,29.361,29.601,28.451,28.511,340038
600519.SH,2022-05-16,1574.059,1574.059,1519.729,1535.059,27765
600900.SH,2022-05-16,18.861,18.901,18.531,18.591,337057
601318.SH,2022-05-16,31.67,31.73,30.7,30.88,468863
601857.SH,2022-05-16,3.301,3.311,3.231,3.271,1042248
601899.SH,2022-05-16,7.53,7.65,7.45,7.65,2364989
688981.SH,2022-05-16,42.68,43.2,42.27,42.4,15519793
000651.SZ,2022-05-17,21.268,21.368,20.798,21.078,238649
000858.SZ,2022-05-17,132.794,134.114,132.264,133.774,133412
002594.SZ,2022-05-17,86.529,91.869,86.369,91.036,293489
300750.SZ,2022-05-17,205.917,214.028,204.956,212.906,138899
510300.SH,2022-05-17,3.616,3.657,3.605,3.656,3008496
600036.SH,2022-05-17,28.112,29.382,28.112,29.352,1183954
600276.SH,2022-05-17,28.681,28.861,28.281,28.541,248481
600519.SH,2022-05-17,1546.939,1552.059,1532.059,1545.059,20145
600900.SH,2022-05-17,18.751,18.871,18.501,18.601,340348
601318.SH,2022-05-17,31.02,31.4,30.79,31.34,401373
601857.SH,2022-05-17,3.301,3.361,3.291,3.331,1429405
601899.SH,2022-05-17,7.73,7.93,7.65,7.92,3095363
688981.SH,2022-05-17,42.38,42.8,42.03,42.59,13464462
000651.SZ,2022-05-18,21.118,21.148,20.458,20.718,312875
000858.SZ,2022-05-18,133.974,134.114,131.074,132.204,165605
002594.SZ,2022-05-18,91.036,92.869,89.869,90.676,205303
300750.SZ,2022-05-18,213.951,214.817,208.395,210.928,107120
510300.SH,2022-05-18,3.663,3.673,3.616,3.642,2640173
600036.SH,2022-05-18,29.752,29.832,28.652,29.252,887755
600276.SH,2022-05-18,28.641,28.781,28.331,28.461,240164
600519.SH,2022-05-18,1550.719,1550.979,1520.079,1538.059,24850
600900.SH,2022-05-18,18.681,18.681,18.211,18.381,383736
601318.SH,2022-05-18,31.51,31.62,30.88,31.15,352342
601857.SH,2022-05-18,3.301,3.311,3.231,3.281,1244808
601899.SH,2022-05-18,7.95,7.97,7.67,7.74,2346618
688981.SH,2022-05-18,42.59,43.0,42.25,42.26,12558767
000651.SZ,2022-05-19,20.398,20.618,20.138,20.438,280650
000858.SZ,2022-05-19,130.494,131.224,129.844,131.144,148783
002594.SZ,2022-05-19,88.639,91.986,88.302,91.706,173637
300750.SZ,2022-05-19,208.401,212.539,205.184,210.928,126330
510300.SH,2022-05-19,3.603,3.653,3.592,3.651,3249620
600036.SH,2022-05-19,28.642,29.002,28.272,28.782,542011
600276.SH,2022-05-19,28.121,28.441,27.961,28.331,237597
600519.SH,2022-05-19,1522.059,1534.059,1516.059,1533.059,19776
600900.SH,2022-05-19,18.321,18.901,18.291,18.881,485202
601318.SH,2022-05-19,30.62,30.96,30.55,30.81,282816
601857.SH,2022-05-19,3.201,3.241,3.151,3.241,1486892
601899.SH,2022-05-19,7.49,7.71,7.44,7.67,1707738
688981.SH,2022-05-19,41.6,42.58,41.45,42.44,14989456
000651.SZ,2022-05-20,20.578,21.048,20.518,20.948,408343
000858.SZ,2022-05-20,131.924,140.604,131.314,140.094,452297
002594.SZ,2022-05-20,92.539,94.072,90.602,92.769,178683
300750.SZ,2022-05-20,215.928,218.151,210.095,215.317,158268
510300.SH,2022-05-20,3.676,3.736,3.666,3.735,6004614
600036.SH,2022-05-20,29.502,30.932,29.502,30.712,1338872
600276.SH,2022-05-20,28.631,29.431,28.581,29.321,518717
600519.SH,2022-05-20,1537.049,1578.209,1529.059,1577.069,41950
600900.SH,2022-05-20,19.001,19.391,18.801,18.901,562443
601318.SH,2022-05-20,30.92,31.88,30.92,31.83,549751
601857.SH,2022-05-20,3.251,3.321,3.231,3.321,1581821
601899.SH,2022-05-20,7.79,8.02,7.74,7.97,3037676
688981.SH,2022-05-20,42.45,43.08,42.45,42.88,12611264
000651.SZ,2022-05-23,20.668,20.668,19.828,20.098,559286
000858.SZ,2022-05-23,139.234,139.804,135.624,137.054,276453
002594.SZ,2022-05-23,94.436,96.202,92.806,95.269,255588
300750.SZ,2022-05-23,215.317,215.317,205.928,209.651,137918
510300.SH,2022-05-23,3.735,3.735,3.677,3.703,5120913
600036.SH,2022-05-23,30.722,30.802,30.202,30.242,618088
600276.SH,2022-05-23,29.561,29.631,29.041,29.181,293970
600519.SH,2022-05-23,1577.059,1580.949,1549.059,1558.059,22157
600900.SH,2022-05-23,19.101,19.101,18.321,18.501,523528
601318.SH,2022-05-23,31.67,31.79,31.21,31.41,359098
601857.SH,2022-05-23,3.331,3.341,3.291,3.321,1034249
601899.SH,2022-05-23,8.05,8.05,7.85,7.96,2088174
688981.SH,2022-05-23,43.02,43.3,42.81,43.1,13062968
000651.SZ,2022-05-24,19.938,20.248,19.508,19.508,335080
000858.SZ,2022-05-24,138.054,138.624,133.904,134.194,188552
002594.SZ,2022-05-24,93.536,94.522,90.536,90.536,290497
300750.SZ,2022-05-24,207.962,207.967,201.389,201.506,150127
510300.SH,2022-05-24,3.702,3.705,3.616,3.621,4156645
600036.SH,2022-05-24,30.352,30.582,29.592,29.652,687430
600276.SH,2022-05-24,29.161,29.181,27.601,27.691,585919
600519.SH,2022-05-24,1563.059,1564.059,1532.559,1537.059,27342
600900.SH,2022-05-24,18.411,18.731,18.351,18.491,378896
601318.SH,2022-05-24,31.32,31.63,30.63,30.66,393424
601857.SH,2022-05-24,3.331,3.391,3.271,3.281,1583884
601899.SH,2022-05-24,7.96,8.1,7.65,7.66,2497696
688981.SH,2022-05-24,42.92,43.37,41.6,41.61,15326277
000651.SZ,2022-05-25,19.488,19.548,19.178,19.488,268488
000858.SZ,2022-05-25,134.074,136.184,132.624,135.074,163957
002594.SZ,2022-05-25,90.622,93.086,89.546,92.602,230858
300750.SZ,2022-05-25,202.873,203.739,197.317,199.806,139349
510300.SH,2022-05-25,3.616,3.64,3.604,3.638,4576841
600036.SH,2022-05-25,29.732,29.852,29.392,29.532,489025
600276.SH,2022-05-25,27.781,28.041,27.581,28.011,321550
600519.SH,2022-05-25,1542.329,1549.059,1524.059,1532.569,22389
600900.SH,2022-05-25,18.641,18.891,18.541,18.811,403913
601318.SH,2022-05-25,30.55,31.02,30.54,30.75,263749
601857.SH,2022-05-25,3.301,3.451,3.291,3.421,1601251
601899.SH,2022-05-25,7.74,7.88,7.66,7.85,1875394
688981.SH,2022-05-25,41.65,42.42,41.65,42.38,10517987
000651.SZ,2022-05-26,19.498,19.708,19.068,19.458,432331
000858.SZ,2022-05-26,134.624,137.324,132.624,134.844,194318
002594.SZ,2022-05-26,92.659,93.942,91.036,92.416,143095
300750.SZ,2022-05-26,199.534,201.389,194.195,194.823,140598
510300.SH,2022-05-26,3.639,3.676,3.588,3.648,4816141
600036.SH,2022-05-26,29.752,29.752,28.832,29.182,615430
600276.SH,2022-05-26,28.061,28.541,27.641,28.121,378681
600519.SH,2022-05-26,1538.059,1538.059,1507.059,1519.859,28053
600900.SH,2022-05-26,18.951,19.441,18.811,19.401,585998
601318.SH,2022-05-26,30.83,31.07,30.47,30.67,400992
601857.SH,2022-05-26,3.451,3.481,3.381,3.461,1137063
601899.SH,2022-05-26,7.9,7.9,7.62,7.81,1916656
688981.SH,2022-05-26,42.5,42.6,41.8,42.42,9385782
000651.SZ,2022-05-27,19.598,19.878,19.068,19.248,431004
000858.SZ,2022-05-27,137.274,139.124,134.914,135.574,210683
002594.SZ,2022-05-27,94.519,96.072,92.419,93.162,153187
300750.SZ,2022-05-27,198.151,205.451,196.001,197.262,187802
510300.SH,2022-05-27,3.678,3.713,3.641,3.658,5532972
600036.SH,2022-05-27,29.652,30.162,29.482,29.872,608396
600276.SH,2022-05-27,28.581,29.441,28.441,28.861,761231
600519.SH,2022-05-27,1537.049,1557.059,1530.069,1532.219,25120
600900.SH,2022-05-27,19.591,19.621,19.281,19.321,456130
601318.SH,2022-05-27,30.93,31.37,30.92,31.05,387901
601857.SH,2022-05-27,3.511,3.701,3.511,3.651,2833646
601899.SH,2022-05-27,7.91,8.0,7.79,7.88,2010109
688981.SH,2022-05-27,42.6,42.7,41.85,42.13,9286505
000651.SZ,2022-05-30,19.318,19.578,19.258,19.558,339786
000858.SZ,2022-05-30,137.634,145.374,137.624,143.804,510932
002594.SZ,2022-05-30,94.202,96.769,93.896,96.242,218524
300750.SZ,2022-05-30,201.645,204.373,199.706,201.373,125295
510300.SH,2022-05-30,3.676,3.699,3.663,3.681,4505319
600036.SH,2022-05-30,30.252,30.252,29.542,29.822,471537
600276.SH,2022-05-30,28.911,29.131,28.541,28.791,386844
600519.SH,2022-05-30,1543.059,1567.609,1543.059,1555.469,34466
600900.SH,2022-05-30,19.481,19.631,19.161,19.341,404612
601318.SH,2022-05-30,31.45,31.88,31.24,31.67,522175
601857.SH,2022-05-30,3.691,3.731,3.591,3.631,1505443
601899.SH,2022-05-30,7.94,8.2,7.91,8.06,2655276
688981.SH,2022-05-30,42.13,42.52,41.66,42.06,9823324
000651.SZ,2022-05-31,19.578,19.908,19.368,19.888,428663
000858.SZ,2022-05-31,143.624,150.444,142.644,149.024,486545
002594.SZ,2022-05-31,96.869,97.189,94.706,95.506,177011
300750.SZ,2022-05-31,200.317,207.034,196.762,204.817,177995
510300.SH,2022-05-31,3.681,3.759,3.672,3.745,4522581
600036.SH,2022-05-31,29.802,30.502,29.552,30.442,645404
600276.SH,2022-05-31,28.581,29.481,28.431,29.401,564941
600519.SH,2022-05-31,1551.829,1591.959,1544.039,1581.089,40751
600900.SH,2022-05-31,19.301,19.641,19.211,19.621,442948
601318.SH,2022-05-31,31.75,32.3,31.52,31.72,540653
601857.SH,2022-05-31,3.691,3.771,3.671,3.761,1967616
601899.SH,2022-05-31,8.03,8.04,7.9,8.01,1765271
688981.SH,2022-05-31,42.07,42.94,41.7,42.88,19761603
000651.SZ,2022-06-01,19.898,20.048,19.318,19.448,496286
000858.SZ,2022-06-01,150.614,150.924,146.654,148.034,219302
002594.SZ,2022-06-01,96.202,98.469,94.576,96.862,216912
300750.SZ,2022-06-01,205.984,217.595,203.706,214.278,191785
510300.SH,2022-06-01,3.745,3.752,3.716,3.739,3774345
600036.SH,2022-06-01,30.452,30.452,30.022,30.442,433834
600276.SH,2022-06-01,29.411,29.531,28.891,29.061,365275
600519.SH,2022-06-01,1579.059,1591.839,1556.059,1565.309,21760
600900.SH,2022-06-01,19.621,19.931,19.451,19.831,477907
601318.SH,2022-06-01,31.77,32.07,31.43,31.69,328521
601857.SH,2022-06-01,3.701,3.711,3.601,3.651,1194523
601899.SH,2022-06-01,8.0,8.0,7.7,7.81,2499210
688981.SH,2022-06-01,42.72,43.15,42.51,42.75,15120306
000651.SZ,2022-06-02,19.218,19.318,18.728,19.238,467676
000858.SZ,2022-06-02,146.654,148.624,146.304,147.374,165224
002594.SZ,2022-06-02,95.536,98.536,95.276,97.209,177728
300750.SZ,2022-06-02,213.028,224.695,212.045,220.817,174478
510300.SH,2022-06-02,3.722,3.754,3.714,3.75,2901326
600036.SH,2022-06-02,30.052,30.182,29.492,29.672,547281
600276.SH,2022-06-02,29.001,29.011,28.531,28.921,348859
600519.SH,2022-06-02,1565.029,1572.859,1557.059,1563.059,16915
600900.SH,2022-06-02,19.651,19.801,19.441,19.521,399283
601318.SH,2022-06-02,31.32,31.55,31.07,31.52,340829
601857.SH,2022-06-02,3.571,3.601,3.511,3.571,1172709
601899.SH,2022-06-02,7.75,7.82,7.68,7.82,1444212
688981.SH,2022-06-02,42.63,44.84,42.47,44.52,38488391
000651.SZ,2022-06-06,19.238,19.488,18.858,19.418,458857
000858.SZ,2022-06-06,148.124,151.114,144.204,150.564,278142
002594.SZ,2022-06-06,98.202,103.692,97.719,102.946,294757
300750.SZ,2022-06-06,220.928,238.712,220.928,237.034,190378
510300.SH,2022-06-06,3.748,3.833,3.721,3.832,4238359
600036.SH,2022-06-06,29.602,29.782,28.852,29.722,698703
600276.SH,2022-06-06,28.841,29.751,28.801,29.611,552506
600519.SH,2022-06-06,1567.059,1572.059,1535.059,1565.059,36741
600900.SH,2022-06-06,19.611,19.851,19.151,19.731,542858
601318.SH,2022-06-06,31.51,31.79,30.85,31.78,543267
601857.SH,2022-06-06,3.681,3.681,3.551,3.601,1688921
601899.SH,2022-06-06,7.91,8.37,7.91,8.35,4335294
688981.SH,2022-06-06,44.75,45.78,44.31,45.69,38872341
000651.SZ,2022-06-07,19.368,19.658,19.218,19.638,425934
000858.SZ,2022-06-07,150.724,156.024,149.624,151.744,295077
002594.SZ,2022-06-07,102.869,103.492,100.572,101.832,200221
300750.SZ,2022-06-07,236.589,237.589,228.595,233.151,127595
510300.SH,2022-06-07,3.817,3.858,3.811,3.838,3808642
600036.SH,2022-06-07,29.712,30.252,29.422,30.102,622726
600276.SH,2022-06-07,29.791,30.731,29.541,30.271,762500
600519.SH,2022-06-07,1561.199,1602.059,1547.369,1594.959,35049
600900.SH,2022-06-07,19.621,19.641,19.211,19.271,515534
601318.SH,2022-06-07,31.78,31.9,31.47,31.67,431575
601857.SH,2022-06-07,3.601,3.641,3.561,3.601,1406883
601899.SH,2022-06-07,8.38,8.42,8.19,8.25,2199497
688981.SH,2022-06-07,45.31,45.54,44.52,45.22,25183968
000651.SZ,2022-06-08,19.718,19.878,19.298,19.528,479734
000858.SZ,2022-06-08,151.924,157.614,150.644,155.754,325279
002594.SZ,2022-06-08,103.069,106.222,101.206,106.006,290513
300750.SZ,2022-06-08,231.484,233.706,214.812,233.706,405414
510300.SH,2022-06-08,3.841,3.886,3.821,3.88,4272911
600036.SH,2022-06-08,30.112,30.352,29.772,30.282,596931
600276.SH,2022-06-08,30.341,31.981,30.251,31.171,1184831
600519.SH,2022-06-08,1602.059,1659.059,1602.059,1642.659,44354
600900.SH,2022-06-08,19.401,19.441,19.171,19.371,381337
601318.SH,2022-06-08,31.77,32.23,31.58,32.11,529562
601857.SH,2022-06-08,3.631,3.741,3.621,3.741,1763437
601899.SH,2022-06-08,8.31,8.35,8.08,8.29,2364590
688981.SH,2022-06-08,45.17,45.47,44.31,44.89,21599135
000651.SZ,2022-06-09,19.518,19.578,19.028,19.028,408906
000858.SZ,2022-06-09,155.984,157.524,153.414,153.634,207839
002594.SZ,2022-06-09,108.212,108.469,103.869,104.339,307542
300750.SZ,2022-06-09,225.378,227.039,217.317,217.789,202557
510300.SH,2022-06-09,3.871,3.89,3.829,3.846,2916148
600036.SH,2022-06-09,30.252,31.352,30.162,31.042,908607
600276.SH,2022-06-09,30.981,31.031,29.971,30.031,649194
600519.SH,2022-06-09,1649.059,1665.409,1626.059,1630.059,26329
600900.SH,2022-06-09,19.291,19.641,19.231,19.311,494433
601318.SH,2022-06-09,32.22,32.55,31.99,32.14,532430
601857.SH,2022-06-09,3.801,3.981,3.801,3.901,2738424
601899.SH,2022-06-09,8.24,8.34,8.11,8.23,1799588
688981.SH,2022-06-09,44.8,44.8,43.8,43.91,19464144
000651.SZ,2022-06-10,18.818,19.348,18.768,19.268,383281
000858.SZ,2022-06-10,152.654,156.124,151.124,155.044,215630
002594.SZ,2022-06-10,104.036,113.536,103.889,113.136,438249
300750.SZ,2022-06-10,215.912,231.373,215.912,230.373,247663
510300.SH,2022-06-10,3.815,3.916,3.814,3.904,6480691
600036.SH,2022-06-10,30.662,30.912,30.252,30.872,795394
600276.SH,2022-06-10,29.771,30.761,29.771,30.641,560985
600519.SH,2022-06-10,1622.069,1684.059,1612.059,1677.659,47345
600900.SH,2022-06-10,19.281,19.661,19.261,19.621,859956
601318.SH,2022-06-10,31.87,32.52,31.6,32.46,565320
601857.SH,2022-06-10,3.841,4.011,3.821,3.991,2094474
601899.SH,2022-06-10,8.12,8.34,7.96,8.34,2296790
688981.SH,2022-06-10,43.8,45.47,43.7,45.39,27326077
000651.SZ,2022-06-13,19.018,19.148,18.858,19.038,303461
000858.SZ,2022-06-13,152.814,154.024,148.724,150.134,264346
002594.SZ,2022-06-13,112.202,116.489,110.402,113.136,360681
300750.SZ,2022-06-13,224.823,230.473,221.628,224.278,186216
510300.SH,2022-06-13,3.866,3.879,3.826,3.852,5799002
600036.SH,2022-06-13,30.312,30.312,29.092,29.322,971312
600276.SH,2022-06-13,30.321,30.861,30.121,30.381,445047
600519.SH,2022-06-13,1667.059,1669.059,1625.139,1633.059,36755
600900.SH,2022-06-13,19.341,19.511,18.791,18.881,913219
601318.SH,2022-06-13,32.02,32.12,31.54,31.66,537121
601857.SH,2022-06-13,3.931,4.131,3.901,3.991,2297697
601899.SH,2022-06-13,8.16,8.33,8.15,8.27,2153132
688981.SH,2022-06-13,44.95,46.1,44.85,45.74,23682257
000651.SZ,2022-06-14,18.818,19.378,18.758,19.358,347983
000858.SZ,2022-06-14,147.824,151.624,147.274,151.424,197333
002594.SZ,2022-06-14,110.869,111.799,105.946,111.399,404789
300750.SZ,2022-06-14,221.606,224.039,216.317,223.606,174811
510300.SH,2022-06-14,3.821,3.896,3.771,3.892,6249026
600036.SH,2022-06-14,28.952,30.052,28.862,29.992,598362
600276.SH,2022-06-14,30.131,30.731,29.531,30.701,494083
600519.SH,2022-06-14,1611.059,1652.479,1609.059,1648.059,29416
600900.SH,2022-06-14,18.771,19.621,18.771,19.601,765712
601318.SH,2022-06-14,31.42,32.77,31.32,32.74,628958
601857.SH,2022-06-14,3.941,4.321,3.921,4.311,4145920
601899.SH,2022-06-14,8.05,8.16,7.81,8.16,3179684
688981.SH,2022-06-14,45.08,45.68,44.65,45.66,16655253
000651.SZ,2022-06-15,19.318,20.378,19.218,20.068,926428
000858.SZ,2022-06-15,151.444,157.524,149.414,154.904,325441
002594.SZ,2022-06-15,111.526,112.279,107.709,108.536,303948
300750.SZ,2022-06-15,229.262,243.706,225.989,236.851,378619
510300.SH,2022-06-15,3.889,4.02,3.889,3.941,11218852
600036.SH,2022-06-15,29.942,31.852,29.942,31.232,1394895
600276.SH,2022-06-15,30.831,32.231,30.731,31.681,910669
600519.SH,2022-06-15,1647.059,1682.059,1640.049,1652.159,33664
600900.SH,2022-06-15,19.581,19.681,19.241,19.271,525002
601318.SH,2022-06-15,32.52,36.08,32.43,35.17,1985892
601857.SH,2022-06-15,4.281,4.421,4.231,4.231,3875248
601899.SH,2022-06-15,8.11,8.29,8.03,8.13,3153374
688981.SH,2022-06-15,45.7,46.47,45.42,45.47,23668573
000651.SZ,2022-06-16,19.938,20.158,19.598,19.718,562305
000858.SZ,2022-06-16,155.624,158.624,154.624,155.224,205006
002594.SZ,2022-06-16,108.702,111.102,108.006,108.869,190172
300750.SZ,2022-06-16,237.039,241.545,230.656,233.873,240202
510300.SH,2022-06-16,3.954,3.973,3.905,3.914,5075120
600036.SH,2022-06-16,31.632,31.732,30.712,30.712,636883
600276.SH,2022-06-16,31.791,32.411,31.591,31.691,665953
600519.SH,2022-06-16,1671.649,1684.689,1652.389,1654.059,26887
600900.SH,2022-06-16,19.341,19.371,18.831,18.831,604019
601318.SH,2022-06-16,34.9,35.02,34.02,34.02,844931
601857.SH,2022-06-16,4.201,4.241,3.991,4.021,2977296
601899.SH,2022-06-16,8.21,8.23,8.02,8.05,2292917
688981.SH,2022-06-16,45.44,46.07,44.74,44.86,17414767
000651.SZ,2022-06-17,19.518,20.658,19.408,20.368,900589
000858.SZ,2022-06-17,154.124,158.804,154.124,158.804,286204
002594.SZ,2022-06-17,106.902,110.602,105.892,109.536,262148
300750.SZ,2022-06-17,229.428,250.751,228.828,248.184,282939
510300.SH,2022-06-17,3.897,3.993,3.891,3.977,7156474
600036.SH,2022-06-17,30.592,30.922,30.022,30.602,550731
600276.SH,2022-06-17,31.441,32.861,31.341,32.451,740718
600519.SH,2022-06-17,1655.149,1729.059,1655.149,1728.059,50542
600900.SH,2022-06-17,18.941,19.261,18.891,19.201,518347
601318.SH,2022-06-17,33.89,34.78,33.77,34.55,566704
601857.SH,2022-06-17,3.941,4.031,3.861,3.931,2756745
601899.SH,2022-06-17,7.95,8.07,7.9,8.03,2586041
688981.SH,2022-06-17,44.52,45.14,44.3,44.9,12105530
000651.SZ,2022-06-20,20.568,21.168,20.508,20.678,761113
000858.SZ,2022-06-20,160.384,164.624,156.624,161.114,311954
002594.SZ,2022-06-20,109.562,113.089,108.542,110.929,245416
300750.SZ,2022-06-20,252.501,264.878,252.501,259.551,251143
510300.SH,2022-06-20,3.987,4.044,3.964,3.998,7324345
600036.SH,2022-06-20,30.642,30.852,30.152,30.452,614206
600276.SH,2022-06-20,32.601,33.041,32.081,32.541,654972
600519.SH,2022-06-20,1727.059,1747.059,1707.059,1719.079,34975
600900.SH,2022-06-20,19.101,19.121,18.681,18.731,631541
601318.SH,2022-06-20,34.726,34.856,34.056,34.366,570615
601857.SH,2022-06-20,3.791,3.791,3.491,3.551,5169374
601899.SH,2022-06-20,7.95,7.95,7.65,7.74,4794552
688981.SH,2022-06-20,45.02,46.18,45.0,45.68,18454685
000651.SZ,2022-06-21,20.658,21.218,20.418,20.898,808364
000858.SZ,2022-06-21,160.284,163.124,158.074,159.284,218116
002594.SZ,2022-06-21,110.122,110.802,107.602,110.536,197827
300750.SZ,2022-06-21,258.151,263.084,253.767,260.289,145666
510300.SH,2022-06-21,3.998,4.034,3.961,3.996,4224015
600036.SH,2022-06-21,30.492,31.402,30.202,31.082,583914
600276.SH,2022-06-21,32.481,32.481,31.731,32.091,531509
600519.SH,2022-06-21,1726.059,1744.049,1705.059,1722.799,23717
600900.SH,2022-06-21,18.731,18.851,18.601,18.751,425431
601318.SH,2022-06-21,34.686,35.786,34.456,35.136,684569
601857.SH,2022-06-21,3.551,3.591,3.511,3.541,1952108
601899.SH,2022-06-21,7.73,7.73,7.5,7.58,3176652
688981.SH,2022-06-21,45.65,46.08,45.08,45.16,12028015
000651.SZ,2022-06-22,20.918,20.968,19.738,19.838,769624
000858.SZ,2022-06-22,159.624,160.504,155.374,155.694,223528
002594.SZ,2022-06-22,111.009,112.746,109.536,110.162,186788
300750.SZ,2022-06-22,263.706,268.289,259.762,259.817,146632
510300.SH,2022-06-22,3.996,4.003,3.938,3.946,3619643
600036.SH,2022-06-22,31.152,31.222,30.052,30.062,730712
600276.SH,2022-06-22,32.181,32.581,31.691,31.721,422606
600519.SH,2022-06-22,1732.059,1735.059,1709.059,1713.059,19647
600900.SH,2022-06-22,18.791,18.891,18.671,18.801,484326
601318.SH,2022-06-22,35.206,35.326,34.406,34.406,436907
601857.SH,2022-06-22,3.551,3.561,3.411,3.421,2279190
601899.SH,2022-06-22,7.6,7.64,7.36,7.4,3431573
688981.SH,2022-06-22,45.39,45.49,44.35,44.35,12376179
000651.SZ,2022-06-23,19.818,19.978,19.128,19.968,1051743
000858.SZ,2022-06-23,155.724,158.524,155.414,158.024,159725
002594.SZ,2022-06-23,111.769,114.886,109.536,114.702,323142
300750.SZ,2022-06-23,264.262,276.467,262.528,276.467,177139
510300.SH,2022-06-23,3.947,4.023,3.94,4.021,4056939
600036.SH,2022-06-23,30.072,30.962,30.072,30.892,616030
600276.SH,2022-06-23,31.831,32.031,31.581,32.011,347493
600519.SH,2022-06-23,1719.759,1742.099,1717.059,1734.159,26844
600900.SH,2022-06-23,18.801,18.831,18.631,18.701,491047
601318.SH,2022-06-23,34.636,35.506,34.636,35.256,494265
601857.SH,2022-06-23,3.391,3.501,3.351,3.501,2131412
601899.SH,2022-06-23,7.35,7.45,7.31,7.45,2609653
688981.SH,2022-06-23,44.35,44.66,43.89,44.5,16512928
000651.SZ,2022-06-24,20.418,22.918,20.118,21.618,2233273
000858.SZ,2022-06-24,159.124,163.134,157.534,162.624,245187
002594.SZ,2022-06-24,114.532,115.629,112.206,113.886,235984
300750.SZ,2022-06-24,282.595,291.206,272.478,291.206,193012
510300.SH,2022-06-24,4.031,4.082,4.019,4.069,4148338
600036.SH,2022-06-24,31.022,31.342,30.412,30.952,639950
600276.SH,2022-06-24,32.011,32.861,32.011,32.601,561877
600519.SH,2022-06-24,1747.059,1797.059,1742.059,1786.069,39635
600900.SH,2022-06-24,18.711,18.991,18.631,18.971,573159
601318.SH,2022-06-24,35.436,35.856,35.226,35.766,536724
601857.SH,2022-06-24,3.471,3.491,3.401,3.441,1650822
601899.SH,2022-06-24,7.3,7.4,7.26,7.35,3539979
688981.SH,2022-06-24,44.6,45.36,44.59,45.05,14354560
000651.SZ,2022-06-27,21.418,21.568,20.918,20.968,1618728
000858.SZ,2022-06-27,164.624,173.304,164.624,170.624,366375
002594.SZ,2022-06-27,114.226,115.869,112.979,113.432,217155
300750.SZ,2022-06-27,291.478,292.023,280.923,283.151,166240
510300.SH,2022-06-27,4.085,4.155,4.085,4.117,4559811
600036.SH,2022-06-27,31.082,32.112,30.902,32.002,893408
600276.SH,2022-06-27,32.831,35.161,32.831,34.641,1114011
600519.SH,2022-06-27,1796.999,1826.999,1777.359,1787.609,40115
600900.SH,2022-06-27,18.951,19.091,18.811,18.911,491608
601318.SH,2022-06-27,35.856,36.106,35.506,35.806,449858
601857.SH,2022-06-27,3.461,3.511,3.441,3.491,1642770
601899.SH,2022-06-27,7.35,7.6,7.29,7.44,4518057
688981.SH,2022-06-27,45.05,45.77,44.79,45.2,16500697
000651.SZ,2022-06-28,20.988,21.188,20.478,21.168,848431
000858.SZ,2022-06-28,170.624,177.494,168.824,177.274,316786
002594.SZ,2022-06-28,112.536,116.469,111.106,114.502,269635
300750.SZ,2022-06-28,280.928,283.351,269.873,280.373,186433
510300.SH,2022-06-28,4.116,4.182,4.089,4.169,3748824
600036.SH,2022-06-28,31.852,32.172,31.652,32.032,499164
600276.SH,2022-06-28,34.631,34.911,33.931,34.741,587816
600519.SH,2022-06-28,1796.799,1818.059,1778.059,1813.059,25246
600900.SH,2022-06-28,18.901,18.901,18.671,18.711,575841
601318.SH,2022-06-28,35.826,36.196,35.356,35.906,351707
601857.SH,2022-06-28,3.537,3.557,3.497,3.557,1454288
601899.SH,2022-06-28,7.44,7.52,7.34,7.51,3230940
688981.SH,2022-06-28,45.21,46.18,45.03,46.06,20060672
000651.SZ,2022-06-29,21.198,21.658,20.938,20.988,871207
000858.SZ,2022-06-29,177.637,177.787,171.147,172.647,289971
002594.SZ,2022-06-29,113.532,113.536,107.366,107.406,361146
300750.SZ,2022-06-29,274.256,279.539,270.367,274.006,145830
510300.SH,2022-06-29,4.154,4.183,4.099,4.114,5448356
600036.SH,2022-06-29,32.022,32.462,31.742,31.762,622804
600276.SH,2022-06-29,34.731,35.861,34.181,34.601,828483
600519.SH,2022-06-29,1805.059,1819.059,1788.069,1807.059,30360
600900.SH,2022-06-29,18.701,18.791,18.531,18.751,590535
601318.SH,2022-06-29,35.896,36.446,35.586,35.796,412772
601857.SH,2022-06-29,3.567,3.597,3.497,3.507,1704060
601899.SH,2022-06-29,7.44,7.48,7.31,7.35,2928234
688981.SH,2022-06-29,46.06,46.41,45.1,45.16,20569313
000651.SZ,2022-06-30,21.008,21.468,20.818,21.438,663594
000858.SZ,2022-06-30,172.827,185.647,172.827,182.577,425215
002594.SZ,2022-06-30,107.202,109.986,106.869,108.032,220145
300750.SZ,2022-06-30,273.995,278.039,270.745,274.817,130761
510300.SH,2022-06-30,4.11,4.201,4.109,4.164,5680516
600036.SH,2022-06-30,31.792,33.452,31.712,32.952,832628
600276.SH,2022-06-30,34.881,36.561,34.831,36.171,861263
600519.SH,2022-06-30,1798.734,1875.734,1798.724,1843.734,38982
600900.SH,2022-06-30,18.721,18.791,18.551,18.721,391143
601318.SH,2022-06-30,35.806,36.206,35.466,35.696,391853
601857.SH,2022-06-30,3.477,3.507,3.477,3.497,1229093
601899.SH,2022-06-30,7.45,7.53,7.41,7.48,2726172
688981.SH,2022-06-30,45.16,45.6,45.13,45.17,15500036
000651.SZ,2022-07-01,21.398,21.478,20.938,21.168,388146
000858.SZ,2022-07-01,182.727,185.647,178.647,183.647,219366
002594.SZ,2022-07-01,107.596,107.869,103.569,106.602,234113
300750.SZ,2022-07-01,274.251,275.928,265.762,268.506,122928
510300.SH,2022-07-01,4.176,4.181,4.13,4.149,4455712
600036.SH,2022-07-01,33.132,33.132,31.962,32.132,695748
600276.SH,2022-07-01,36.171,38.081,35.941,38.021,1000346
600519.SH,2022-07-01,1853.734,1866.504,1813.944,1827.784,21596
600900.SH,2022-07-01,19.601,20.121,19.471,19.921,1297093
601318.SH,2022-07-01,35.706,35.986,35.126,35.316,357568
601857.SH,2022-07-01,3.457,3.467,3.417,3.467,944725
601899.SH,2022-07-01,7.48,7.69,7.38,7.62,3205595
688981.SH,2022-07-01,45.02,45.38,44.65,44.81,14548979
000651.SZ,2022-07-04,21.178,21.398,20.978,21.358,460226
000858.SZ,2022-07-04,181.637,183.447,178.847,181.687,225876
002594.SZ,2022-07-04,107.536,109.606,106.936,108.922,209512
300750.SZ,2022-07-04,261.489,270.189,261.484,268.151,121932
510300.SH,2022-07-04,4.134,4.179,4.105,4.177,3874217
600036.SH,2022-07-04,32.032,32.122,31.552,31.802,486918
600276.SH,2022-07-04,38.081,40.581,36.891,40.251,1416054
600519.SH,2022-07-04,1818.744,1823.024,1799.744,1816.734,25076
600900.SH,2022-07-04,19.951,20.171,19.651,19.951,660130
601318.SH,2022-07-04,35.206,35.506,34.806,35.466,407130
601857.SH,2022-07-04,3.467,3.517,3.467,3.507,992342
601899.SH,2022-07-04,7.55,7.56,7.44,7.51,2614843
688981.SH,2022-07-04,44.37,44.5,43.93,44.11,17914322
000651.SZ,2022-07-05,21.388,21.808,20.628,20.888,591444
000858.SZ,2022-07-05,182.297,183.307,176.907,179.257,262965
002594.SZ,2022-07-05,109.202,110.402,106.732,108.166,173757
300750.SZ,2022-07-05,269.539,276.023,262.973,269.189,154594
510300.SH,2022-07-05,4.182,4.221,4.118,4.167,3921158
600036.SH,2022-07-05,32.212,32.422,31.512,31.732,534538
600276.SH,2022-07-05,39.831,40.401,39.071,39.751,875507
600519.SH,2022-07-05,1824.014,1853.184,1808.734,1831.744,26329
600900.SH,2022-07-05,19.931,20.111,19.651,19.841,534588
601318.SH,2022-07-05,35.486,36.556,35.386,35.616,452569
601857.SH,2022-07-05,3.547,3.637,3.547,3.597,1831665
601899.SH,2022-07-05,7.51,7.58,7.45,7.5,2579589
688981.SH,2022-07-05,44.2,44.52,43.7,44.3,14224480
000651.SZ,2022-07-06,21.048,21.218,20.368,20.528,501622
000858.SZ,2022-07-06,178.767,180.267,173.997,175.387,227633
002594.SZ,2022-07-06,108.136,110.402,107.532,108.902,183434
300750.SZ,2022-07-06,270.989,274.528,264.028,268.151,130814
510300.SH,2022-07-06,4.156,4.166,4.079,4.108,3189627
600036.SH,2022-07-06,31.712,31.842,30.352,30.552,885266
600276.SH,2022-07-06,39.851,40.831,38.391,38.661,949991
600519.SH,2022-07-06,1830.734,1837.734,1784.734,1800.734,32752
600900.SH,2022-07-06,19.881,19.901,19.581,19.661,388448
601318.SH,2022-07-06,35.626,35.636,34.756,34.856,389561
601857.SH,2022-07-06,3.437,3.467,3.367,3.417,2602927
601899.SH,2022-07-06,7.32,7.33,7.12,7.19,5085602
688981.SH,2022-07-06,44.27,44.53,43.38,43.56,18766360
000651.SZ,2022-07-07,20.818,21.118,20.458,20.608,510527
000858.SZ,2022-07-07,175.387,175.387,169.117,172.237,266771
002594.SZ,2022-07-07,109.436,114.186,107.992,113.329,304649
300750.SZ,2022-07-07,273.623,286.234,273.151,283.706,246014
510300.SH,2022-07-07,4.101,4.144,4.078,4.124,4030459
600036.SH,2022-07-07,30.552,30.922,30.302,30.502,508129
600276.SH,2022-07-07,38.271,38.641,37.251,37.891,714188
600519.SH,2022-07-07,1803.734,1808.084,1783.744,1788.734,20932
600900.SH,2022-07-07,19.761,20.051,19.701,19.701,392578
601318.SH,2022-07-07,34.656,35.146,34.596,34.606,293722
601857.SH,2022-07-07,3.387,3.397,3.347,3.357,1735137
601899.SH,2022-07-07,7.14,7.3,7.04,7.19,2351150
688981.SH,2022-07-07,43.62,43.82,43.31,43.31,11868057
000651.SZ,2022-07-08,20.718,21.408,20.498,21.118,587678
000858.SZ,2022-07-08,173.997,175.447,171.607,173.347,164097
002594.SZ,2022-07-08,113.329,114.162,109.536,109.536,190478
300750.SZ,2022-07-08,286.484,292.023,275.501,278.706,165770
510300.SH,2022-07-08,4.147,4.169,4.113,4.12,2082490
600036.SH,2022-07-08,30.952,30.972,30.382,30.562,480361
600276.SH,2022-07-08,38.231,38.541,37.541,37.691,469154
600519.SH,2022-07-08,1803.734,1813.624,1794.894,1797.734,15644
600900.SH,2022-07-08,19.701,19.901,19.491,19.801,415700
601318.SH,2022-07-08,34.916,35.386,34.686,34.826,292283
601857.SH,2022-07-08,3.417,3.437,3.367,3.387,1014627
601899.SH,2022-07-08,7.32,7.32,7.2,7.22,1796424
688981.SH,2022-07-08,43.4,43.84,43.34,43.4,11833861
000651.SZ,2022-07-11,21.488,22.068,21.368,21.708,924940
000858.SZ,2022-07-11,170.667,171.447,166.647,170.027,192575
002594.SZ,2022-07-11,108.829,108.829,103.162,104.969,254317
300750.SZ,2022-07-11,274.951,275.651,264.984,266.206,138070
510300.SH,2022-07-11,4.102,4.102,4.026,4.044,4522075
600036.SH,2022-07-11,30.332,30.442,29.952,30.192,403755
600276.SH,2022-07-11,37.701,38.141,36.521,37.311,590258
600519.SH,2022-07-11,1788.934,1793.504,1749.234,1762.334,23949
600900.SH,2022-07-11,20.081,20.591,20.081,20.291,673386
601318.SH,2022-07-11,34.616,34.776,34.226,34.386,281135
601857.SH,2022-07-11,3.387,3.397,3.317,3.327,1139813
601899.SH,2022-07-11,7.3,7.3,7.15,7.2,1994784
688981.SH,2022-07-11,43.38,43.38,41.79,41.84,18066568
000651.SZ,2022-07-12,21.618,23.048,21.518,22.648,1401463
000858.SZ,2022-07-12,169.427,173.387,168.187,170.647,169935
002594.SZ,2022-07-12,103.536,103.869,96.896,99.869,450515
300750.SZ,2022-07-12,266.484,269.984,255.717,257.978,151302
510300.SH,2022-07-12,4.038,4.063,3.994,4.008,3435392
600036.SH,2022-07-12,30.112,30.552,29.782,30.052,580630
600276.SH,2022-07-12,37.301,37.401,36.101,36.111,555110
600519.SH,2022-07-12,1763.734,1771.534,1728.794,1747.144,23447
600900.SH,2022-07-12,20.291,20.681,20.271,20.501,522403
601318.SH,2022-07-12,34.386,34.746,34.126,34.516,254055
601857.SH,2022-07-12,3.327,3.347,3.307,3.317,846902
601899.SH,2022-07-12,7.15,7.19,7.07,7.07,1852813
688981.SH,2022-07-12,41.88,42.24,41.88,41.88,9754443
000651.SZ,2022-07-13,22.998,23.548,22.418,22.688,953749
000858.SZ,2022-07-13,170.217,175.427,168.257,173.747,189919
002594.SZ,2022-07-13,99.869,101.482,95.792,100.162,341067
300750.SZ,2022-07-13,260.539,279.945,256.912,277.595,245645
510300.SH,2022-07-13,4.011,4.035,3.984,4.015,2956003
600036.SH,2022-07-13,29.822,30.002,28.442,28.652,1410831
600276.SH,2022-07-13,36.111,36.441,35.821,36.221,378406
600519.SH,2022-07-13,1743.734,1770.734,1739.404,1757.624,19854
600900.SH,2022-07-13,20.601,20.781,20.401,20.571,462033
601318.SH,2022-07-13,34.426,34.636,34.006,34.086,296588
601857.SH,2022-07-13,3.277,3.287,3.237,3.287,1279891
601899.SH,2022-07-13,7.0,7.0,6.85,6.9,2677672
688981.SH,2022-07-13,42.0,42.1,41.51,41.57,9699049
000651.SZ,2022-07-14,23.118,23.208,21.558,21.898,915976
000858.SZ,2022-07-14,171.817,174.207,169.697,170.777,151079
002594.SZ,2022-07-14,99.839,104.536,99.202,104.536,272489
300750.SZ,2022-07-14,275.651,290.373,272.734,287.045,199556
510300.SH,2022-07-14,4.011,4.045,3.992,4.016,3264143
600036.SH,2022-07-14,27.922,27.942,26.252,27.232,2325234
600276.SH,2022-07-14,36.441,38.071,36.441,37.771,756206
600519.SH,2022-07-14,1758.734,1775.534,1739.734,1751.734,20527
600900.SH,2022-07-14,20.601,20.621,20.261,20.461,588772
601318.SH,2022-07-14,33.906,34.046,32.436,32.606,903044
601857.SH,2022-07-14,3.277,3.277,3.237,3.267,800397
601899.SH,2022-07-14,6.86,6.91,6.73,6.77,3157755
688981.SH,2022-07-14,41.51,41.93,41.22,41.28,10090483
000651.SZ,2022-07-15,21.918,22.368,21.388,21.418,624134
000858.SZ,2022-07-15,170.797,176.157,168.647,170.547,207209
002594.SZ,2022-07-15,108.536,113.499,107.869,109.599,444508
300750.SZ,2022-07-15,283.428,291.178,274.262,274.262,158628
510300.SH,2022-07-15,4.006,4.056,3.949,3.951,7373071
600036.SH,2022-07-15,27.374,28.234,27.134,27.144,1382452
600276.SH,2022-07-15,37.541,38.031,36.461,36.481,488436
600519.SH,2022-07-15,1743.844,1798.414,1743.244,1748.234,33416
600900.SH,2022-07-15,20.311,20.431,19.901,19.901,621757
601318.SH,2022-07-15,32.616,33.096,31.706,31.716,694042
601857.SH,2022-07-15,3.247,3.257,3.197,3.207,1345346
601899.SH,2022-07-15,6.67,6.77,6.51,6.52,3237541
688981.SH,2022-07-15,41.28,41.56,41.01,41.02,9443879
000651.SZ,2022-07-18,21.318,22.018,20.758,22.018,518340
000858.SZ,2022-07-18,170.277,170.447,164.847,167.977,178034
002594.SZ,2022-07-18,111.869,112.202,106.202,109.236,238912
300750.SZ,2022-07-18,279.262,284.845,272.789,284.628,143711
510300.SH,2022-07-18,3.968,4.015,3.93,3.997,3891151
600036.SH,2022-07-18,27.424,28.114,27.284,27.904,903080
600276.SH,2022-07-18,36.441,37.291,35.861,37.171,385230
600519.SH,2022-07-18,1751.094,1757.734,1720.734,1750.394,24221
600900.SH,2022-07-18,19.971,20.731,19.971,20.551,606761
601318.SH,2022-07-18,31.756,32.696,31.726,32.456,355244
601857.SH,2022-07-18,3.257,3.357,3.257,3.347,1313670
601899.SH,2022-07-18,6.59,7.02,6.55,7.02,4284266
688981.SH,2022-07-18,41.13,42.37,40.92,41.61,20295963
000651.SZ,2022-07-19,21.728,22.068,21.538,21.798,336855
000858.SZ,2022-07-19,167.647,170.297,167.147,169.547,120214
002594.SZ,2022-07-19,109.236,109.236,106.076,107.236,158180
300750.SZ,2022-07-19,284.017,284.017,269.262,269.601,163087
510300.SH,2022-07-19,3.993,3.993,3.941,3.975,3535270
600036.SH,2022-07-19,27.774,28.124,27.474,27.984,537814
600276.SH,2022-07-19,37.111,37.561,36.411,36.881,339889
600519.SH,2022-07-19,1743.734,1750.384,1724.734,1741.834,21956
600900.SH,2022-07-19,20.731,20.751,20.381,20.651,454164
601318.SH,2022-07-19,32.426,32.776,31.906,32.406,356106
601857.SH,2022-07-19,3.377,3.407,3.347,3.397,1108164
601899.SH,2022-07-19,7.02,7.02,6.83,6.89,2200734
688981.SH,2022-07-19,41.62,41.93,41.44,41.79,11252859
000651.SZ,2022-07-20,21.938,22.048,21.648,21.828,308842
000858.SZ,2022-07-20,171.447,172.147,168.647,169.757,112498
002594.SZ,2022-07-20,107.862,108.156,106.562,107.436,103263
300750.SZ,2022-07-20,272.584,275.451,268.628,270.373,78359
510300.SH,2022-07-20,3.996,4.016,3.974,3.987,2998384
600036.SH,2022-07-20,28.214,28.394,27.984,28.124,469689
600276.SH,2022-07-20,37.141,37.701,36.941,37.261,357702
600519.SH,2022-07-20,1757.484,1768.734,1743.734,1748.834,18705
600900.SH,2022-07-20,20.801,20.871,20.461,20.541,370602
601318.SH,2022-07-20,32.786,32.836,32.366,32.406,249566
601857.SH,2022-07-20,3.437,3.477,3.427,3.437,1010403
601899.SH,2022-07-20,6.93,6.99,6.88,6.94,1633514
688981.SH,2022-07-20,41.96,42.1,41.6,41.77,11790967
000651.SZ,2022-07-21,21.838,21.838,21.438,21.668,286661
000858.SZ,2022-07-21,169.637,170.547,167.227,167.347,110728
002594.SZ,2022-07-21,106.536,107.202,104.516,105.036,132003
300750.SZ,2022-07-21,268.706,277.067,266.051,267.595,88071
510300.SH,2022-07-21,3.971,3.994,3.941,3.942,3104926
600036.SH,2022-07-21,27.814,28.104,27.644,27.734,466241
600276.SH,2022-07-21,37.191,38.191,36.921,37.941,441108
600519.SH,2022-07-21,1741.834,1754.634,1733.244,1737.734,14061
600900.SH,2022-07-21,20.886,20.886,20.366,20.426,343868
601318.SH,2022-07-21,32.236,32.256,31.656,31.746,405568
601857.SH,2022-07-21,3.437,3.437,3.357,3.387,892755
601899.SH,2022-07-21,6.86,6.93,6.8,6.82,1551758
688981.SH,2022-07-21,41.76,42.19,41.5,41.55,17802587
000651.SZ,2022-07-22,21.598,21.868,21.178,21.658,310445
000858.SZ,2022-07-22,168.147,169.147,165.647,166.557,116986
002594.SZ,2022-07-22,105.539,108.422,105.536,106.742,141774
300750.SZ,2022-07-22,276.884,280.367,270.395,273.706,142817
510300.SH,2022-07-22,3.957,3.991,3.915,3.945,3147688
600036.SH,2022-07-22,27.824,28.324,27.524,27.864,510333
600276.SH,2022-07-22,37.941,38.891,37.731,38.241,520039
600519.SH,2022-07-22,1747.954,1760.734,1733.734,1745.734,25114
600900.SH,2022-07-22,20.436,20.716,20.286,20.546,328322
601318.SH,2022-07-22,31.806,32.366,31.786,32.056,294356
601857.SH,2022-07-22,3.367,3.437,3.357,3.397,778310
601899.SH,2022-07-22,6.87,6.94,6.73,6.82,1535635
688981.SH,2022-07-22,42.08,42.25,41.16,41.45,13353523
000651.SZ,2022-07-25,21.718,22.058,21.538,21.948,432641
000858.SZ,2022-07-25,167.497,169.147,165.397,168.727,124799
002594.SZ,2022-07-25,105.536,105.869,103.536,104.519,115017
300750.SZ,2022-07-25,273.706,274.789,266.484,268.012,86489
510300.SH,2022-07-25,3.941,3.944,3.909,3.927,2516761
600036.SH,2022-07-25,27.654,28.254,27.494,28.124,404649
600276.SH,2022-07-25,38.241,38.621,37.561,37.721,263742
600519.SH,2022-07-25,1748.244,1751.034,1729.734,1743.384,16912
600900.SH,2022-07-25,20.586,20.656,20.376,20.516,241719
601318.SH,2022-07-25,32.006,32.126,31.726,31.926,225135
601857.SH,2022-07-25,3.397,3.427,3.367,3.387,634401
601899.SH,2022-07-25,6.82,6.93,6.82,6.86,1298782
688981.SH,2022-07-25,41.55,42.43,41.34,41.82,15102379
000651.SZ,2022-07-26,21.938,21.938,21.568,21.848,377140
000858.SZ,2022-07-26,169.507,172.647,169.327,171.637,137474
002594.SZ,2022-07-26,104.362,106.096,103.536,105.202,107656
300750.SZ,2022-07-26,268.028,271.484,264.401,268.151,79693
510300.SH,2022-07-26,3.933,3.976,3.93,3.956,3762545
600036.SH,2022-07-26,28.124,28.624,28.064,28.604,456285
600276.SH,2022-07-26,37.751,38.241,35.241,35.411,997684
600519.SH,2022-07-26,1751.724,1763.704,1745.754,1748.944,20685
600900.SH,2022-07-26,20.496,20.666,20.426,20.516,266513
601318.SH,2022-07-26,31.956,32.296,31.926,32.206,228474
601857.SH,2022-07-26,3.407,3.457,3.407,3.447,795169
601899.SH,2022-07-26,6.89,7.07,6.86,7.06,2219523
688981.SH,2022-07-26,41.82,42.08,41.21,41.54,9749024
000651.SZ,2022-07-27,21.648,21.718,21.078,21.128,437985
000858.SZ,2022-07-27,170.697,171.657,168.207,168.747,97491
002594.SZ,2022-07-27,104.869,106.802,103.872,105.469,91056
300750.SZ,2022-07-27,267.873,268.206,262.151,264.373,93355
510300.SH,2022-07-27,3.946,3.953,3.924,3.932,2571786
600036.SH,2022-07-27,28.504,28.624,28.184,28.324,442471
600276.SH,2022-07-27,35.241,36.151,35.141,35.471,374379
600519.SH,2022-07-27,1740.734,1746.734,1715.734,1718.334,21490
600900.SH,2022-07-27,20.516,20.576,20.316,20.336,258844
601318.SH,2022-07-27,32.066,32.186,31.706,31.796,296399
601857.SH,2022-07-27,3.427,3.457,3.397,3.407,726271
601899.SH,2022-07-27,7.03,7.04,6.91,6.96,1272750
688981.SH,2022-07-27,41.55,41.55,40.92,40.96,13559662
000651.SZ,2022-07-28,21.158,21.338,20.998,21.028,312832
000858.SZ,2022-07-28,169.097,171.147,167.497,167.767,92609
002594.SZ,2022-07-28,106.542,107.352,104.869,105.346,109065
300750.SZ,2022-07-28,266.206,270.762,263.162,264.595,92675
510300.SH,2022-07-28,3.948,3.986,3.931,3.935,3695810
600036.SH,2022-07-28,28.374,28.624,28.024,28.054,570668
600276.SH,2022-07-28,35.361,35.731,34.741,35.341,436470
600519.SH,2022-07-28,1719.834,1736.734,1691.394,1696.734,34870
600900.SH,2022-07-28,20.366,20.616,20.216,20.316,293326
601318.SH,2022-07-28,31.906,32.256,31.716,31.726,348750
601857.SH,2022-07-28,3.457,3.487,3.427,3.447,797317
601899.SH,2022-07-28,7.09,7.3,7.07,7.12,2540463
688981.SH,2022-07-28,41.19,41.45,40.97,40.98,14774946
000651.SZ,2022-07-29,21.238,21.368,20.918,20.978,390446
000858.SZ,2022-07-29,167.137,167.137,158.447,159.047,340311
002594.SZ,2022-07-29,104.571,106.171,102.891,103.691,114854
300750.SZ,2022-07-29,269.234,269.262,257.656,260.706,119125
510300.SH,2022-07-29,3.939,3.961,3.867,3.876,4712654
600036.SH,2022-07-29,28.104,28.454,27.284,27.344,649706
600276.SH,2022-07-29,35.361,35.641,34.421,34.531,377162
600519.SH,2022-07-29,1693.834,1717.724,1676.834,1697.174,37032
600900.SH,2022-07-29,20.406,20.646,20.246,20.296,356801
601318.SH,2022-07-29,31.796,32.156,31.106,31.126,460704
601857.SH,2022-07-29,3.437,3.497,3.387,3.397,807011
601899.SH,2022-07-29,7.21,7.22,7.05,7.08,1782303
688981.SH,2022-07-29,41.13,41.13,40.03,40.09,19612306
000651.SZ,2022-08-01,20.918,20.958,20.538,20.728,337580
000858.SZ,2022-08-01,159.147,160.637,157.467,159.227,156082
002594.SZ,2022-08-01,102.897,107.597,102.344,107.084,187584
300750.SZ,2022-08-01,260.301,275.817,258.484,275.328,162992
510300.SH,2022-08-01,3.862,3.904,3.837,3.894,2983915
600036.SH,2022-08-01,27.264,27.284,26.724,26.794,705883
600276.SH,2022-08-01,34.521,34.821,33.851,34.421,263278
600519.SH,2022-08-01,1688.744,1706.734,1679.914,1689.034,21037
600900.SH,2022-08-01,20.296,20.416,20.036,20.196,368129
601318.SH,2022-08-01,31.116,31.126,30.756,30.846,306551
601857.SH,2022-08-01,3.397,3.437,3.367,3.417,745000
601899.SH,2022-08-01,7.09,7.1,6.93,6.99,1492920
688981.SH,2022-08-01,40.07,40.19,39.5,40.18,12491334
000651.SZ,2022-08-02,20.428,20.438,19.398,19.578,568092
000858.SZ,2022-08-02,157.547,159.307,153.727,156.307,176738
002594.SZ,2022-08-02,105.204,107.064,104.004,105.771,156643
300750.SZ,2022-08-02,268.306,273.951,266.734,269.189,121430
510300.SH,2022-08-02,3.866,3.866,3.788,3.823,5439733
600036.SH,2022-08-02,26.474,26.484,25.604,26.184,811608
600276.SH,2022-08-02,34.241,34.241,33.121,33.441,456818
600519.SH,2022-08-02,1678.734,1686.714,1656.744,1678.714,28221
600900.SH,2022-08-02,20.066,20.236,19.916,20.036,395205
601318.SH,2022-08-02,30.536,30.556,29.536,30.176,604008
601857.SH,2022-08-02,3.357,3.357,3.237,3.317,1319035
601899.SH,2022-08-02,6.88,6.88,6.66,6.75,2015350
688981.SH,2022-08-02,39.8,39.8,38.5,38.98,24768110
000651.SZ,2022-08-03,19.518,19.918,19.418,19.538,359144
000858.SZ,2022-08-03,156.527,160.147,154.947,155.237,154031
002594.SZ,2022-08-03,105.804,108.521,103.201,104.234,188723
300750.SZ,2022-08-03,269.262,274.751,255.262,258.151,170256
510300.SH,2022-08-03,3.836,3.865,3.767,3.778,3766628
600036.SH,2022-08-03,26.174,26.764,25.224,25.334,1003206
600276.SH,2022-08-03,33.481,34.491,33.481,33.941,367133
600519.SH,2022-08-03,1688.724,1702.734,1675.734,1683.734,24598
600900.SH,2022-08-03,20.086,20.236,19.826,19.856,320413
601318.SH,2022-08-03,30.146,30.406,29.746,29.836,407852
601857.SH,2022-08-03,3.307,3.357,3.277,3.277,812799
601899.SH,2022-08-03,6.71,6.85,6.62,6.64,1571314
688981.SH,2022-08-03,39.0,42.59,38.99,41.6,60813970
000651.SZ,2022-08-04,19.678,19.968,19.418,19.878,374221
000858.SZ,2022-08-04,155.247,158.137,155.097,157.427,133686
002594.SZ,2022-08-04,106.237,107.394,104.271,105.837,186637
300750.SZ,2022-08-04,259.817,260.978,253.206,256.428,113651
510300.SH,2022-08-04,3.795,3.818,3.778,3.809,2617509
600036.SH,2022-08-04,25.604,25.974,25.504,25.934,593073
600276.SH,2022-08-04,34.231,36.001,34.191,35.951,643002
600519.SH,2022-08-04,1688.734,1721.834,1678.864,1714.744,30357
600900.SH,2022-08-04,19.966,20.316,19.826,20.266,314619
601318.SH,2022-08-04,30.126,30.306,29.906,30.086,251163
601857.SH,2022-08-04,3.277,3.297,3.237,3.267,797984
601899.SH,2022-08-04,6.69,6.77,6.62,6.7,1338396
688981.SH,2022-08-04,41.96,42.81,41.46,42.49,47905185
000651.SZ,2022-08-05,20.174,20.414,19.774,20.414,452306
000858.SZ,2022-08-05,158.097,160.147,156.857,159.827,127017
002594.SZ,2022-08-05,106.904,107.534,102.997,105.067,157564
300750.SZ,2022-08-05,255.928,263.651,253.151,259.067,121831
510300.SH,2022-08-05,3.812,3.88,3.809,3.874,3933852
600036.SH,2022-08-05,26.084,26.614,25.894,26.574,488719
600276.SH,2022-08-05,36.181,37.331,36.151,37.271,599976
600519.SH,2022-08-05,1726.534,1733.734,1703.634,1722.694,20086
600900.SH,2022-08-05,20.336,20.516,20.216,20.496,240371
601318.SH,2022-08-05,30.296,30.686,29.986,30.546,296710
601857.SH,2022-08-05,3.247,3.257,3.197,3.247,1500537
601899.SH,2022-08-05,6.79,7.0,6.77,6.97,2523222
688981.SH,2022-08-05,42.55,44.62,42.01,44.34,68800416
000651.SZ,2022-08-08,20.284,20.414,20.114,20.234,271424
000858.SZ,2022-08-08,158.947,162.177,158.147,158.557,130251
002594.SZ,2022-08-08,104.274,105.204,103.237,104.021,129488
300750.SZ,2022-08-08,253.706,259.362,249.817,256.762,89647
510300.SH,2022-08-08,3.857,3.875,3.849,3.86,1572824
600036.SH,2022-08-08,26.464,26.764,25.894,26.184,572112
600276.SH,2022-08-08,37.421,37.791,36.751,37.331,348084
600519.SH,2022-08-08,1713.884,1731.614,1706.244,1710.264,16799
600900.SH,2022-08-08,20.486,20.716,20.426,20.556,186789
601318.SH,2022-08-08,30.306,30.546,30.006,30.186,301594
601857.SH,2022-08-08,3.227,3.267,3.217,3.257,692015
601899.SH,2022-08-08,6.95,6.96,6.84,6.87,1898774
688981.SH,2022-08-08,44.29,44.29,42.57,43.0,53988963
000651.SZ,2022-08-09,20.224,20.534,20.164,20.294,235961
000858.SZ,2022-08-09,157.697,158.647,156.867,157.627,85386
002594.SZ,2022-08-09,103.964,104.837,102.954,103.477,116107
300750.SZ,2022-08-09,256.484,266.262,254.539,262.351,113079
510300.SH,2022-08-09,3.858,3.875,3.846,3.867,2418244
600036.SH,2022-08-09,26.224,26.224,25.674,25.874,498671
600276.SH,2022-08-09,37.241,37.241,36.291,36.571,280720
600519.SH,2022-08-09,1710.264,1717.724,1703.734,1708.734,13875
600900.SH,2022-08-09,20.556,20.696,20.416,20.446,213611
601318.SH,2022-08-09,30.176,30.216,29.926,29.966,251397
601857.SH,2022-08-09,3.267,3.327,3.257,3.297,762813
601899.SH,2022-08-09,6.88,6.98,6.83,6.94,1756225
688981.SH,2022-08-09,43.05,43.16,42.22,43.11,31403374
000651.SZ,2022-08-10,20.424,20.454,20.014,20.104,199205
000858.SZ,2022-08-10,156.227,158.147,153.647,154.647,143549
002594.SZ,2022-08-10,103.471,103.471,98.571,99.687,258499
300750.SZ,2022-08-10,261.539,263.039,255.928,258.139,80491
510300.SH,2022-08-10,3.858,3.872,3.804,3.822,2037632
600036.SH,2022-08-10,25.834,25.974,25.304,25.424,529605
600276.SH,2022-08-10,36.541,36.791,35.671,36.091,329821
600519.SH,2022-08-10,1708.714,1716.734,1663.314,1674.734,27927
600900.SH,2022-08-10,20.516,20.546,20.216,20.306,175136
601318.SH,2022-08-10,29.966,30.086,29.366,29.406,460089
601857.SH,2022-08-10,3.297,3.367,3.287,3.327,714483
601899.SH,2022-08-10,6.95,7.13,6.95,6.99,2228111
688981.SH,2022-08-10,42.99,43.49,42.5,42.5,29781698
000651.SZ,2022-08-11,20.184,20.534,20.164,20.514,242736
000858.SZ,2022-08-11,155.637,158.557,155.197,158.557,139671
002594.SZ,2022-08-11,100.714,102.201,98.771,101.911,165445
300750.SZ,2022-08-11,258.228,263.162,252.595,261.484,98007
510300.SH,2022-08-11,3.839,3.916,3.832,3.91,3480503
600036.SH,2022-08-11,25.734,26.674,25.454,26.634,826688
600276.SH,2022-08-11,36.241,36.901,35.861,36.671,329243
600519.SH,2022-08-11,1684.734,1705.734,1676.744,1705.634,26061
600900.SH,2022-08-11,20.326,20.516,20.186,20.416,258411
601318.SH,2022-08-11,29.596,30.686,29.426,30.466,610701
601857.SH,2022-08-11,3.357,3.397,3.337,3.387,698640
601899.SH,2022-08-11,7.03,7.18,7.01,7.18,2781148
688981.SH,2022-08-11,42.99,43.95,42.8,43.48,33899920
000651.SZ,2022-08-12,20.564,20.674,20.404,20.574,227250
000858.SZ,2022-08-12,158.947,160.307,157.357,159.347,108619
002594.SZ,2022-08-12,101.911,102.331,100.237,100.881,101338
300750.SZ,2022-08-12,261.595,262.595,254.773,257.039,73838
510300.SH,2022-08-12,3.908,3.922,3.894,3.911,2055898
600036.SH,2022-08-12,26.434,26.714,26.304,26.644,402001
600276.SH,2022-08-12,36.651,37.041,36.341,36.681,226887
600519.SH,2022-08-12,1705.634,1728.734,1698.734,1726.734,20260
600900.SH,2022-08-12,20.416,20.656,20.356,20.646,213291
601318.SH,2022-08-12,30.266,30.766,30.146,30.616,359933
601857.SH,2022-08-12,3.417,3.447,3.397,3.437,803578
601899.SH,2022-08-12,7.21,7.35,7.11,7.34,3098728
688981.SH,2022-08-12,43.39,43.4,42.68,42.71,23042373
000651.SZ,2022-08-15,20.684,21.034,20.434,20.574,316415
000858.SZ,2022-08-15,158.277,160.247,156.347,156.647,138440
002594.SZ,2022-08-15,100.971,103.314,100.644,101.974,135119
300750.SZ,2022-08-15,258.645,268.706,257.528,264.873,137575
510300.SH,2022-08-15,3.898,3.942,3.894,3.901,2328228
600036.SH,2022-08-15,26.374,26.604,25.804,26.004,459181
600276.SH,2022-08-15,36.611,36.891,36.121,36.141,259248
600519.SH,2022-08-15,1719.194,1738.234,1714.284,1718.624,19323
600900.SH,2022-08-15,20.536,20.716,20.366,20.426,282339
601318.SH,2022-08-15,30.436,30.766,30.136,30.146,332769
601857.SH,2022-08-15,3.367,3.427,3.327,3.387,850920
601899.SH,2022-08-15,7.35,7.47,7.16,7.19,3018555
688981.SH,2022-08-15,42.66,42.66,41.83,41.84,25226413
000651.SZ,2022-08-16,20.634,20.714,20.454,20.544,193407
000858.SZ,2022-08-16,156.617,157.947,155.347,155.877,109975
002594.SZ,2022-08-16,102.171,104.201,102.071,103.211,157243
300750.SZ,2022-08-16,266.984,277.039,266.028,269.151,160974
510300.SH,2022-08-16,3.906,3.928,3.883,3.891,1684834
600036.SH,2022-08-16,26.134,26.644,26.024,26.184,479155
600276.SH,2022-08-16,36.141,36.671,35.601,35.691,265368
600519.SH,2022-08-16,1722.674,1732.524,1714.734,1716.574,14836
600900.SH,2022-08-16,20.446,20.666,20.256,20.316,334412
601318.SH,2022-08-16,30.346,30.476,29.906,29.996,277390
601857.SH,2022-08-16,3.347,3.367,3.297,3.337,912829
601899.SH,2022-08-16,7.15,7.2,7.05,7.18,1810313
688981.SH,2022-08-16,41.84,42.09,41.5,41.63,16240000
000651.SZ,2022-08-17,20.564,20.704,20.124,20.664,293996
000858.SZ,2022-08-17,155.957,157.617,154.667,156.847,122116
002594.SZ,2022-08-17,103.567,106.771,102.477,106.214,210871
300750.SZ,2022-08-17,271.195,283.69,269.251,282.04,183507
510300.SH,2022-08-17,3.892,3.943,3.867,3.932,2810228
600036.SH,2022-08-17,26.274,26.604,25.814,26.514,453955
600276.SH,2022-08-17,35.541,36.101,35.391,35.871,258070
600519.SH,2022-08-17,1728.734,1728.734,1693.734,1716.734,18361
600900.SH,2022-08-17,20.286,20.286,19.796,19.976,563318
601318.SH,2022-08-17,30.056,30.486,29.726,30.296,375722
601857.SH,2022-08-17,3.337,3.367,3.307,3.357,553784
601899.SH,2022-08-17,7.19,7.2,7.05,7.17,1488300
688981.SH,2022-08-17,41.62,42.14,41.62,41.79,13982915
000651.SZ,2022-08-18,20.554,20.564,20.084,20.114,341891
000858.SZ,2022-08-18,155.647,155.847,152.657,154.077,179552
002594.SZ,2022-08-18,105.904,106.904,104.851,105.584,142790
300750.SZ,2022-08-18,282.04,289.262,279.512,280.817,142800
510300.SH,2022-08-18,3.926,3.93,3.89,3.895,1999681
600036.SH,2022-08-18,26.404,26.444,25.714,25.994,507344
600276.SH,2022-08-18,35.661,35.841,34.961,35.281,274331
600519.SH,2022-08-18,1706.734,1711.814,1679.804,1694.234,23168
600900.SH,2022-08-18,19.896,20.056,19.796,19.816,280852
601318.SH,2022-08-18,30.156,30.186,29.766,29.816,294080
601857.SH,2022-08-18,3.357,3.387,3.297,3.307,725386
601899.SH,2022-08-18,7.1,7.11,7.02,7.04,1461353
688981.SH,2022-08-18,41.8,42.14,41.62,41.88,14674531
000651.SZ,2022-08-19,20.124,20.434,20.084,20.144,257700
000858.SZ,2022-08-19,153.147,155.797,152.647,154.307,126038
002594.SZ,2022-08-19,105.247,106.051,102.571,103.367,124289
300750.SZ,2022-08-19,283.151,283.534,272.606,273.706,107696
510300.SH,2022-08-19,3.891,3.907,3.863,3.865,2894411
600036.SH,2022-08-19,25.754,26.424,25.734,26.124,428450
600276.SH,2022-08-19,35.131,35.631,35.041,35.141,232145
600519.SH,2022-08-19,1696.734,1707.084,1686.734,1693.744,13544
600900.SH,2022-08-19,19.656,20.036,19.546,20.006,383746
601318.SH,2022-08-19,29.706,30.266,29.626,29.976,324629
601857.SH,2022-08-19,3.337,3.417,3.327,3.377,1019166
601899.SH,2022-08-19,7.05,7.09,6.99,6.99,1309137
688981.SH,2022-08-19,41.8,42.07,40.98,40.99,19021260
000651.SZ,2022-08-22,20.144,20.434,20.014,20.174,256306
000858.SZ,2022-08-22,152.947,154.097,150.907,152.147,155130
002594.SZ,2022-08-22,102.237,105.601,100.977,104.601,147668
300750.SZ,2022-08-22,274.817,286.851,271.039,284.556,143054
510300.SH,2022-08-22,3.856,3.904,3.852,3.892,3109324
600036.SH,2022-08-22,25.814,26.394,25.774,25.894,525635
600276.SH,2022-08-22,33.751,34.771,32.841,34.281,604420
600519.SH,2022-08-22,1683.744,1705.734,1680.114,1692.714,15427
600900.SH,2022-08-22,19.876,20.206,19.846,19.896,308109
601318.SH,2022-08-22,29.856,30.396,29.806,30.156,339719
601857.SH,2022-08-22,3.377,3.437,3.367,3.427,945468
601899.SH,2022-08-22,7.04,7.27,6.96,7.2,2216487
688981.SH,2022-08-22,40.98,41.27,40.21,41.09,13214187
000651.SZ,2022-08-23,20.084,20.094,19.834,19.914,276981
000858.SZ,2022-08-23,152.347,152.937,148.147,148.647,229248
002594.SZ,2022-08-23,104.904,105.421,103.231,104.107,93000
300750.SZ,2022-08-23,283.695,291.851,281.178,287.534,131562
510300.SH,2022-08-23,3.889,3.906,3.859,3.878,2758776
600036.SH,2022-08-23,25.864,25.874,25.294,25.374,539657
600276.SH,2022-08-23,34.271,34.871,33.671,33.861,327830
600519.SH,2022-08-23,1697.334,1697.334,1665.734,1668.744,23756
600900.SH,2022-08-23,19.866,19.896,19.626,19.646,376747
601318.SH,2022-08-23,30.026,30.156,29.686,29.726,331480
601857.SH,2022-08-23,3.427,3.517,3.387,3.497,1437970
601899.SH,2022-08-23,7.15,7.2,7.08,7.15,1346530
688981.SH,2022-08-23,41.07,41.08,40.6,40.66,9774062
000651.SZ,2022-08-24,19.904,20.014,19.694,19.724,272726
000858.SZ,2022-08-24,148.607,150.147,146.647,147.887,180255
002594.SZ,2022-08-24,104.131,104.557,100.004,100.071,186783
300750.SZ,2022-08-24,296.501,297.595,268.151,269.262,300684
510300.SH,2022-08-24,3.89,3.894,3.792,3.801,4031611
600036.SH,2022-08-24,25.414,25.714,25.074,25.114,589659
600276.SH,2022-08-24,33.861,34.491,33.701,33.721,279635
600519.SH,2022-08-24,1668.724,1673.964,1649.734,1652.934,18728
600900.SH,2022-08-24,19.646,19.836,19.566,19.576,276685
601318.SH,2022-08-24,30.356,31.446,30.356,30.616,1157330
601857.SH,2022-08-24,3.587,3.627,3.507,3.527,1830263
601899.SH,2022-08-24,7.19,7.3,7.01,7.03,1875311
688981.SH,2022-08-24,40.7,40.71,39.68,39.7,19312811
000651.SZ,2022-08-25,19.814,20.044,19.584,20.044,290181
000858.SZ,2022-08-25,148.537,150.627,147.877,150.057,174854
002594.SZ,2022-08-25,100.091,100.597,97.791,100.097,140221
300750.SZ,2022-08-25,269.817,270.667,258.756,263.706,180175
510300.SH,2022-08-25,3.809,3.842,3.78,3.837,3325107
600036.SH,2022-08-25,25.174,26.044,24.864,25.964,650739
600276.SH,2022-08-25,33.781,34.381,33.131,34.231,263564
600519.SH,2022-08-25,1657.734,1686.734,1652.934,1683.734,21925
600900.SH,2022-08-25,19.626,20.066,19.626,20.006,281824
601318.SH,2022-08-25,30.856,32.236,30.686,32.106,1105726
601857.SH,2022-08-25,3.567,3.687,3.547,3.687,2373406
601899.SH,2022-08-25,7.05,7.3,7.02,7.28,3130892
688981.SH,2022-08-25,39.7,39.99,39.35,39.88,12526564
000651.SZ,2022-08-26,20.184,20.284,19.814,19.834,220313
000858.SZ,2022-08-26,152.527,154.447,150.207,150.747,243787
002594.SZ,2022-08-26,101.234,102.881,100.237,102.147,122127
300750.SZ,2022-08-26,263.151,266.473,257.595,259.695,122170
510300.SH,2022-08-26,3.835,3.857,3.824,3.831,2268554
600036.SH,2022-08-26,25.974,26.314,25.604,25.974,549683
600276.SH,2022-08-26,34.331,34.571,33.941,34.011,212095
600519.SH,2022-08-26,1698.734,1710.734,1684.734,1696.734,23142
600900.SH,2022-08-26,19.996,19.996,19.686,19.806,279533
601318.SH,2022-08-26,32.116,32.326,31.526,32.126,726726
601857.SH,2022-08-26,3.677,3.697,3.597,3.637,1893490
601899.SH,2022-08-26,7.33,7.4,7.27,7.3,2495394
688981.SH,2022-08-26,40.01,40.37,39.92,40.27,10976679
000651.SZ,2022-08-29,19.604,20.054,19.534,20.014,244285
000858.SZ,2022-08-29,148.087,150.197,145.647,145.997,254306
002594.SZ,2022-08-29,101.461,102.527,100.734,101.421,85912
300750.SZ,2022-08-29,257.589,259.695,253.884,257.039,112610
510300.SH,2022-08-29,3.797,3.817,3.781,3.806,2345945
600036.SH,2022-08-29,25.584,26.094,25.384,25.554,389014
600276.SH,2022-08-29,33.391,33.851,33.291,33.471,176266
600519.SH,2022-08-29,1681.734,1698.704,1672.734,1677.554,13570
600900.SH,2022-08-29,19.666,19.866,19.566,19.716,266743
601318.SH,2022-08-29,31.806,32.226,31.496,32.076,449893
601857.SH,2022-08-29,3.627,3.687,3.597,3.677,1360982
601899.SH,2022-08-29,7.15,7.19,7.06,7.17,1462731
688981.SH,2022-08-29,40.0,40.26,39.86,40.08,10769798
000651.SZ,2022-08-30,20.034,20.414,20.024,20.234,233617
000858.SZ,2022-08-30,144.647,145.407,142.837,144.677,186433
002594.SZ,2022-08-30,102.071,103.071,100.237,100.521,110247
300750.SZ,2022-08-30,257.039,257.039,248.039,251.206,156161
510300.SH,2022-08-30,3.81,3.812,3.762,3.797,2320948
600036.SH,2022-08-30,25.384,26.144,25.354,26.064,590877
600276.SH,2022-08-30,33.501,33.811,32.641,32.911,309316
600519.SH,2022-08-30,1681.084,1683.734,1652.934,1668.734,18235
600900.SH,2022-08-30,19.716,19.786,19.536,19.696,230440
601318.SH,2022-08-30,31.986,32.296,31.516,31.896,388929
601857.SH,2022-08-30,3.727,3.767,3.627,3.667,1140079
601899.SH,2022-08-30,7.14,7.17,7.01,7.05,1409104
688981.SH,2022-08-30,40.08,40.39,39.91,40.1,9654250
000651.SZ,2022-08-31,21.584,21.834,21.204,21.614,1401503
000858.SZ,2022-08-31,143.547,148.627,143.147,147.837,267333
002594.SZ,2022-08-31,93.904,95.771,91.571,92.897,408060
300750.SZ,2022-08-31,245.756,250.262,241.773,246.484,174502
510300.SH,2022-08-31,3.78,3.838,3.769,3.797,5552796
600036.SH,2022-08-31,25.814,27.514,25.744,27.324,1665451
600276.SH,2022-08-31,32.661,34.231,32.621,33.901,356546
600519.SH,2022-08-31,1658.834,1724.294,1658.744,1722.734,44692
600900.SH,2022-08-31,19.746,20.396,19.696,20.396,810053
601318.SH,2022-08-31,31.716,33.276,31.666,32.846,842238
601857.SH,2022-08-31,3.577,3.587,3.507,3.537,1353303
601899.SH,2022-08-31,6.97,7.06,6.91,6.95,1856120
688981.SH,2022-08-31,40.2,40.35,39.63,40.21,14466331
000651.SZ,2022-09-01,21.584,23.274,21.514,22.534,1571213
000858.SZ,2022-09-01,146.647,146.647,143.947,144.207,158442
002594.SZ,2022-09-01,91.904,95.104,91.581,92.471,192582
300750.SZ,2022-09-01,244.817,247.595,237.406,237.895,154766
510300.SH,2022-09-01,3.786,3.809,3.754,3.763,3202516
600036.SH,2022-09-01,27.134,27.314,26.764,26.774,607421
600276.SH,2022-09-01,33.891,34.101,33.331,33.581,242547
600519.SH,2022-09-01,1710.884,1714.734,1679.624,1679.624,26845
600900.SH,2022-09-01,20.146,20.496,20.036,20.326,377806
601318.SH,2022-09-01,32.606,33.136,32.416,32.656,455213
601857.SH,2022-09-01,3.517,3.627,3.497,3.557,1203356
601899.SH,2022-09-01,6.9,6.9,6.8,6.8,1553012
688981.SH,2022-09-01,40.23,40.61,39.8,39.95,13126487
000651.SZ,2022-09-02,22.784,22.914,22.184,22.704,771270
000858.SZ,2022-09-02,145.137,145.137,141.657,142.487,155924
002594.SZ,2022-09-02,93.137,93.437,89.604,90.904,161662
300750.SZ,2022-09-02,241.973,242.595,234.695,237.184,115609
510300.SH,2022-09-02,3.766,3.775,3.72,3.74,2637374
600036.SH,2022-09-02,26.874,27.174,26.394,26.594,476635
600276.SH,2022-09-02,33.731,34.421,32.941,33.141,266194
600519.SH,2022-09-02,1688.674,1691.694,1664.904,1673.734,19391
600900.SH,2022-09-02,20.316,20.586,20.146,20.236,291597
601318.SH,2022-09-02,32.896,33.286,32.266,32.706,449145
601857.SH,2022-09-02,3.557,3.647,3.537,3.617,1016597
601899.SH,2022-09-02,6.77,6.8,6.65,6.67,1566370
688981.SH,2022-09-02,40.06,40.66,39.94,40.4,13947965
000651.SZ,2022-09-05,22.674,23.234,22.494,23.044,591181
000858.SZ,2022-09-05,140.647,140.997,137.717,139.667,224320
002594.SZ,2022-09-05,86.571,87.197,83.937,86.491,351208
300750.SZ,2022-09-05,234.823,240.373,233.156,238.351,91100
510300.SH,2022-09-05,3.731,3.739,3.696,3.738,2158650
600036.SH,2022-09-05,26.524,26.664,25.834,26.504,467372
600276.SH,2022-09-05,33.041,33.341,32.541,32.971,222204
600519.SH,2022-09-05,1661.374,1667.734,1618.734,1633.734,36822
600900.SH,2022-09-05,20.126,20.316,19.926,20.236,311539
601318.SH,2022-09-05,32.506,32.906,32.026,32.806,417491
601857.SH,2022-09-05,3.647,3.777,3.637,3.757,1820157
601899.SH,2022-09-05,6.67,6.75,6.61,6.74,1221012
688981.SH,2022-09-05,40.15,40.15,39.78,39.94,9698070
000651.SZ,2022-09-06,23.044,23.184,22.434,22.844,486221
000858.SZ,2022-09-06,139.667,141.997,138.917,141.177,146938
002594.SZ,2022-09-06,86.494,88.387,85.974,87.884,189903
300750.SZ,2022-09-06,238.151,238.351,224.751,231.039,275246
510300.SH,2022-09-06,3.751,3.772,3.73,3.767,2641015
600036.SH,2022-09-06,26.594,27.024,25.774,25.894,877561
600276.SH,2022-09-06,33.171,33.441,32.861,33.121,180244
600519.SH,2022-09-06,1634.094,1646.934,1623.734,1643.734,20830
600900.SH,2022-09-06,20.266,20.396,20.146,20.166,343371
601318.SH,2022-09-06,32.906,33.456,32.526,32.906,449772
601857.SH,2022-09-06,3.767,3.827,3.727,3.807,1439710
601899.SH,2022-09-06,6.77,7.0,6.76,6.99,1841904
688981.SH,2022-09-06,39.8,40.1,39.78,40.05,9394026
000651.SZ,2022-09-07,22.784,22.834,22.434,22.654,401412
000858.SZ,2022-09-07,140.647,140.657,138.647,139.587,141508
002594.SZ,2022-09-07,87.571,91.921,87.104,91.137,190873
300750.SZ,2022-09-07,228.978,242.867,228.151,241.439,216777
510300.SH,2022-09-07,3.753,3.787,3.75,3.775,1835728
600036.SH,2022-09-07,25.624,25.754,25.334,25.654,625220
600276.SH,2022-09-07,32.841,32.961,32.401,32.671,247838
600519.SH,2022-09-07,1633.764,1636.394,1609.744,1616.744,28306
600900.SH,2022-09-07,20.016,20.056,19.836,19.986,423952
601318.SH,2022-09-07,32.606,32.816,32.166,32.606,376411
601857.SH,2022-09-07,3.757,3.797,3.717,3.777,1063078
601899.SH,2022-09-07,6.95,7.16,6.91,7.09,1922969
688981.SH,2022-09-07,40.04,40.63,39.99,40.23,16277828
000651.SZ,2022-09-08,22.734,23.124,22.594,22.864,316306
000858.SZ,2022-09-08,140.657,141.997,139.527,139.717,148672
002594.SZ,2022-09-08,91.237,91.901,89.237,89.657,116429
300750.SZ,2022-09-08,238.345,239.817,227.317,227.873,215526
510300.SH,2022-09-08,3.779,3.787,3.756,3.757,1716322
600036.SH,2022-09-08,25.644,25.804,25.524,25.574,416672
600276.SH,2022-09-08,32.841,33.641,32.741,32.971,274555
600519.SH,2022-09-08,1618.734,1630.734,1613.734,1613.734,16591
600900.SH,2022-09-08,20.036,20.266,19.946,20.066,259446
601318.SH,2022-09-08,32.846,33.256,32.666,32.846,321298
601857.SH,2022-09-08,3.707,3.767,3.637,3.727,1320468
601899.SH,2022-09-08,7.15,7.26,7.05,7.21,2997282
688981.SH,2022-09-08,40.21,40.23,39.92,39.94,9052453
000651.SZ,2022-09-09,22.984,24.634,22.944,24.354,1113250
000858.SZ,2022-09-09,139.757,142.297,139.007,142.107,203188
002594.SZ,2022-09-09,90.567,90.734,89.234,90.137,76098
300750.SZ,2022-09-09,229.595,230.612,226.206,229.384,122468
510300.SH,2022-09-09,3.763,3.823,3.762,3.815,3929759
600036.SH,2022-09-09,25.724,27.034,25.654,26.774,1351666
600276.SH,2022-09-09,32.901,34.111,32.901,34.021,414174
600519.SH,2022-09-09,1623.734,1650.734,1614.734,1643.524,27090
600900.SH,2022-09-09,20.166,20.476,20.076,20.326,354353
601318.SH,2022-09-09,32.996,33.786,32.856,33.696,577867
601857.SH,2022-09-09,3.777,3.827,3.747,3.787,1229276
601899.SH,2022-09-09,7.3,7.43,7.28,7.34,3149438
688981.SH,2022-09-09,39.95,40.34,39.81,40.2,9435841
000651.SZ,2022-09-13,24.354,25.104,24.144,24.834,813359
000858.SZ,2022-09-13,144.527,145.617,142.347,144.277,224554
002594.SZ,2022-09-13,90.904,92.467,90.027,91.837,111524
300750.SZ,2022-09-13,233.151,233.817,226.401,231.989,102029
510300.SH,2022-09-13,3.822,3.851,3.818,3.829,3274312
600036.SH,2022-09-13,26.724,27.924,26.564,27.624,1438611
600276.SH,2022-09-13,34.041,34.891,33.821,34.761,362340
600519.SH,2022-09-13,1678.734,1687.114,1656.964,1677.734,28693
600900.SH,2022-09-13,20.266,20.326,20.076,20.206,273346
601318.SH,2022-09-13,33.686,34.376,33.356,34.066,529663
601857.SH,2022-09-13,3.827,3.847,3.747,3.747,1049312
601899.SH,2022-09-13,7.37,7.53,7.36,7.44,2964549
688981.SH,2022-09-13,40.27,40.64,40.27,40.4,10178650
000651.SZ,2022-09-14,24.384,24.724,24.244,24.604,417907
000858.SZ,2022-09-14,142.647,143.877,141.627,143.047,143438
002594.SZ,2022-09-14,90.904,91.504,88.991,89.681,105151
300750.SZ,2022-09-14,228.151,229.817,216.084,219.428,258938
510300.SH,2022-09-14,3.79,3.811,3.77,3.783,4299139
600036.SH,2022-09-14,27.174,27.574,26.984,27.134,560786
600276.SH,2022-09-14,34.331,35.061,33.961,34.921,291787
600519.SH,2022-09-14,1662.744,1678.734,1661.734,1667.734,16042
600900.SH,2022-09-14,20.116,20.346,20.056,20.116,218759
601318.SH,2022-09-14,33.536,34.186,33.516,33.656,355084
601857.SH,2022-09-14,3.697,3.787,3.667,3.717,976924
601899.SH,2022-09-14,7.19,7.29,7.15,7.15,2289103
688981.SH,2022-09-14,39.98,40.38,39.9,40.18,9474712
000651.SZ,2022-09-15,24.684,25.404,24.484,24.784,666577
000858.SZ,2022-09-15,143.317,147.147,142.747,145.047,244932
002594.SZ,2022-09-15,90.237,90.404,85.874,86.737,152395
300750.SZ,2022-09-15,219.428,219.817,206.595,208.345,253836
510300.SH,2022-09-15,3.79,3.803,3.721,3.746,5888444
600036.SH,2022-09-15,27.424,28.334,27.424,28.284,1340950
600276.SH,2022-09-15,35.131,35.231,34.641,34.731,275193
600519.SH,2022-09-15,1668.734,1691.854,1668.694,1678.734,20810
600900.SH,2022-09-15,20.136,20.396,20.026,20.136,405831
601318.SH,2022-09-15,33.676,34.606,33.666,34.096,594442
601857.SH,2022-09-15,3.757,3.797,3.667,3.737,1040331
601899.SH,2022-09-15,7.2,7.23,7.05,7.1,1677908
688981.SH,2022-09-15,40.2,40.48,39.9,40.07,14224287
000651.SZ,2022-09-16,24.924,25.324,24.274,24.274,578309
000858.SZ,2022-09-16,144.647,145.437,141.427,141.727,178052
002594.SZ,2022-09-16,86.237,87.387,85.024,85.564,104476
300750.SZ,2022-09-16,208.317,210.539,205.373,205.928,149632
510300.SH,2022-09-16,3.733,3.743,3.652,3.656,7257809
600036.SH,2022-09-16,27.964,28.274,27.194,27.224,865161
600276.SH,2022-09-16,34.741,34.921,33.971,34.071,316296
600519.SH,2022-09-16,1670.534,1684.334,1653.844,1657.734,24121
600900.SH,2022-09-16,20.146,20.256,19.876,19.876,398815
601318.SH,2022-09-16,33.826,33.976,32.876,32.936,624920
601857.SH,2022-09-16,3.687,3.697,3.547,3.567,2677403
601899.SH,2022-09-16,7.05,7.07,6.75,6.83,2639633
688981.SH,2022-09-16,40.1,40.48,39.75,39.79,14490621
000651.SZ,2022-09-19,24.344,24.414,23.484,24.144,423704
000858.SZ,2022-09-19,141.397,145.777,140.167,143.667,172371
002594.SZ,2022-09-19,86.237,88.204,85.797,87.021,110950
300750.SZ,2022-09-19,205.723,212.373,205.395,207.967,139644
510300.SH,2022-09-19,3.65,3.671,3.631,3.645,3977904
600036.SH,2022-09-19,27.164,27.594,27.024,27.364,449981
600276.SH,2022-09-19,34.161,34.561,33.651,33.931,200495
600519.SH,2022-09-19,1653.734,1687.324,1651.614,1670.374,18584
600900.SH,2022-09-19,19.946,20.046,19.826,19.896,281287
601318.SH,2022-09-19,32.926,33.486,32.566,32.936,405383
601857.SH,2022-09-19,3.537,3.567,3.467,3.547,1322586
601899.SH,2022-09-19,6.87,6.9,6.72,6.77,1288440
688981.SH,2022-09-19,39.77,39.77,37.66,38.56,17303223
000651.SZ,2022-09-20,24.224,24.534,23.364,23.884,421638
000858.SZ,2022-09-20,144.647,146.607,142.817,146.437,184881
002594.SZ,2022-09-20,88.171,89.401,87.574,88.307,111245
300750.SZ,2022-09-20,210.373,217.039,208.706,212.045,165690
510300.SH,2022-09-20,3.662,3.679,3.636,3.647,3015150
600036.SH,2022-09-20,27.374,27.464,26.624,26.814,504346
600276.SH,2022-09-20,33.951,34.201,33.191,33.371,202237
600519.SH,2022-09-20,1668.714,1683.334,1657.284,1676.734,14116
600900.SH,2022-09-20,19.896,19.956,19.816,19.836,235486
601318.SH,2022-09-20,33.156,33.196,32.126,32.246,357650
601857.SH,2022-09-20,3.59,3.62,3.55,3.56,1020964
601899.SH,2022-09-20,6.84,6.93,6.79,6.85,1093191
688981.SH,2022-09-20,38.59,39.17,38.44,38.7,10071361
000651.SZ,2022-09-21,23.884,24.174,23.424,24.034,343764
000858.SZ,2022-09-21,145.837,146.417,143.947,144.097,127648
002594.SZ,2022-09-21,87.504,87.774,85.904,86.904,83754
300750.SZ,2022-09-21,209.817,213.406,207.801,211.651,88099
510300.SH,2022-09-21,3.636,3.646,3.599,3.617,3634886
600036.SH,2022-09-21,26.724,27.154,26.134,26.684,530389
600276.SH,2022-09-21,33.371,33.471,32.491,32.671,290762
600519.SH,2022-09-21,1675.404,1681.734,1646.734,1646.734,20995
600900.SH,2022-09-21,19.836,19.996,19.736,19.846,249728
601318.SH,2022-09-21,32.106,32.466,31.906,32.156,303537
601857.SH,2022-09-21,3.54,3.64,3.49,3.63,1002924
601899.SH,2022-09-21,6.8,6.89,6.72,6.86,1023118
688981.SH,2022-09-21,38.6,38.81,38.06,38.45,7719863
000651.SZ,2022-09-22,23.684,23.724,22.784,22.804,528416
000858.SZ,2022-09-22,142.647,142.937,139.197,139.547,182114
002594.SZ,2022-09-22,86.067,86.697,84.004,86.421,92800
300750.SZ,2022-09-22,208.873,211.484,203.706,208.701,96421
510300.SH,2022-09-22,3.601,3.62,3.576,3.588,2798468
600036.SH,2022-09-22,26.274,26.524,26.184,26.444,385146
600276.SH,2022-09-22,32.341,32.811,31.571,31.881,312046
600519.SH,2022-09-22,1638.734,1639.754,1615.584,1619.544,22704
600900.SH,2022-09-22,19.786,19.916,19.676,19.836,233920
601318.SH,2022-09-22,31.606,31.836,31.416,31.486,376230
601857.SH,2022-09-22,3.6,3.76,3.57,3.74,1331561
601899.SH,2022-09-22,6.76,6.9,6.74,6.8,986767
688981.SH,2022-09-22,38.33,38.78,38.21,38.45,7267657
000651.SZ,2022-09-23,22.804,23.134,22.434,22.764,326827
000858.SZ,2022-09-23,138.647,141.267,138.547,139.777,120259
002594.SZ,2022-09-23,85.934,86.827,84.997,85.704,79644
300750.SZ,2022-09-23,209.239,214.151,205.956,210.006,120185
510300.SH,2022-09-23,3.588,3.607,3.548,3.58,5202490
600036.SH,2022-09-23,26.274,26.934,26.274,26.634,366437
600276.SH,2022-09-23,31.741,32.901,31.601,32.171,341931
600519.SH,2022-09-23,1619.544,1653.734,1619.544,1633.164,28288
600900.SH,2022-09-23,19.706,19.926,19.706,19.746,275063
601318.SH,2022-09-23,31.416,32.446,31.416,32.026,375326
601857.SH,2022-09-23,3.71,3.92,3.71,3.84,1984612
601899.SH,2022-09-23,6.8,6.84,6.65,6.68,1397004
688981.SH,2022-09-23,38.4,38.57,37.88,38.14,7829218
000651.SZ,2022-09-26,22.454,23.134,22.394,22.544,298664
000858.SZ,2022-09-26,138.647,144.637,138.417,142.757,210416
002594.SZ,2022-09-26,85.704,88.904,84.764,87.887,143606
300750.SZ,2022-09-26,207.617,219.817,207.617,216.295,188352
510300.SH,2022-09-26,3.556,3.614,3.55,3.555,7560336
600036.SH,2022-09-26,26.294,26.794,26.114,26.224,525491
600276.SH,2022-09-26,32.171,32.541,31.121,31.141,345768
600519.SH,2022-09-26,1618.734,1686.734,1618.714,1661.734,35135
600900.SH,2022-09-26,19.696,19.836,19.466,19.466,402686
601318.SH,2022-09-26,31.746,32.326,31.426,31.496,307124
601857.SH,2022-09-26,3.74,3.77,3.51,3.51,1990242
601899.SH,2022-09-26,6.52,6.52,5.83,5.97,5241568
688981.SH,2022-09-26,38.01,38.1,37.38,37.47,8902562
000651.SZ,2022-09-27,22.484,23.284,22.294,23.134,383660
000858.SZ,2022-09-27,144.577,152.047,142.637,151.477,354440
002594.SZ,2022-09-27,87.891,88.514,86.924,88.224,83096
300750.SZ,2022-09-27,219.201,220.001,213.156,216.762,115619
510300.SH,2022-09-27,3.566,3.613,3.548,3.605,5191603
600036.SH,2022-09-27,26.164,26.324,25.714,26.174,475414
600276.SH,2022-09-27,31.261,32.941,31.141,32.891,464681
600519.SH,2022-09-27,1667.594,1695.734,1649.844,1686.734,28820
600900.SH,2022-09-27,19.436,19.476,18.946,19.116,604007
601318.SH,2022-09-27,31.436,31.746,31.276,31.446,312291
601857.SH,2022-09-27,3.51,3.57,3.43,3.5,1606135
601899.SH,2022-09-27,5.86,6.03,5.76,6.0,2480763
688981.SH,2022-09-27,37.5,38.37,37.5,38.37,8798278
000651.SZ,2022-09-28,22.984,23.134,22.624,22.684,257902
000858.SZ,2022-09-28,151.197,153.187,150.147,150.247,244311
002594.SZ,2022-09-28,87.904,87.904,85.404,85.444,85620
300750.SZ,2022-09-28,215.735,216.752,207.841,210.063,106974
510300.SH,2022-09-28,3.591,3.594,3.546,3.549,5300816
600036.SH,2022-09-28,26.064,26.274,25.694,25.944,487299
600276.SH,2022-09-28,32.871,33.231,32.451,32.711,297010
600519.SH,2022-09-28,1679.234,1698.134,1672.744,1681.734,21446
600900.SH,2022-09-28,19.096,19.106,18.796,18.876,624738
601318.SH,2022-09-28,31.206,31.506,30.856,30.896,422044
601857.SH,2022-09-28,3.49,3.53,3.44,3.47,966269
601899.SH,2022-09-28,5.93,5.93,5.61,5.63,2340172
688981.SH,2022-09-28,38.18,38.24,37.72,37.79,7252132
000651.SZ,2022-09-29,22.724,22.934,22.184,22.234,276083
000858.SZ,2022-09-29,153.137,153.167,148.197,149.157,175647
002594.SZ,2022-09-29,86.904,87.504,84.904,85.094,88357
300750.SZ,2022-09-29,214.191,214.902,209.113,211.291,88948
510300.SH,2022-09-29,3.572,3.593,3.529,3.55,5060836
600036.SH,2022-09-29,26.264,26.594,25.274,25.424,617859
600276.SH,2022-09-29,33.131,35.181,32.831,34.211,582714
600519.SH,2022-09-29,1696.714,1700.914,1669.864,1679.084,21590
600900.SH,2022-09-29,18.846,19.096,18.606,18.816,554384
601318.SH,2022-09-29,31.236,31.346,30.156,30.326,426558
601857.SH,2022-09-29,3.54,3.58,3.46,3.51,948557
601899.SH,2022-09-29,5.8,5.97,5.8,5.85,2344631
688981.SH,2022-09-29,38.0,38.28,37.52,37.56,8360542
000651.SZ,2022-09-30,22.134,22.504,21.884,22.114,241121
000858.SZ,2022-09-30,150.537,152.647,149.507,149.877,167010
002594.SZ,2022-09-30,84.571,84.754,79.904,80.907,214036
300750.SZ,2022-09-30,211.447,211.958,201.013,201.23,118140
510300.SH,2022-09-30,3.551,3.571,3.521,3.524,6383788
600036.SH,2022-09-30,25.534,26.224,25.394,25.924,539717
600276.SH,2022-09-30,34.201,34.831,33.941,34.341,342588
600519.SH,2022-09-30,1697.354,1700.724,1664.734,1671.234,21289
600900.SH,2022-09-30,18.816,19.266,18.696,19.156,423325
601318.SH,2022-09-30,30.356,30.986,30.356,30.586,331619
601857.SH,2022-09-30,3.48,3.56,3.48,3.53,819572
601899.SH,2022-09-30,5.93,6.07,5.88,5.99,1988575
688981.SH,2022-09-30,37.51,38.1,37.51,37.78,7634090
000651.SZ,2022-10-10,22.284,22.504,21.734,21.884,305222
000858.SZ,2022-10-10,150.147,150.747,139.337,139.547,256509
002594.SZ,2022-10-10,80.994,82.371,80.051,80.637,117479
300750.SZ,2022-10-10,201.847,203.235,195.863,196.769,114654
510300.SH,2022-10-10,3.523,3.526,3.433,3.445,6841092
600036.SH,2022-10-10,25.264,25.364,23.524,24.074,1277991
600276.SH,2022-10-10,34.241,34.591,33.471,33.501,312171
600519.SH,2022-10-10,1688.734,1689.734,1578.934,1584.734,48584
600900.SH,2022-10-10,19.406,19.856,19.316,19.776,644091
601318.SH,2022-10-10,30.586,31.186,30.386,30.436,413876
601857.SH,2022-10-10,3.69,3.77,3.64,3.67,1891524
601899.SH,2022-10-10,6.05,6.07,5.91,5.92,1624692
688981.SH,2022-10-10,37.77,38.57,37.7,37.72,14778555
000651.SZ,2022-10-11,21.914,22.014,21.484,21.624,237809
000858.SZ,2022-10-11,139.557,140.657,135.547,139.237,163898
002594.SZ,2022-10-11,80.904,82.697,80.014,81.907,132820
300750.SZ,2022-10-11,202.958,209.791,202.341,209.791,184441
510300.SH,2022-10-11,3.447,3.46,3.426,3.442,4913807
600036.SH,2022-10-11,24.064,24.344,23.584,23.674,618664
600276.SH,2022-10-11,33.791,33.821,33.091,33.341,199416
600519.SH,2022-10-11,1587.734,1604.734,1558.734,1578.724,32047
600900.SH,2022-10-11,19.736,19.886,19.636,19.836,372522
601318.SH,2022-10-11,30.676,30.876,30.126,30.206,269317
601857.SH,2022-10-11,3.68,3.69,3.59,3.61,1121147
601899.SH,2022-10-11,5.96,6.04,5.84,6.03,1397935
688981.SH,2022-10-11,37.68,37.99,36.2,36.83,13528930
000651.SZ,2022-10-12,21.624,21.974,21.104,21.964,285434
000858.SZ,2022-10-12,138.947,138.947,132.647,137.247,242385
002594.SZ,2022-10-12,81.571,84.654,80.221,84.351,144871
300750.SZ,2022-10-12,209.624,222.002,208.23,221.752,185147
510300.SH,2022-10-12,3.443,3.507,3.375,3.504,7315130
600036.SH,2022-10-12,23.524,23.574,22.324,23.224,1173700
600276.SH,2022-10-12,33.241,33.361,31.361,32.491,418962
600519.SH,2022-10-12,1572.394,1577.734,1506.734,1558.734,48195
600900.SH,2022-10-12,19.816,19.906,19.416,19.626,449075
601318.SH,2022-10-12,30.216,31.006,29.806,30.926,362473
601857.SH,2022-10-12,3.58,3.61,3.53,3.6,1092707
601899.SH,2022-10-12,6.0,6.15,5.88,6.14,1752113
688981.SH,2022-10-12,36.6,37.5,36.46,37.47,13138346
000651.SZ,2022-10-13,21.794,21.874,21.304,21.374,270165
000858.SZ,2022-10-13,135.637,136.327,133.157,134.217,191401
002594.SZ,2022-10-13,83.571,84.571,82.931,82.964,96187
300750.SZ,2022-10-13,219.624,222.002,216.852,218.513,104434
510300.SH,2022-10-13,3.472,3.503,3.462,3.471,3451403
600036.SH,2022-10-13,22.744,22.834,21.974,22.164,1350381
600276.SH,2022-10-13,32.341,34.211,32.191,33.781,397854
600519.SH,2022-10-13,1519.194,1533.734,1495.734,1498.724,63969
600900.SH,2022-10-13,19.336,19.656,18.976,19.456,565025
601318.SH,2022-10-13,30.806,30.906,30.206,30.366,383846
601857.SH,2022-10-13,3.57,3.58,3.5,3.53,1451128
601899.SH,2022-10-13,6.15,6.15,5.96,5.99,1412757
688981.SH,2022-10-13,37.47,37.47,36.8,36.84,14038293
000651.SZ,2022-10-14,21.444,22.174,21.444,22.074,363451
000858.SZ,2022-10-14,135.227,140.947,135.217,139.767,228723
002594.SZ,2022-10-14,84.264,86.604,83.554,85.084,145695
300750.SZ,2022-10-14,221.847,224.258,216.613,221.241,135653
510300.SH,2022-10-14,3.508,3.579,3.499,3.559,7496291
600036.SH,2022-10-14,22.574,23.494,22.374,23.354,1269197
600276.SH,2022-10-14,34.241,37.231,34.191,37.231,950157
600519.SH,2022-10-14,1508.734,1553.734,1500.674,1536.344,46520
600900.SH,2022-10-14,19.446,19.616,19.266,19.376,363852
601318.SH,2022-10-14,30.756,31.336,30.626,30.946,434417
601857.SH,2022-10-14,3.57,3.59,3.55,3.57,1104542
601899.SH,2022-10-14,6.04,6.16,5.98,6.11,1727548
688981.SH,2022-10-14,37.2,38.24,37.05,37.86,18957693
000651.SZ,2022-10-17,22.024,22.084,21.734,21.954,287652
000858.SZ,2022-10-17,138.327,139.147,135.937,138.297,146701
002594.SZ,2022-10-17,84.571,84.571,82.467,83.791,109678
300750.SZ,2022-10-17,219.069,219.069,212.263,217.041,105373
510300.SH,2022-10-17,3.551,3.562,3.525,3.558,3887601
600036.SH,2022-10-17,22.974,23.454,22.814,23.294,646310
600276.SH,2022-10-17,37.471,39.641,37.471,38.791,1415941
600519.SH,2022-10-17,1524.734,1526.724,1496.534,1517.234,33550
600900.SH,2022-10-17,19.456,19.456,19.176,19.176,291535
601318.SH,2022-10-17,30.716,31.156,30.566,31.106,341425
601857.SH,2022-10-17,3.53,3.59,3.48,3.58,999636
601899.SH,2022-10-17,6.03,6.21,5.98,6.2,1460747
688981.SH,2022-10-17,37.54,38.53,37.53,38.41,14920198
000651.SZ,2022-10-18,22.034,22.224,21.844,22.024,268111
000858.SZ,2022-10-18,139.327,141.627,138.667,139.347,139689
002594.SZ,2022-10-18,89.904,89.904,87.737,88.127,244142
300750.SZ,2022-10-18,219.085,222.335,216.535,217.147,91019
510300.SH,2022-10-18,3.58,3.586,3.543,3.551,4311344
600036.SH,2022-10-18,23.574,23.654,22.974,23.074,562814
600276.SH,2022-10-18,38.791,39.391,38.021,38.701,827033
600519.SH,2022-10-18,1523.734,1528.734,1499.734,1504.564,28083
600900.SH,2022-10-18,19.176,19.326,18.926,18.966,415319
601318.SH,2022-10-18,31.406,31.446,30.676,30.756,416357
601857.SH,2022-10-18,3.56,3.59,3.53,3.56,711519
601899.SH,2022-10-18,6.21,6.28,6.13,6.15,1018323
688981.SH,2022-10-18,38.59,38.62,37.97,38.1,9571350
000651.SZ,2022-10-19,21.984,21.984,20.764,20.814,478261
000858.SZ,2022-10-19,139.157,139.157,134.647,135.147,173929
002594.SZ,2022-10-19,88.127,89.051,85.864,86.071,134004
300750.SZ,2022-10-19,217.413,224.069,217.224,218.147,123330
510300.SH,2022-10-19,3.546,3.558,3.49,3.492,2881623
600036.SH,2022-10-19,22.994,23.344,22.484,22.534,528275
600276.SH,2022-10-19,38.691,39.061,37.741,38.241,550168
600519.SH,2022-10-19,1500.714,1500.714,1446.734,1446.734,60121
600900.SH,2022-10-19,18.936,19.066,18.756,18.786,338770
601318.SH,2022-10-19,30.656,30.986,30.266,30.276,364361
601857.SH,2022-10-19,3.52,3.57,3.51,3.51,726317
601899.SH,2022-10-19,6.15,6.22,6.06,6.07,1068458
688981.SH,2022-10-19,38.11,38.39,37.8,37.83,9877164
000651.SZ,2022-10-20,20.684,20.744,20.234,20.344,514780
000858.SZ,2022-10-20,133.147,137.447,132.647,134.797,161200
002594.SZ,2022-10-20,84.904,85.431,82.704,84.741,128417
300750.SZ,2022-10-20,212.002,213.885,202.958,209.069,171202
510300.SH,2022-10-20,3.476,3.532,3.447,3.48,3723050
600036.SH,2022-10-20,22.274,22.724,22.154,22.344,551154
600276.SH,2022-10-20,37.801,39.901,37.741,38.421,861646
600519.SH,2022-10-20,1419.734,1467.164,1409.734,1442.234,42778
600900.SH,2022-10-20,18.746,18.906,18.656,18.756,368155
601318.SH,2022-10-20,30.311,30.401,29.811,29.921,450214
601857.SH,2022-10-20,3.53,3.57,3.5,3.56,934019
601899.SH,2022-10-20,6.0,6.07,5.91,6.0,1071252
688981.SH,2022-10-20,37.77,39.1,37.7,38.67,23966954
000651.SZ,2022-10-21,20.384,20.584,20.084,20.284,289409
000858.SZ,2022-10-21,134.647,134.777,132.147,132.797,163210
002594.SZ,2022-10-21,84.744,87.197,84.241,85.671,104786
300750.SZ,2022-10-21,205.18,210.158,204.735,207.958,82599
510300.SH,2022-10-21,3.493,3.495,3.44,3.458,3275721
600036.SH,2022-10-21,22.424,22.544,21.774,21.854,728711
600276.SH,2022-10-21,37.941,39.421,37.841,39.211,701746
600519.SH,2022-10-21,1438.734,1446.534,1408.734,1422.734,38907
600900.SH,2022-10-21,18.706,19.016,18.626,18.826,610416
601318.SH,2022-10-21,30.011,30.161,29.411,29.561,457377
601857.SH,2022-10-21,3.54,3.59,3.54,3.59,906783
601899.SH,2022-10-21,6.08,6.17,6.03,6.08,1363865
688981.SH,2022-10-21,38.48,38.59,38.11,38.31,13619275
000651.SZ,2022-10-24,20.284,20.554,19.624,19.664,511355
000858.SZ,2022-10-24,130.657,131.057,122.897,123.877,344039
002594.SZ,2022-10-24,85.204,85.674,81.427,82.094,167413
300750.SZ,2022-10-24,204.413,208.513,200.185,202.969,145327
510300.SH,2022-10-24,3.455,3.489,3.342,3.36,6297940
600036.SH,2022-10-24,21.664,21.764,20.274,20.294,1451458
600276.SH,2022-10-24,39.241,39.611,38.021,38.221,676905
600519.SH,2022-10-24,1368.734,1387.734,1286.744,1300.014,132098
600900.SH,2022-10-24,18.806,19.006,18.126,18.246,718728
601318.SH,2022-10-24,29.571,29.841,27.521,27.611,951252
601857.SH,2022-10-24,3.59,3.63,3.52,3.57,1104972
601899.SH,2022-10-24,6.17,6.33,6.08,6.09,2650774
688981.SH,2022-10-24,38.3,38.8,37.48,37.49,16589006
000651.SZ,2022-10-25,19.284,19.864,19.284,19.484,332197
000858.SZ,2022-10-25,121.397,125.917,121.157,122.767,209630
002594.SZ,2022-10-25,81.237,83.767,80.247,82.874,113243
300750.SZ,2022-10-25,202.402,205.219,196.28,201.68,140391
510300.SH,2022-10-25,3.348,3.395,3.317,3.344,8235170
600036.SH,2022-10-25,20.294,20.744,20.084,20.464,860282
600276.SH,2022-10-25,37.901,38.311,36.661,37.361,505045
600519.SH,2022-10-25,1278.154,1313.734,1270.734,1278.484,81362
600900.SH,2022-10-25,18.416,18.716,18.326,18.426,513415
601318.SH,2022-10-25,27.491,28.291,27.071,27.631,553549
601857.SH,2022-10-25,3.57,3.58,3.49,3.52,865144
601899.SH,2022-10-25,6.06,6.15,5.89,6.05,1684840
688981.SH,2022-10-25,37.48,38.4,37.2,37.6,12092128
000651.SZ,2022-10-26,19.484,19.934,19.484,19.704,359288
000858.SZ,2022-10-26,123.547,126.547,122.647,124.047,179593
002594.SZ,2022-10-26,83.571,84.917,82.001,82.861,126415
300750.SZ,2022-10-26,203.513,205.491,199.669,201.324,140724
510300.SH,2022-10-26,3.346,3.424,3.345,3.372,6862870
600036.SH,2022-10-26,20.254,20.594,20.034,20.204,754022
600276.SH,2022-10-26,37.351,39.541,37.331,38.961,734058
600519.SH,2022-10-26,1287.534,1313.724,1258.734,1262.814,81781
601318.SH,2022-10-26,27.451,28.061,27.421,27.581,498395
601857.SH,2022-10-26,3.52,3.54,3.47,3.48,1161040
601899.SH,2022-10-26,6.05,6.14,6.01,6.09,1463937
688981.SH,2022-10-26,37.6,39.83,37.46,39.06,29674307
000651.SZ,2022-10-27,19.964,20.164,19.774,20.094,377643
000858.SZ,2022-10-27,125.627,125.717,117.227,117.747,369655
002594.SZ,2022-10-27,83.234,83.811,81.904,81.904,97766
300750.SZ,2022-10-27,199.624,201.885,195.18,195.347,152817
510300.SH,2022-10-27,3.395,3.406,3.345,3.346,5123971
600036.SH,2022-10-27,20.474,20.714,20.174,20.214,762866
600276.SH,2022-10-27,38.961,39.391,38.441,38.961,507586
600519.SH,2022-10-27,1278.734,1286.714,1182.584,1199.734,107106
600900.SH,2022-10-27,18.436,18.606,17.296,17.406,1075023
601318.SH,2022-10-27,27.621,28.001,27.461,27.571,457497
601857.SH,2022-10-27,3.5,3.52,3.47,3.51,863301
601899.SH,2022-10-27,6.25,6.52,6.22,6.38,3429771
688981.SH,2022-10-27,39.03,43.18,38.8,42.13,63860552
000651.SZ,2022-10-28,20.234,20.374,19.644,19.874,480892
000858.SZ,2022-10-28,118.207,120.617,116.817,118.147,255862
002594.SZ,2022-10-28,81.237,81.237,75.507,76.867,263164
300750.SZ,2022-10-28,192.569,193.791,181.291,181.569,240712
510300.SH,2022-10-28,3.333,3.339,3.251,3.26,7381372
600036.SH,2022-10-28,19.874,20.274,19.264,19.454,949464
600276.SH,2022-10-28,38.841,39.631,38.071,38.191,560422
600519.SH,2022-10-28,1189.504,1204.734,1157.444,1158.734,93143
600900.SH,2022-10-28,17.406,17.666,17.006,17.096,996987
601318.SH,2022-10-28,27.421,27.611,26.641,26.641,507692
601857.SH,2022-10-28,3.52,3.55,3.47,3.47,1310206
601899.SH,2022-10-28,6.31,6.44,6.22,6.25,1732118
688981.SH,2022-10-28,41.79,42.47,41.05,41.55,41843464
000651.SZ,2022-10-31,19.264,19.604,18.174,18.354,1083033
000858.SZ,2022-10-31,115.847,117.047,112.977,114.147,225917
002594.SZ,2022-10-31,76.071,80.571,75.941,79.127,187942
300750.SZ,2022-10-31,178.513,189.747,176.613,185.669,165546
510300.SH,2022-10-31,3.236,3.272,3.208,3.221,5976564
600036.SH,2022-10-31,19.174,19.404,18.574,19.094,953033
600276.SH,2022-10-31,37.401,39.741,37.391,39.441,736431
600519.SH,2022-10-31,1148.734,1180.744,1131.734,1148.734,71847
600900.SH,2022-10-31,16.706,17.116,16.426,16.676,983390
601318.SH,2022-10-31,26.301,26.581,25.811,26.061,562034
601857.SH,2022-10-31,3.45,3.46,3.16,3.19,3205796
601899.SH,2022-10-31,6.14,6.18,5.95,6.07,1713051
688981.SH,2022-10-31,41.6,42.95,41.6,41.71,35574594
000651.SZ,2022-11-01,18.434,19.054,18.284,19.054,646025
000858.SZ,2022-11-01,116.197,123.227,114.057,123.227,391551
002594.SZ,2022-11-01,79.274,84.304,79.237,84.177,219283
300750.SZ,2022-11-01,187.68,194.558,183.024,193.069,199165
510300.SH,2022-11-01,3.241,3.361,3.236,3.359,10691572
600036.SH,2022-11-01,19.374,20.524,19.284,20.464,1059019
600276.SH,2022-11-01,39.321,40.821,38.771,40.731,834856
600519.SH,2022-11-01,1157.734,1268.134,1157.734,1260.744,118766
600900.SH,2022-11-01,16.666,16.826,16.376,16.736,961429
601318.SH,2022-11-01,26.361,27.391,26.281,27.371,565665
601857.SH,2022-11-01,3.17,3.25,3.17,3.25,1358448
601899.SH,2022-11-01,6.1,6.35,6.03,6.35,2189228
688981.SH,2022-11-01,41.55,42.1,40.88,41.72,25345548
000651.SZ,2022-11-02,18.844,19.684,18.734,19.234,566733
000858.SZ,2022-11-02,122.647,127.027,120.707,124.267,318674
002594.SZ,2022-11-02,83.904,87.437,83.024,86.091,187319
300750.SZ,2022-11-02,192.402,198.73,189.63,196.013,142670
510300.SH,2022-11-02,3.341,3.423,3.334,3.393,7516463
600036.SH,2022-11-02,20.434,20.974,20.124,20.694,728361
600276.SH,2022-11-02,40.441,42.451,40.131,41.221,944808
600519.SH,2022-11-02,1258.734,1304.734,1234.734,1270.694,79777
600900.SH,2022-11-02,16.716,16.936,16.466,16.876,761920
601318.SH,2022-11-02,27.201,27.511,27.041,27.311,450385
601857.SH,2022-11-02,3.25,3.3,3.22,3.29,1060959
601899.SH,2022-11-02,6.37,6.48,6.28,6.41,1735094
688981.SH,2022-11-02,41.51,42.82,41.31,41.81,28365597
000651.SZ,2022-11-03,18.944,19.284,18.864,18.974,327907
000858.SZ,2022-11-03,121.657,122.147,120.357,121.567,192819
002594.SZ,2022-11-03,85.244,87.491,84.937,86.231,102384
300750.SZ,2022-11-03,195.18,197.402,190.197,191.913,147175
510300.SH,2022-11-03,3.373,3.388,3.345,3.363,4881107
600036.SH,2022-11-03,20.624,20.654,20.154,20.324,501722
600276.SH,2022-11-03,40.791,41.801,40.311,41.331,509935
600519.SH,2022-11-03,1242.304,1261.234,1226.834,1238.234,45160
600900.SH,2022-11-03,16.766,16.786,16.306,16.396,746452
601318.SH,2022-11-03,27.091,27.211,26.611,26.841,349335
601857.SH,2022-11-03,3.26,3.31,3.25,3.29,972995
601899.SH,2022-11-03,6.27,6.35,6.21,6.29,1422636
688981.SH,2022-11-03,41.7,42.5,41.5,42.05,23375145
000651.SZ,2022-11-04,18.984,20.004,18.984,19.844,535485
000858.SZ,2022-11-04,121.147,132.647,120.997,130.647,478983
002594.SZ,2022-11-04,86.564,91.244,86.237,90.304,224887
300750.SZ,2022-11-04,192.847,205.352,191.847,203.18,209711
510300.SH,2022-11-04,3.361,3.507,3.36,3.49,11292457
600036.SH,2022-11-04,20.324,21.524,20.264,21.354,926830
600276.SH,2022-11-04,41.041,41.801,40.891,41.041,533436
600519.SH,2022-11-04,1236.694,1326.504,1236.694,1315.304,80008
600900.SH,2022-11-04,16.276,16.686,16.166,16.556,848833
601318.SH,2022-11-04,26.841,28.561,26.821,28.221,692055
601857.SH,2022-11-04,3.29,3.37,3.28,3.35,1033841
601899.SH,2022-11-04,6.29,6.59,6.26,6.51,2931364
688981.SH,2022-11-04,41.9,42.39,41.51,42.15,27302178
000651.SZ,2022-11-07,19.844,20.174,19.704,19.954,337481
000858.SZ,2022-11-07,129.647,133.347,128.327,131.787,228691
002594.SZ,2022-11-07,88.571,90.914,87.901,89.864,135842
300750.SZ,2022-11-07,205.18,208.813,203.513,206.569,147781
510300.SH,2022-11-07,3.466,3.511,3.465,3.49,5340734
600036.SH,2022-11-07,21.074,21.704,20.894,21.434,545380
600276.SH,2022-11-07,40.991,41.321,40.451,41.231,481563
600519.SH,2022-11-07,1292.784,1317.214,1285.324,1305.844,42698
600900.SH,2022-11-07,16.466,16.646,16.386,16.556,694658
601318.SH,2022-11-07,27.911,29.091,27.831,28.701,574810
601857.SH,2022-11-07,3.37,3.48,3.37,3.45,1188761
601899.SH,2022-11-07,6.92,7.35,6.92,7.24,7426996
688981.SH,2022-11-07,42.06,42.45,41.84,41.88,19767150
000651.SZ,2022-11-08,19.984,20.034,19.664,19.824,230928
000858.SZ,2022-11-08,131.657,132.917,126.757,128.137,235678
002594.SZ,2022-11-08,90.054,91.104,88.071,89.041,105634
300750.SZ,2022-11-08,206.569,213.402,202.68,206.18,120809
510300.SH,2022-11-08,3.49,3.499,3.443,3.467,8012579
600036.SH,2022-11-08,21.474,21.654,21.214,21.424,439782
600276.SH,2022-11-08,41.201,41.201,39.771,39.941,586386
600519.SH,2022-11-08,1306.734,1316.724,1267.694,1283.614,39325
600900.SH,2022-11-08,16.586,16.756,16.366,16.466,788151
601318.SH,2022-11-08,28.701,28.911,28.291,28.601,370483
601857.SH,2022-11-08,3.46,3.48,3.43,3.46,691759
601899.SH,2022-11-08,7.07,7.34,7.01,7.21,3636577
688981.SH,2022-11-08,42.1,42.18,41.01,41.36,19809659
000651.SZ,2022-11-09,19.934,20.284,19.834,19.944,274566
000858.SZ,2022-11-09,127.847,129.697,125.727,126.047,151242
002594.SZ,2022-11-09,89.621,89.864,86.451,86.781,111946
300750.SZ,2022-11-09,204.069,204.947,197.958,199.102,109411
510300.SH,2022-11-09,3.467,3.48,3.423,3.427,5209240
600036.SH,2022-11-09,21.424,21.824,21.274,21.454,463060
600276.SH,2022-11-09,39.941,40.641,39.671,39.991,331978
600519.SH,2022-11-09,1282.684,1287.614,1248.734,1258.634,36090
600900.SH,2022-11-09,16.486,16.616,16.466,16.536,483287
601318.SH,2022-11-09,28.701,28.801,28.201,28.281,267687
601857.SH,2022-11-09,3.42,3.46,3.4,3.42,600641
601899.SH,2022-11-09,7.5,7.68,7.43,7.44,5361017
688981.SH,2022-11-09,41.13,41.54,41.11,41.15,11870109
000651.SZ,2022-11-10,19.694,19.944,19.614,19.804,203774
000858.SZ,2022-11-10,125.137,127.207,124.357,126.407,176748
002594.SZ,2022-11-10,85.114,85.227,82.171,83.657,155497
300750.SZ,2022-11-10,196.847,197.402,191.847,192.569,129242
510300.SH,2022-11-10,3.406,3.422,3.383,3.406,5064964
600036.SH,2022-11-10,21.274,21.574,21.044,21.464,400046
600276.SH,2022-11-10,39.741,40.391,39.271,39.431,319877
600519.SH,2022-11-10,1242.734,1283.734,1233.884,1273.734,37720
600900.SH,2022-11-10,16.546,16.566,16.306,16.416,423338
601318.SH,2022-11-10,27.911,28.611,27.691,28.371,323175
601857.SH,2022-11-10,3.37,3.38,3.3,3.35,1095406
601899.SH,2022-11-10,7.33,7.42,7.18,7.3,2139627
688981.SH,2022-11-10,41.2,41.38,40.15,40.3,20309634
000651.SZ,2022-11-11,20.434,21.184,20.144,20.794,665086
000858.SZ,2022-11-11,132.137,132.147,127.187,130.667,368534
002594.SZ,2022-11-11,87.071,87.894,85.291,86.504,166100
300750.SZ,2022-11-11,201.291,203.897,197.524,202.113,194820
510300.SH,2022-11-11,3.498,3.554,3.466,3.504,13767023
600036.SH,2022-11-11,22.374,24.074,21.984,23.514,1688717
600276.SH,2022-11-11,40.281,40.701,38.461,38.461,678497
600519.SH,2022-11-11,1326.734,1343.184,1293.714,1326.884,73947
600900.SH,2022-11-11,16.666,16.966,16.446,16.866,977162
601318.SH,2022-11-11,29.351,30.881,29.231,30.241,1046676
601857.SH,2022-11-11,3.4,3.45,3.38,3.45,1144431
601899.SH,2022-11-11,8.05,8.2,7.9,8.07,8208131
688981.SH,2022-11-11,41.2,41.45,40.67,40.71,21945445
000651.SZ,2022-11-14,21.484,22.094,21.294,21.394,749636
000858.SZ,2022-11-14,131.647,136.057,130.547,130.947,281953
002594.SZ,2022-11-14,86.647,87.751,84.491,84.834,115237
300750.SZ,2022-11-14,203.013,205.18,192.708,193.613,184817
510300.SH,2022-11-14,3.554,3.575,3.496,3.506,8509669
600036.SH,2022-11-14,24.774,25.964,24.604,25.414,2049685
600276.SH,2022-11-14,38.581,40.371,38.511,40.001,568397
600519.SH,2022-11-14,1342.234,1362.264,1326.734,1331.734,57370
600900.SH,2022-11-14,16.956,17.016,16.516,16.586,735755
601318.SH,2022-11-14,31.571,32.031,31.121,31.511,1216680
601857.SH,2022-11-14,3.45,3.51,3.42,3.43,1062604
601899.SH,2022-11-14,8.19,8.22,7.91,8.12,4592544
688981.SH,2022-11-14,40.79,41.68,40.71,41.4,19568689
000651.SZ,2022-11-15,21.484,21.854,21.184,21.674,391991
000858.SZ,2022-11-15,130.947,135.647,129.067,134.797,276567
002594.SZ,2022-11-15,84.901,86.337,83.604,85.904,112848
300750.SZ,2022-11-15,194.158,199.335,188.513,198.613,172740
510300.SH,2022-11-15,3.498,3.59,3.491,3.581,7671835
600036.SH,2022-11-15,25.424,26.104,25.024,25.554,913305
600276.SH,2022-11-15,40.011,40.021,38.991,39.481,480043
600519.SH,2022-11-15,1330.734,1397.704,1319.734,1386.734,56318
600900.SH,2022-11-15,16.586,17.626,16.476,17.426,1013531
601318.SH,2022-11-15,31.391,32.861,31.221,32.401,934424
601857.SH,2022-11-15,3.4,3.45,3.38,3.43,785992
601899.SH,2022-11-15,8.0,8.17,7.87,8.07,2963189
688981.SH,2022-11-15,41.4,43.1,41.35,42.79,40186279
000651.SZ,2022-11-16,21.704,21.764,21.364,21.414,278932
000858.SZ,2022-11-16,134.797,137.147,133.727,134.857,182594
002594.SZ,2022-11-16,85.497,85.771,83.604,83.931,103549
300750.SZ,2022-11-16,196.852,197.502,191.447,191.885,136037
510300.SH,2022-11-16,3.574,3.594,3.547,3.552,5377972
600036.SH,2022-11-16,25.534,25.754,25.134,25.654,614594
600276.SH,2022-11-16,39.481,40.821,38.871,39.741,476331
600519.SH,2022-11-16,1379.734,1396.734,1366.734,1383.984,26848
600900.SH,2022-11-16,17.316,17.586,17.226,17.466,551945
601318.SH,2022-11-16,32.531,32.731,32.181,32.211,596528
601857.SH,2022-11-16,3.43,3.5,3.43,3.46,1005224
601899.SH,2022-11-16,8.08,8.18,7.98,8.14,2496772
688981.SH,2022-11-16,42.79,43.58,42.44,42.48,27463077
000651.SZ,2022-11-17,21.354,21.604,21.194,21.434,225406
000858.SZ,2022-11-17,134.147,136.437,131.647,133.247,165581
002594.SZ,2022-11-17,83.541,83.541,81.431,82.571,111261
300750.SZ,2022-11-17,190.524,190.73,184.074,186.913,142172
510300.SH,2022-11-17,3.542,3.542,3.491,3.535,7916228
600036.SH,2022-11-17,25.574,25.574,24.274,24.584,1037152
600276.SH,2022-11-17,39.541,40.351,39.241,39.641,277683
600519.SH,2022-11-17,1389.234,1395.034,1351.614,1365.734,30580
600900.SH,2022-11-17,17.396,17.696,17.316,17.676,500393
601318.SH,2022-11-17,32.201,32.661,31.861,32.471,503980
601857.SH,2022-11-17,3.46,3.46,3.41,3.44,785345
601899.SH,2022-11-17,8.04,8.16,7.77,7.92,3475115
688981.SH,2022-11-17,42.2,42.8,41.82,42.66,22743026
000651.SZ,2022-11-18,21.514,21.704,21.374,21.444,203125
000858.SZ,2022-11-18,133.647,135.947,133.357,134.257,145856
002594.SZ,2022-11-18,82.827,83.424,81.404,81.797,101184
300750.SZ,2022-11-18,188.513,193.513,184.624,190.063,164073
510300.SH,2022-11-18,3.538,3.558,3.515,3.522,6491949
600036.SH,2022-11-18,24.564,24.954,24.104,24.344,562732
600276.SH,2022-11-18,39.731,40.541,39.431,39.511,349113
600519.SH,2022-11-18,1374.734,1382.734,1354.734,1365.864,23609
600900.SH,2022-11-18,17.696,17.796,17.376,17.466,316918
601318.SH,2022-11-18,32.591,32.721,31.971,32.071,392464
601857.SH,2022-11-18,3.41,3.43,3.39,3.4,804964
601899.SH,2022-11-18,7.87,7.93,7.75,7.79,2221529
688981.SH,2022-11-18,42.63,42.87,41.8,41.81,17874980
000651.SZ,2022-11-21,21.234,21.254,20.684,20.784,282278
000858.SZ,2022-11-21,131.147,131.617,128.647,129.577,217625
002594.SZ,2022-11-21,81.184,81.771,79.741,81.637,82515
300750.SZ,2022-11-21,186.913,192.874,186.458,190.958,80387
510300.SH,2022-11-21,3.493,3.493,3.446,3.489,5182489
600036.SH,2022-11-21,23.874,24.244,23.324,24.144,479104
600276.SH,2022-11-21,39.041,40.321,38.441,40.031,418371
600519.SH,2022-11-21,1340.084,1340.084,1297.264,1318.714,39096
600900.SH,2022-11-21,17.396,17.566,17.126,17.506,244795
601318.SH,2022-11-21,31.661,31.661,30.571,31.121,511185
601857.SH,2022-11-21,3.38,3.39,3.34,3.37,678549
601899.SH,2022-11-21,7.6,7.6,7.34,7.57,2756486
688981.SH,2022-11-21,41.69,41.89,41.4,41.58,10152529
000651.SZ,2022-11-22,20.884,21.294,20.764,20.974,219449
000858.SZ,2022-11-22,129.567,133.547,129.457,130.877,143770
002594.SZ,2022-11-22,81.904,81.987,80.237,80.401,80146
300750.SZ,2022-11-22,189.624,191.219,185.735,186.847,98362
510300.SH,2022-11-22,3.483,3.527,3.461,3.487,6490256
600036.SH,2022-11-22,24.344,25.154,24.074,24.724,654167
600276.SH,2022-11-22,40.071,40.991,39.011,39.161,408100
600519.SH,2022-11-22,1316.174,1358.474,1314.844,1338.684,29901
600900.SH,2022-11-22,17.506,17.816,17.346,17.766,397721
601318.SH,2022-11-22,31.111,32.291,30.911,31.881,471814
601857.SH,2022-11-22,3.38,3.5,3.37,3.47,1389390
601899.SH,2022-11-22,7.55,7.84,7.55,7.68,1793313
688981.SH,2022-11-22,41.57,41.93,40.94,41.0,15921511
000651.SZ,2022-11-23,21.004,21.214,20.864,20.884,183435
000858.SZ,2022-11-23,130.877,132.147,129.547,130.417,113462
002594.SZ,2022-11-23,80.401,80.737,79.304,80.737,88469
300750.SZ,2022-11-23,186.847,191.23,186.013,189.358,88294
510300.SH,2022-11-23,3.476,3.512,3.47,3.49,5487916
600036.SH,2022-11-23,24.604,25.224,24.424,24.494,577644
600276.SH,2022-11-23,38.931,39.131,38.301,38.741,279883
600519.SH,2022-11-23,1326.734,1355.734,1319.774,1347.734,22177
600900.SH,2022-11-23,17.716,18.106,17.696,17.776,425624
601318.SH,2022-11-23,31.931,32.351,31.671,31.681,449620
601857.SH,2022-11-23,3.5,3.58,3.49,3.54,1532839
601899.SH,2022-11-23,7.74,7.9,7.68,7.7,1556101
688981.SH,2022-11-23,41.0,41.39,40.7,40.77,12294663
000651.SZ,2022-11-24,21.134,21.294,20.864,20.904,154163
000858.SZ,2022-11-24,131.647,132.137,127.647,128.457,150858
002594.SZ,2022-11-24,81.354,81.904,79.664,80.034,85314
300750.SZ,2022-11-24,191.358,191.413,186.852,187.747,85465
510300.SH,2022-11-24,3.506,3.524,3.466,3.472,4821489
600036.SH,2022-11-24,24.874,25.144,24.354,24.494,406301
600276.SH,2022-11-24,38.861,39.351,38.051,38.611,284075
600519.SH,2022-11-24,1357.734,1367.614,1312.714,1318.724,27687
600900.SH,2022-11-24,17.916,18.096,17.776,17.796,240667
601318.SH,2022-11-24,32.121,32.291,31.581,31.711,249076
601857.SH,2022-11-24,3.49,3.54,3.48,3.51,811206
601899.SH,2022-11-24,7.85,7.95,7.8,7.89,1719610
688981.SH,2022-11-24,41.0,41.18,40.59,40.68,9943234
000651.SZ,2022-11-25,20.894,21.644,20.884,21.444,349981
000858.SZ,2022-11-25,128.577,129.577,127.047,128.027,106766
002594.SZ,2022-11-25,79.904,79.904,78.571,78.587,87822
300750.SZ,2022-11-25,185.769,186.847,184.624,185.291,61389
510300.SH,2022-11-25,3.475,3.51,3.461,3.493,5492158
600036.SH,2022-11-25,24.484,25.494,24.454,25.294,830122
600276.SH,2022-11-25,38.421,39.041,38.041,38.871,248639
600519.SH,2022-11-25,1319.244,1330.734,1308.734,1320.744,18621
600900.SH,2022-11-25,17.756,18.256,17.726,18.226,328681
601318.SH,2022-11-25,31.691,32.861,31.661,32.661,597960
601857.SH,2022-11-25,3.52,3.6,3.5,3.58,1114229
601899.SH,2022-11-25,7.81,8.05,7.8,7.94,1733001
688981.SH,2022-11-25,40.8,41.1,40.69,40.69,10339808
000651.SZ,2022-11-28,20.934,21.214,20.544,21.184,261703
000858.SZ,2022-11-28,125.477,128.657,122.697,128.297,190131
002594.SZ,2022-11-28,76.904,78.614,75.977,78.607,99109
300750.SZ,2022-11-28,181.291,185.352,178.524,184.241,111141
510300.SH,2022-11-28,3.428,3.455,3.386,3.448,6260914
600036.SH,2022-11-28,24.374,24.384,23.724,24.234,809377
600276.SH,2022-11-28,38.141,38.711,37.851,38.421,260135
600519.SH,2022-11-28,1283.514,1313.734,1249.734,1308.614,47723
600900.SH,2022-11-28,17.966,18.116,17.636,17.916,427665
601318.SH,2022-11-28,31.541,31.751,30.901,31.321,510315
601857.SH,2022-11-28,3.53,3.55,3.47,3.51,1021154
601899.SH,2022-11-28,7.75,7.77,7.56,7.73,1631938
688981.SH,2022-11-28,40.14,40.39,40.01,40.08,11173549
000651.SZ,2022-11-29,21.694,22.294,21.614,22.154,513730
000858.SZ,2022-11-29,130.567,135.797,130.547,135.697,410407
002594.SZ,2022-11-29,78.997,80.131,77.904,79.671,123581
300750.SZ,2022-11-29,185.185,190.402,182.68,188.458,117172
510300.SH,2022-11-29,3.47,3.573,3.47,3.564,7207068
600036.SH,2022-11-29,25.064,27.184,25.024,27.134,1753187
600276.SH,2022-11-29,38.661,39.461,38.331,39.291,275733
600519.SH,2022-11-29,1368.294,1398.734,1349.734,1397.734,73420
600900.SH,2022-11-29,18.016,18.016,17.666,17.786,633945
601318.SH,2022-11-29,32.231,34.811,32.231,34.691,1753205
601857.SH,2022-11-29,3.54,3.6,3.52,3.59,1267211
601899.SH,2022-11-29,7.75,8.06,7.71,8.02,2081507
688981.SH,2022-11-29,40.15,41.2,40.15,40.98,15507183
000651.SZ,2022-11-30,22.114,22.314,21.604,21.854,385711
000858.SZ,2022-11-30,135.447,140.617,134.647,137.507,252286
002594.SZ,2022-11-30,79.691,83.571,79.064,83.411,212873
300750.SZ,2022-11-30,189.069,192.402,185.274,192.402,140420
510300.SH,2022-11-30,3.554,3.583,3.551,3.567,4594858
600036.SH,2022-11-30,26.604,27.714,26.474,27.234,873325
600276.SH,2022-11-30,39.291,39.541,38.841,39.071,293264
600519.SH,2022-11-30,1385.854,1402.734,1383.734,1397.734,31497
600900.SH,2022-11-30,17.716,17.866,17.636,17.636,541587
601318.SH,2022-11-30,34.731,36.081,34.511,34.861,1165016
601857.SH,2022-11-30,3.58,3.64,3.57,3.64,1281766
601899.SH,2022-11-30,7.98,8.04,7.89,7.98,1470981
688981.SH,2022-11-30,41.11,41.28,40.71,40.84,9735606
000651.SZ,2022-12-01,22.184,22.454,22.044,22.104,365439
000858.SZ,2022-12-01,145.647,150.637,144.507,145.237,440921
002594.SZ,2022-12-01,86.237,87.221,85.211,85.791,257986
300750.SZ,2022-12-01,199.152,201.93,197.913,198.097,209375
510300.SH,2022-12-01,3.636,3.666,3.611,3.612,6354126
600036.SH,2022-12-01,28.174,28.774,27.124,27.274,831397
600276.SH,2022-12-01,39.461,40.201,39.041,39.711,379558
600519.SH,2022-12-01,1458.734,1478.734,1429.524,1429.534,51358
600900.SH,2022-12-01,17.736,17.846,17.606,17.626,499774
601318.SH,2022-12-01,35.891,36.201,34.591,34.741,859327
601857.SH,2022-12-01,3.67,3.68,3.59,3.59,1044701
601899.SH,2022-12-01,8.35,8.55,8.29,8.45,4328238
688981.SH,2022-12-01,41.2,41.55,40.87,40.98,15984605
000651.SZ,2022-12-02,21.934,22.044,21.774,21.914,259460
000858.SZ,2022-12-02,145.447,147.527,142.907,143.707,210478
002594.SZ,2022-12-02,85.211,86.094,83.731,84.264,116075
300750.SZ,2022-12-02,199.069,200.341,196.18,196.224,82926
510300.SH,2022-12-02,3.611,3.62,3.587,3.589,10304210
600036.SH,2022-12-02,27.274,27.274,26.434,26.664,598462
600276.SH,2022-12-02,39.671,40.151,39.471,39.741,250603
600519.SH,2022-12-02,1433.734,1451.724,1419.934,1432.614,23884
600900.SH,2022-12-02,17.576,17.836,17.576,17.786,369816
601318.SH,2022-12-02,34.731,34.911,33.911,34.531,607787
601857.SH,2022-12-02,3.6,3.63,3.57,3.6,876848
601899.SH,2022-12-02,8.47,8.54,8.22,8.26,2270358
688981.SH,2022-12-02,40.88,41.15,40.62,40.65,10946496
000651.SZ,2022-12-05,22.174,22.624,22.164,22.564,370531
000858.SZ,2022-12-05,149.527,150.627,146.327,149.157,297958
002594.SZ,2022-12-05,85.554,86.101,84.204,84.691,105233
300750.SZ,2022-12-05,196.224,198.997,194.069,196.463,120985
510300.SH,2022-12-05,3.63,3.663,3.613,3.66,8761771
600036.SH,2022-12-05,27.244,28.374,26.884,28.374,1050604
600276.SH,2022-12-05,39.741,40.101,38.841,39.121,453317
600519.SH,2022-12-05,1466.734,1477.734,1447.734,1463.634,36127
600900.SH,2022-12-05,17.836,18.066,17.736,17.966,498753
601318.SH,2022-12-05,35.461,37.221,35.261,37.191,1380436
601857.SH,2022-12-05,3.63,3.75,3.62,3.72,1719655
601899.SH,2022-12-05,8.38,8.71,8.29,8.6,2880482
688981.SH,2022-12-05,40.8,41.36,40.79,41.36,19101636
000651.SZ,2022-12-06,22.454,22.994,22.234,22.624,351583
000858.SZ,2022-12-06,148.617,158.867,147.747,156.047,433695
002594.SZ,2022-12-06,83.754,87.447,83.574,86.104,123007
300750.SZ,2022-12-06,194.691,202.98,194.624,200.747,136612
510300.SH,2022-12-06,3.648,3.706,3.644,3.683,7658073
600036.SH,2022-12-06,28.184,28.254,27.694,28.124,651104
600276.SH,2022-12-06,38.941,39.741,38.921,39.121,274308
600519.SH,2022-12-06,1453.734,1525.634,1450.734,1486.734,44147
600900.SH,2022-12-06,17.866,17.916,17.666,17.686,362754
601318.SH,2022-12-06,37.191,37.591,36.651,37.351,878273
601857.SH,2022-12-06,3.68,3.71,3.65,3.68,1176087
601899.SH,2022-12-06,8.43,8.64,8.41,8.56,1724105
688981.SH,2022-12-06,41.3,42.32,41.19,41.91,23541303
000651.SZ,2022-12-07,22.614,23.034,22.384,22.804,384985
000858.SZ,2022-12-07,156.057,158.447,153.657,154.327,311288
002594.SZ,2022-12-07,86.121,89.664,86.121,88.151,192666
300750.SZ,2022-12-07,200.735,212.78,200.18,210.908,244108
510300.SH,2022-12-07,3.676,3.722,3.656,3.671,6820751
600036.SH,2022-12-07,28.074,28.224,27.574,27.594,564606
600276.SH,2022-12-07,39.041,40.121,38.581,39.821,396003
600519.SH,2022-12-07,1476.544,1518.734,1468.764,1482.734,35526
600900.SH,2022-12-07,17.736,17.766,17.236,17.336,622812
601318.SH,2022-12-07,37.351,37.391,36.281,36.611,831455
601857.SH,2022-12-07,3.64,3.65,3.57,3.59,1295107
601899.SH,2022-12-07,8.5,8.55,8.33,8.42,1630431
688981.SH,2022-12-07,42.0,42.15,41.61,41.92,16225470
000651.SZ,2022-12-08,22.834,22.994,22.594,22.694,247186
000858.SZ,2022-12-08,153.647,156.197,152.657,155.407,156448
002594.SZ,2022-12-08,88.154,88.571,87.194,88.334,94581
300750.SZ,2022-12-08,210.913,214.624,208.519,212.108,104337
510300.SH,2022-12-08,3.671,3.689,3.659,3.68,5094095
600036.SH,2022-12-08,27.524,28.044,27.434,27.724,443552
600276.SH,2022-12-08,39.811,39.821,38.101,38.111,612777
600519.SH,2022-12-08,1480.734,1493.734,1463.734,1485.754,19730
600900.SH,2022-12-08,17.286,17.466,17.116,17.316,437712
601318.SH,2022-12-08,36.291,37.111,36.211,37.061,448364
601857.SH,2022-12-08,3.58,3.6,3.53,3.55,1137146
601899.SH,2022-12-08,8.42,8.58,8.38,8.47,948303
688981.SH,2022-12-08,41.96,42.07,41.5,41.9,14448517
000651.SZ,2022-12-09,22.774,23.784,22.664,23.564,686804
000858.SZ,2022-12-09,155.277,164.117,154.767,163.917,419578
002594.SZ,2022-12-09,88.731,89.471,87.387,88.471,100992
300750.SZ,2022-12-09,212.724,215.013,212.124,214.402,93539
510300.SH,2022-12-09,3.679,3.725,3.664,3.714,6474552
600036.SH,2022-12-09,28.074,29.204,27.904,29.024,958163
600276.SH,2022-12-09,38.181,38.541,37.941,38.061,409827
600519.SH,2022-12-09,1490.734,1528.734,1480.734,1528.734,39215
600900.SH,2022-12-09,17.306,17.416,17.226,17.336,447920
601318.SH,2022-12-09,36.981,37.791,36.611,37.511,709579
601857.SH,2022-12-09,3.56,3.58,3.52,3.54,954341
601899.SH,2022-12-09,8.51,8.8,8.49,8.76,2345095
688981.SH,2022-12-09,41.98,42.27,41.85,42.16,20465984
000651.SZ,2022-12-12,23.474,23.624,22.954,22.964,374208
000858.SZ,2022-12-12,162.647,164.027,158.557,158.997,299060
002594.SZ,2022-12-12,87.557,88.061,86.237,86.864,80128
300750.SZ,2022-12-12,212.458,213.808,208.591,208.708,87900
510300.SH,2022-12-12,3.701,3.701,3.668,3.672,4668575
600036.SH,2022-12-12,28.684,28.874,27.954,28.064,606262
600276.SH,2022-12-12,38.141,38.791,37.741,38.121,376900
600519.SH,2022-12-12,1514.594,1564.734,1513.734,1537.754,34755
600900.SH,2022-12-12,17.276,17.416,17.006,17.096,345922
601318.SH,2022-12-12,37.111,37.191,35.991,36.081,656471
601857.SH,2022-12-12,3.54,3.56,3.48,3.49,1175123
601899.SH,2022-12-12,8.61,8.7,8.45,8.48,1665520
688981.SH,2022-12-12,42.13,42.38,41.66,41.95,17742172
000651.SZ,2022-12-13,23.154,23.284,22.994,23.054,240632
000858.SZ,2022-12-13,158.647,161.547,156.667,160.117,192762
002594.SZ,2022-12-13,87.571,88.571,86.737,86.837,61384
300750.SZ,2022-12-13,209.069,209.569,201.874,203.741,112707
510300.SH,2022-12-13,3.674,3.684,3.656,3.661,3636743
600036.SH,2022-12-13,28.004,28.534,27.884,28.414,382904
600276.SH,2022-12-13,38.131,38.241,37.101,37.621,384600
600519.SH,2022-12-13,1535.734,1559.424,1528.734,1548.734,21385
600900.SH,2022-12-13,17.096,17.166,16.856,17.056,334095
601318.SH,2022-12-13,36.371,37.001,36.211,36.611,423663
601857.SH,2022-12-13,3.51,3.53,3.48,3.5,897679
601899.SH,2022-12-13,8.4,8.58,8.38,8.49,1066406
688981.SH,2022-12-13,41.9,42.12,41.72,41.8,10661773
000651.SZ,2022-12-14,23.044,23.344,22.674,23.084,373874
000858.SZ,2022-12-14,160.097,165.917,159.007,164.727,286989
002594.SZ,2022-12-14,86.707,86.717,84.771,85.704,94365
300750.SZ,2022-12-14,206.291,207.374,200.335,202.013,91973
510300.SH,2022-12-14,3.666,3.689,3.651,3.671,6219074
600036.SH,2022-12-14,28.414,29.314,28.294,29.184,644362
600276.SH,2022-12-14,37.621,37.821,37.041,37.681,262941
600519.SH,2022-12-14,1541.734,1579.534,1541.734,1569.604,29098
600900.SH,2022-12-14,17.046,17.146,16.876,17.066,344511
601318.SH,2022-12-14,36.991,37.021,36.051,36.801,346973
601857.SH,2022-12-14,3.51,3.55,3.49,3.54,821935
601899.SH,2022-12-14,8.66,8.76,8.57,8.62,1302564
688981.SH,2022-12-14,43.96,43.96,42.56,42.57,37917268
000651.SZ,2022-12-15,23.044,23.394,22.564,22.694,278524
000858.SZ,2022-12-15,164.847,166.447,161.417,162.607,199344
002594.SZ,2022-12-15,85.681,87.664,84.741,87.391,97123
300750.SZ,2022-12-15,201.908,214.163,201.291,213.958,172988
510300.SH,2022-12-15,3.672,3.681,3.644,3.669,5307513
600036.SH,2022-12-15,28.894,29.234,28.494,28.604,403403
600276.SH,2022-12-15,37.421,38.041,37.101,37.201,212865
600519.SH,2022-12-15,1603.734,1614.734,1578.734,1585.724,30634
600900.SH,2022-12-15,16.976,17.126,16.866,16.936,382256
601318.SH,2022-12-15,36.711,37.001,35.711,36.341,404021
601857.SH,2022-12-15,3.56,3.57,3.48,3.49,760146
601899.SH,2022-12-15,8.55,8.7,8.33,8.41,1452973
688981.SH,2022-12-15,42.46,43.2,42.25,42.77,18611761
000651.SZ,2022-12-16,22.504,22.944,22.464,22.944,306233
000858.SZ,2022-12-16,160.867,163.727,159.307,163.167,186426
002594.SZ,2022-12-16,86.927,87.361,86.087,87.074,56197
300750.SZ,2022-12-16,211.019,213.402,208.447,210.741,89422
510300.SH,2022-12-16,3.667,3.682,3.648,3.673,9083687
600036.SH,2022-12-16,28.574,29.474,28.574,29.364,607820
600276.SH,2022-12-16,37.051,37.291,36.951,37.241,249092
600519.SH,2022-12-16,1571.984,1589.734,1541.734,1585.604,33303
600900.SH,2022-12-16,16.926,17.276,16.886,17.276,399036
601318.SH,2022-12-16,36.021,36.921,35.981,36.811,421348
601857.SH,2022-12-16,3.47,3.53,3.45,3.51,718331
601899.SH,2022-12-16,8.27,8.52,8.25,8.45,1183042
688981.SH,2022-12-16,42.5,43.18,42.18,43.0,20043725
000651.SZ,2022-12-19,22.904,23.334,22.414,22.504,264173
000858.SZ,2022-12-19,164.147,165.357,159.647,160.597,194184
002594.SZ,2022-12-19,86.567,88.571,85.441,85.737,84039
300750.SZ,2022-12-19,211.291,217.458,210.769,212.069,101059
510300.SH,2022-12-19,3.678,3.689,3.598,3.615,7451965
600036.SH,2022-12-19,29.374,29.614,28.524,28.774,547843
600276.SH,2022-12-19,37.321,37.481,36.321,36.431,291345
600519.SH,2022-12-19,1597.534,1597.534,1558.904,1571.734,24987
600900.SH,2022-12-19,17.176,17.316,16.766,16.866,462474
601318.SH,2022-12-19,36.811,37.181,35.361,35.681,505896
601857.SH,2022-12-19,3.5,3.51,3.41,3.42,904359
601899.SH,2022-12-19,8.53,8.59,8.12,8.21,1393210
688981.SH,2022-12-19,42.8,43.15,41.7,41.78,15195748
000651.SZ,2022-12-20,22.434,22.584,21.744,21.984,241272
000858.SZ,2022-12-20,160.587,161.147,150.527,153.157,343458
002594.SZ,2022-12-20,85.537,85.537,83.131,84.104,84908
300750.SZ,2022-12-20,211.847,212.18,205.735,206.024,81208
510300.SH,2022-12-20,3.601,3.604,3.529,3.552,8155655
600036.SH,2022-12-20,28.514,28.824,27.574,27.994,702911
600276.SH,2022-12-20,36.411,36.721,35.741,35.751,278438
600519.SH,2022-12-20,1564.064,1564.064,1481.184,1513.734,46198
600900.SH,2022-12-20,16.866,17.016,16.726,16.796,313328
601318.SH,2022-12-20,35.471,35.791,34.491,34.841,495245
601857.SH,2022-12-20,3.41,3.45,3.38,3.4,766550
601899.SH,2022-12-20,8.15,8.23,7.94,8.05,1338980
688981.SH,2022-12-20,41.58,42.15,41.55,41.85,9908290
000651.SZ,2022-12-21,21.924,22.354,21.924,22.114,190634
000858.SZ,2022-12-21,155.647,156.317,154.197,155.137,153853
002594.SZ,2022-12-21,84.097,84.521,83.437,83.837,41966
300750.SZ,2022-12-21,206.291,207.663,203.241,204.524,54031
510300.SH,2022-12-21,3.557,3.567,3.538,3.549,5230558
600036.SH,2022-12-21,28.264,28.504,27.984,28.224,330498
600276.SH,2022-12-21,35.751,35.931,35.171,35.381,251313
600519.SH,2022-12-21,1522.734,1537.734,1516.384,1537.734,22816
600900.SH,2022-12-21,16.836,16.956,16.716,16.876,275175
601318.SH,2022-12-21,35.011,35.511,34.851,35.171,297896
601857.SH,2022-12-21,3.41,3.42,3.38,3.39,501735
601899.SH,2022-12-21,8.2,8.3,8.09,8.12,790630
688981.SH,2022-12-21,41.73,41.96,41.0,41.29,8611491
000651.SZ,2022-12-22,22.264,23.054,22.264,22.624,310063
000858.SZ,2022-12-22,156.677,162.197,155.317,160.147,244424
002594.SZ,2022-12-22,84.571,84.737,83.074,83.301,59210
300750.SZ,2022-12-22,206.841,206.841,200.735,201.847,73905
510300.SH,2022-12-22,3.572,3.6,3.537,3.557,6878210
600036.SH,2022-12-22,28.804,29.124,28.524,28.774,359715
600276.SH,2022-12-22,35.691,36.591,35.501,35.871,356206
600519.SH,2022-12-22,1555.434,1581.734,1543.734,1566.734,23175
600900.SH,2022-12-22,16.986,17.096,16.676,16.776,360909
601318.SH,2022-12-22,35.911,36.091,35.561,35.791,353462
601857.SH,2022-12-22,3.43,3.45,3.39,3.4,596827
601899.SH,2022-12-22,8.3,8.32,8.13,8.16,881205
688981.SH,2022-12-22,41.55,41.65,40.99,41.07,6744443
000651.SZ,2022-12-23,22.454,22.774,22.244,22.464,133523
000858.SZ,2022-12-23,157.647,163.647,157.047,160.937,198620
002594.SZ,2022-12-23,82.271,82.371,80.404,80.964,90819
300750.SZ,2022-12-23,199.013,202.308,197.458,199.891,73858
510300.SH,2022-12-23,3.54,3.568,3.528,3.547,10847910
600036.SH,2022-12-23,28.564,29.074,28.424,28.644,330584
600276.SH,2022-12-23,35.551,36.171,35.441,35.991,216845
600519.SH,2022-12-23,1551.134,1580.734,1543.734,1569.734,17319
600900.SH,2022-12-23,16.726,16.876,16.646,16.826,355906
601318.SH,2022-12-23,35.441,35.921,35.231,35.551,306472
601857.SH,2022-12-23,3.38,3.41,3.37,3.38,594997
601899.SH,2022-12-23,8.01,8.13,7.92,8.05,901104
688981.SH,2022-12-23,40.9,41.33,40.83,41.06,7428877
000651.SZ,2022-12-26,22.484,22.494,21.994,22.034,190077
000858.SZ,2022-12-26,160.937,161.847,158.207,159.247,178298
002594.SZ,2022-12-26,80.971,84.737,80.967,84.377,93548
300750.SZ,2022-12-26,199.891,204.763,195.791,202.913,115123
510300.SH,2022-12-26,3.546,3.576,3.544,3.556,6511937
600036.SH,2022-12-26,28.624,29.074,28.164,28.224,360474
600276.SH,2022-12-26,35.951,37.241,35.921,36.801,316402
600519.SH,2022-12-26,1569.734,1569.734,1533.754,1540.794,21384
600900.SH,2022-12-26,16.836,16.916,16.746,16.786,292021
601318.SH,2022-12-26,35.551,35.791,34.571,34.571,403282
601857.SH,2022-12-26,3.4,3.43,3.37,3.38,683454
601899.SH,2022-12-26,8.1,8.11,7.89,7.93,1127721
688981.SH,2022-12-26,40.9,41.54,40.9,41.43,7469494
000651.SZ,2022-12-27,22.154,22.654,21.944,22.314,226464
000858.SZ,2022-12-27,160.647,163.147,159.797,161.697,152275
002594.SZ,2022-12-27,84.724,84.897,83.504,84.277,55537
300750.SZ,2022-12-27,201.974,204.063,198.88,202.719,81397
510300.SH,2022-12-27,3.596,3.609,3.575,3.603,5820488
600036.SH,2022-12-27,28.724,29.254,28.604,28.944,367907
600276.SH,2022-12-27,37.121,37.131,36.121,36.311,320140
600519.SH,2022-12-27,1558.644,1567.794,1546.144,1553.644,17905
600900.SH,2022-12-27,16.886,17.016,16.816,16.956,383369
601318.SH,2022-12-27,35.181,35.861,34.941,35.491,347793
601857.SH,2022-12-27,3.4,3.41,3.38,3.41,573567
601899.SH,2022-12-27,8.03,8.22,8.0,8.2,1151478
688981.SH,2022-12-27,41.39,41.61,41.15,41.48,6129326
000651.SZ,2022-12-28,22.124,22.484,21.994,22.254,309398
000858.SZ,2022-12-28,161.637,161.637,158.527,160.827,139378
002594.SZ,2022-12-28,82.737,83.304,81.237,81.777,102564
300750.SZ,2022-12-28,199.658,199.791,189.78,197.402,185293
510300.SH,2022-12-28,3.595,3.601,3.573,3.59,6492690
600036.SH,2022-12-28,28.944,29.794,28.854,29.604,528860
600276.SH,2022-12-28,36.231,37.091,36.161,36.641,247495
600519.SH,2022-12-28,1566.524,1567.644,1528.654,1553.644,21438
600900.SH,2022-12-28,16.896,17.136,16.876,17.086,503172
601318.SH,2022-12-28,35.341,36.361,35.211,36.191,456267
601857.SH,2022-12-28,3.4,3.47,3.38,3.45,837273
601899.SH,2022-12-28,8.15,8.16,8.03,8.15,821678
688981.SH,2022-12-28,41.43,41.52,40.89,40.9,7723114
000651.SZ,2022-12-29,22.184,22.204,21.694,21.844,253494
000858.SZ,2022-12-29,159.647,160.647,157.387,159.397,168505
002594.SZ,2022-12-29,81.567,83.191,80.947,81.824,72256
300750.SZ,2022-12-29,195.735,199.513,195.402,197.38,98975
510300.SH,2022-12-29,3.575,3.589,3.552,3.578,7212710
600036.SH,2022-12-29,29.174,29.594,28.924,29.504,513629
600276.SH,2022-12-29,36.491,37.551,36.291,37.371,357508
600519.SH,2022-12-29,1537.644,1547.634,1521.694,1539.644,22418
600900.SH,2022-12-29,17.316,17.486,16.946,17.216,539964
601318.SH,2022-12-29,35.861,35.921,35.021,35.731,469576
601857.SH,2022-12-29,3.43,3.43,3.36,3.36,1248619
601899.SH,2022-12-29,8.03,8.09,7.92,7.99,1336670
688981.SH,2022-12-29,40.67,41.27,40.67,40.89,6476207
000651.SZ,2022-12-30,21.924,22.174,21.894,22.004,192641
000858.SZ,2022-12-30,160.427,161.837,159.647,161.337,149765
002594.SZ,2022-12-30,83.071,83.694,82.407,82.561,74890
300750.SZ,2022-12-30,199.902,201.847,196.847,197.08,74052
510300.SH,2022-12-30,3.593,3.607,3.59,3.594,6302286
600036.SH,2022-12-30,29.614,29.904,29.464,29.534,523228
600276.SH,2022-12-30,37.411,38.091,37.411,37.771,282411
600519.SH,2022-12-30,1556.644,1573.634,1547.644,1547.644,25333
600900.SH,2022-12-30,17.196,17.466,17.126,17.416,459205
601318.SH,2022-12-30,35.911,37.111,35.911,36.911,553005
601857.SH,2022-12-30,3.36,3.38,3.35,3.37,736796
601899.SH,2022-12-30,8.03,8.24,8.0,8.15,1329165
688981.SH,2022-12-30,41.01,41.35,41.01,41.14,6039611
000651.SZ,2023-01-03,22.204,22.464,21.844,22.184,264450
000858.SZ,2023-01-03,161.647,162.457,157.157,158.847,182062
002594.SZ,2023-01-03,82.374,84.211,80.237,83.731,121374
300750.SZ,2023-01-03,196.291,196.608,190.58,194.98,104820
510300.SH,2023-01-03,3.593,3.617,3.546,3.605,6563108
600036.SH,2023-01-03,29.354,30.054,28.804,29.854,606266
600276.SH,2023-01-03,37.861,38.291,37.351,37.681,257565
600519.SH,2023-01-03,1551.844,1559.074,1526.654,1550.654,26034
600900.SH,2023-01-03,17.366,17.486,17.216,17.326,367992
601318.SH,2023-01-03,36.501,37.171,35.971,37.061,602304
601857.SH,2023-01-03,3.38,3.41,3.35,3.41,746730
601899.SH,2023-01-03,8.11,8.74,8.03,8.68,2377424
688981.SH,2023-01-03,41.08,41.56,40.99,41.54,8854457
000651.SZ,2023-01-04,22.204,23.024,22.124,22.994,415944
000858.SZ,2023-01-04,158.647,161.147,156.947,159.267,128836
002594.SZ,2023-01-04,83.571,83.731,82.404,83.271,72675
300750.SZ,2023-01-04,193.235,193.513,190.763,191.852,196023
510300.SH,2023-01-04,3.604,3.621,3.587,3.61,9807997
600036.SH,2023-01-04,30.054,31.104,29.804,30.924,836454
600276.SH,2023-01-04,37.871,38.231,37.651,38.011,257668
600519.SH,2023-01-04,1550.644,1559.344,1536.644,1545.654,20416
600900.SH,2023-01-04,17.396,17.396,17.176,17.246,273466
601318.SH,2023-01-04,37.211,38.541,37.211,38.441,869496
601857.SH,2023-01-04,3.38,3.4,3.36,3.39,854073
601899.SH,2023-01-04,8.58,8.66,8.4,8.45,1359564
688981.SH,2023-01-04,41.6,41.93,41.55,41.92,11913486
000651.SZ,2023-01-05,23.294,24.134,23.184,23.884,508894
000858.SZ,2023-01-05,162.147,170.157,161.047,169.647,402791
002594.SZ,2023-01-05,84.411,86.101,83.924,85.264,118936
300750.SZ,2023-01-05,194.069,206.385,192.408,204.908,260433
510300.SH,2023-01-05,3.631,3.691,3.628,3.685,7745023
600036.SH,2023-01-05,31.264,31.544,30.674,30.774,619085
600276.SH,2023-01-05,38.241,39.111,37.951,38.791,408464
600519.SH,2023-01-05,1557.644,1621.644,1553.644,1621.644,47943
600900.SH,2023-01-05,17.316,17.386,17.126,17.186,439916
601318.SH,2023-01-05,39.111,39.411,38.411,38.841,737048
601857.SH,2023-01-05,3.37,3.39,3.36,3.38,764221
601899.SH,2023-01-05,8.58,8.65,8.48,8.54,1623551
688981.SH,2023-01-05,41.8,41.91,41.6,41.87,9509462
000651.SZ,2023-01-06,23.844,24.084,23.594,23.784,309166
000858.SZ,2023-01-06,171.757,171.757,168.427,171.107,233383
002594.SZ,2023-01-06,86.207,87.304,85.271,85.637,138855
300750.SZ,2023-01-06,204.069,214.613,202.991,209.991,183925
510300.SH,2023-01-06,3.686,3.718,3.682,3.701,5410808
600036.SH,2023-01-06,30.934,31.204,30.164,30.654,590007
600276.SH,2023-01-06,38.941,39.081,38.451,38.551,200107
600519.SH,2023-01-06,1626.764,1632.544,1607.644,1624.414,24904
600900.SH,2023-01-06,17.176,17.326,16.986,17.306,488491
601318.SH,2023-01-06,39.411,39.741,38.961,39.651,780346
601857.SH,2023-01-06,3.38,3.39,3.37,3.37,640460
601899.SH,2023-01-06,8.59,8.65,8.54,8.58,1054528
688981.SH,2023-01-06,41.87,42.2,41.62,41.68,12997488
000651.SZ,2023-01-09,23.684,23.964,23.654,23.774,243099
000858.SZ,2023-01-09,173.097,177.537,170.807,176.527,275573
002594.SZ,2023-01-09,86.237,86.237,84.334,84.697,114169
300750.SZ,2023-01-09,213.447,213.447,208.513,209.958,128403
510300.SH,2023-01-09,3.721,3.742,3.708,3.726,7809599
600036.SH,2023-01-09,30.684,31.374,30.684,31.074,499149
600276.SH,2023-01-09,38.521,39.041,38.011,38.791,328360
600519.SH,2023-01-09,1655.644,1670.624,1628.464,1661.844,30977
600900.SH,2023-01-09,17.356,17.366,17.116,17.196,351344
601318.SH,2023-01-09,39.911,40.861,39.611,40.821,881857
601857.SH,2023-01-09,3.39,3.39,3.37,3.38,664377
601899.SH,2023-01-09,8.84,9.61,8.82,9.59,3896777
688981.SH,2023-01-09,41.8,42.05,41.43,41.53,11049908
000651.SZ,2023-01-10,23.784,24.074,23.494,23.804,189744
000858.SZ,2023-01-10,176.447,177.357,175.257,175.887,202752
002594.SZ,2023-01-10,84.254,86.764,82.674,85.767,173513
300750.SZ,2023-01-10,210.547,220.18,208.124,218.513,182607
510300.SH,2023-01-10,3.724,3.748,3.718,3.732,7442622
600036.SH,2023-01-10,31.054,31.074,30.434,30.524,541972
600276.SH,2023-01-10,38.771,39.141,38.541,38.621,374508
600519.SH,2023-01-10,1659.704,1685.144,1651.144,1675.094,22732
600900.SH,2023-01-10,17.136,17.266,17.016,17.046,408130
601318.SH,2023-01-10,40.811,40.821,39.051,39.121,837949
601857.SH,2023-01-10,3.38,3.39,3.36,3.36,530174
601899.SH,2023-01-10,9.59,9.67,9.43,9.56,1872178
688981.SH,2023-01-10,41.6,41.78,41.49,41.56,7974800
000651.SZ,2023-01-11,23.804,24.184,23.614,24.114,315975
000858.SZ,2023-01-11,175.687,176.637,173.247,174.747,169995
002594.SZ,2023-01-11,85.204,87.237,84.041,86.567,128364
300750.SZ,2023-01-11,217.68,220.735,214.069,216.213,122418
510300.SH,2023-01-11,3.733,3.761,3.725,3.732,5715114
600036.SH,2023-01-11,30.654,31.454,30.414,31.194,541707
600276.SH,2023-01-11,38.621,38.891,37.571,37.691,531573
600519.SH,2023-01-11,1676.644,1680.644,1657.484,1665.594,22720
600900.SH,2023-01-11,17.196,17.536,17.186,17.236,645293
601318.SH,2023-01-11,39.411,40.911,39.351,40.611,966895
601857.SH,2023-01-11,3.37,3.4,3.36,3.37,769815
601899.SH,2023-01-11,9.71,9.84,9.59,9.64,1516483
688981.SH,2023-01-11,41.48,41.78,41.17,41.18,8520867
000651.SZ,2023-01-12,23.994,24.124,23.744,23.804,178706
000858.SZ,2023-01-12,175.647,176.417,172.657,174.037,138227
002594.SZ,2023-01-12,87.407,91.721,87.137,89.337,223479
300750.SZ,2023-01-12,218.513,222.28,217.224,219.347,111368
510300.SH,2023-01-12,3.739,3.751,3.724,3.738,3255872
600036.SH,2023-01-12,31.384,31.424,31.004,31.324,304349
600276.SH,2023-01-12,37.711,37.781,36.981,37.031,495277
600519.SH,2023-01-12,1668.644,1676.644,1653.644,1654.644,17193
600900.SH,2023-01-12,17.266,17.316,17.076,17.096,477778
601318.SH,2023-01-12,40.811,41.021,40.341,40.821,600256
601857.SH,2023-01-12,3.39,3.45,3.38,3.44,1134671
601899.SH,2023-01-12,9.85,10.0,9.53,9.57,1526780
688981.SH,2023-01-12,41.18,41.33,40.8,40.82,8934767
000651.SZ,2023-01-13,23.884,24.184,23.804,24.134,248451
000858.SZ,2023-01-13,174.037,180.057,173.987,179.227,245064
002594.SZ,2023-01-13,89.374,90.214,88.571,89.764,128411
300750.SZ,2023-01-13,225.18,229.913,217.402,222.68,207575
510300.SH,2023-01-13,3.745,3.804,3.745,3.8,6559090
600036.SH,2023-01-13,31.344,31.934,31.244,31.934,463767
600276.SH,2023-01-13,37.691,38.751,37.081,38.511,708163
600519.SH,2023-01-13,1664.824,1708.644,1660.644,1707.644,31940
600900.SH,2023-01-13,17.116,17.406,17.066,17.346,515295
601318.SH,2023-01-13,41.111,42.261,40.961,42.261,896257
601857.SH,2023-01-13,3.44,3.5,3.43,3.49,1033610
601899.SH,2023-01-13,9.74,9.92,9.6,9.7,1413329
688981.SH,2023-01-13,40.93,41.3,40.9,41.3,7885574
000651.SZ,2023-01-16,24.294,25.684,24.204,25.164,691190
000858.SZ,2023-01-16,180.647,189.917,180.647,187.167,363525
002594.SZ,2023-01-16,89.764,89.827,87.571,88.171,165000
300750.SZ,2023-01-16,222.124,228.235,220.241,226.641,168091
510300.SH,2023-01-16,3.805,3.904,3.803,3.863,17163759
600036.SH,2023-01-16,32.274,33.414,32.074,32.744,880469
600276.SH,2023-01-16,38.511,42.441,38.511,42.371,1378805
600519.SH,2023-01-16,1706.644,1755.644,1701.644,1733.544,36848
600900.SH,2023-01-16,17.336,17.516,17.266,17.386,605451
601318.SH,2023-01-16,42.431,43.391,41.401,42.001,1229794
601857.SH,2023-01-16,3.51,3.53,3.47,3.51,1029217
601899.SH,2023-01-16,9.8,9.92,9.55,9.66,1921915
688981.SH,2023-01-16,41.21,42.3,41.1,41.92,17181615
000651.SZ,2023-01-17,25.124,25.234,24.824,25.134,287753
000858.SZ,2023-01-17,187.647,188.427,182.257,183.507,215079
002594.SZ,2023-01-17,88.174,88.404,86.547,86.901,111666
300750.SZ,2023-01-17,226.808,229.552,224.963,226.074,98958
510300.SH,2023-01-17,3.863,3.872,3.842,3.859,6015131
600036.SH,2023-01-17,32.724,33.214,32.554,32.954,432047
600276.SH,2023-01-17,42.031,42.571,41.121,41.421,844312
600519.SH,2023-01-17,1733.804,1743.644,1715.644,1728.644,21299
600900.SH,2023-01-17,17.336,17.466,17.086,17.096,677008
601318.SH,2023-01-17,41.871,41.981,40.911,41.411,698873
601857.SH,2023-01-17,3.51,3.51,3.46,3.48,734994
601899.SH,2023-01-17,9.6,9.6,9.26,9.44,1876829
688981.SH,2023-01-17,42.13,42.45,41.91,42.1,13855925
000651.SZ,2023-01-18,25.084,25.324,24.624,24.894,242364
000858.SZ,2023-01-18,185.577,192.437,184.967,186.447,272412
002594.SZ,2023-01-18,86.854,87.737,85.734,86.571,86108
300750.SZ,2023-01-18,227.685,229.002,224.685,227.68,73443
510300.SH,2023-01-18,3.866,3.872,3.846,3.85,4456901
600036.SH,2023-01-18,32.924,33.224,32.504,32.654,294675
600276.SH,2023-01-18,41.521,41.901,40.571,40.811,541313
600519.SH,2023-01-18,1734.644,1745.944,1710.644,1713.644,21063
600900.SH,2023-01-18,17.146,17.236,17.076,17.116,422534
601318.SH,2023-01-18,41.411,41.781,41.071,41.461,419603
601857.SH,2023-01-18,3.49,3.52,3.47,3.49,737496
601899.SH,2023-01-18,9.54,9.67,9.48,9.54,1313284
688981.SH,2023-01-18,42.15,42.24,41.94,42.0,8087896
000651.SZ,2023-01-19,24.674,24.854,24.404,24.784,198208
000858.SZ,2023-01-19,187.097,187.147,182.997,185.947,181199
002594.SZ,2023-01-19,86.197,87.187,85.744,87.071,81239
300750.SZ,2023-01-19,225.919,229.347,224.174,226.719,73100
510300.SH,2023-01-19,3.841,3.88,3.823,3.878,6074324
600036.SH,2023-01-19,32.474,33.074,32.194,32.924,472490
600276.SH,2023-01-19,41.401,44.011,40.901,42.881,1094864
600519.SH,2023-01-19,1713.144,1713.164,1686.644,1700.854,23439
600900.SH,2023-01-19,17.116,17.116,16.806,16.836,806677
601318.SH,2023-01-19,41.311,41.781,41.061,41.721,510461
601857.SH,2023-01-19,3.49,3.5,3.46,3.5,836184
601899.SH,2023-01-19,9.55,9.79,9.48,9.73,1226011
688981.SH,2023-01-19,41.88,42.53,41.85,42.5,13013950
000651.SZ,2023-01-20,24.844,25.084,24.594,24.734,228960
000858.SZ,2023-01-20,188.537,192.647,187.747,189.367,273480
002594.SZ,2023-01-20,87.237,87.531,85.911,86.927,104649
300750.SZ,2023-01-20,226.719,229.735,225.324,229.624,107657
510300.SH,2023-01-20,3.893,3.914,3.885,3.901,5700822
600036.SH,2023-01-20,33.254,33.374,32.954,33.324,413403
600276.SH,2023-01-20,42.921,44.121,42.631,42.781,532465
600519.SH,2023-01-20,1709.834,1718.894,1678.644,1680.654,25609
600900.SH,2023-01-20,16.946,17.446,16.866,17.446,1232714
601318.SH,2023-01-20,42.011,42.151,41.411,42.011,497069
601857.SH,2023-01-20,3.53,3.61,3.53,3.59,1657264
601899.SH,2023-01-20,9.83,10.26,9.82,10.06,2151675
688981.SH,2023-01-20,42.48,42.81,42.41,42.59,12193675
000651.SZ,2023-01-30,25.384,25.434,24.664,24.734,406011
000858.SZ,2023-01-30,199.237,200.537,194.927,198.247,321809
002594.SZ,2023-01-30,91.904,92.904,90.571,90.901,281854
300750.SZ,2023-01-30,244.83,251.047,238.219,239.985,211743
510300.SH,2023-01-30,3.98,3.987,3.918,3.925,8013471
600036.SH,2023-01-30,34.824,34.904,34.124,34.304,1007007
600276.SH,2023-01-30,43.141,43.681,42.331,42.491,496623
600519.SH,2023-01-30,1729.644,1729.644,1700.644,1708.644,35923
600900.SH,2023-01-30,17.536,17.576,17.316,17.326,658505
601318.SH,2023-01-30,43.501,43.511,41.391,41.391,857579
601857.SH,2023-01-30,3.64,3.65,3.57,3.61,1390744
601899.SH,2023-01-30,10.15,10.15,9.63,9.68,3088073
688981.SH,2023-01-30,42.7,43.08,42.37,42.37,20134875
000651.SZ,2023-01-31,24.734,24.954,24.184,24.314,276693
000858.SZ,2023-01-31,197.637,198.417,189.547,189.647,257247
002594.SZ,2023-01-31,91.904,93.171,90.367,92.171,187110
300750.SZ,2023-01-31,239.558,243.791,235.424,236.958,139540
510300.SH,2023-01-31,3.928,3.937,3.872,3.879,11392222
600036.SH,2023-01-31,34.624,34.624,33.484,33.484,642312
600276.SH,2023-01-31,42.511,43.041,41.381,41.451,409176
600519.SH,2023-01-31,1717.144,1720.594,1653.714,1666.404,32991
600900.SH,2023-01-31,16.976,17.316,16.976,17.206,671789
601318.SH,2023-01-31,41.671,42.191,40.761,40.891,612418
601857.SH,2023-01-31,3.59,3.62,3.56,3.57,1019934
601899.SH,2023-01-31,9.68,10.08,9.6,9.94,2160488
688981.SH,2023-01-31,42.3,42.6,41.67,41.86,15429794
000651.SZ,2023-02-01,24.484,24.764,24.324,24.634,273695
000858.SZ,2023-02-01,189.147,191.247,184.407,190.707,256552
002594.SZ,2023-02-01,92.897,98.347,92.284,98.347,272987
300750.SZ,2023-02-01,240.174,244.824,239.891,243.402,115022
510300.SH,2023-02-01,3.884,3.912,3.853,3.91,7156520
600036.SH,2023-02-01,33.914,33.964,32.224,32.814,916791
600276.SH,2023-02-01,41.471,41.941,41.221,41.881,396414
600519.SH,2023-02-01,1675.624,1679.644,1632.044,1665.614,33974
600900.SH,2023-02-01,17.266,17.296,17.026,17.206,514270
601318.SH,2023-02-01,41.461,41.661,40.321,41.261,565301
601857.SH,2023-02-01,3.58,3.61,3.56,3.6,1186953
601899.SH,2023-02-01,10.02,10.47,10.0,10.42,2588353
688981.SH,2023-02-01,41.99,43.55,41.96,43.46,31300298
000651.SZ,2023-02-02,24.644,24.744,24.434,24.564,300857
000858.SZ,2023-02-02,192.337,195.147,190.797,193.157,183272
002594.SZ,2023-02-02,98.861,98.947,96.891,97.777,148030
300750.SZ,2023-02-02,244.552,245.013,236.78,237.458,134557
510300.SH,2023-02-02,3.922,3.925,3.883,3.9,10018528
600036.SH,2023-02-02,32.974,33.024,31.824,32.304,727233
600276.SH,2023-02-02,41.941,43.341,41.691,42.241,653487
600519.SH,2023-02-02,1669.024,1679.644,1646.644,1656.754,29759
600900.SH,2023-02-02,17.216,17.436,17.066,17.366,588708
601318.SH,2023-02-02,41.511,41.511,40.311,40.741,636217
601857.SH,2023-02-02,3.59,3.59,3.55,3.58,1001027
601899.SH,2023-02-02,10.41,10.42,10.14,10.22,1569913
688981.SH,2023-02-02,43.61,43.95,43.16,43.42,25836115
000651.SZ,2023-02-03,24.384,24.454,24.134,24.384,227968
000858.SZ,2023-02-03,190.647,192.647,186.647,190.647,199352
002594.SZ,2023-02-03,96.887,96.887,94.504,95.237,152948
300750.SZ,2023-02-03,236.291,237.513,229.28,231.958,120200
510300.SH,2023-02-03,3.874,3.877,3.821,3.857,9600521
600036.SH,2023-02-03,32.064,32.064,31.284,31.574,638164
600276.SH,2023-02-03,42.311,42.831,41.961,42.041,498018
600519.SH,2023-02-03,1640.644,1646.644,1616.324,1638.644,34945
600900.SH,2023-02-03,17.276,17.386,17.196,17.336,452387
601318.SH,2023-02-03,40.411,40.461,38.811,39.511,927310
601857.SH,2023-02-03,3.56,3.58,3.53,3.57,1104656
601899.SH,2023-02-03,10.03,10.04,9.85,10.0,1710951
688981.SH,2023-02-03,43.2,43.62,42.81,43.33,15667454
000651.SZ,2023-02-06,24.194,24.204,23.504,23.524,335208
000858.SZ,2023-02-06,180.177,185.177,177.927,182.347,334075
002594.SZ,2023-02-06,94.134,94.134,92.774,93.564,100447
300750.SZ,2023-02-06,229.624,230.469,223.563,228.847,107529
510300.SH,2023-02-06,3.823,3.824,3.778,3.8,7314597
600036.SH,2023-02-06,30.994,31.014,30.154,30.624,731001
600276.SH,2023-02-06,42.041,42.211,41.141,41.731,379173
600519.SH,2023-02-06,1600.644,1615.644,1580.644,1615.644,42661
600900.SH,2023-02-06,17.236,17.426,17.156,17.396,385571
601318.SH,2023-02-06,38.711,38.771,37.631,38.071,921595
601857.SH,2023-02-06,3.54,3.56,3.52,3.55,824795
601899.SH,2023-02-06,9.65,9.66,9.36,9.54,2572880
688981.SH,2023-02-06,43.09,43.26,42.75,43.0,11690473
000651.SZ,2023-02-07,23.724,24.154,23.664,24.104,228762
000858.SZ,2023-02-07,182.347,185.947,182.147,183.817,158116
002594.SZ,2023-02-07,94.234,94.397,92.771,93.237,76835
300750.SZ,2023-02-07,228.785,230.624,225.547,227.458,72112
510300.SH,2023-02-07,3.806,3.821,3.79,3.81,5539881
600036.SH,2023-02-07,30.774,31.214,30.434,30.684,426571
600276.SH,2023-02-07,41.631,42.421,41.081,41.341,307633
600519.SH,2023-02-07,1628.724,1629.444,1608.374,1617.644,24322
600900.SH,2023-02-07,17.426,17.796,17.406,17.716,628512
601318.SH,2023-02-07,38.411,38.751,38.111,38.611,444363
601857.SH,2023-02-07,3.56,3.59,3.55,3.57,683317
601899.SH,2023-02-07,9.6,9.84,9.54,9.71,1481977
688981.SH,2023-02-07,42.91,43.18,42.91,43.18,11785296
000651.SZ,2023-02-08,24.174,24.524,23.834,23.974,200065
000858.SZ,2023-02-08,183.817,184.647,178.867,180.197,169057
002594.SZ,2023-02-08,93.237,93.237,91.171,92.124,92901
300750.SZ,2023-02-08,228.291,230.43,225.735,226.963,73299
510300.SH,2023-02-08,3.812,3.829,3.785,3.793,4628713
600036.SH,2023-02-08,30.774,31.194,30.634,30.764,317065
600276.SH,2023-02-08,41.431,42.741,41.391,42.201,423949
600519.SH,2023-02-08,1620.654,1626.614,1595.644,1604.644,16676
600900.SH,2023-02-08,17.716,17.886,17.686,17.786,388672
601318.SH,2023-02-08,38.661,39.101,38.291,38.411,347190
601857.SH,2023-02-08,3.61,3.61,3.54,3.55,814751
601899.SH,2023-02-08,9.74,9.77,9.51,9.52,1209709
688981.SH,2023-02-08,43.2,43.4,42.62,42.62,11217876
000651.SZ,2023-02-09,23.784,24.124,23.694,24.034,207620
000858.SZ,2023-02-09,180.307,188.387,180.197,188.037,244940
002594.SZ,2023-02-09,91.571,93.177,91.004,93.014,90649
300750.SZ,2023-02-09,226.963,231.841,223.791,230.174,80314
510300.SH,2023-02-09,3.787,3.851,3.783,3.847,5958886
600036.SH,2023-02-09,30.694,31.164,30.594,30.764,498175
600276.SH,2023-02-09,42.061,43.111,41.911,42.891,373022
600519.SH,2023-02-09,1598.644,1650.394,1595.654,1638.644,29754
600900.SH,2023-02-09,17.786,17.906,17.676,17.706,369751
601318.SH,2023-02-09,38.411,39.461,38.301,39.231,564907
601857.SH,2023-02-09,3.56,3.58,3.55,3.57,550235
601899.SH,2023-02-09,9.45,9.57,9.39,9.55,1133200
688981.SH,2023-02-09,42.5,43.6,42.45,43.6,21329264
000651.SZ,2023-02-10,24.064,24.074,23.784,23.954,152728
000858.SZ,2023-02-10,188.037,188.127,183.767,185.347,140321
002594.SZ,2023-02-10,92.197,92.204,90.237,90.857,129708
300750.SZ,2023-02-10,230.18,231.669,225.741,226.263,83978
510300.SH,2023-02-10,3.848,3.848,3.806,3.823,5205224
600036.SH,2023-02-10,30.574,30.664,30.174,30.434,411026
600276.SH,2023-02-10,42.881,43.201,42.471,42.841,279700
600519.SH,2023-02-10,1630.744,1639.134,1621.694,1630.644,17985
600900.SH,2023-02-10,17.716,17.746,17.506,17.626,285847
601318.SH,2023-02-10,39.371,39.461,38.921,39.211,309173
601857.SH,2023-02-10,3.56,3.57,3.53,3.54,658020
601899.SH,2023-02-10,9.45,9.49,9.28,9.34,1312927
688981.SH,2023-02-10,43.09,43.64,42.86,43.07,19643736
000651.SZ,2023-02-13,23.994,24.424,23.844,24.394,286386
000858.SZ,2023-02-13,183.647,195.547,183.637,193.047,289088
002594.SZ,2023-02-13,89.907,91.334,89.257,91.011,93461
300750.SZ,2023-02-13,229.058,234.941,226.852,234.069,134185
510300.SH,2023-02-13,3.81,3.861,3.803,3.855,8280101
600036.SH,2023-02-13,30.174,30.254,29.344,29.994,825181
600276.SH,2023-02-13,43.551,45.231,43.551,44.211,652677
600519.SH,2023-02-13,1630.644,1695.144,1630.644,1676.994,38147
600900.SH,2023-02-13,17.556,17.636,17.456,17.526,335157
601318.SH,2023-02-13,39.101,39.211,38.201,39.161,457973
601857.SH,2023-02-13,3.55,3.57,3.53,3.55,776967
601899.SH,2023-02-13,9.17,9.51,9.17,9.45,1366356
688981.SH,2023-02-13,43.08,43.43,42.8,42.98,17006742
000651.SZ,2023-02-14,24.464,24.604,24.284,24.554,192682
000858.SZ,2023-02-14,193.047,194.397,189.247,189.887,184902
002594.SZ,2023-02-14,91.571,91.737,89.937,90.894,73644
300750.SZ,2023-02-14,239.069,239.235,226.174,229.097,128122
510300.SH,2023-02-14,3.861,3.867,3.839,3.864,3326324
600036.SH,2023-02-14,30.054,30.334,29.784,30.274,486077
600276.SH,2023-02-14,44.171,44.641,43.781,44.461,329763
600519.SH,2023-02-14,1677.104,1678.044,1655.644,1664.434,19566
600900.SH,2023-02-14,17.536,17.616,17.466,17.576,255681
601318.SH,2023-02-14,39.211,39.811,39.081,39.811,370402
601857.SH,2023-02-14,3.56,3.57,3.54,3.57,509601
601899.SH,2023-02-14,9.47,9.83,9.43,9.72,1835538
688981.SH,2023-02-14,43.01,43.47,42.83,43.03,12155366
000651.SZ,2023-02-15,24.534,24.584,24.124,24.224,167134
000858.SZ,2023-02-15,192.237,194.537,190.147,191.647,169258
002594.SZ,2023-02-15,91.237,91.537,89.757,89.904,90832
300750.SZ,2023-02-15,230.235,232.402,227.402,227.735,77734
510300.SH,2023-02-15,3.861,3.874,3.828,3.836,6455068
600036.SH,2023-02-15,30.274,30.364,29.274,29.444,771048
600276.SH,2023-02-15,44.441,44.771,43.691,44.051,269470
600519.SH,2023-02-15,1664.424,1675.944,1656.454,1661.644,18177
600900.SH,2023-02-15,17.566,17.626,17.376,17.466,346349
601318.SH,2023-02-15,39.751,39.801,38.621,38.791,461027
601857.SH,2023-02-15,3.56,3.57,3.53,3.55,690213
601899.SH,2023-02-15,9.73,10.06,9.61,9.72,1688579
688981.SH,2023-02-15,43.03,43.1,42.73,42.86,11255193
000651.SZ,2023-02-16,24.224,24.474,23.614,23.834,281351
000858.SZ,2023-02-16,189.997,195.327,188.447,191.437,213380
002594.SZ,2023-02-16,90.237,90.834,88.521,89.244,103348
300750.SZ,2023-02-16,229.619,231.013,221.847,224.735,100911
510300.SH,2023-02-16,3.84,3.888,3.782,3.807,7925101
600036.SH,2023-02-16,29.474,30.124,29.294,29.544,654152
600276.SH,2023-02-16,44.041,44.311,42.551,43.031,458815
600519.SH,2023-02-16,1661.984,1707.644,1648.644,1682.464,33246
600900.SH,2023-02-16,17.436,17.566,17.236,17.366,497908
601318.SH,2023-02-16,38.991,39.961,38.911,39.111,576891
601857.SH,2023-02-16,3.55,3.61,3.54,3.55,1453962
601899.SH,2023-02-16,9.7,9.72,9.33,9.42,1332990
688981.SH,2023-02-16,42.88,43.19,41.8,41.98,20639265
000651.SZ,2023-02-17,23.834,24.034,23.634,23.654,181938
000858.SZ,2023-02-17,190.097,195.097,188.647,188.797,184468
002594.SZ,2023-02-17,89.067,89.604,87.331,87.457,100997
300750.SZ,2023-02-17,224.069,224.069,211.847,211.952,214696
510300.SH,2023-02-17,3.805,3.821,3.745,3.749,7433949
600036.SH,2023-02-17,29.424,29.654,28.954,28.984,575813
600276.SH,2023-02-17,42.941,44.141,42.621,43.411,395716
600519.SH,2023-02-17,1670.804,1693.644,1640.694,1641.424,26443
600900.SH,2023-02-17,17.356,17.476,17.146,17.176,449435
601318.SH,2023-02-17,39.111,39.741,38.621,38.711,417519
601857.SH,2023-02-17,3.55,3.59,3.54,3.55,817739
601899.SH,2023-02-17,9.5,9.84,9.47,9.51,1568398
688981.SH,2023-02-17,42.0,42.45,41.78,41.81,15648883
000651.SZ,2023-02-20,23.654,24.884,23.654,24.834,523420
000858.SZ,2023-02-20,188.847,194.447,186.147,193.597,191668
002594.SZ,2023-02-20,87.434,88.004,85.904,87.837,130701
300750.SZ,2023-02-20,209.624,212.891,204.252,212.108,168299
510300.SH,2023-02-20,3.754,3.857,3.748,3.854,10495255
600036.SH,2023-02-20,29.094,30.784,29.094,30.764,1080228
600276.SH,2023-02-20,43.401,44.691,42.931,44.461,459923
600519.SH,2023-02-20,1641.644,1699.444,1637.844,1695.644,29669
600900.SH,2023-02-20,17.146,17.656,17.146,17.596,512606
601318.SH,2023-02-20,38.761,39.901,38.661,39.861,664285
601857.SH,2023-02-20,3.55,3.65,3.54,3.64,1519570
601899.SH,2023-02-20,9.56,9.85,9.53,9.84,1689102
688981.SH,2023-02-20,41.98,42.26,41.61,42.26,10839686
000651.SZ,2023-02-21,25.084,25.974,25.014,25.824,813050
000858.SZ,2023-02-21,193.147,193.267,189.147,190.727,139396
002594.SZ,2023-02-21,87.571,89.091,86.997,88.487,113690
300750.SZ,2023-02-21,210.447,213.23,207.402,209.074,131846
510300.SH,2023-02-21,3.854,3.87,3.834,3.859,5609025
600036.SH,2023-02-21,30.704,31.094,30.404,30.964,530465
600276.SH,2023-02-21,44.261,44.681,43.541,43.741,337434
600519.SH,2023-02-21,1694.644,1694.644,1671.644,1687.644,18751
600900.SH,2023-02-21,17.596,17.736,17.536,17.686,369788
601318.SH,2023-02-21,39.771,40.031,39.361,39.921,426660
601857.SH,2023-02-21,3.64,3.7,3.63,3.66,1266276
601899.SH,2023-02-21,9.9,10.39,9.87,10.28,2633881
688981.SH,2023-02-21,42.27,42.57,42.2,42.35,9709061
000651.SZ,2023-02-22,25.764,25.954,25.444,25.764,326660
000858.SZ,2023-02-22,189.097,191.187,187.147,188.147,141005
002594.SZ,2023-02-22,87.537,87.777,86.537,87.044,85088
300750.SZ,2023-02-22,205.735,208.569,204.441,205.997,123639
510300.SH,2023-02-22,3.843,3.854,3.812,3.819,4529454
600036.SH,2023-02-22,30.734,30.874,30.414,30.434,383091
600276.SH,2023-02-22,43.641,44.041,43.241,43.351,222477
600519.SH,2023-02-22,1675.654,1684.544,1652.444,1656.644,21869
600900.SH,2023-02-22,17.686,17.746,17.556,17.556,243146
601318.SH,2023-02-22,39.411,39.871,39.021,39.091,446046
601857.SH,2023-02-22,3.65,3.68,3.63,3.64,710108
601899.SH,2023-02-22,10.18,10.33,10.05,10.1,1443425
688981.SH,2023-02-22,42.39,42.53,42.2,42.3,7365217
000651.SZ,2023-02-23,25.904,26.994,25.904,26.714,813705
000858.SZ,2023-02-23,187.147,188.867,184.347,185.747,145808
002594.SZ,2023-02-23,86.871,87.461,86.404,87.051,100358
300750.SZ,2023-02-23,206.291,209.141,204.847,208.085,95373
510300.SH,2023-02-23,3.823,3.845,3.801,3.819,4655595
600036.SH,2023-02-23,30.434,31.044,30.434,30.544,370638
600276.SH,2023-02-23,43.261,43.561,42.421,42.761,337062
600519.SH,2023-02-23,1660.644,1669.444,1625.894,1638.644,21881
600900.SH,2023-02-23,17.576,17.636,17.466,17.506,356057
601318.SH,2023-02-23,38.911,39.611,38.721,38.891,385254
601857.SH,2023-02-23,3.65,3.68,3.62,3.65,931993
601899.SH,2023-02-23,10.1,10.2,9.98,10.1,830653
688981.SH,2023-02-23,42.28,42.45,42.06,42.16,7184573
000651.SZ,2023-02-24,26.554,26.684,26.064,26.244,369261
000858.SZ,2023-02-24,185.717,185.717,180.467,181.747,203957
002594.SZ,2023-02-24,86.577,86.864,85.904,86.097,66868
300750.SZ,2023-02-24,206.847,207.291,202.969,203.735,99894
510300.SH,2023-02-24,3.818,3.818,3.76,3.78,8087762
600036.SH,2023-02-24,30.444,30.524,29.674,29.734,533690
600276.SH,2023-02-24,42.631,43.431,42.331,42.431,238178
600519.SH,2023-02-24,1630.754,1630.834,1602.824,1608.644,24635
600900.SH,2023-02-24,17.456,17.546,17.416,17.436,416001
601318.SH,2023-02-24,38.801,38.921,38.021,38.111,446548
601857.SH,2023-02-24,3.65,3.66,3.61,3.63,706267
601899.SH,2023-02-24,9.94,9.96,9.71,9.78,1625734
688981.SH,2023-02-24,42.15,42.32,41.94,41.97,8107140
000651.SZ,2023-02-27,25.921,26.131,25.221,25.891,391829
000858.SZ,2023-02-27,179.707,186.877,179.487,185.457,172996
002594.SZ,2023-02-27,85.237,85.534,82.904,83.507,169704
300750.SZ,2023-02-27,202.252,203.78,200.791,201.347,92206
510300.SH,2023-02-27,3.76,3.783,3.748,3.765,4569575
600036.SH,2023-02-27,29.544,29.854,29.364,29.434,449334
600276.SH,2023-02-27,42.141,42.641,41.841,42.371,270401
600519.SH,2023-02-27,1599.144,1635.644,1595.664,1631.054,22065
600900.SH,2023-02-27,17.386,17.546,17.316,17.366,306550
601318.SH,2023-02-27,37.911,38.301,37.691,37.711,467917
601857.SH,2023-02-27,3.62,3.65,3.61,3.61,619285
601899.SH,2023-02-27,9.55,9.7,9.41,9.56,1356995
688981.SH,2023-02-27,41.94,42.06,41.57,41.63,9078708
000651.SZ,2023-02-28,26.031,26.421,25.611,26.201,349954
000858.SZ,2023-02-28,187.647,188.707,182.727,185.067,114801
002594.SZ,2023-02-28,83.904,84.237,82.761,83.837,120330
300750.SZ,2023-02-28,202.952,205.347,201.569,202.902,93231
510300.SH,2023-02-28,3.777,3.796,3.74,3.791,4845454
600036.SH,2023-02-28,29.444,29.754,29.124,29.584,378226
600276.SH,2023-02-28,42.471,43.671,42.161,42.741,328495
600519.SH,2023-02-28,1639.644,1642.654,1603.944,1634.384,23952
600900.SH,2023-02-28,17.416,17.616,17.356,17.576,370092
601318.SH,2023-02-28,37.921,38.191,37.421,38.111,380417
601857.SH,2023-02-28,3.62,3.63,3.59,3.63,780919
601899.SH,2023-02-28,9.64,9.73,9.45,9.56,1060190
688981.SH,2023-02-28,41.78,42.2,41.53,42.02,13282253
000651.SZ,2023-03-01,26.201,27.271,26.091,27.101,519705
000858.SZ,2023-03-01,184.817,189.497,183.547,188.027,154466
002594.SZ,2023-03-01,83.821,85.751,82.824,85.404,143658
300750.SZ,2023-03-01,202.458,208.613,202.419,207.28,126020
510300.SH,2023-03-01,3.787,3.856,3.78,3.84,11804810
600036.SH,2023-03-01,29.524,30.614,29.474,30.524,571194
600276.SH,2023-03-01,42.671,43.381,42.421,43.011,265213
600519.SH,2023-03-01,1633.644,1668.644,1623.874,1659.174,24458
600900.SH,2023-03-01,17.566,17.866,17.536,17.666,700934
601318.SH,2023-03-01,37.931,39.911,37.921,39.901,724323
601857.SH,2023-03-01,3.62,3.69,3.61,3.68,1190146
601899.SH,2023-03-01,9.7,10.2,9.67,10.13,1923710
688981.SH,2023-03-01,41.99,42.46,41.92,42.37,13702373
000651.SZ,2023-03-02,26.861,27.581,26.801,27.291,457584
000858.SZ,2023-03-02,186.747,188.257,186.007,186.887,74477
002594.SZ,2023-03-02,85.611,86.281,84.237,84.807,114905
300750.SZ,2023-03-02,206.013,206.847,198.624,201.18,161453
510300.SH,2023-03-02,3.83,3.854,3.827,3.835,4391329
600036.SH,2023-03-02,30.314,30.774,30.044,30.524,349070
600276.SH,2023-03-02,42.731,43.011,42.121,42.431,230686
600519.SH,2023-03-02,1649.644,1659.634,1641.744,1648.644,13144
600900.SH,2023-03-02,17.576,17.686,17.466,17.656,568608
601318.SH,2023-03-02,39.881,40.371,39.631,40.111,380889
601857.SH,2023-03-02,3.68,3.79,3.66,3.76,1913892
601899.SH,2023-03-02,10.21,10.4,10.08,10.25,1621666
688981.SH,2023-03-02,42.41,42.65,42.25,42.46,11467111
000651.SZ,2023-03-03,27.581,28.211,27.481,27.651,455732
000858.SZ,2023-03-03,188.647,190.107,184.147,186.407,92837
002594.SZ,2023-03-03,85.234,85.314,84.264,84.834,63982
300750.SZ,2023-03-03,202.013,203.908,200.735,202.024,82031
510300.SH,2023-03-03,3.846,3.856,3.814,3.844,4201757
600036.SH,2023-03-03,30.774,31.044,30.174,30.524,357114
600276.SH,2023-03-03,42.401,43.221,42.341,42.641,190156
600519.SH,2023-03-03,1660.414,1662.254,1623.124,1638.684,16198
600900.SH,2023-03-03,17.666,17.826,17.616,17.746,624296
601318.SH,2023-03-03,40.391,40.571,39.761,40.191,284133
601857.SH,2023-03-03,3.77,3.92,3.75,3.9,2395040
601899.SH,2023-03-03,10.25,10.29,10.05,10.13,993561
688981.SH,2023-03-03,42.88,43.88,42.88,43.32,31028164
000651.SZ,2023-03-06,27.661,28.031,27.161,27.591,421124
000858.SZ,2023-03-06,185.657,187.147,183.227,185.227,111402
002594.SZ,2023-03-06,84.904,85.114,82.904,84.994,112124
300750.SZ,2023-03-06,201.941,205.663,196.297,205.413,166267
510300.SH,2023-03-06,3.845,3.847,3.8,3.819,9293025
600036.SH,2023-03-06,30.294,30.504,29.184,29.274,810519
600276.SH,2023-03-06,42.741,43.001,42.321,42.661,210869
600519.SH,2023-03-06,1638.824,1639.144,1617.414,1627.784,20646
600900.SH,2023-03-06,17.796,17.886,17.616,17.676,623274
601318.SH,2023-03-06,39.911,40.081,38.361,38.491,773237
601857.SH,2023-03-06,3.92,4.02,3.88,3.91,1980120
601899.SH,2023-03-06,10.19,10.24,9.81,10.08,1280290
688981.SH,2023-03-06,43.12,43.84,42.9,43.4,21569578
000651.SZ,2023-03-07,27.481,27.691,26.841,26.921,414115
000858.SZ,2023-03-07,184.997,184.997,180.757,181.097,125272
002594.SZ,2023-03-07,84.964,85.901,83.737,83.797,105933
300750.SZ,2023-03-07,202.958,205.73,201.752,201.958,99184
510300.SH,2023-03-07,3.815,3.838,3.759,3.762,6746494
600036.SH,2023-03-07,29.164,29.754,28.684,28.834,737411
600276.SH,2023-03-07,42.641,43.041,41.351,41.361,334387
600519.SH,2023-03-07,1626.624,1637.244,1608.644,1608.944,22785
600900.SH,2023-03-07,17.686,17.796,17.516,17.546,645875
601318.SH,2023-03-07,38.461,39.111,37.661,37.821,587302
601857.SH,2023-03-07,3.93,4.24,3.92,4.04,4481967
601899.SH,2023-03-07,10.1,10.34,9.96,10.13,1965364
688981.SH,2023-03-07,43.32,43.66,42.68,42.73,17573604
000651.SZ,2023-03-08,26.741,27.271,26.681,27.171,264508
000858.SZ,2023-03-08,179.647,182.147,178.647,179.947,102191
002594.SZ,2023-03-08,83.071,83.501,81.904,82.567,120898
300750.SZ,2023-03-08,200.741,202.363,198.019,199.474,81294
510300.SH,2023-03-08,3.75,3.755,3.73,3.746,4313154
600036.SH,2023-03-08,28.524,28.594,28.074,28.274,616584
600276.SH,2023-03-08,41.351,41.571,40.831,41.201,270510
600519.SH,2023-03-08,1600.664,1606.584,1581.764,1591.064,22764
600900.SH,2023-03-08,17.476,17.536,17.266,17.376,681850
601318.SH,2023-03-08,37.461,37.521,36.901,37.141,527417
601857.SH,2023-03-08,3.95,4.0,3.91,3.97,1922833
601899.SH,2023-03-08,9.85,9.9,9.57,9.81,1578514
688981.SH,2023-03-08,42.7,42.93,42.56,42.84,10804796
000651.SZ,2023-03-09,27.411,27.481,26.981,27.301,275033
000858.SZ,2023-03-09,179.647,180.347,174.547,178.647,168505
002594.SZ,2023-03-09,82.404,83.514,81.574,82.261,96731
300750.SZ,2023-03-09,198.624,201.447,194.202,199.074,81367
510300.SH,2023-03-09,3.752,3.756,3.712,3.736,4079365
600036.SH,2023-03-09,28.274,28.354,27.774,27.854,539996
600276.SH,2023-03-09,41.171,41.471,40.941,40.971,176774
600519.SH,2023-03-09,1588.644,1605.644,1560.644,1590.664,27612
600900.SH,2023-03-09,17.396,17.396,17.206,17.216,533235
601318.SH,2023-03-09,37.291,37.291,36.381,36.551,518325
601857.SH,2023-03-09,3.95,4.07,3.95,3.97,1534064
601899.SH,2023-03-09,9.85,9.9,9.66,9.71,964418
688981.SH,2023-03-09,42.8,43.88,42.8,43.27,23576388
000651.SZ,2023-03-10,27.131,27.231,26.251,26.291,360106
000858.SZ,2023-03-10,176.857,180.227,175.817,175.887,110957
002594.SZ,2023-03-10,80.904,81.237,77.671,77.951,283464
300750.SZ,2023-03-10,201.674,206.252,198.458,203.952,191426
510300.SH,2023-03-10,3.71,3.724,3.679,3.681,4981129
600036.SH,2023-03-10,27.324,27.934,27.224,27.304,558454
600276.SH,2023-03-10,40.601,41.451,40.571,41.101,208268
600519.SH,2023-03-10,1572.214,1601.644,1570.644,1570.644,21161
600900.SH,2023-03-10,17.126,17.266,17.126,17.166,480711
601318.SH,2023-03-10,35.971,36.561,35.911,35.911,457092
601857.SH,2023-03-10,3.94,3.99,3.83,3.84,1797840
601899.SH,2023-03-10,9.61,9.74,9.56,9.59,931615
688981.SH,2023-03-10,43.0,43.67,42.73,43.0,19976053
000651.SZ,2023-03-13,26.291,27.801,26.211,27.791,633486
000858.SZ,2023-03-13,175.647,180.927,175.647,179.247,126472
002594.SZ,2023-03-13,77.477,77.887,75.904,77.067,167343
300750.SZ,2023-03-13,202.419,204.435,195.18,196.291,188332
510300.SH,2023-03-13,3.681,3.728,3.681,3.725,4674529
600036.SH,2023-03-13,27.194,27.654,26.984,27.324,584205
600276.SH,2023-03-13,40.771,41.141,40.451,40.661,254689
600519.SH,2023-03-13,1571.644,1595.644,1569.644,1582.644,20560
600900.SH,2023-03-13,17.166,17.406,17.126,17.356,572819
601318.SH,2023-03-13,35.911,36.701,35.821,36.411,399483
601857.SH,2023-03-13,3.88,4.08,3.87,4.08,2510706
601899.SH,2023-03-13,9.83,10.35,9.82,10.31,2500559
688981.SH,2023-03-13,43.0,43.74,42.56,43.6,21649827
000651.SZ,2023-03-14,27.681,28.281,27.271,27.621,610731
000858.SZ,2023-03-14,179.347,179.367,174.347,175.927,102843
002594.SZ,2023-03-14,76.904,77.737,74.581,76.897,198568
300750.SZ,2023-03-14,195.669,195.735,188.513,193.641,184847
510300.SH,2023-03-14,3.72,3.72,3.665,3.7,4635416
600036.SH,2023-03-14,26.954,27.204,26.614,26.854,626668
600276.SH,2023-03-14,40.661,41.701,40.521,40.721,331395
600519.SH,2023-03-14,1584.424,1600.524,1559.144,1586.644,23705
600900.SH,2023-03-14,17.336,17.566,17.296,17.486,720887
601318.SH,2023-03-14,36.131,36.131,35.301,35.371,490733
601857.SH,2023-03-14,4.04,4.08,3.91,3.95,2046658
601899.SH,2023-03-14,10.49,10.74,10.15,10.18,2157492
688981.SH,2023-03-14,43.65,48.88,43.38,48.01,136354996
000651.SZ,2023-03-15,27.691,28.331,27.601,28.131,369051
000858.SZ,2023-03-15,178.647,179.977,172.947,172.967,129880
002594.SZ,2023-03-15,77.404,77.731,76.041,76.444,120715
300750.SZ,2023-03-15,196.847,198.369,191.635,194.069,129683
510300.SH,2023-03-15,3.726,3.736,3.698,3.699,3933011
600036.SH,2023-03-15,27.424,27.984,27.154,27.154,676384
600276.SH,2023-03-15,41.091,41.511,40.501,40.621,212096
600519.SH,2023-03-15,1599.014,1605.524,1570.764,1571.564,19213
600900.SH,2023-03-15,17.516,17.576,17.306,17.426,543041
601318.SH,2023-03-15,35.941,36.571,35.691,35.861,443643
601857.SH,2023-03-15,3.95,4.12,3.9,4.05,2231515
601899.SH,2023-03-15,10.17,10.18,9.96,9.97,1364791
688981.SH,2023-03-15,48.01,50.95,47.88,48.88,127567145
000651.SZ,2023-03-16,27.881,28.381,27.681,27.981,375702
000858.SZ,2023-03-16,171.647,174.847,169.977,171.847,120544
002594.SZ,2023-03-16,75.237,76.777,74.904,75.167,118370
300750.SZ,2023-03-16,191.847,195.13,191.569,192.463,101132
510300.SH,2023-03-16,3.68,3.699,3.65,3.653,4331438
600036.SH,2023-03-16,26.774,27.424,26.484,26.924,403895
600276.SH,2023-03-16,40.391,41.191,40.301,40.431,184248
600519.SH,2023-03-16,1560.644,1590.644,1559.654,1572.634,17646
600900.SH,2023-03-16,17.376,17.716,17.326,17.626,811402
601318.SH,2023-03-16,34.811,35.741,34.661,35.141,789609
601857.SH,2023-03-16,3.95,3.97,3.87,3.88,2399968
601899.SH,2023-03-16,9.75,9.86,9.51,9.54,2319266
688981.SH,2023-03-16,48.77,50.5,48.74,49.31,95121436
000651.SZ,2023-03-17,28.331,28.641,27.991,28.191,388876
000858.SZ,2023-03-17,174.497,174.887,168.647,169.147,156070
002594.SZ,2023-03-17,75.831,77.231,75.414,76.207,135003
300750.SZ,2023-03-17,194.624,195.174,187.124,187.391,201447
510300.SH,2023-03-17,3.68,3.724,3.655,3.674,11235012
600036.SH,2023-03-17,27.294,27.644,26.294,26.634,832716
600276.SH,2023-03-17,40.791,41.031,39.941,40.061,387716
600519.SH,2023-03-17,1590.644,1596.534,1556.644,1562.644,27023
600900.SH,2023-03-17,17.716,17.916,17.616,17.616,638241
601318.SH,2023-03-17,35.721,36.871,35.721,36.111,950191
601857.SH,2023-03-17,3.91,4.29,3.89,4.23,5235088
601899.SH,2023-03-17,9.64,9.84,9.47,9.61,1718725
688981.SH,2023-03-17,50.1,52.98,49.1,52.57,140129777
000651.SZ,2023-03-20,28.171,28.381,27.511,27.781,311754
000858.SZ,2023-03-20,170.647,171.237,165.647,166.547,154643
002594.SZ,2023-03-20,76.207,76.691,75.104,75.427,86323
300750.SZ,2023-03-20,186.591,192.18,182.958,189.597,158370
510300.SH,2023-03-20,3.674,3.696,3.646,3.652,5709548
600036.SH,2023-03-20,26.714,27.184,26.294,26.394,520725
600276.SH,2023-03-20,40.121,40.331,39.331,39.641,335133
600519.SH,2023-03-20,1571.644,1575.644,1548.644,1550.244,20491
600900.SH,2023-03-20,17.596,17.776,17.336,17.366,497956
601318.SH,2023-03-20,35.911,36.491,35.471,35.491,719244
601857.SH,2023-03-20,4.2,4.39,4.14,4.17,4261525
601899.SH,2023-03-20,9.88,10.05,9.82,9.95,1658067
688981.SH,2023-03-20,52.6,53.66,51.66,51.81,100525197
000651.SZ,2023-03-21,27.711,28.371,27.661,28.301,315311
000858.SZ,2023-03-21,168.047,173.757,165.867,172.887,187893
002594.SZ,2023-03-21,75.867,76.741,75.167,76.741,108873
300750.SZ,2023-03-21,190.847,197.502,188.902,197.28,172924
510300.SH,2023-03-21,3.663,3.699,3.661,3.695,5567437
600036.SH,2023-03-21,26.484,26.774,26.284,26.504,367475
600276.SH,2023-03-21,39.591,41.021,39.591,40.841,333897
600519.SH,2023-03-21,1555.644,1606.494,1544.614,1595.644,31142
600900.SH,2023-03-21,17.386,17.516,17.336,17.356,384452
601318.SH,2023-03-21,35.801,36.311,35.691,35.921,446659
601857.SH,2023-03-21,4.2,4.24,4.02,4.08,2255964
601899.SH,2023-03-21,9.95,10.04,9.77,9.97,1116095
688981.SH,2023-03-21,51.81,52.66,50.95,52.11,67444912
000651.SZ,2023-03-22,28.361,28.451,27.741,27.891,263488
000858.SZ,2023-03-22,172.897,176.727,172.067,172.417,108532
002594.SZ,2023-03-22,77.637,79.431,77.597,77.971,155339
300750.SZ,2023-03-22,200.035,205.547,199.08,200.291,176872
510300.SH,2023-03-22,3.705,3.729,3.699,3.713,5817562
600036.SH,2023-03-22,26.794,27.004,26.554,26.814,459867
600276.SH,2023-03-22,40.851,42.001,40.851,41.871,331144
600519.SH,2023-03-22,1600.644,1613.644,1586.194,1593.994,15330
600900.SH,2023-03-22,17.566,17.636,17.336,17.386,490534
601318.SH,2023-03-22,36.161,36.681,36.131,36.411,552251
601857.SH,2023-03-22,4.1,4.18,4.06,4.1,1493989
601899.SH,2023-03-22,9.86,10.05,9.8,9.89,1192780
688981.SH,2023-03-22,51.95,52.5,51.36,52.3,58823142
000651.SZ,2023-03-23,27.871,28.181,27.631,27.821,331012
000858.SZ,2023-03-23,171.547,176.637,170.707,175.227,132842
002594.SZ,2023-03-23,77.901,78.737,76.737,78.734,97461
300750.SZ,2023-03-23,199.624,201.802,197.641,199.835,100289
510300.SH,2023-03-23,3.7,3.752,3.698,3.751,5344729
600036.SH,2023-03-23,26.674,27.614,26.594,27.474,542146
600276.SH,2023-03-23,41.831,42.201,41.531,41.911,262656
600519.SH,2023-03-23,1586.644,1611.754,1585.654,1595.504,17356
600900.SH,2023-03-23,17.366,17.396,17.226,17.336,532133
601318.SH,2023-03-23,36.211,36.801,36.211,36.791,554274
601857.SH,2023-03-23,4.09,4.19,4.06,4.17,1857281
601899.SH,2023-03-23,9.97,10.33,9.89,10.29,2010913
688981.SH,2023-03-23,52.0,53.38,50.6,52.32,90834222
000651.SZ,2023-03-24,27.691,27.721,27.281,27.541,319514
000858.SZ,2023-03-24,174.647,176.597,172.147,173.667,102530
002594.SZ,2023-03-24,78.737,79.447,78.067,78.911,81018
300750.SZ,2023-03-24,199.847,201.991,195.18,197.169,117653
510300.SH,2023-03-24,3.743,3.754,3.734,3.746,2548953
600036.SH,2023-03-24,27.254,27.254,26.504,26.704,678718
600276.SH,2023-03-24,41.841,42.111,40.871,40.941,259856
600519.SH,2023-03-24,1589.724,1604.244,1586.644,1599.264,12770
600900.SH,2023-03-24,17.336,17.406,17.146,17.196,621818
601318.SH,2023-03-24,36.711,36.711,35.971,36.111,437694
601857.SH,2023-03-24,4.14,4.14,4.03,4.04,1823709
601899.SH,2023-03-24,10.35,10.35,10.12,10.16,1172515
688981.SH,2023-03-24,52.0,52.1,50.69,50.8,67605117
000651.SZ,2023-03-27,27.551,27.601,26.881,27.061,370441
000858.SZ,2023-03-27,173.457,173.487,169.647,171.057,118799
002594.SZ,2023-03-27,78.901,78.901,77.004,78.121,92495
300750.SZ,2023-03-27,195.797,199.958,192.08,198.791,161157
510300.SH,2023-03-27,3.745,3.745,3.704,3.725,4912547
600036.SH,2023-03-27,26.874,26.874,26.324,26.484,449836
600276.SH,2023-03-27,40.941,42.541,40.141,42.521,469301
600519.SH,2023-03-27,1599.244,1599.244,1576.644,1588.434,15296
600900.SH,2023-03-27,17.206,17.236,16.696,16.736,1232322
601318.SH,2023-03-27,36.171,36.241,35.411,35.901,362173
601857.SH,2023-03-27,4.0,4.0,3.9,3.98,1589953
601899.SH,2023-03-27,10.15,10.22,9.88,10.14,1239538
688981.SH,2023-03-27,50.5,50.77,48.89,49.5,64911284
000651.SZ,2023-03-28,27.091,27.401,26.691,27.081,282253
000858.SZ,2023-03-28,171.037,174.557,170.857,173.147,109186
002594.SZ,2023-03-28,78.404,78.794,77.704,78.574,81845
300750.SZ,2023-03-28,197.402,198.613,195.291,196.624,75906
510300.SH,2023-03-28,3.726,3.738,3.71,3.717,5072061
600036.SH,2023-03-28,26.684,26.994,26.454,26.674,533234
600276.SH,2023-03-28,42.331,42.441,41.561,42.241,261611
600519.SH,2023-03-28,1590.644,1610.644,1585.664,1602.444,17261
600900.SH,2023-03-28,16.796,16.796,16.436,16.596,1298541
601318.SH,2023-03-28,36.001,36.291,35.591,35.791,283324
601857.SH,2023-03-28,4.05,4.13,3.99,4.07,1745598
601899.SH,2023-03-28,10.14,10.29,10.03,10.16,1078766
688981.SH,2023-03-28,49.75,50.12,48.71,49.1,45494114
000651.SZ,2023-03-29,27.111,27.231,26.701,26.831,213239
000858.SZ,2023-03-29,174.647,176.647,172.247,175.927,159539
002594.SZ,2023-03-29,79.087,80.321,79.087,79.471,144303
300750.SZ,2023-03-29,198.074,203.113,196.863,200.835,137546
510300.SH,2023-03-29,3.738,3.739,3.711,3.717,6163363
600036.SH,2023-03-29,26.884,26.974,26.374,26.394,418630
600276.SH,2023-03-29,42.591,42.701,42.021,42.401,183576
600519.SH,2023-03-29,1619.644,1620.644,1605.714,1610.644,15393
600900.SH,2023-03-29,16.696,17.206,16.636,17.136,1762969
601318.SH,2023-03-29,36.241,36.491,35.311,35.331,409020
601857.SH,2023-03-29,4.11,4.11,3.99,4.01,1235272
601899.SH,2023-03-29,10.27,10.49,10.14,10.16,1097239
688981.SH,2023-03-29,49.19,50.32,47.98,49.36,70892622
000651.SZ,2023-03-30,26.881,28.221,26.511,27.911,546578
000858.SZ,2023-03-30,175.927,179.607,174.827,179.037,151487
002594.SZ,2023-03-30,80.237,82.637,80.237,82.637,209267
300750.SZ,2023-03-30,201.285,201.847,199.263,200.797,86819
510300.SH,2023-03-30,3.718,3.761,3.701,3.76,5572070
600036.SH,2023-03-30,26.424,26.664,25.984,26.624,562290
600276.SH,2023-03-30,42.401,42.491,41.751,42.251,206747
600519.SH,2023-03-30,1613.644,1625.644,1599.644,1620.644,19257
600900.SH,2023-03-30,17.066,17.676,17.066,17.636,1596219
601318.SH,2023-03-30,35.421,35.611,34.851,35.391,450030
601857.SH,2023-03-30,4.1,4.43,4.09,4.4,5742410
601899.SH,2023-03-30,10.19,10.4,10.08,10.4,1507178
688981.SH,2023-03-30,49.02,50.19,48.8,49.08,45779561
000651.SZ,2023-03-31,27.711,27.981,27.391,27.431,331766
000858.SZ,2023-03-31,181.647,182.647,177.647,177.647,127590
002594.SZ,2023-03-31,83.227,83.857,81.904,82.244,167008
300750.SZ,2023-03-31,203.235,209.058,203.235,204.097,196076
510300.SH,2023-03-31,3.765,3.783,3.759,3.77,6711625
600036.SH,2023-03-31,26.634,27.094,26.414,26.544,577794
600276.SH,2023-03-31,42.251,42.681,41.741,42.061,220698
600519.SH,2023-03-31,1645.644,1668.644,1639.644,1640.644,27446
600900.SH,2023-03-31,17.636,17.756,17.556,17.666,722900
601318.SH,2023-03-31,35.511,36.211,35.291,35.511,524540
601857.SH,2023-03-31,4.39,4.41,4.3,4.32,2082518
601899.SH,2023-03-31,10.44,10.6,10.4,10.54,1586910
688981.SH,2023-03-31,49.1,50.65,48.91,50.11,50483423
000651.SZ,2023-04-03,27.531,28.161,27.411,27.941,296209
000858.SZ,2023-04-03,177.627,177.647,173.727,175.837,133660
002594.SZ,2023-04-03,82.237,82.984,80.991,82.211,133691
300750.SZ,2023-04-03,204.13,204.513,198.513,200.019,167632
510300.SH,2023-04-03,3.77,3.811,3.765,3.8,5513397
600036.SH,2023-04-03,26.584,26.724,26.254,26.644,504675
600276.SH,2023-04-03,41.891,42.421,41.641,41.801,244114
600519.SH,2023-04-03,1645.644,1648.414,1620.724,1622.714,21417
600900.SH,2023-04-03,17.616,17.666,17.496,17.516,416840
601318.SH,2023-04-03,35.461,35.811,35.201,35.591,451215
601857.SH,2023-04-03,4.45,4.58,4.37,4.4,3411577
601899.SH,2023-04-03,10.54,10.6,10.22,10.27,1686775
688981.SH,2023-04-03,50.33,54.6,49.87,54.58,133989588
000651.SZ,2023-04-04,27.801,27.941,27.481,27.711,241679
000858.SZ,2023-04-04,176.147,177.307,173.597,176.797,142473
002594.SZ,2023-04-04,82.174,82.174,79.567,80.544,137744
300750.SZ,2023-04-04,200.73,200.73,190.63,194.069,200897
510300.SH,2023-04-04,3.8,3.822,3.792,3.82,4803087
600036.SH,2023-04-04,26.654,26.694,26.334,26.554,487821
600276.SH,2023-04-04,41.801,42.401,41.341,42.391,338527
600519.SH,2023-04-04,1632.644,1635.814,1607.644,1635.234,20066
600900.SH,2023-04-04,17.506,17.716,17.476,17.686,523570
601318.SH,2023-04-04,35.581,35.771,35.141,35.481,473486
601857.SH,2023-04-04,4.44,4.64,4.4,4.57,2940456
601899.SH,2023-04-04,10.35,10.58,10.24,10.5,1559546
688981.SH,2023-04-04,54.25,57.99,54.01,56.66,167492359
000651.SZ,2023-04-06,27.721,27.741,27.181,27.431,241197
000858.SZ,2023-04-06,175.647,175.647,169.717,171.187,151075
002594.SZ,2023-04-06,79.571,80.531,78.797,80.237,81942
300750.SZ,2023-04-06,191.847,194.93,189.708,194.08,105816
510300.SH,2023-04-06,3.805,3.813,3.793,3.808,3782868
600036.SH,2023-04-06,26.444,26.444,26.004,26.074,486796
600276.SH,2023-04-06,42.441,42.491,41.541,42.021,280353
600519.SH,2023-04-06,1625.644,1636.544,1608.864,1617.604,14874
600900.SH,2023-04-06,17.656,17.696,17.526,17.616,245027
601318.SH,2023-04-06,35.461,35.461,34.941,34.991,361627
601857.SH,2023-04-06,4.52,4.6,4.48,4.58,1829100
601899.SH,2023-04-06,10.58,11.29,10.56,11.28,2942722
688981.SH,2023-04-06,57.5,61.61,57.28,59.07,187479590
000651.SZ,2023-04-07,27.431,28.241,27.341,27.971,327833
000858.SZ,2023-04-07,170.447,172.477,168.187,169.707,113038
002594.SZ,2023-04-07,80.254,80.947,79.681,79.997,68723
300750.SZ,2023-04-07,193.041,197.402,192.047,195.463,100581
510300.SH,2023-04-07,3.808,3.849,3.806,3.837,3295857
600036.SH,2023-04-07,26.124,26.534,26.024,26.414,394141
600276.SH,2023-04-07,42.031,44.541,42.031,44.391,670009
600519.SH,2023-04-07,1615.644,1626.654,1608.984,1611.634,13525
600900.SH,2023-04-07,17.626,17.676,17.426,17.496,290180
601318.SH,2023-04-07,35.201,35.691,35.061,35.541,326336
601857.SH,2023-04-07,4.56,4.61,4.51,4.55,1198064
601899.SH,2023-04-07,11.11,11.22,10.94,11.04,1381682
688981.SH,2023-04-07,59.83,60.9,58.14,59.9,120541406
000651.SZ,2023-04-10,27.971,28.451,27.701,28.431,317368
000858.SZ,2023-04-10,165.647,165.667,158.847,165.297,339732
002594.SZ,2023-04-10,79.997,80.637,78.904,80.571,98058
300750.SZ,2023-04-10,197.341,201.908,194.069,201.852,172379
510300.SH,2023-04-10,3.848,3.849,3.818,3.822,4743616
600036.SH,2023-04-10,26.424,26.574,26.244,26.514,330159
600276.SH,2023-04-10,44.391,45.931,44.141,45.511,662720
600519.SH,2023-04-10,1611.524,1611.524,1564.644,1592.344,29418
600900.SH,2023-04-10,17.596,17.706,17.506,17.656,322785
601318.SH,2023-04-10,35.641,36.181,35.411,35.971,527369
601857.SH,2023-04-10,4.56,4.89,4.56,4.86,3384283
601899.SH,2023-04-10,10.94,11.27,10.81,11.13,1168734
688981.SH,2023-04-10,60.3,63.54,59.6,60.0,124269469
000651.SZ,2023-04-11,28.631,30.081,28.561,30.081,953641
000858.SZ,2023-04-11,164.617,164.797,160.657,161.177,191194
002594.SZ,2023-04-11,80.954,81.734,79.771,80.181,87455
300750.SZ,2023-04-11,200.741,206.219,199.624,200.708,143663
510300.SH,2023-04-11,3.825,3.832,3.798,3.812,5359550
600036.SH,2023-04-11,26.514,26.614,25.904,26.004,733992
600276.SH,2023-04-11,45.441,45.901,44.961,45.251,327026
600519.SH,2023-04-11,1613.644,1613.644,1564.644,1566.144,29209
600900.SH,2023-04-11,17.706,17.736,17.516,17.696,407302
601318.SH,2023-04-11,35.931,36.211,35.541,35.571,543094
601857.SH,2023-04-11,4.82,5.0,4.77,4.96,2763521
601899.SH,2023-04-11,11.13,11.59,10.99,11.58,2253746
688981.SH,2023-04-11,60.0,61.58,57.33,58.43,109066438
000651.SZ,2023-04-12,30.101,30.381,29.831,30.081,397237
000858.SZ,2023-04-12,161.647,161.757,156.197,156.467,272834
002594.SZ,2023-04-12,79.837,79.837,78.014,78.037,112330
300750.SZ,2023-04-12,200.735,200.735,196.291,196.297,87367
510300.SH,2023-04-12,3.813,3.818,3.8,3.808,3358337
600036.SH,2023-04-12,26.164,26.224,25.934,26.014,416128
600276.SH,2023-04-12,45.341,46.591,44.801,44.871,336009
600519.SH,2023-04-12,1567.904,1570.644,1513.464,1514.744,51105
600900.SH,2023-04-12,17.716,17.906,17.636,17.816,418299
601318.SH,2023-04-12,35.711,35.991,35.361,35.511,460938
601857.SH,2023-04-12,4.97,5.27,4.97,5.23,3115413
601899.SH,2023-04-12,11.53,11.9,11.47,11.7,1854368
688981.SH,2023-04-12,57.9,60.5,57.75,59.3,75177660
000651.SZ,2023-04-13,29.941,29.941,29.071,29.201,318527
000858.SZ,2023-04-13,156.647,160.547,156.197,158.527,210802
002594.SZ,2023-04-13,77.097,77.904,76.161,77.844,80965
300750.SZ,2023-04-13,195.18,195.935,192.402,194.213,100464
510300.SH,2023-04-13,3.799,3.805,3.777,3.783,4021907
600036.SH,2023-04-13,25.924,26.514,25.524,26.284,634305
600276.SH,2023-04-13,44.871,46.991,44.711,46.591,646011
600519.SH,2023-04-13,1510.644,1544.234,1504.654,1543.644,29543
600900.SH,2023-04-13,17.786,17.866,17.516,17.566,469739
601318.SH,2023-04-13,35.211,35.281,34.721,35.031,569479
601857.SH,2023-04-13,5.26,5.54,5.14,5.18,4540456
601899.SH,2023-04-13,11.65,11.93,11.39,11.55,1583872
688981.SH,2023-04-13,58.7,59.22,57.5,58.0,60987583
000651.SZ,2023-04-14,29.261,29.381,28.931,29.081,213932
000858.SZ,2023-04-14,158.867,159.147,155.677,156.237,144653
002594.SZ,2023-04-14,78.037,79.394,77.901,78.924,105506
300750.SZ,2023-04-14,194.013,202.052,193.791,199.23,159237
510300.SH,2023-04-14,3.795,3.814,3.791,3.804,4560326
600036.SH,2023-04-14,26.474,27.064,26.294,26.664,693923
600276.SH,2023-04-14,47.181,47.871,46.241,46.961,604880
600519.SH,2023-04-14,1546.644,1553.644,1525.444,1534.064,21232
600900.SH,2023-04-14,17.626,17.786,17.596,17.626,381914
601318.SH,2023-04-14,35.261,35.881,35.111,35.401,428919
601857.SH,2023-04-14,5.18,5.34,5.1,5.3,2753880
601899.SH,2023-04-14,11.89,12.14,11.84,12.09,2105780
688981.SH,2023-04-14,58.67,62.3,57.38,62.26,126091003
000651.SZ,2023-04-17,29.431,31.021,29.381,30.941,775150
000858.SZ,2023-04-17,157.437,160.567,157.137,158.827,185553
002594.SZ,2023-04-17,78.571,80.131,78.307,80.051,90394
300750.SZ,2023-04-17,198.697,206.291,198.402,205.113,176632
510300.SH,2023-04-17,3.801,3.867,3.8,3.865,6325480
600036.SH,2023-04-17,26.594,27.474,26.374,27.474,893730
600276.SH,2023-04-17,47.041,49.541,47.041,48.531,803312
600519.SH,2023-04-17,1560.644,1573.644,1548.644,1573.644,30467
600900.SH,2023-04-17,17.616,17.716,17.546,17.716,420521
601318.SH,2023-04-17,35.241,37.391,34.931,37.391,1036161
601857.SH,2023-04-17,5.27,5.77,5.22,5.74,4255724
601899.SH,2023-04-17,11.73,12.17,11.63,12.06,1633557
688981.SH,2023-04-17,62.5,63.68,61.71,63.0,92683946
000651.SZ,2023-04-18,31.101,31.861,30.931,31.261,559068
000858.SZ,2023-04-18,159.647,160.817,158.227,158.967,144067
002594.SZ,2023-04-18,80.371,80.964,79.717,79.904,78432
300750.SZ,2023-04-18,205.119,210.735,204.785,205.735,140605
510300.SH,2023-04-18,3.864,3.883,3.856,3.872,4160543
600036.SH,2023-04-18,27.484,28.624,27.394,27.954,942715
600276.SH,2023-04-18,48.541,48.941,47.621,48.171,376306
600519.SH,2023-04-18,1573.644,1589.644,1566.664,1578.644,18314
600900.SH,2023-04-18,17.716,17.776,17.586,17.676,413559
601318.SH,2023-04-18,37.111,38.991,37.041,38.531,1310275
601857.SH,2023-04-18,5.69,5.74,5.56,5.69,2703990
601899.SH,2023-04-18,12.02,12.2,11.9,12.01,1234738
688981.SH,2023-04-18,62.22,62.25,59.61,60.9,82926268
000651.SZ,2023-04-19,31.261,31.671,30.621,30.701,409883
000858.SZ,2023-04-19,159.317,159.607,156.147,156.937,126172
002594.SZ,2023-04-19,79.904,81.304,78.934,80.521,111927
300750.SZ,2023-04-19,208.791,208.98,204.069,206.497,116224
510300.SH,2023-04-19,3.874,3.874,3.835,3.839,4085730
600036.SH,2023-04-19,28.114,28.114,27.574,27.774,510886
600276.SH,2023-04-19,48.041,48.441,47.651,47.901,267820
600519.SH,2023-04-19,1582.644,1586.144,1570.644,1579.644,14601
600900.SH,2023-04-19,17.696,17.756,17.466,17.496,723769
601318.SH,2023-04-19,38.461,38.811,38.181,38.311,497165
601857.SH,2023-04-19,5.64,5.85,5.56,5.59,2556749
601899.SH,2023-04-19,12.05,12.25,11.98,12.05,1154891
688981.SH,2023-04-19,60.99,64.38,60.15,62.21,105669929
000651.SZ,2023-04-20,31.311,32.581,31.181,32.491,754388
000858.SZ,2023-04-20,156.987,157.627,153.147,154.147,148009
002594.SZ,2023-04-20,80.214,80.214,78.571,78.577,100308
300750.SZ,2023-04-20,206.458,206.458,198.513,198.513,158438
510300.SH,2023-04-20,3.838,3.842,3.81,3.823,6073086
600036.SH,2023-04-20,27.874,28.014,27.134,27.264,680915
600276.SH,2023-04-20,47.741,48.151,46.771,47.041,414766
600519.SH,2023-04-20,1580.754,1585.644,1549.644,1562.524,19885
600900.SH,2023-04-20,17.506,17.586,17.396,17.546,475779
601318.SH,2023-04-20,38.321,38.861,38.031,38.701,476734
601857.SH,2023-04-20,5.52,5.76,5.46,5.72,2801528
601899.SH,2023-04-20,11.95,11.97,11.47,11.74,2056810
688981.SH,2023-04-20,61.84,66.5,61.84,66.48,131724809
000651.SZ,2023-04-21,32.681,33.061,31.621,31.701,458350
000858.SZ,2023-04-21,154.647,155.947,152.447,152.647,120920
002594.SZ,2023-04-21,78.404,79.887,77.904,77.904,104052
300750.SZ,2023-04-21,203.235,209.024,200.18,203.508,252760
510300.SH,2023-04-21,3.823,3.826,3.744,3.75,6836486
600036.SH,2023-04-21,27.264,27.454,26.704,26.774,531591
600276.SH,2023-04-21,47.041,47.591,46.561,46.561,408355
600519.SH,2023-04-21,1566.644,1568.724,1541.924,1546.114,18518
600900.SH,2023-04-21,17.556,17.846,17.456,17.476,700335
601318.SH,2023-04-21,38.511,38.601,36.541,36.651,811976
601857.SH,2023-04-21,5.65,5.92,5.59,5.69,2745668
601899.SH,2023-04-21,11.77,11.81,11.44,11.44,1294834
688981.SH,2023-04-21,66.13,66.33,62.11,62.8,100226909
000651.SZ,2023-04-24,32.271,33.301,31.781,31.971,657239
000858.SZ,2023-04-24,152.747,153.547,148.147,148.647,176091
002594.SZ,2023-04-24,78.271,83.104,77.964,81.401,267017
300750.SZ,2023-04-24,203.569,204.069,196.78,199.002,173774
510300.SH,2023-04-24,3.749,3.752,3.683,3.699,5940937
600036.SH,2023-04-24,26.794,26.964,25.784,25.874,729874
600276.SH,2023-04-24,46.571,48.561,46.571,47.591,603105
600519.SH,2023-04-24,1541.644,1542.644,1521.644,1525.644,20231
600900.SH,2023-04-24,17.566,17.656,17.406,17.446,471080
601318.SH,2023-04-24,36.791,37.661,36.111,36.311,587482
601857.SH,2023-04-24,5.69,5.82,5.61,5.72,2344652
601899.SH,2023-04-24,11.4,11.58,10.73,10.84,2447299
688981.SH,2023-04-24,62.5,64.5,60.11,63.05,84698990
000651.SZ,2023-04-25,31.981,32.071,30.741,31.521,585689
000858.SZ,2023-04-25,148.647,150.527,146.297,150.447,154897
002594.SZ,2023-04-25,80.571,80.837,77.637,78.337,187419
300750.SZ,2023-04-25,199.624,199.624,189.624,192.902,168989
510300.SH,2023-04-25,3.7,3.708,3.644,3.68,9664268
600036.SH,2023-04-25,25.884,26.414,25.784,26.304,512213
600276.SH,2023-04-25,47.591,48.201,46.521,47.221,438672
600519.SH,2023-04-25,1526.644,1556.624,1522.644,1551.024,20583
600900.SH,2023-04-25,17.426,17.636,17.396,17.586,484189
601318.SH,2023-04-25,36.451,36.991,35.791,36.001,617583
601857.SH,2023-04-25,5.76,6.03,5.75,6.02,3384198
601899.SH,2023-04-25,10.98,11.23,10.82,11.03,1815957
688981.SH,2023-04-25,63.06,64.57,60.85,61.37,87228753
000651.SZ,2023-04-26,31.211,31.331,30.211,30.681,468778
000858.SZ,2023-04-26,149.747,151.827,148.227,149.257,148127
002594.SZ,2023-04-26,77.904,81.751,77.237,80.571,174492
300750.SZ,2023-04-26,192.913,207.863,189.923,204.413,397075
510300.SH,2023-04-26,3.678,3.69,3.654,3.671,9034653
600036.SH,2023-04-26,26.074,26.234,25.624,26.094,496501
600276.SH,2023-04-26,47.241,48.011,46.261,47.441,360255
600519.SH,2023-04-26,1564.644,1581.644,1540.644,1564.554,27892
600900.SH,2023-04-26,17.596,17.796,17.556,17.596,453451
601318.SH,2023-04-26,35.771,36.161,35.571,35.701,505147
601857.SH,2023-04-26,5.9,6.0,5.78,5.94,2585258
601899.SH,2023-04-26,10.81,10.96,10.62,10.72,1692609
688981.SH,2023-04-26,60.7,61.06,56.7,58.16,106628690
000651.SZ,2023-04-27,30.661,30.871,30.171,30.481,428931
000858.SZ,2023-04-27,149.247,150.947,147.047,149.817,150393
002594.SZ,2023-04-27,80.237,83.234,80.087,83.211,242464
300750.SZ,2023-04-27,203.913,212.393,202.223,210.913,339691
510300.SH,2023-04-27,3.668,3.72,3.66,3.706,4677697
600036.SH,2023-04-27,25.244,25.264,24.414,24.904,1559279
600276.SH,2023-04-27,47.421,47.991,46.651,47.441,400538
600519.SH,2023-04-27,1568.644,1590.644,1550.644,1578.564,25605
600900.SH,2023-04-27,17.706,18.336,17.636,18.306,945612
601318.SH,2023-04-27,36.891,40.281,36.721,40.281,2570645
601857.SH,2023-04-27,5.81,5.95,5.7,5.9,2061085
601899.SH,2023-04-27,10.64,11.18,10.57,10.97,1779557
688981.SH,2023-04-27,57.3,59.45,57.01,58.29,59302154
000651.SZ,2023-04-28,30.881,31.051,29.701,30.021,690283
000858.SZ,2023-04-28,151.907,152.597,148.527,149.647,179386
002594.SZ,2023-04-28,84.061,84.561,81.571,82.191,191945
300750.SZ,2023-04-28,213.913,217.243,206.803,210.763,271048
510300.SH,2023-04-28,3.717,3.75,3.711,3.745,4518062
600036.SH,2023-04-28,24.734,26.024,24.684,25.874,940213
600276.SH,2023-04-28,47.441,48.191,47.071,47.891,282983
600519.SH,2023-04-28,1583.654,1603.414,1574.614,1581.164,26225
600900.SH,2023-04-28,18.236,18.376,18.036,18.296,660156
601318.SH,2023-04-28,40.521,42.561,40.191,41.711,2149502
601857.SH,2023-04-28,5.87,6.29,5.83,6.29,2747828
601899.SH,2023-04-28,10.7,11.13,10.7,10.98,1453621
688981.SH,2023-04-28,57.91,61.6,57.81,61.58,67240296
000651.SZ,2023-05-04,26.681,27.181,26.091,26.101,2129350
000858.SZ,2023-05-04,153.147,153.597,148.097,149.597,265878
002594.SZ,2023-05-04,81.904,82.774,80.704,81.077,118124
300750.SZ,2023-05-04,210.913,212.413,204.463,205.433,194091
510300.SH,2023-05-04,3.733,3.747,3.716,3.745,3378611
600036.SH,2023-05-04,25.564,26.674,25.104,26.404,725433
600276.SH,2023-05-04,47.791,49.141,47.721,48.511,432507
600519.SH,2023-05-04,1589.644,1598.314,1556.644,1570.544,27466
600900.SH,2023-05-04,18.296,18.976,18.136,18.976,856300
601318.SH,2023-05-04,40.681,44.261,40.501,43.611,1837641
601857.SH,2023-05-04,5.99,6.56,5.95,6.41,3555489
601899.SH,2023-05-04,11.4,11.53,10.99,11.08,2114892
688981.SH,2023-05-04,60.5,60.95,58.0,58.76,59289793
000651.SZ,2023-05-05,26.081,26.561,25.451,25.831,1108025
000858.SZ,2023-05-05,149.597,154.747,148.897,154.357,251727
002594.SZ,2023-05-05,81.087,81.504,79.554,80.261,102440
300750.SZ,2023-05-05,204.913,209.913,203.633,206.913,167409
510300.SH,2023-05-05,3.746,3.758,3.709,3.729,3379499
600036.SH,2023-05-05,26.454,27.334,26.424,26.964,800890
600276.SH,2023-05-05,48.621,48.721,46.321,46.711,422608
600519.SH,2023-05-05,1586.644,1586.644,1557.034,1570.644,20714
600900.SH,2023-05-05,18.836,18.836,18.476,18.516,613817
601318.SH,2023-05-05,43.911,44.911,43.151,43.741,1264107
601857.SH,2023-05-05,6.41,6.44,6.19,6.37,2361696
601899.SH,2023-05-05,11.18,11.29,10.6,10.73,1870675
688981.SH,2023-05-05,58.5,59.93,58.26,58.8,36207377
000651.SZ,2023-05-08,25.981,26.121,25.011,25.291,1019334
000858.SZ,2023-05-08,155.147,156.147,151.437,152.047,177534
002594.SZ,2023-05-08,81.237,83.271,81.077,81.581,121626
300750.SZ,2023-05-08,209.913,213.703,205.973,210.723,227531
510300.SH,2023-05-08,3.736,3.784,3.731,3.774,6848152
600036.SH,2023-05-08,27.134,28.224,26.914,27.874,1064266
600276.SH,2023-05-08,46.711,46.841,45.311,45.751,468052
600519.SH,2023-05-08,1588.964,1589.644,1537.814,1541.164,33171
600900.SH,2023-05-08,18.516,18.826,18.426,18.756,689704
601318.SH,2023-05-08,43.901,44.991,43.421,44.831,1504054
601857.SH,2023-05-08,6.42,6.98,6.42,6.98,3490880
601899.SH,2023-05-08,10.64,10.89,10.46,10.81,1475035
688981.SH,2023-05-08,58.99,61.19,58.89,59.43,48231761
000651.SZ,2023-05-09,25.271,25.871,25.181,25.351,697920
000858.SZ,2023-05-09,151.477,158.147,150.647,155.417,222923
002594.SZ,2023-05-09,80.251,81.357,79.904,80.274,89885
300750.SZ,2023-05-09,210.293,210.293,203.963,205.743,196538
510300.SH,2023-05-09,3.779,3.805,3.739,3.739,5668907
600036.SH,2023-05-09,27.954,28.374,27.234,27.264,985530
600276.SH,2023-05-09,45.631,46.061,44.941,45.171,289536
600519.SH,2023-05-09,1535.644,1560.624,1527.714,1542.644,29378
600900.SH,2023-05-09,18.686,19.506,18.636,19.166,974938
601318.SH,2023-05-09,44.831,45.911,43.281,43.391,1461587
601857.SH,2023-05-09,6.99,7.04,6.49,6.49,4124989
601899.SH,2023-05-09,10.82,10.82,10.34,10.4,1714661
688981.SH,2023-05-09,58.96,59.35,52.52,52.78,148270463
000651.SZ,2023-05-10,25.181,25.491,24.561,25.271,491426
000858.SZ,2023-05-10,153.447,155.147,152.237,153.967,118910
002594.SZ,2023-05-10,80.571,84.297,79.971,83.501,253691
300750.SZ,2023-05-10,205.713,214.163,201.123,212.433,289568
510300.SH,2023-05-10,3.737,3.739,3.7,3.708,9165933
600036.SH,2023-05-10,27.174,27.394,26.564,26.674,638374
600276.SH,2023-05-10,45.241,45.941,44.891,45.591,251665
600519.SH,2023-05-10,1535.834,1556.644,1535.644,1545.644,20773
600900.SH,2023-05-10,19.166,19.626,18.806,18.806,685452
601318.SH,2023-05-10,43.391,43.771,42.021,42.221,1055610
601857.SH,2023-05-10,6.49,6.53,6.04,6.17,4139163
601899.SH,2023-05-10,10.47,10.57,10.19,10.23,1243354
688981.SH,2023-05-10,52.26,53.45,51.6,52.45,58535661
000651.SZ,2023-05-11,25.191,25.351,24.681,24.691,533238
000858.SZ,2023-05-11,154.627,157.137,152.857,153.217,122896
002594.SZ,2023-05-11,83.827,86.837,83.131,84.821,214237
300750.SZ,2023-05-11,212.463,222.893,211.113,220.313,347474
510300.SH,2023-05-11,3.718,3.728,3.7,3.703,3216150
600036.SH,2023-05-11,26.874,27.604,26.674,26.724,445803
600276.SH,2023-05-11,45.591,47.231,45.451,45.671,286218
600519.SH,2023-05-11,1551.644,1555.644,1535.644,1537.714,15246
600900.SH,2023-05-11,18.946,19.446,18.836,19.216,538423
601318.SH,2023-05-11,42.811,43.381,42.071,42.261,593884
601857.SH,2023-05-11,6.15,6.18,5.97,6.03,2017570
601899.SH,2023-05-11,10.19,10.24,9.75,9.83,1869317
688981.SH,2023-05-11,53.05,53.7,52.61,52.96,33697699
000651.SZ,2023-05-12,24.691,25.451,24.651,24.951,504535
000858.SZ,2023-05-12,152.847,155.147,150.007,150.017,129592
002594.SZ,2023-05-12,85.571,86.321,83.411,83.604,104574
300750.SZ,2023-05-12,221.903,224.473,217.893,217.893,223100
510300.SH,2023-05-12,3.702,3.716,3.65,3.652,5187745
600036.SH,2023-05-12,26.744,26.824,26.274,26.314,459366
600276.SH,2023-05-12,45.681,46.111,44.611,44.751,363767
600519.SH,2023-05-12,1535.644,1550.524,1525.654,1527.044,19460
600900.SH,2023-05-12,19.256,19.566,19.116,19.326,682035
601318.SH,2023-05-12,42.241,42.411,41.081,41.181,626681
601857.SH,2023-05-12,6.06,6.24,5.89,5.9,2689046
601899.SH,2023-05-12,9.55,9.56,9.06,9.13,3385700
688981.SH,2023-05-12,54.5,56.59,53.41,53.69,73835185
000651.SZ,2023-05-15,24.971,25.301,24.581,25.151,407477
000858.SZ,2023-05-15,148.897,153.137,148.677,153.087,130800
002594.SZ,2023-05-15,83.604,85.754,83.137,85.204,136926
300750.SZ,2023-05-15,220.923,223.913,215.013,218.203,267065
510300.SH,2023-05-15,3.654,3.716,3.643,3.715,8107574
600036.SH,2023-05-15,26.364,27.124,25.984,26.974,528095
600276.SH,2023-05-15,44.751,46.851,44.741,46.681,326025
600519.SH,2023-05-15,1522.644,1537.644,1511.844,1536.944,25740
600900.SH,2023-05-15,19.216,19.426,19.126,19.416,530323
601318.SH,2023-05-15,41.191,43.781,40.691,43.621,1113754
601857.SH,2023-05-15,5.82,5.91,5.64,5.87,2942770
601899.SH,2023-05-15,9.13,9.35,8.81,9.26,2357757
688981.SH,2023-05-15,53.0,55.3,52.42,54.87,45211196
000651.SZ,2023-05-16,25.081,25.081,24.411,24.541,550402
000858.SZ,2023-05-16,152.947,153.007,150.447,151.137,99365
002594.SZ,2023-05-16,85.034,86.044,84.637,85.281,81639
300750.SZ,2023-05-16,218.313,220.883,216.683,218.913,139740
510300.SH,2023-05-16,3.714,3.72,3.682,3.698,4068203
600036.SH,2023-05-16,27.224,27.474,26.844,27.094,385248
600276.SH,2023-05-16,48.341,48.951,47.941,48.371,588846
600519.SH,2023-05-16,1534.634,1540.634,1517.644,1523.934,22224
600900.SH,2023-05-16,19.416,19.546,19.126,19.376,564170
601318.SH,2023-05-16,43.581,43.731,42.711,43.111,644969
601857.SH,2023-05-16,5.85,6.15,5.82,5.92,2174596
601899.SH,2023-05-16,9.2,9.57,9.15,9.4,2064956
688981.SH,2023-05-16,54.81,55.3,53.88,54.25,37417865
000651.SZ,2023-05-17,24.621,24.721,24.191,24.701,383674
000858.SZ,2023-05-17,150.647,151.547,149.397,149.987,86022
002594.SZ,2023-05-17,85.234,85.504,83.241,83.904,89556
300750.SZ,2023-05-17,218.913,221.593,215.973,219.913,182464
510300.SH,2023-05-17,3.691,3.702,3.661,3.671,6405805
600036.SH,2023-05-17,27.084,27.404,26.704,26.774,396376
600276.SH,2023-05-17,48.491,48.591,47.401,47.741,271331
600519.SH,2023-05-17,1528.644,1533.644,1519.654,1521.644,16777
600900.SH,2023-05-17,19.396,19.546,19.226,19.296,450117
601318.SH,2023-05-17,42.701,42.761,41.491,41.821,642552
601857.SH,2023-05-17,5.83,5.95,5.72,5.87,1235443
601899.SH,2023-05-17,9.19,9.35,9.08,9.15,1307229
688981.SH,2023-05-17,53.93,54.95,53.71,54.2,29240177
000651.SZ,2023-05-18,24.651,25.421,24.561,25.021,457687
000858.SZ,2023-05-18,150.137,151.357,148.647,149.307,87804
002594.SZ,2023-05-18,84.337,84.864,82.424,83.264,100697
300750.SZ,2023-05-18,221.213,221.283,210.953,212.313,241239
510300.SH,2023-05-18,3.678,3.698,3.651,3.67,7006002
600036.SH,2023-05-18,27.004,27.114,26.484,26.724,329012
600276.SH,2023-05-18,47.741,48.111,47.021,47.261,229022
600519.SH,2023-05-18,1525.634,1526.044,1510.644,1511.644,19219
600900.SH,2023-05-18,19.336,19.686,19.326,19.496,468708
601318.SH,2023-05-18,41.711,42.761,41.441,41.731,555166
601857.SH,2023-05-18,5.95,6.22,5.95,6.11,2038920
601899.SH,2023-05-18,9.32,9.42,9.16,9.25,1384687
688981.SH,2023-05-18,54.38,55.55,54.33,55.1,35290433
000651.SZ,2023-05-19,24.811,25.801,24.691,25.501,488819
000858.SZ,2023-05-19,148.737,151.907,147.397,151.447,120746
002594.SZ,2023-05-19,82.964,83.877,82.337,83.297,60106
300750.SZ,2023-05-19,211.663,214.093,209.913,209.913,194722
510300.SH,2023-05-19,3.66,3.686,3.642,3.664,3417126
600036.SH,2023-05-19,26.624,26.724,26.214,26.224,392990
600276.SH,2023-05-19,47.321,48.991,47.321,48.371,341093
600519.SH,2023-05-19,1491.644,1524.974,1476.194,1520.144,26741
600900.SH,2023-05-19,19.426,19.496,19.226,19.236,361886
601318.SH,2023-05-19,41.121,41.611,40.711,40.951,554236
601857.SH,2023-05-19,6.08,6.11,5.88,5.93,1496114
601899.SH,2023-05-19,9.01,9.18,8.85,9.04,2052900
688981.SH,2023-05-19,54.82,56.36,54.82,55.0,35394497
000651.SZ,2023-05-22,25.381,26.241,25.261,25.881,498286
000858.SZ,2023-05-22,151.537,159.707,149.727,158.257,302445
002594.SZ,2023-05-22,83.877,85.571,82.597,85.271,120165
300750.SZ,2023-05-22,208.913,212.413,206.913,210.213,146791
510300.SH,2023-05-22,3.663,3.705,3.65,3.684,5003757
600036.SH,2023-05-22,26.254,26.614,26.254,26.474,296934
600276.SH,2023-05-22,48.421,49.441,47.571,47.941,291330
600519.SH,2023-05-22,1510.654,1572.644,1510.644,1566.644,41284
600900.SH,2023-05-22,19.356,19.736,19.276,19.646,582943
601318.SH,2023-05-22,40.911,41.761,40.711,41.331,498812
601857.SH,2023-05-22,5.89,5.99,5.78,5.89,1296736
601899.SH,2023-05-22,9.05,9.15,8.96,9.05,997254
688981.SH,2023-05-22,55.0,56.0,54.2,54.55,25748595
000651.SZ,2023-05-23,25.891,26.091,25.711,25.731,287584
000858.SZ,2023-05-23,158.447,159.147,154.647,154.647,136724
002594.SZ,2023-05-23,85.251,85.864,84.547,84.547,90619
300750.SZ,2023-05-23,210.793,211.623,205.063,205.333,196132
510300.SH,2023-05-23,3.687,3.691,3.626,3.627,6117573
600036.SH,2023-05-23,26.484,26.654,25.874,25.874,346921
600276.SH,2023-05-23,47.991,49.141,47.981,48.341,328983
600519.SH,2023-05-23,1574.634,1574.644,1545.194,1545.194,16894
600900.SH,2023-05-23,19.656,19.746,19.456,19.456,330978
601318.SH,2023-05-23,41.311,41.581,39.811,39.811,685386
601857.SH,2023-05-23,5.89,5.98,5.75,5.75,1222603
601899.SH,2023-05-23,9.03,9.09,8.82,8.82,1269219
688981.SH,2023-05-23,54.2,54.7,52.9,52.9,31532620
000651.SZ,2023-05-24,25.701,25.881,25.081,25.171,267336
000858.SZ,2023-05-24,154.167,154.627,150.997,150.997,133551
002594.SZ,2023-05-24,84.104,85.237,83.411,84.207,68093
300750.SZ,2023-05-24,204.713,208.423,203.633,205.163,147857
510300.SH,2023-05-24,3.622,3.623,3.572,3.574,7672776
600036.SH,2023-05-24,25.864,25.864,25.204,25.204,463999
600276.SH,2023-05-24,48.341,48.421,46.871,47.201,287120
600519.SH,2023-05-24,1552.974,1554.194,1530.754,1531.544,18479
600900.SH,2023-05-24,19.456,19.496,19.046,19.046,476768
601318.SH,2023-05-24,39.771,39.811,38.311,38.381,713134
601857.SH,2023-05-24,5.72,5.78,5.59,5.62,1622572
601899.SH,2023-05-24,8.77,8.98,8.66,8.84,1284978
688981.SH,2023-05-24,52.6,52.6,48.78,49.91,85237308
000651.SZ,2023-05-25,25.101,25.101,24.671,25.021,331930
000858.SZ,2023-05-25,150.067,150.327,148.097,148.847,143925
002594.SZ,2023-05-25,84.224,84.854,81.951,82.104,132079
300750.SZ,2023-05-25,204.763,207.593,202.403,204.003,137533
510300.SH,2023-05-25,3.568,3.578,3.532,3.565,4918567
600036.SH,2023-05-25,25.034,25.034,24.434,24.694,706051
600276.SH,2023-05-25,46.911,47.491,46.421,47.301,183705
600519.SH,2023-05-25,1526.634,1530.644,1510.644,1521.644,22466
600900.SH,2023-05-25,19.036,19.216,18.936,19.116,369270
601318.SH,2023-05-25,38.291,38.661,37.811,38.311,525529
601857.SH,2023-05-25,5.6,5.67,5.42,5.56,2281736
601899.SH,2023-05-25,8.77,8.77,8.53,8.67,1482542
688981.SH,2023-05-25,50.29,50.58,49.03,50.36,40626355
000651.SZ,2023-05-26,24.961,25.151,24.591,25.081,185680
000858.SZ,2023-05-26,148.847,152.537,148.647,150.747,122875
002594.SZ,2023-05-26,81.237,81.237,77.837,79.234,185813
300750.SZ,2023-05-26,204.113,204.413,197.413,199.913,182117
510300.SH,2023-05-26,3.563,3.581,3.533,3.57,4462037
600036.SH,2023-05-26,24.714,25.134,24.494,25.014,294624
600276.SH,2023-05-26,47.191,48.291,47.131,47.641,174986
600519.SH,2023-05-26,1522.644,1525.644,1495.654,1511.204,18291
600900.SH,2023-05-26,19.136,19.246,18.956,18.976,275607
601318.SH,2023-05-26,38.301,38.791,37.721,38.351,403366
601857.SH,2023-05-26,5.55,5.6,5.41,5.51,1241262
601899.SH,2023-05-26,8.6,9.02,8.54,8.95,1280834
688981.SH,2023-05-26,50.46,52.31,50.45,51.8,41435592
000651.SZ,2023-05-29,25.071,25.341,24.391,24.711,286433
000858.SZ,2023-05-29,151.587,152.497,148.227,148.907,129769
002594.SZ,2023-05-29,80.237,80.421,77.571,78.547,124723
300750.SZ,2023-05-29,202.113,202.133,195.513,196.973,165372
510300.SH,2023-05-29,3.578,3.59,3.539,3.554,4030135
600036.SH,2023-05-29,25.224,25.224,24.714,24.964,387301
600276.SH,2023-05-29,47.691,48.271,47.071,47.541,218625
600519.SH,2023-05-29,1517.644,1518.994,1498.644,1509.644,17771
600900.SH,2023-05-29,19.036,19.346,19.026,19.306,401644
601318.SH,2023-05-29,38.541,38.661,37.711,37.951,484344
601857.SH,2023-05-29,5.65,6.11,5.63,6.02,2692567
601899.SH,2023-05-29,8.97,9.03,8.86,8.95,1157875
688981.SH,2023-05-29,52.25,53.58,51.51,52.6,39825204
000651.SZ,2023-05-30,24.711,24.711,24.001,24.291,445193
000858.SZ,2023-05-30,148.647,150.097,144.147,145.817,183603
002594.SZ,2023-05-30,78.887,81.904,78.847,80.971,166881
300750.SZ,2023-05-30,196.913,204.903,195.923,204.903,264671
510300.SH,2023-05-30,3.546,3.567,3.51,3.558,5720979
600036.SH,2023-05-30,24.964,25.174,24.634,24.914,340072
600276.SH,2023-05-30,47.541,48.441,46.541,47.531,347627
600519.SH,2023-05-30,1509.644,1519.534,1479.204,1488.934,26453
600900.SH,2023-05-30,19.296,19.356,18.896,19.166,451087
601318.SH,2023-05-30,37.961,38.241,37.331,37.901,570291
601857.SH,2023-05-30,5.98,6.3,5.95,6.07,2169730
601899.SH,2023-05-30,8.94,9.02,8.76,8.86,1187885
688981.SH,2023-05-30,52.19,53.03,52.08,52.89,26592921
000651.SZ,2023-05-31,24.301,24.351,23.401,23.661,502144
000858.SZ,2023-05-31,145.647,145.777,140.667,141.827,213448
002594.SZ,2023-05-31,80.971,81.871,80.121,81.457,118381
300750.SZ,2023-05-31,204.963,206.803,200.073,201.083,188697
510300.SH,2023-05-31,3.548,3.548,3.505,3.522,7338757
600036.SH,2023-05-31,24.874,25.074,24.514,24.574,525414
600276.SH,2023-05-31,47.741,47.871,44.251,44.791,859349
600519.SH,2023-05-31,1481.654,1486.364,1447.314,1449.544,36957
600900.SH,2023-05-31,19.026,19.056,18.556,18.926,725719
601318.SH,2023-05-31,37.611,37.701,36.911,36.911,610689
601857.SH,2023-05-31,5.98,6.09,5.8,5.9,1884317
601899.SH,2023-05-31,8.9,9.02,8.76,8.84,1241795
688981.SH,2023-05-31,52.7,54.8,52.51,54.4,43467352
000651.SZ,2023-06-01,23.581,23.691,23.191,23.211,431927
000858.SZ,2023-06-01,143.137,147.247,141.847,143.967,169016
002594.SZ,2023-06-01,81.457,82.864,81.314,82.054,86736
300750.SZ,2023-06-01,202.553,207.913,201.423,202.813,159410
510300.SH,2023-06-01,3.519,3.56,3.514,3.53,6749757
600036.SH,2023-06-01,24.584,24.774,24.294,24.334,472399
600276.SH,2023-06-01,44.801,46.131,44.691,45.171,458276
600519.SH,2023-06-01,1438.644,1495.634,1438.644,1456.564,28645
600900.SH,2023-06-01,18.856,19.016,18.736,18.796,388154
601318.SH,2023-06-01,36.961,37.841,36.811,37.361,518074
601857.SH,2023-06-01,5.93,6.19,5.89,6.03,1803213
601899.SH,2023-06-01,8.88,9.38,8.83,9.2,2204978
688981.SH,2023-06-01,53.85,55.17,53.48,54.42,30522683
000651.SZ,2023-06-02,23.401,24.931,23.401,24.771,787532
000858.SZ,2023-06-02,145.647,149.047,143.977,148.547,192084
002594.SZ,2023-06-02,82.864,83.434,82.104,83.257,110680
300750.SZ,2023-06-02,204.813,209.903,203.913,208.353,231815
510300.SH,2023-06-02,3.55,3.593,3.55,3.583,6929781
600036.SH,2023-06-02,24.494,25.374,24.474,25.344,558856
600276.SH,2023-06-02,45.421,46.081,45.111,45.271,286950
600519.SH,2023-06-02,1465.644,1493.794,1456.754,1491.244,25058
600900.SH,2023-06-02,18.896,18.906,18.676,18.746,391962
601318.SH,2023-06-02,37.791,39.111,37.741,39.011,832840
601857.SH,2023-06-02,6.11,6.21,6.02,6.05,1432497
601899.SH,2023-06-02,9.32,9.77,9.32,9.74,2675839
688981.SH,2023-06-02,54.6,54.8,52.88,53.72,23883171
000651.SZ,2023-06-05,24.771,24.921,24.181,24.851,307786
000858.SZ,2023-06-05,147.927,148.327,145.277,145.847,113447
002594.SZ,2023-06-05,83.237,83.257,80.794,83.011,104795
300750.SZ,2023-06-05,205.813,205.813,196.303,199.713,335951
510300.SH,2023-06-05,3.577,3.581,3.555,3.565,3611549
600036.SH,2023-06-05,25.344,25.544,25.114,25.314,312730
600276.SH,2023-06-05,45.441,46.141,45.281,45.741,270911
600519.SH,2023-06-05,1486.804,1503.524,1483.644,1485.644,16201
600900.SH,2023-06-05,18.806,19.016,18.766,18.866,316185
601318.SH,2023-06-05,38.671,38.841,38.141,38.421,466456
601857.SH,2023-06-05,6.12,6.25,6.1,6.12,1380727
601899.SH,2023-06-05,9.56,9.56,9.29,9.43,1675791
688981.SH,2023-06-05,54.79,56.03,54.5,55.04,42849928
000651.SZ,2023-06-06,24.771,25.461,24.541,24.771,389516
000858.SZ,2023-06-06,146.947,149.077,145.177,146.267,135368
002594.SZ,2023-06-06,82.887,85.237,82.297,83.864,128981
300750.SZ,2023-06-06,197.923,202.213,196.893,199.193,172425
510300.SH,2023-06-06,3.566,3.594,3.524,3.528,4115697
600036.SH,2023-06-06,25.314,26.074,25.254,25.344,386634
600276.SH,2023-06-06,45.781,46.411,45.391,45.551,267820
600519.SH,2023-06-06,1490.644,1504.644,1472.194,1487.634,19914
600900.SH,2023-06-06,18.866,18.986,18.686,18.736,286430
601318.SH,2023-06-06,38.251,39.841,38.161,38.671,644502
601857.SH,2023-06-06,6.07,6.2,6.03,6.06,1237333
601899.SH,2023-06-06,9.53,9.8,9.49,9.54,1687979
688981.SH,2023-06-06,55.04,55.76,53.61,53.99,29316868
000651.SZ,2023-06-07,25.231,25.571,24.831,25.151,427479
000858.SZ,2023-06-07,146.797,147.697,144.647,144.647,95326
002594.SZ,2023-06-07,84.237,84.717,82.071,82.421,100490
300750.SZ,2023-06-07,196.293,196.413,184.363,187.213,500939
510300.SH,2023-06-07,3.54,3.547,3.503,3.516,3721767
600036.SH,2023-06-07,25.524,25.884,25.434,25.574,338906
600276.SH,2023-06-07,45.541,45.931,44.591,44.741,248218
600519.SH,2023-06-07,1493.634,1499.444,1470.644,1471.544,17890
600900.SH,2023-06-07,18.816,18.916,18.706,18.756,321938
601318.SH,2023-06-07,39.311,39.601,38.681,38.921,425436
601857.SH,2023-06-07,6.0,6.11,5.9,6.06,1029440
601899.SH,2023-06-07,9.61,9.75,9.51,9.55,1103958
688981.SH,2023-06-07,54.0,55.16,53.71,54.67,23848942
000651.SZ,2023-06-08,25.111,26.311,24.941,26.171,616882
000858.SZ,2023-06-08,144.857,146.717,143.667,145.467,91573
002594.SZ,2023-06-08,82.301,83.184,81.727,81.904,64454
300750.SZ,2023-06-08,192.663,193.213,186.913,187.923,238579
510300.SH,2023-06-08,3.516,3.563,3.503,3.548,3834889
600036.SH,2023-06-08,25.594,26.494,25.494,26.354,549615
600276.SH,2023-06-08,44.901,45.081,44.251,44.991,223284
600519.SH,2023-06-08,1476.474,1495.644,1470.654,1488.644,14703
600900.SH,2023-06-08,18.806,19.096,18.766,19.076,289757
601318.SH,2023-06-08,38.831,39.871,38.591,39.581,572284
601857.SH,2023-06-08,6.06,6.27,5.97,6.22,1691084
601899.SH,2023-06-08,9.43,9.72,9.31,9.67,1179550
688981.SH,2023-06-08,54.6,54.6,53.18,53.56,26298423
000651.SZ,2023-06-09,27.181,27.321,25.811,25.881,469562
000858.SZ,2023-06-09,145.587,146.627,144.447,145.237,119635
002594.SZ,2023-06-09,83.171,83.271,81.071,82.904,107484
300750.SZ,2023-06-09,188.463,193.043,188.463,191.953,242617
510300.SH,2023-06-09,3.549,3.567,3.542,3.564,5270689
600036.SH,2023-06-09,26.324,26.524,26.014,26.014,415109
600276.SH,2023-06-09,44.741,45.551,44.511,45.191,314957
600519.SH,2023-06-09,1492.634,1498.614,1486.644,1486.644,17580
600900.SH,2023-06-09,19.066,19.336,19.046,19.276,375421
601318.SH,2023-06-09,39.581,39.861,39.321,39.391,428043
601857.SH,2023-06-09,6.18,6.26,6.12,6.26,1725688
601899.SH,2023-06-09,9.84,10.03,9.67,9.86,1508151
688981.SH,2023-06-09,53.79,54.18,52.81,53.53,35999249
000651.SZ,2023-06-12,25.901,27.091,25.851,26.761,569983
000858.SZ,2023-06-12,144.667,152.647,143.587,151.057,241838
002594.SZ,2023-06-12,82.404,84.571,82.071,83.741,102891
300750.SZ,2023-06-12,191.863,193.913,188.813,191.863,181316
510300.SH,2023-06-12,3.56,3.59,3.545,3.568,4596593
600036.SH,2023-06-12,26.004,26.194,25.654,26.004,406774
600276.SH,2023-06-12,45.031,45.031,43.101,44.101,499494
600519.SH,2023-06-12,1486.664,1528.644,1482.164,1516.644,27029
600900.SH,2023-06-12,19.256,19.296,18.786,18.796,489731
601318.SH,2023-06-12,39.371,39.851,38.801,39.481,476457
601857.SH,2023-06-12,6.2,6.45,6.14,6.18,1845869
601899.SH,2023-06-12,9.74,9.77,9.53,9.7,1365458
688981.SH,2023-06-12,53.49,53.83,52.38,52.87,30153335
000651.SZ,2023-06-13,26.761,27.261,26.571,26.751,377054
000858.SZ,2023-06-13,150.647,154.547,150.057,153.727,182936
002594.SZ,2023-06-13,83.737,84.237,82.614,83.977,81511
300750.SZ,2023-06-13,190.923,193.843,190.593,193.013,132437
510300.SH,2023-06-13,3.56,3.6,3.557,3.597,3503880
600036.SH,2023-06-13,25.834,26.214,25.774,26.004,231246
600276.SH,2023-06-13,44.011,44.741,43.671,44.401,196180
600519.SH,2023-06-13,1514.524,1525.254,1505.644,1519.644,14663
600900.SH,2023-06-13,18.806,18.896,18.626,18.716,417253
601318.SH,2023-06-13,39.391,39.611,38.661,39.541,440029
601857.SH,2023-06-13,6.14,6.16,5.85,6.01,2050492
601899.SH,2023-06-13,9.64,9.77,9.57,9.75,885813
688981.SH,2023-06-13,53.09,55.91,52.82,55.4,54566346
000651.SZ,2023-06-14,26.891,27.761,26.831,27.301,538706
000858.SZ,2023-06-14,155.447,159.997,153.307,158.327,241015
002594.SZ,2023-06-14,84.464,85.367,84.071,84.571,125776
300750.SZ,2023-06-14,197.063,197.543,192.913,193.313,163629
510300.SH,2023-06-14,3.599,3.624,3.595,3.597,4441136
600036.SH,2023-06-14,26.204,26.314,25.664,25.664,382633
600276.SH,2023-06-14,44.501,45.781,44.221,45.401,411556
600519.SH,2023-06-14,1539.644,1554.884,1526.854,1547.524,31506
600900.SH,2023-06-14,18.796,18.936,18.666,18.666,364016
601318.SH,2023-06-14,39.958,40.298,39.258,39.438,553664
601857.SH,2023-06-14,6.08,6.17,5.97,6.0,1360193
601899.SH,2023-06-14,9.85,10.15,9.85,10.03,1966903
688981.SH,2023-06-14,55.63,56.27,55.06,56.0,42484235
000651.SZ,2023-06-15,27.631,27.921,27.341,27.721,513268
000858.SZ,2023-06-15,159.857,163.467,158.647,162.647,240450
002594.SZ,2023-06-15,84.737,88.574,84.667,87.531,243961
300750.SZ,2023-06-15,194.903,210.793,194.803,210.793,504957
510300.SH,2023-06-15,3.606,3.663,3.6,3.662,5084305
600036.SH,2023-06-15,25.774,26.064,25.584,25.994,369537
600276.SH,2023-06-15,45.801,46.391,45.441,46.331,317301
600519.SH,2023-06-15,1550.984,1576.294,1543.644,1575.644,25223
600900.SH,2023-06-15,18.736,18.796,18.456,18.696,443243
601318.SH,2023-06-15,39.688,40.488,39.258,39.808,473440
601857.SH,2023-06-15,5.93,5.98,5.84,5.96,1244005
601899.SH,2023-06-15,10.03,10.19,9.77,10.15,1454844
688981.SH,2023-06-15,55.72,56.3,54.45,54.78,37145403
000651.SZ,2023-06-16,27.791,27.961,27.161,27.781,540704
000858.SZ,2023-06-16,163.247,166.247,162.147,164.727,216314
002594.SZ,2023-06-16,88.191,88.857,86.904,87.264,152297
300750.SZ,2023-06-16,211.913,214.083,208.213,211.013,296398
510300.SH,2023-06-16,3.669,3.708,3.669,3.699,6021488
600036.SH,2023-06-16,26.134,26.314,26.024,26.204,426806
600276.SH,2023-06-16,46.201,47.881,46.101,46.901,380344
600519.SH,2023-06-16,1577.644,1620.644,1570.744,1618.334,37918
600900.SH,2023-06-16,18.716,18.906,18.486,18.616,584770
601318.SH,2023-06-16,40.088,40.228,39.488,39.988,534142
601857.SH,2023-06-16,6.02,6.08,5.9,5.98,1593429
601899.SH,2023-06-16,10.2,10.63,10.19,10.38,1804542
688981.SH,2023-06-16,54.53,55.93,54.11,55.56,35006165
000651.SZ,2023-06-19,27.581,27.611,26.661,26.721,438848
000858.SZ,2023-06-19,163.647,164.357,157.147,158.187,242342
002594.SZ,2023-06-19,87.264,88.567,86.197,86.641,123565
300750.SZ,2023-06-19,212.903,212.903,205.913,207.793,187071
510300.SH,2023-06-19,3.699,3.699,3.664,3.669,4003074
600036.SH,2023-06-19,26.184,26.184,25.834,25.854,278961
600276.SH,2023-06-19,46.901,47.281,46.031,46.281,218127
600519.SH,2023-06-19,1610.644,1618.594,1558.644,1564.644,31700
600900.SH,2023-06-19,18.536,18.626,18.306,18.596,473139
601318.SH,2023-06-19,39.848,39.868,38.718,38.888,642164
601857.SH,2023-06-19,5.99,5.99,5.84,5.92,1154892
601899.SH,2023-06-19,10.38,10.43,10.06,10.16,1482347
688981.SH,2023-06-19,55.3,56.1,54.88,55.06,31651938
000651.SZ,2023-06-20,26.791,27.981,26.791,27.051,422341
000858.SZ,2023-06-20,157.647,159.047,154.247,154.657,178689
002594.SZ,2023-06-20,86.574,86.637,85.204,86.321,102366
300750.SZ,2023-06-20,207.783,211.223,205.683,207.913,179605
510300.SH,2023-06-20,3.661,3.679,3.656,3.662,3538923
600036.SH,2023-06-20,25.774,25.834,25.374,25.464,307649
600276.SH,2023-06-20,46.371,46.891,46.101,46.181,148967
600519.SH,2023-06-20,1560.644,1585.644,1555.644,1564.104,20947
600900.SH,2023-06-20,18.536,18.686,18.496,18.506,316147
601318.SH,2023-06-20,38.888,39.138,38.188,38.278,615333
601857.SH,2023-06-20,5.95,5.95,5.7,5.77,1480959
601899.SH,2023-06-20,10.14,10.21,9.94,10.11,926572
688981.SH,2023-06-20,54.9,55.22,51.02,52.27,77868061
000651.SZ,2023-06-21,26.981,27.481,26.711,26.841,267247
000858.SZ,2023-06-21,154.637,155.537,151.847,152.047,139485
002594.SZ,2023-06-21,85.907,87.997,85.654,86.164,107812
300750.SZ,2023-06-21,208.723,210.413,204.813,204.823,171184
510300.SH,2023-06-21,3.655,3.659,3.605,3.607,4893537
600036.SH,2023-06-21,25.334,25.914,25.274,25.444,427866
600276.SH,2023-06-21,45.911,46.571,45.801,45.801,170863
600519.SH,2023-06-21,1560.644,1577.244,1555.644,1556.474,17721
600900.SH,2023-06-21,18.616,18.816,18.506,18.516,405526
601318.SH,2023-06-21,37.998,38.638,37.868,38.028,381031
601857.SH,2023-06-21,5.74,6.05,5.69,5.92,2429417
601899.SH,2023-06-21,9.95,10.2,9.89,9.92,841144
688981.SH,2023-06-21,52.0,52.5,50.0,50.8,47835767
000651.SZ,2023-06-26,26.981,27.411,26.531,26.651,417846
000858.SZ,2023-06-26,150.147,150.537,145.647,147.307,219340
002594.SZ,2023-06-26,84.381,86.467,84.337,84.534,101512
300750.SZ,2023-06-26,199.823,206.863,199.593,205.083,159106
510300.SH,2023-06-26,3.586,3.59,3.551,3.563,6404956
600036.SH,2023-06-26,25.204,25.374,24.694,24.884,432103
600276.SH,2023-06-26,45.681,46.481,45.081,45.761,214000
600519.SH,2023-06-26,1540.754,1550.644,1515.644,1529.644,23993
600900.SH,2023-06-26,18.516,18.676,18.316,18.656,562346
601318.SH,2023-06-26,37.688,37.758,37.088,37.318,485350
601857.SH,2023-06-26,5.85,5.99,5.81,5.86,1567128
601899.SH,2023-06-26,9.87,10.0,9.78,9.84,791801
688981.SH,2023-06-26,50.66,51.56,49.82,50.97,32522939
000651.SZ,2023-06-27,26.651,27.781,26.411,27.561,574058
000858.SZ,2023-06-27,148.599,150.929,146.629,150.549,200679
002594.SZ,2023-06-27,84.244,84.854,82.597,83.587,99029
300750.SZ,2023-06-27,203.893,206.213,201.093,203.383,134206
510300.SH,2023-06-27,3.562,3.599,3.555,3.589,3971021
600036.SH,2023-06-27,24.904,25.284,24.714,25.094,345715
600276.SH,2023-06-27,45.581,46.201,45.231,45.351,189784
600519.SH,2023-06-27,1530.634,1540.344,1520.734,1531.694,15174
600900.SH,2023-06-27,18.656,18.686,18.326,18.536,381324
601318.SH,2023-06-27,37.308,38.018,37.138,37.688,480933
601857.SH,2023-06-27,5.88,6.21,5.82,6.13,2167185
601899.SH,2023-06-27,9.8,10.08,9.63,10.04,1022671
688981.SH,2023-06-27,50.9,51.71,50.9,51.39,19461742
000651.SZ,2023-06-28,27.681,28.361,27.681,27.981,528169
000858.SZ,2023-06-28,149.659,153.029,148.809,151.099,119426
002594.SZ,2023-06-28,83.571,84.404,82.937,83.654,57270
300750.SZ,2023-06-28,202.133,206.413,201.913,204.413,135586
510300.SH,2023-06-28,3.583,3.598,3.557,3.597,4627456
600036.SH,2023-06-28,25.084,25.454,24.994,25.324,333818
600276.SH,2023-06-28,45.531,45.801,45.111,45.601,215203
600519.SH,2023-06-28,1533.824,1554.644,1531.644,1549.024,18574
600900.SH,2023-06-28,18.556,18.916,18.516,18.896,567813
601318.SH,2023-06-28,37.538,37.938,37.318,37.928,356070
601857.SH,2023-06-28,6.15,6.21,6.08,6.16,1508646
601899.SH,2023-06-28,9.94,10.08,9.87,10.01,730423
688981.SH,2023-06-28,51.87,52.38,50.75,51.72,28330720
000651.SZ,2023-06-29,28.151,28.261,27.431,27.471,255453
000858.SZ,2023-06-29,150.429,150.929,147.699,148.239,117724
002594.SZ,2023-06-29,83.654,83.831,81.981,82.137,83485
300750.SZ,2023-06-29,203.423,206.823,202.413,202.413,99302
510300.SH,2023-06-29,3.597,3.599,3.567,3.579,3002626
600036.SH,2023-06-29,25.324,25.454,24.944,24.954,258548
600276.SH,2023-06-29,45.551,46.841,45.501,46.451,302950
600519.SH,2023-06-29,1551.644,1555.634,1533.654,1534.354,14231
600900.SH,2023-06-29,18.896,18.906,18.506,18.546,499003
601318.SH,2023-06-29,37.938,38.178,37.518,37.688,265735
601857.SH,2023-06-29,6.17,6.21,6.07,6.09,965943
601899.SH,2023-06-29,9.96,10.01,9.68,9.7,948293
688981.SH,2023-06-29,51.23,51.97,50.86,51.0,19861971
000651.SZ,2023-06-30,27.621,27.651,27.161,27.191,293174
000858.SZ,2023-06-30,149.129,149.529,147.229,147.999,103371
002594.SZ,2023-06-30,81.614,83.571,81.471,82.994,75724
300750.SZ,2023-06-30,203.903,209.903,200.263,208.703,215515
510300.SH,2023-06-30,3.578,3.62,3.573,3.602,5299183
600036.SH,2023-06-30,25.004,25.274,24.914,25.034,293613
600276.SH,2023-06-30,46.301,47.881,46.261,47.301,283562
600519.SH,2023-06-30,1546.555,1555.545,1533.035,1537.555,20459
600900.SH,2023-06-30,18.546,18.646,18.436,18.476,414027
601318.SH,2023-06-30,37.588,38.258,37.578,37.788,326971
601857.SH,2023-06-30,6.09,6.17,6.05,6.09,763164
601899.SH,2023-06-30,9.74,9.87,9.6,9.72,663134
688981.SH,2023-06-30,50.75,51.52,50.45,50.52,24584993
000651.SZ,2023-07-03,27.201,28.331,27.081,28.081,423551
000858.SZ,2023-07-03,147.699,151.919,147.279,151.789,173373
002594.SZ,2023-07-03,83.197,86.661,83.197,86.064,162565
300750.SZ,2023-07-03,211.863,213.863,208.463,209.793,155544
510300.SH,2023-07-03,3.61,3.659,3.608,3.647,4739097
600036.SH,2023-07-03,25.174,26.034,25.074,25.994,453668
600276.SH,2023-07-03,47.321,47.321,46.431,46.761,203984
600519.SH,2023-07-03,1545.555,1571.835,1538.555,1570.655,19139
600900.SH,2023-07-03,18.506,18.646,18.496,18.536,371267
601318.SH,2023-07-03,37.828,39.738,37.768,39.568,697781
601857.SH,2023-07-03,6.11,6.47,6.09,6.44,1720806
601899.SH,2023-07-03,9.85,10.38,9.84,10.28,1715186
688981.SH,2023-07-03,50.67,51.0,49.6,51.0,29016906
000651.SZ,2023-07-04,28.081,28.231,27.311,27.561,341075
000858.SZ,2023-07-04,151.429,152.929,149.979,152.649,125957
002594.SZ,2023-07-04,86.404,88.571,85.741,87.404,157120
300750.SZ,2023-07-04,208.413,209.963,207.593,209.163,101557
510300.SH,2023-07-04,3.645,3.656,3.639,3.654,2521213
600036.SH,2023-07-04,25.874,25.874,25.634,25.784,224087
600276.SH,2023-07-04,46.701,49.901,45.911,48.251,841571
600519.SH,2023-07-04,1570.755,1580.995,1564.635,1577.155,12472
600900.SH,2023-07-04,18.536,18.636,18.406,18.466,345040
601318.SH,2023-07-04,39.578,39.618,39.088,39.338,297441
601857.SH,2023-07-04,6.43,6.66,6.36,6.41,1396819
601899.SH,2023-07-04,10.32,10.35,10.09,10.15,1074271
688981.SH,2023-07-04,51.0,52.0,50.63,51.41,29585461
000651.SZ,2023-07-05,27.601,27.771,27.231,27.631,258595
000858.SZ,2023-07-05,151.949,152.029,149.429,149.809,115416
002594.SZ,2023-07-05,87.407,87.731,85.467,85.904,93033
300750.SZ,2023-07-05,209.173,210.323,205.413,207.423,86364
510300.SH,2023-07-05,3.648,3.654,3.621,3.627,2712152
600036.SH,2023-07-05,25.774,25.774,25.114,25.304,413072
600276.SH,2023-07-05,48.251,49.251,47.931,48.591,461083
600519.SH,2023-07-05,1576.555,1578.525,1546.555,1561.935,14745
600900.SH,2023-07-05,18.496,18.646,18.436,18.486,306868
601318.SH,2023-07-05,39.278,39.378,38.668,38.738,264061
601857.SH,2023-07-05,6.44,6.52,6.34,6.41,796149
601899.SH,2023-07-05,10.13,10.25,10.08,10.15,712075
688981.SH,2023-07-05,51.25,51.4,50.71,50.98,17445749
000651.SZ,2023-07-06,27.491,28.141,27.321,27.371,219540
000858.SZ,2023-07-06,149.729,151.239,148.279,148.729,101450
002594.SZ,2023-07-06,85.904,87.571,85.837,86.271,83712
300750.SZ,2023-07-06,206.913,208.393,203.883,204.763,102836
510300.SH,2023-07-06,3.62,3.64,3.594,3.599,3467439
600036.SH,2023-07-06,25.304,25.394,24.784,24.854,407842
600276.SH,2023-07-06,48.561,48.601,47.291,47.511,252248
600519.SH,2023-07-06,1555.715,1579.555,1546.555,1549.535,15141
600900.SH,2023-07-06,18.486,18.576,18.356,18.416,348556
601318.SH,2023-07-06,38.418,39.548,38.408,38.688,402580
601857.SH,2023-07-06,6.41,6.47,6.32,6.37,949319
601899.SH,2023-07-06,10.06,10.1,9.87,9.96,768336
688981.SH,2023-07-06,50.89,51.05,49.89,50.0,23210269
000651.SZ,2023-07-07,27.331,27.381,26.981,27.161,201280
000858.SZ,2023-07-07,148.619,149.429,147.749,148.089,78970
002594.SZ,2023-07-07,85.904,86.124,84.941,85.037,62192
300750.SZ,2023-07-07,204.713,204.763,201.513,202.163,98084
510300.SH,2023-07-07,3.595,3.604,3.579,3.588,3022777
600036.SH,2023-07-07,24.774,24.854,24.564,24.584,472794
600276.SH,2023-07-07,47.401,47.991,47.211,47.791,172268
600519.SH,2023-07-07,1547.555,1555.545,1536.555,1536.585,15167
600900.SH,2023-07-07,18.376,18.496,18.356,18.416,506868
601318.SH,2023-07-07,38.388,39.078,38.368,38.598,364421
601857.SH,2023-07-07,6.33,6.46,6.22,6.35,1034963
601899.SH,2023-07-07,9.86,10.07,9.63,9.9,1255830
688981.SH,2023-07-07,49.81,50.18,49.06,49.38,28336113
000651.SZ,2023-07-10,27.281,27.581,27.101,27.351,201833
000858.SZ,2023-07-10,149.409,150.929,148.639,149.029,96715
002594.SZ,2023-07-10,85.904,86.737,84.487,84.754,68878
300750.SZ,2023-07-10,202.913,209.913,202.913,208.713,160938
510300.SH,2023-07-10,3.606,3.63,3.592,3.604,4284868
600036.SH,2023-07-10,24.794,24.964,24.604,24.724,272077
600276.SH,2023-07-10,47.781,47.891,46.761,47.011,216794
600519.SH,2023-07-10,1551.555,1561.515,1546.555,1547.455,13477
600900.SH,2023-07-10,18.466,18.536,18.366,18.416,336732
601318.SH,2023-07-10,39.018,39.078,37.898,37.998,368164
601857.SH,2023-07-10,6.41,6.44,6.22,6.25,1116973
601899.SH,2023-07-10,9.93,10.11,9.83,9.89,805898
688981.SH,2023-07-10,49.41,49.88,49.38,49.72,11969183
000651.SZ,2023-07-11,27.381,27.881,27.261,27.771,214229
000858.SZ,2023-07-11,149.879,150.189,148.309,149.569,70206
002594.SZ,2023-07-11,85.237,87.134,84.837,86.681,102405
300750.SZ,2023-07-11,209.563,209.903,206.493,209.003,91588
510300.SH,2023-07-11,3.617,3.635,3.607,3.63,5874389
600036.SH,2023-07-11,25.004,25.074,24.744,24.984,329167
600276.SH,2023-07-11,47.401,47.961,46.611,47.641,242128
600519.SH,2023-07-11,1556.555,1561.725,1548.655,1556.555,12583
600900.SH,2023-07-11,18.466,18.466,18.276,18.416,485493
601318.SH,2023-07-11,38.188,38.808,38.188,38.588,268886
601857.SH,2023-07-11,6.29,6.29,6.2,6.26,723912
601899.SH,2023-07-11,10.06,10.3,10.03,10.19,1216866
688981.SH,2023-07-11,49.72,50.42,49.5,50.3,19669601
000651.SZ,2023-07-12,27.771,28.231,27.581,27.901,271782
000858.SZ,2023-07-12,149.629,151.089,149.429,149.889,118840
002594.SZ,2023-07-12,87.071,87.287,85.124,85.441,87032
300750.SZ,2023-07-12,208.413,209.313,206.413,206.903,86933
510300.SH,2023-07-12,3.634,3.64,3.601,3.611,3894108
600036.SH,2023-07-12,24.994,25.714,24.994,25.474,632049
600276.SH,2023-07-12,47.641,47.801,46.951,47.171,146811
600519.SH,2023-07-12,1559.595,1569.555,1557.885,1560.355,13285
600900.SH,2023-07-12,18.366,18.596,18.306,18.556,505246
601318.SH,2023-07-12,38.588,39.338,38.468,38.678,354393
601857.SH,2023-07-12,6.3,6.49,6.28,6.4,1437319
601899.SH,2023-07-12,10.18,10.4,10.12,10.3,1876531
688981.SH,2023-07-12,50.32,50.45,48.22,48.38,38371993
000651.SZ,2023-07-13,27.931,28.311,27.731,27.901,241596
000858.SZ,2023-07-13,152.309,157.429,151.079,157.079,323514
002594.SZ,2023-07-13,86.071,86.737,85.241,86.181,82753
300750.SZ,2023-07-13,208.123,214.913,208.123,209.913,222577
510300.SH,2023-07-13,3.63,3.677,3.63,3.674,5722866
600036.SH,2023-07-13,26.002,26.012,25.462,25.862,563850
600276.SH,2023-07-13,47.341,47.601,46.901,47.411,246040
600519.SH,2023-07-13,1568.545,1591.965,1565.565,1584.955,25807
600900.SH,2023-07-13,18.556,18.966,18.496,18.836,647382
601318.SH,2023-07-13,39.108,40.138,39.038,40.008,648768
601857.SH,2023-07-13,6.44,6.86,6.41,6.86,2618371
601899.SH,2023-07-13,10.73,11.11,10.73,10.87,2897776
688981.SH,2023-07-13,48.6,49.37,48.6,49.2,25077299
000651.SZ,2023-07-14,27.961,27.981,27.281,27.421,266626
000858.SZ,2023-07-14,158.029,158.759,155.219,156.419,150723
002594.SZ,2023-07-14,86.171,86.171,84.737,85.041,102722
300750.SZ,2023-07-14,210.063,210.843,206.463,208.193,130041
510300.SH,2023-07-14,3.68,3.684,3.67,3.672,3632621
600036.SH,2023-07-14,25.952,26.202,25.792,25.942,347521
600276.SH,2023-07-14,47.381,47.391,46.901,46.921,134610
600519.SH,2023-07-14,1602.555,1605.055,1587.755,1599.555,18550
600900.SH,2023-07-14,18.796,18.966,18.726,18.886,387170
601318.SH,2023-07-14,40.408,40.478,39.798,40.028,366358
601857.SH,2023-07-14,6.84,6.97,6.8,6.86,1244159
601899.SH,2023-07-14,11.1,11.15,10.91,10.93,1271872
688981.SH,2023-07-14,49.2,50.13,49.16,49.46,18322747
000651.SZ,2023-07-17,27.461,27.681,27.201,27.561,138162
000858.SZ,2023-07-17,154.929,155.409,152.589,154.089,93257
002594.SZ,2023-07-17,85.904,85.904,84.354,85.067,78927
300750.SZ,2023-07-17,206.923,207.913,203.513,205.563,104525
510300.SH,2023-07-17,3.666,3.666,3.628,3.644,4486126
600036.SH,2023-07-17,25.782,25.792,25.442,25.662,262003
600276.SH,2023-07-17,46.921,46.921,46.131,46.601,213944
600519.SH,2023-07-17,1597.555,1597.555,1573.155,1576.525,14336
600900.SH,2023-07-17,18.896,18.956,18.736,18.856,196929
601318.SH,2023-07-17,39.758,39.838,39.268,39.438,304707
601857.SH,2023-07-17,6.84,6.85,6.68,6.75,805655
601899.SH,2023-07-17,10.83,10.85,10.65,10.69,863628
688981.SH,2023-07-17,49.16,49.46,48.6,48.77,16507870
000651.SZ,2023-07-18,27.581,28.131,27.341,27.921,273926
000858.SZ,2023-07-18,154.129,154.659,152.429,152.829,81959
002594.SZ,2023-07-18,85.321,86.094,83.737,85.397,98456
300750.SZ,2023-07-18,207.713,207.793,204.413,205.413,85758
510300.SH,2023-07-18,3.645,3.652,3.625,3.638,2666707
600036.SH,2023-07-18,25.662,25.782,25.402,25.472,316389
600276.SH,2023-07-18,46.801,47.251,46.401,46.601,121135
600519.SH,2023-07-18,1580.135,1581.065,1567.555,1569.355,14738
600900.SH,2023-07-18,18.886,18.946,18.796,18.826,268521
601318.SH,2023-07-18,39.668,39.678,38.848,38.988,283183
601857.SH,2023-07-18,6.76,6.76,6.61,6.68,763121
601899.SH,2023-07-18,10.69,10.88,10.61,10.75,680990
688981.SH,2023-07-18,49.0,50.75,49.0,49.7,27880112
000651.SZ,2023-07-19,27.921,28.261,27.841,28.191,237285
000858.SZ,2023-07-19,152.249,153.189,151.239,152.749,76856
002594.SZ,2023-07-19,85.401,85.537,84.484,85.181,50250
300750.SZ,2023-07-19,203.913,204.863,198.493,199.413,176002
510300.SH,2023-07-19,3.63,3.644,3.615,3.636,5012407
600036.SH,2023-07-19,25.302,25.652,25.272,25.592,240296
600276.SH,2023-07-19,46.401,46.771,45.951,46.091,194150
600519.SH,2023-07-19,1561.565,1574.555,1560.355,1569.555,12483
600900.SH,2023-07-19,18.736,18.936,18.736,18.916,330672
601318.SH,2023-07-19,38.688,39.248,38.688,39.158,321116
601857.SH,2023-07-19,6.7,6.86,6.68,6.76,850580
601899.SH,2023-07-19,10.91,11.01,10.8,10.94,1038868
688981.SH,2023-07-19,49.5,49.58,48.88,49.15,16050293
000651.SZ,2023-07-20,28.191,28.481,27.931,27.931,190745
000858.SZ,2023-07-20,153.429,155.709,152.509,152.989,127502
002594.SZ,2023-07-20,85.404,86.737,84.904,85.221,91271
300750.SZ,2023-07-20,198.913,206.603,198.913,200.963,144416
510300.SH,2023-07-20,3.643,3.662,3.601,3.608,8715071
600036.SH,2023-07-20,25.782,26.112,25.612,25.702,272394
600276.SH,2023-07-20,46.391,46.801,45.271,45.361,180988
600519.SH,2023-07-20,1574.545,1595.535,1568.555,1570.555,16693
600900.SH,2023-07-20,18.996,19.026,18.816,18.816,434410
601318.SH,2023-07-20,39.288,39.588,38.708,38.808,301378
601857.SH,2023-07-20,6.75,6.79,6.61,6.64,871355
601899.SH,2023-07-20,10.89,11.15,10.87,10.96,986633
688981.SH,2023-07-20,49.33,49.55,49.02,49.29,13065589
000651.SZ,2023-07-21,28.211,28.291,27.581,27.711,182040
000858.SZ,2023-07-21,154.309,158.429,152.309,155.699,195387
002594.SZ,2023-07-21,84.904,85.171,84.087,85.011,75287
300750.SZ,2023-07-21,200.763,202.893,199.673,201.503,83935
510300.SH,2023-07-21,3.608,3.637,3.595,3.61,7272501
600036.SH,2023-07-21,25.812,25.992,25.622,25.812,315669
600276.SH,2023-07-21,45.431,45.701,45.051,45.331,209766
600519.SH,2023-07-21,1578.435,1619.055,1572.555,1617.855,39377
600900.SH,2023-07-21,18.837,19.087,18.797,18.837,550371
601318.SH,2023-07-21,38.698,39.138,38.188,38.358,446791
601857.SH,2023-07-21,6.62,6.69,6.56,6.63,587324
601899.SH,2023-07-21,10.9,11.03,10.84,10.88,705158
688981.SH,2023-07-21,49.01,49.24,48.88,49.0,12584518
000651.SZ,2023-07-24,27.481,27.671,27.141,27.301,174374
000858.SZ,2023-07-24,153.559,154.429,152.329,153.789,131716
002594.SZ,2023-07-24,83.907,84.494,82.734,82.737,95950
300750.SZ,2023-07-24,197.063,200.793,194.053,198.893,137193
510300.SH,2023-07-24,3.59,3.617,3.584,3.593,4549820
600036.SH,2023-07-24,25.472,25.742,25.412,25.462,239122
600276.SH,2023-07-24,45.301,47.401,45.291,46.691,473988
600519.SH,2023-07-24,1597.075,1617.705,1597.075,1617.705,19713
600900.SH,2023-07-24,18.737,18.917,18.707,18.797,276959
601318.SH,2023-07-24,38.188,38.378,37.888,38.008,315980
601857.SH,2023-07-24,6.57,6.66,6.48,6.58,632844
601899.SH,2023-07-24,10.76,10.97,10.73,10.78,573200
688981.SH,2023-07-24,48.88,49.51,48.84,49.0,11374978
000651.SZ,2023-07-25,27.671,29.561,27.671,29.381,754218
000858.SZ,2023-07-25,160.429,165.099,159.599,163.929,440632
002594.SZ,2023-07-25,84.464,85.901,84.454,85.101,173883
300750.SZ,2023-07-25,204.813,207.553,200.933,206.263,192862
510300.SH,2023-07-25,3.64,3.706,3.64,3.705,11409824
600036.SH,2023-07-25,26.012,27.362,26.012,27.282,1261621
600276.SH,2023-07-25,47.151,47.301,46.531,47.161,249098
600519.SH,2023-07-25,1646.555,1675.435,1646.545,1675.105,43086
600900.SH,2023-07-25,18.877,18.877,18.487,18.567,764038
601318.SH,2023-07-25,39.088,41.068,39.088,40.938,1413279
601857.SH,2023-07-25,6.76,6.83,6.62,6.65,1336450
601899.SH,2023-07-25,10.99,11.45,10.99,11.29,1755674
688981.SH,2023-07-25,49.66,49.8,49.23,49.77,17966883
000651.SZ,2023-07-26,29.231,29.721,29.191,29.541,333581
000858.SZ,2023-07-26,163.929,165.109,161.279,162.229,174025
002594.SZ,2023-07-26,84.824,84.824,83.771,84.267,65865
300750.SZ,2023-07-26,205.033,206.913,203.573,206.573,154568
510300.SH,2023-07-26,3.7,3.702,3.681,3.696,5880386
600036.SH,2023-07-26,27.282,27.742,27.082,27.362,501751
600276.SH,2023-07-26,47.171,47.561,46.951,47.481,167788
600519.SH,2023-07-26,1675.105,1682.545,1661.635,1675.105,19611
600900.SH,2023-07-26,18.567,18.637,18.457,18.627,482596
601318.SH,2023-07-26,40.568,41.028,40.368,40.848,515441
601857.SH,2023-07-26,6.64,6.67,6.43,6.48,1398929
601899.SH,2023-07-26,11.31,11.43,11.23,11.42,894495
688981.SH,2023-07-26,49.66,50.18,49.54,50.15,16115319
000651.SZ,2023-07-27,29.541,29.681,28.741,28.871,244283
000858.SZ,2023-07-27,163.399,165.279,161.279,162.889,187987
002594.SZ,2023-07-27,85.071,85.494,83.837,84.114,112651
300750.SZ,2023-07-27,210.913,212.793,206.793,206.893,208592
510300.SH,2023-07-27,3.705,3.718,3.68,3.692,6024658
600036.SH,2023-07-27,27.512,27.832,27.212,27.672,548489
600276.SH,2023-07-27,47.731,47.871,47.201,47.511,162255
600519.SH,2023-07-27,1682.555,1701.345,1675.255,1684.585,20340
600900.SH,2023-07-27,18.607,18.727,18.437,18.467,413652
601318.SH,2023-07-27,40.978,41.968,40.798,41.268,703735
601857.SH,2023-07-27,6.49,6.64,6.46,6.49,1041708
601899.SH,2023-07-27,11.42,11.45,11.18,11.23,760670
688981.SH,2023-07-27,50.01,50.14,49.2,49.39,16339062
000651.SZ,2023-07-28,28.831,29.741,28.831,29.481,406538
000858.SZ,2023-07-28,161.729,166.589,161.059,165.609,319693
002594.SZ,2023-07-28,83.951,86.501,83.358,86.285,173308
300750.SZ,2023-07-28,206.893,210.913,204.963,209.963,188031
510300.SH,2023-07-28,3.673,3.795,3.673,3.788,14964884
600036.SH,2023-07-28,27.502,29.302,27.422,29.112,1256288
600276.SH,2023-07-28,47.281,48.601,46.991,48.451,377573
600519.SH,2023-07-28,1678.555,1746.555,1674.565,1743.555,39018
600900.SH,2023-07-28,18.457,18.627,18.377,18.577,589361
601318.SH,2023-07-28,40.888,43.748,40.798,43.318,1277908
601857.SH,2023-07-28,6.46,6.59,6.39,6.59,1230849
601899.SH,2023-07-28,11.01,11.19,10.9,11.14,1450646
688981.SH,2023-07-28,49.03,50.35,48.99,50.26,18698054
000651.SZ,2023-07-31,29.691,30.181,29.311,29.441,358654
000858.SZ,2023-07-31,171.029,172.999,165.409,165.429,315594
002594.SZ,2023-07-31,87.285,89.478,87.245,87.951,215060
300750.SZ,2023-07-31,213.913,219.413,213.013,217.663,299028
510300.SH,2023-07-31,3.82,3.861,3.794,3.804,17906350
600036.SH,2023-07-31,29.532,30.052,29.022,29.572,1162756
600276.SH,2023-07-31,48.441,48.731,43.621,43.981,1359242
600519.SH,2023-07-31,1754.555,1781.555,1720.555,1727.135,45379
600900.SH,2023-07-31,18.567,18.887,18.567,18.697,668330
601318.SH,2023-07-31,44.368,45.068,43.688,43.988,1274855
601857.SH,2023-07-31,6.53,6.68,6.45,6.54,1403416
601899.SH,2023-07-31,11.34,11.53,11.3,11.36,1167131
688981.SH,2023-07-31,50.31,51.38,50.28,51.36,25944137
000651.SZ,2023-08-01,29.341,29.731,28.911,29.131,250984
000858.SZ,2023-08-01,166.119,168.579,162.929,164.309,195718
002594.SZ,2023-08-01,87.871,88.205,86.118,86.785,120340
300750.SZ,2023-08-01,217.313,219.013,214.413,215.413,156152
510300.SH,2023-08-01,3.8,3.825,3.775,3.786,11359816
600036.SH,2023-08-01,29.542,29.592,28.782,29.002,660096
600276.SH,2023-08-01,43.711,43.711,41.701,42.781,1344001
600519.SH,2023-08-01,1724.565,1753.505,1724.445,1735.555,19231
600900.SH,2023-08-01,18.737,18.957,18.687,18.957,489135
601318.SH,2023-08-01,43.888,44.388,42.828,43.128,670614
601857.SH,2023-08-01,6.55,6.7,6.55,6.7,1294729
601899.SH,2023-08-01,11.62,11.79,11.35,11.4,1201423
688981.SH,2023-08-01,51.4,51.57,50.49,50.72,18110314
000651.SZ,2023-08-02,29.131,29.331,28.861,28.971,204371
000858.SZ,2023-08-02,163.429,165.419,161.629,162.409,155080
002594.SZ,2023-08-02,87.518,87.951,86.071,86.618,87394
300750.SZ,2023-08-02,216.913,219.403,215.413,216.413,141472
510300.SH,2023-08-02,3.779,3.8,3.746,3.757,7894398
600036.SH,2023-08-02,28.172,28.832,27.782,28.042,915358
600276.SH,2023-08-02,42.651,43.391,41.461,41.681,934819
600519.SH,2023-08-02,1729.955,1736.555,1713.355,1726.555,18509
600900.SH,2023-08-02,18.937,18.957,18.757,18.827,322539
601318.SH,2023-08-02,42.988,43.948,42.318,42.798,608798
601857.SH,2023-08-02,6.71,6.72,6.18,6.25,3351154
601899.SH,2023-08-02,11.17,11.31,11.12,11.21,839368
688981.SH,2023-08-02,50.87,51.12,50.66,50.83,10813980
000651.SZ,2023-08-03,28.781,29.061,28.681,28.901,192608
000858.SZ,2023-08-03,161.469,164.389,159.559,163.029,152646
002594.SZ,2023-08-03,86.378,86.778,85.788,86.695,66170
300750.SZ,2023-08-03,215.913,219.883,215.443,219.053,161805
510300.SH,2023-08-03,3.751,3.795,3.751,3.793,7379311
600036.SH,2023-08-03,28.032,28.792,27.882,28.692,509294
600276.SH,2023-08-03,41.251,42.291,40.581,41.671,791888
600519.SH,2023-08-03,1716.555,1736.555,1697.055,1725.025,21543
600900.SH,2023-08-03,18.877,18.937,18.777,18.897,341634
601318.SH,2023-08-03,42.798,43.988,42.498,43.798,654944
601857.SH,2023-08-03,6.17,6.27,6.08,6.2,1523922
601899.SH,2023-08-03,11.1,11.15,10.95,11.09,1098466
688981.SH,2023-08-03,50.7,51.18,50.18,50.91,12048176
000651.SZ,2023-08-04,29.071,29.761,29.061,29.121,218254
000858.SZ,2023-08-04,165.819,166.929,163.129,163.709,143478
002594.SZ,2023-08-04,86.948,87.308,86.168,86.718,88053
300750.SZ,2023-08-04,224.913,229.873,221.023,225.423,315697
510300.SH,2023-08-04,3.835,3.852,3.8,3.814,14223575
600036.SH,2023-08-04,29.092,29.512,28.732,28.892,812642
600276.SH,2023-08-04,41.951,42.071,40.401,40.471,1064609
600519.SH,2023-08-04,1734.375,1753.075,1728.555,1740.025,24574
600900.SH,2023-08-04,18.897,19.057,18.717,18.777,403813
601318.SH,2023-08-04,44.618,45.238,43.288,43.288,1051653
601857.SH,2023-08-04,6.24,6.39,6.22,6.24,1544003
601899.SH,2023-08-04,11.21,11.34,11.13,11.2,781053
688981.SH,2023-08-04,51.37,51.61,51.01,51.1,17100810
000651.SZ,2023-08-07,29.041,29.211,28.581,28.731,211649
000858.SZ,2023-08-07,162.729,163.709,160.829,161.739,156930
002594.SZ,2023-08-07,86.595,86.595,85.681,86.281,64204
300750.SZ,2023-08-07,224.413,226.853,223.223,226.403,149277
510300.SH,2023-08-07,3.796,3.796,3.769,3.783,12814224
600036.SH,2023-08-07,28.762,28.792,28.292,28.512,344672
600276.SH,2023-08-07,40.061,40.061,37.961,38.531,1347893
600519.SH,2023-08-07,1727.505,1744.555,1717.585,1734.485,23892
600900.SH,2023-08-07,18.787,19.187,18.757,19.157,553821
601318.SH,2023-08-07,42.768,43.158,42.588,43.088,436896
601857.SH,2023-08-07,6.27,6.37,6.21,6.31,773119
601899.SH,2023-08-07,11.13,11.23,11.08,11.2,446231
688981.SH,2023-08-07,51.12,51.18,49.06,49.26,32403942
000651.SZ,2023-08-08,28.581,28.881,28.441,28.581,191267
000858.SZ,2023-08-08,160.609,162.489,159.609,161.309,116143
002594.SZ,2023-08-08,85.685,86.118,84.788,85.051,91712
300750.SZ,2023-08-08,225.893,229.243,224.793,227.053,150667
510300.SH,2023-08-08,3.768,3.795,3.755,3.768,11165791
600036.SH,2023-08-08,28.342,28.662,27.822,28.162,502283
600276.SH,2023-08-08,38.001,40.091,37.981,39.541,974177
600519.SH,2023-08-08,1726.585,1740.265,1710.635,1736.555,17736
600900.SH,2023-08-08,19.077,19.347,19.077,19.337,388447
601318.SH,2023-08-08,42.858,43.078,41.848,42.648,523263
601857.SH,2023-08-08,6.27,6.44,6.22,6.41,1059648
601899.SH,2023-08-08,11.2,11.48,11.09,11.38,1119020
688981.SH,2023-08-08,49.12,49.9,48.98,49.47,16147977
000651.SZ,2023-08-09,28.828,28.878,28.508,28.638,223227
000858.SZ,2023-08-09,161.889,162.309,160.529,161.609,86796
002594.SZ,2023-08-09,84.618,85.118,84.028,84.918,72499
300750.SZ,2023-08-09,225.413,227.593,223.053,226.913,116847
510300.SH,2023-08-09,3.758,3.775,3.754,3.76,13325079
600036.SH,2023-08-09,28.032,28.322,27.962,28.032,386833
600276.SH,2023-08-09,39.301,40.071,39.201,39.611,573863
600519.SH,2023-08-09,1736.555,1751.555,1729.515,1736.835,18523
600900.SH,2023-08-09,19.327,19.397,19.047,19.347,415777
601318.SH,2023-08-09,42.468,42.968,42.338,42.648,372853
601857.SH,2023-08-09,6.4,6.46,6.33,6.42,809136
601899.SH,2023-08-09,11.25,11.33,11.09,11.22,840075
688981.SH,2023-08-09,49.3,49.59,48.46,48.64,17961032
000651.SZ,2023-08-10,28.698,28.778,27.658,28.228,390136
000858.SZ,2023-08-10,161.309,161.429,159.089,160.739,104238
002594.SZ,2023-08-10,84.951,85.575,84.198,84.851,60016
300750.SZ,2023-08-10,227.813,231.243,224.033,226.413,140410
510300.SH,2023-08-10,3.758,3.77,3.734,3.765,9382509
600036.SH,2023-08-10,27.912,28.262,27.812,28.152,287725
600276.SH,2023-08-10,39.611,39.781,39.001,39.301,355953
600519.SH,2023-08-10,1728.555,1735.555,1708.855,1721.555,18436
600900.SH,2023-08-10,19.347,19.397,19.207,19.327,230600
601318.SH,2023-08-10,42.438,42.858,42.268,42.748,299263
601857.SH,2023-08-10,6.49,6.6,6.47,6.54,1092984
601899.SH,2023-08-10,11.15,11.23,11.04,11.08,703303
688981.SH,2023-08-10,48.66,49.0,48.34,48.47,14184613
000651.SZ,2023-08-11,28.228,28.228,27.478,27.588,272622
000858.SZ,2023-08-11,161.889,161.979,156.699,156.789,148886
002594.SZ,2023-08-11,84.848,84.851,83.621,83.701,86125
300750.SZ,2023-08-11,228.863,228.863,221.413,221.413,172041
510300.SH,2023-08-11,3.765,3.768,3.668,3.67,12885598
600036.SH,2023-08-11,28.172,28.482,27.162,27.162,606240
600276.SH,2023-08-11,39.361,39.631,38.601,38.601,337898
600519.SH,2023-08-11,1731.555,1731.955,1680.435,1680.555,26786
600900.SH,2023-08-11,19.317,19.347,18.987,18.987,320195
601318.SH,2023-08-11,42.688,42.798,40.738,40.758,748921
601857.SH,2023-08-11,6.53,6.56,6.4,6.41,764126
601899.SH,2023-08-11,11.1,11.18,10.79,10.85,931824
688981.SH,2023-08-11,48.85,48.95,46.91,46.92,31855553
000651.SZ,2023-08-14,27.338,27.578,26.638,27.498,329677
000858.SZ,2023-08-14,154.429,154.759,150.429,153.049,210945
002594.SZ,2023-08-14,82.285,82.948,78.448,79.225,252890
300750.SZ,2023-08-14,219.113,219.893,210.123,212.813,256932
510300.SH,2023-08-14,3.639,3.652,3.604,3.643,10386003
600036.SH,2023-08-14,26.812,26.842,26.262,26.472,667073
600276.SH,2023-08-14,38.231,40.191,38.201,40.021,602790
600519.SH,2023-08-14,1656.555,1671.535,1642.555,1649.555,23731
600900.SH,2023-08-14,18.937,19.187,18.787,19.047,550766
601318.SH,2023-08-14,39.688,40.208,39.668,39.918,604721
601857.SH,2023-08-14,6.35,6.5,6.34,6.46,808896
601899.SH,2023-08-14,10.74,10.77,10.5,10.67,1310245
688981.SH,2023-08-14,46.58,47.36,46.3,47.34,13585284
000651.SZ,2023-08-15,27.458,27.728,27.198,27.418,187405
000858.SZ,2023-08-15,153.039,153.329,150.119,150.929,168145
002594.SZ,2023-08-15,79.225,79.328,77.918,78.798,115021
300750.SZ,2023-08-15,212.793,214.513,209.313,211.213,146101
510300.SH,2023-08-15,3.647,3.655,3.601,3.639,8165194
600036.SH,2023-08-15,26.472,26.652,26.162,26.372,582959
600276.SH,2023-08-15,40.011,40.501,39.381,39.901,426582
600519.SH,2023-08-15,1655.555,1664.555,1647.565,1659.535,14818
600900.SH,2023-08-15,19.037,19.317,18.997,19.257,456951
601318.SH,2023-08-15,39.908,40.468,39.408,40.068,521837
601857.SH,2023-08-15,6.46,6.49,6.38,6.46,626279
601899.SH,2023-08-15,10.69,10.78,10.51,10.67,680080
688981.SH,2023-08-15,47.47,47.75,46.91,47.52,12926112
000651.SZ,2023-08-16,27.348,27.678,27.028,27.498,155662
000858.SZ,2023-08-16,150.709,151.829,149.629,151.129,116277
002594.SZ,2023-08-16,78.378,79.118,78.021,78.685,79979
300750.SZ,2023-08-16,211.433,214.293,210.023,212.513,140090
510300.SH,2023-08-16,3.622,3.642,3.607,3.609,8558495
600036.SH,2023-08-16,26.162,26.262,25.892,25.982,580152
600276.SH,2023-08-16,39.791,41.311,39.651,40.411,630409
600519.SH,2023-08-16,1654.135,1669.905,1652.555,1666.555,13184
600900.SH,2023-08-16,19.267,19.307,19.047,19.107,251788
601318.SH,2023-08-16,39.708,40.328,39.518,39.738,476604
601857.SH,2023-08-16,6.41,6.42,6.22,6.27,991037
601899.SH,2023-08-16,10.53,10.6,10.43,10.54,745737
688981.SH,2023-08-16,47.5,48.09,47.3,47.55,13753666
000651.SZ,2023-08-17,27.208,27.718,26.878,27.698,153318
000858.SZ,2023-08-17,150.329,153.039,148.929,152.869,166932
002594.SZ,2023-08-17,78.408,79.398,77.418,79.288,86836
300750.SZ,2023-08-17,214.903,216.413,208.793,215.163,204428
510300.SH,2023-08-17,3.591,3.629,3.575,3.622,11561183
600036.SH,2023-08-17,25.792,25.882,25.502,25.802,646076
600276.SH,2023-08-17,40.121,40.261,39.501,39.971,395599
600519.SH,2023-08-17,1652.635,1680.555,1648.105,1674.605,17290
600900.SH,2023-08-17,19.057,19.377,19.007,19.357,372770
601318.SH,2023-08-17,39.398,39.568,38.718,39.298,598274
601857.SH,2023-08-17,6.24,6.33,6.17,6.31,595233
601899.SH,2023-08-17,10.41,10.69,10.19,10.64,1017969
688981.SH,2023-08-17,47.3,48.25,46.71,48.15,13423274
000651.SZ,2023-08-18,27.698,27.758,27.008,27.158,222488
000858.SZ,2023-08-18,152.849,153.109,147.929,147.959,279480
002594.SZ,2023-08-18,79.138,79.138,77.285,77.381,98467
300750.SZ,2023-08-18,215.203,219.033,214.333,215.783,167700
510300.SH,2023-08-18,3.624,3.634,3.571,3.572,12755465
600036.SH,2023-08-18,25.762,26.642,25.762,25.892,674595
600276.SH,2023-08-18,39.901,39.981,39.201,39.351,261862
600519.SH,2023-08-18,1678.545,1681.545,1649.145,1649.145,17023
600900.SH,2023-08-18,19.297,19.507,19.287,19.297,286027
601318.SH,2023-08-18,39.288,40.388,38.908,38.908,636663
601857.SH,2023-08-18,6.28,6.39,6.28,6.3,577901
601899.SH,2023-08-18,10.64,10.78,10.4,10.43,768212
688981.SH,2023-08-18,48.78,48.86,47.87,48.01,14735792
000651.SZ,2023-08-21,27.178,27.268,26.288,26.288,339625
000858.SZ,2023-08-21,146.609,148.789,145.809,146.399,164507
002594.SZ,2023-08-21,77.218,77.245,75.301,75.421,127879
300750.SZ,2023-08-21,213.903,215.783,212.113,212.873,107804
510300.SH,2023-08-21,3.563,3.574,3.517,3.52,11009244
600036.SH,2023-08-21,25.822,25.852,25.142,25.142,809575
600276.SH,2023-08-21,37.361,38.731,36.501,38.201,607921
600519.SH,2023-08-21,1639.555,1660.545,1636.625,1637.555,18912
600900.SH,2023-08-21,19.297,19.387,19.087,19.087,311022
601318.SH,2023-08-21,38.788,38.878,38.058,38.058,628081
601857.SH,2023-08-21,6.31,6.34,6.18,6.18,648950
601899.SH,2023-08-21,10.43,10.53,10.33,10.33,754800
688981.SH,2023-08-21,47.9,48.59,47.63,47.68,11187804
000651.SZ,2023-08-22,26.438,26.668,26.018,26.178,317056
000858.SZ,2023-08-22,147.049,147.929,144.909,146.579,156921
002594.SZ,2023-08-22,76.608,76.785,74.251,75.465,112116
300750.SZ,2023-08-22,214.713,215.093,207.423,210.663,151889
510300.SH,2023-08-22,3.538,3.561,3.492,3.543,13315289
600036.SH,2023-08-22,25.222,25.482,25.012,25.332,601070
600276.SH,2023-08-22,38.551,38.801,37.731,38.551,435386
600519.SH,2023-08-22,1647.545,1649.115,1617.575,1634.555,26650
600900.SH,2023-08-22,19.177,19.337,19.027,19.237,416034
601318.SH,2023-08-22,38.288,38.688,37.858,38.388,518495
601857.SH,2023-08-22,6.18,6.4,6.12,6.35,1169790
601899.SH,2023-08-22,10.43,10.83,10.43,10.76,1657776
688981.SH,2023-08-22,47.87,48.97,47.6,48.82,20256083
000651.SZ,2023-08-23,26.348,26.498,25.868,25.908,229941
000858.SZ,2023-08-23,146.479,146.569,144.429,144.439,146839
002594.SZ,2023-08-23,75.465,75.465,73.961,73.981,81238
300750.SZ,2023-08-23,210.613,211.813,206.913,207.413,118749
510300.SH,2023-08-23,3.53,3.541,3.479,3.488,10824197
600036.SH,2023-08-23,25.212,25.452,24.862,24.862,560744
600276.SH,2023-08-23,38.501,38.711,38.081,38.101,258171
600519.SH,2023-08-23,1643.555,1646.555,1616.635,1620.555,19912
600900.SH,2023-08-23,19.267,19.427,19.147,19.187,337487
601318.SH,2023-08-23,38.108,38.488,37.778,37.848,476239
601857.SH,2023-08-23,6.35,6.45,6.32,6.37,878244
601899.SH,2023-08-23,10.8,10.84,10.47,10.52,1269756
688981.SH,2023-08-23,48.54,48.99,47.76,47.89,15716714
000651.SZ,2023-08-24,25.908,26.648,25.828,26.448,226564
000858.SZ,2023-08-24,144.509,147.929,143.639,146.689,175895
002594.SZ,2023-08-24,74.288,76.285,74.288,75.585,106811
300750.SZ,2023-08-24,208.793,211.453,206.413,208.863,141577
510300.SH,2023-08-24,3.495,3.54,3.492,3.511,9526548
600036.SH,2023-08-24,25.012,25.162,24.812,25.072,412256
600276.SH,2023-08-24,38.111,40.281,37.801,39.841,477737
600519.SH,2023-08-24,1626.175,1674.555,1621.555,1662.855,26055
600900.SH,2023-08-24,19.157,19.227,18.987,19.007,388035
601318.SH,2023-08-24,37.918,38.398,37.578,37.888,418637
601857.SH,2023-08-24,6.35,6.41,6.26,6.28,818382
601899.SH,2023-08-24,10.8,11.0,10.7,10.84,1388726
688981.SH,2023-08-24,48.13,48.94,47.78,48.62,12840010
000651.SZ,2023-08-25,26.208,26.538,26.048,26.328,165705
000858.SZ,2023-08-25,145.449,147.199,144.979,145.979,116302
002594.SZ,2023-08-25,75.045,75.395,74.451,74.818,66775
300750.SZ,2023-08-25,207.843,209.883,205.723,208.253,111851
510300.SH,2023-08-25,3.496,3.529,3.488,3.504,11745355
600036.SH,2023-08-25,25.012,25.862,24.912,25.572,647471
600276.SH,2023-08-25,39.661,40.731,39.561,40.121,430306
600519.SH,2023-08-25,1655.345,1684.325,1652.565,1671.535,18831
600900.SH,2023-08-25,18.987,19.437,18.957,19.397,460902
601318.SH,2023-08-25,37.698,38.768,37.638,38.398,417635
601857.SH,2023-08-25,6.25,6.37,6.22,6.33,746050
601899.SH,2023-08-25,10.75,10.8,10.5,10.65,1271458
688981.SH,2023-08-25,48.4,48.64,47.69,48.3,13674627
000651.SZ,2023-08-28,27.768,28.178,26.068,26.208,504452
000858.SZ,2023-08-28,152.439,153.419,141.439,141.919,545771
002594.SZ,2023-08-28,79.951,79.951,75.368,75.795,133527
300750.SZ,2023-08-28,221.413,223.873,209.413,210.413,223115
510300.SH,2023-08-28,3.731,3.731,3.53,3.557,28220118
600036.SH,2023-08-28,27.312,27.942,26.042,26.272,1405094
600276.SH,2023-08-28,42.391,42.751,40.921,41.321,722102
600519.SH,2023-08-28,1745.135,1745.135,1678.435,1681.525,41052
600900.SH,2023-08-28,19.737,19.787,19.227,19.357,749760
601318.SH,2023-08-28,41.888,41.918,39.168,39.498,1090108
601857.SH,2023-08-28,6.64,6.65,6.35,6.45,1779257
601899.SH,2023-08-28,11.27,11.32,10.41,10.49,2038521
688981.SH,2023-08-28,50.72,50.98,48.52,48.55,23909376
000651.SZ,2023-08-29,26.138,26.558,25.928,26.468,330157
000858.SZ,2023-08-29,140.429,144.529,139.759,143.829,238732
002594.SZ,2023-08-29,76.221,79.785,76.221,79.521,213223
300750.SZ,2023-08-29,211.113,222.913,210.833,218.413,291750
510300.SH,2023-08-29,3.54,3.608,3.538,3.579,21940525
600036.SH,2023-08-29,26.272,26.452,25.782,26.052,721170
600276.SH,2023-08-29,41.311,41.891,41.001,41.651,376997
600519.SH,2023-08-29,1674.555,1715.635,1674.555,1697.885,28950
600900.SH,2023-08-29,19.357,19.517,19.127,19.157,533862
601318.SH,2023-08-29,39.428,40.358,39.278,39.948,573806
601857.SH,2023-08-29,6.42,6.47,6.34,6.37,1106741
601899.SH,2023-08-29,10.46,10.72,10.39,10.43,1409823
688981.SH,2023-08-29,48.61,51.0,48.61,51.0,39593938
000651.SZ,2023-08-30,26.618,27.228,26.488,26.798,401751
000858.SZ,2023-08-30,143.829,144.549,142.029,142.249,225987
002594.SZ,2023-08-30,80.395,81.108,79.898,80.551,152187
300750.SZ,2023-08-30,219.313,221.913,217.413,217.413,145916
510300.SH,2023-08-30,3.584,3.604,3.57,3.578,10361323
600036.SH,2023-08-30,26.202,26.202,25.562,25.672,639802
600276.SH,2023-08-30,41.901,41.901,41.401,41.551,253504
600519.SH,2023-08-30,1714.455,1714.555,1690.215,1702.555,19812
600900.SH,2023-08-30,19.237,19.377,19.147,19.207,334007
601318.SH,2023-08-30,40.268,40.378,39.288,39.638,600123
601857.SH,2023-08-30,6.41,6.51,6.38,6.38,939485
601899.SH,2023-08-30,10.6,10.89,10.57,10.8,1594706
688981.SH,2023-08-30,53.98,54.54,52.32,52.94,71122489
000651.SZ,2023-08-31,27.318,27.698,27.108,27.468,544819
000858.SZ,2023-08-31,142.249,142.259,140.259,140.339,220018
002594.SZ,2023-08-31,80.788,80.948,79.951,80.418,88734
300750.SZ,2023-08-31,217.013,218.413,216.043,216.463,96715
510300.SH,2023-08-31,3.578,3.585,3.55,3.559,8384688
600036.SH,2023-08-31,25.812,26.092,25.502,25.562,503220
600276.SH,2023-08-31,41.551,41.641,41.101,41.181,259633
600519.SH,2023-08-31,1706.555,1706.555,1687.565,1693.555,14820
600900.SH,2023-08-31,19.187,19.397,19.137,19.297,473136
601318.SH,2023-08-31,40.018,40.938,39.898,40.178,639538
601857.SH,2023-08-31,6.41,6.44,6.29,6.37,962461
601899.SH,2023-08-31,10.84,10.95,10.69,10.71,829700
688981.SH,2023-08-31,52.6,54.79,52.3,54.24,56791773
000651.SZ,2023-09-01,27.578,28.458,27.578,28.368,417004
000858.SZ,2023-09-01,141.429,144.389,141.429,144.169,232387
002594.SZ,2023-09-01,81.618,82.108,79.951,80.325,77772
300750.SZ,2023-09-01,216.513,219.423,214.513,216.313,91011
510300.SH,2023-09-01,3.577,3.6,3.57,3.582,7926925
600036.SH,2023-09-01,25.962,26.642,25.892,26.282,697526
600276.SH,2023-09-01,41.251,41.421,40.831,40.931,165313
600519.SH,2023-09-01,1699.385,1712.025,1692.585,1697.605,13145
600900.SH,2023-09-01,19.247,19.297,18.987,19.047,530416
601318.SH,2023-09-01,40.738,41.888,40.648,41.488,855756
601857.SH,2023-09-01,6.37,6.43,6.33,6.38,1029252
601899.SH,2023-09-01,10.74,11.25,10.72,11.15,1434852
688981.SH,2023-09-01,54.38,54.68,52.76,53.68,37284250
000651.SZ,2023-09-04,28.678,29.008,28.418,28.888,368210
000858.SZ,2023-09-04,146.029,152.429,146.029,152.359,464965
002594.SZ,2023-09-04,81.151,81.618,80.245,81.435,96512
300750.SZ,2023-09-04,218.123,218.673,213.313,217.563,140524
510300.SH,2023-09-04,3.61,3.65,3.594,3.64,11855233
600036.SH,2023-09-04,26.592,27.622,26.482,27.542,1104299
600276.SH,2023-09-04,41.331,41.371,40.501,40.601,324688
600519.SH,2023-09-04,1709.155,1726.495,1700.085,1712.555,23871
600900.SH,2023-09-04,19.137,19.147,18.817,18.907,748233
601318.SH,2023-09-04,41.838,43.288,41.828,42.838,921931
601857.SH,2023-09-04,6.42,6.58,6.42,6.57,1574662
601899.SH,2023-09-04,11.3,11.85,11.3,11.55,1886987
688981.SH,2023-09-04,53.9,56.9,53.27,56.9,55028087
000651.SZ,2023-09-05,28.888,28.908,28.508,28.638,218167
000858.SZ,2023-09-05,152.229,152.659,149.669,150.149,190550
002594.SZ,2023-09-05,81.351,81.351,80.181,80.295,74571
300750.SZ,2023-09-05,216.913,219.413,216.073,216.733,115817
510300.SH,2023-09-05,3.63,3.632,3.605,3.613,6297701
600036.SH,2023-09-05,27.312,27.452,26.982,27.122,447323
600276.SH,2023-09-05,40.611,40.981,40.491,40.611,202444
600519.SH,2023-09-05,1714.555,1714.555,1703.355,1705.255,15659
600900.SH,2023-09-05,18.907,19.157,18.857,19.127,584108
601318.SH,2023-09-05,42.588,42.588,41.518,41.588,506244
601857.SH,2023-09-05,6.55,6.6,6.51,6.57,924979
601899.SH,2023-09-05,11.45,11.56,11.32,11.5,804279
688981.SH,2023-09-05,57.36,58.66,55.15,55.63,85458434
000651.SZ,2023-09-06,28.578,28.578,28.128,28.408,215785
000858.SZ,2023-09-06,149.489,150.879,148.429,150.119,130493
002594.SZ,2023-09-06,80.618,81.385,80.385,80.768,65929
300750.SZ,2023-09-06,215.963,217.083,212.713,214.333,124748
510300.SH,2023-09-06,3.6,3.613,3.586,3.603,7151761
600036.SH,2023-09-06,27.112,27.472,26.782,27.372,546740
600276.SH,2023-09-06,40.411,40.591,40.001,40.131,211816
600519.SH,2023-09-06,1704.555,1713.215,1695.565,1707.555,11121
600900.SH,2023-09-06,19.057,19.187,19.037,19.047,249716
601318.SH,2023-09-06,41.388,42.578,41.268,42.418,514362
601857.SH,2023-09-06,6.64,6.73,6.5,6.7,1564053
601899.SH,2023-09-06,11.37,11.53,11.28,11.41,724665
688981.SH,2023-09-06,55.16,57.4,54.81,56.83,65536508
000651.SZ,2023-09-07,28.378,28.508,28.088,28.268,175885
000858.SZ,2023-09-07,149.429,149.599,147.329,147.529,118861
002594.SZ,2023-09-07,80.758,80.758,79.988,80.085,60913
300750.SZ,2023-09-07,212.913,213.663,206.423,206.423,192661
510300.SH,2023-09-07,3.595,3.596,3.546,3.55,9410350
600036.SH,2023-09-07,27.322,27.322,27.022,27.152,358702
600276.SH,2023-09-07,40.281,40.281,39.331,39.691,286649
600519.SH,2023-09-07,1699.155,1703.445,1677.745,1684.555,16982
600900.SH,2023-09-07,19.087,19.167,18.917,19.087,438933
601318.SH,2023-09-07,42.098,42.268,41.548,41.608,403291
601857.SH,2023-09-07,6.68,6.93,6.68,6.86,1623638
601899.SH,2023-09-07,11.29,11.46,11.25,11.36,722477
688981.SH,2023-09-07,55.88,55.88,51.96,52.12,84780882
000651.SZ,2023-09-08,28.128,28.228,27.598,27.738,161466
000858.SZ,2023-09-08,146.689,147.129,144.929,146.349,104972
002594.SZ,2023-09-08,79.621,79.621,78.181,78.635,67634
300750.SZ,2023-09-08,204.913,207.113,200.413,202.853,164994
510300.SH,2023-09-08,3.535,3.548,3.516,3.529,8186358
600036.SH,2023-09-08,27.012,27.272,26.962,27.182,298501
600276.SH,2023-09-08,39.651,40.011,39.401,39.981,178497
600519.SH,2023-09-08,1681.495,1681.495,1661.505,1665.055,12212
600900.SH,2023-09-08,19.057,19.127,18.947,19.077,286679
601318.SH,2023-09-08,41.418,41.838,41.188,41.508,273667
601857.SH,2023-09-08,6.83,6.85,6.64,6.68,1038510
601899.SH,2023-09-08,11.36,11.45,11.16,11.23,554924
688981.SH,2023-09-08,52.06,53.24,51.41,52.5,49369770
000651.SZ,2023-09-11,27.848,28.178,27.638,27.898,224256
000858.SZ,2023-09-11,145.429,149.739,144.579,148.779,160683
002594.SZ,2023-09-11,78.518,80.118,78.018,79.621,76513
300750.SZ,2023-09-11,202.813,203.463,199.593,201.443,170609
510300.SH,2023-09-11,3.53,3.581,3.523,3.557,8166508
600036.SH,2023-09-11,27.142,27.302,26.922,26.922,632874
600276.SH,2023-09-11,40.151,42.561,40.151,42.401,757357
600519.SH,2023-09-11,1654.555,1686.555,1654.555,1668.725,15926
600900.SH,2023-09-11,19.067,19.297,19.067,19.227,383446
601318.SH,2023-09-11,41.768,42.158,41.238,41.748,491515
601857.SH,2023-09-11,6.71,6.83,6.68,6.75,1067282
601899.SH,2023-09-11,11.23,11.5,11.17,11.35,877870
688981.SH,2023-09-11,52.58,52.92,51.66,52.06,38528076
000651.SZ,2023-09-12,27.898,28.428,27.708,28.228,196902
000858.SZ,2023-09-12,147.829,148.489,147.039,147.409,89428
002594.SZ,2023-09-12,80.185,81.741,79.651,81.281,119532
300750.SZ,2023-09-12,201.913,202.323,197.453,197.843,182312
510300.SH,2023-09-12,3.554,3.566,3.545,3.552,5949369
600036.SH,2023-09-12,26.912,27.062,26.832,26.892,277591
600276.SH,2023-09-12,42.211,42.581,42.081,42.311,262043
600519.SH,2023-09-12,1673.155,1673.535,1662.575,1666.515,12168
600900.SH,2023-09-12,19.197,19.317,19.127,19.307,318434
601318.SH,2023-09-12,41.488,41.538,40.878,41.338,361144
601857.SH,2023-09-12,6.77,6.84,6.68,6.72,877928
601899.SH,2023-09-12,11.36,11.44,11.15,11.19,844101
688981.SH,2023-09-12,52.0,52.2,51.5,51.52,24008981
000651.SZ,2023-09-13,28.128,28.278,27.858,27.948,138152
000858.SZ,2023-09-13,148.429,149.819,146.879,148.079,131147
002594.SZ,2023-09-13,81.285,82.045,80.751,81.135,91479
300750.SZ,2023-09-13,196.913,199.063,194.943,196.513,151357
510300.SH,2023-09-13,3.551,3.562,3.507,3.527,10321331
600036.SH,2023-09-13,26.962,27.092,26.672,26.762,298915
600276.SH,2023-09-13,42.251,42.481,41.411,41.601,223141
600519.SH,2023-09-13,1676.475,1676.475,1646.605,1666.465,19501
600900.SH,2023-09-13,19.337,19.567,19.247,19.487,633341
601318.SH,2023-09-13,41.528,41.608,40.608,40.888,433989
601857.SH,2023-09-13,6.81,6.93,6.76,6.89,1377366
601899.SH,2023-09-13,11.13,11.33,11.11,11.19,870543
688981.SH,2023-09-13,51.4,51.88,50.32,50.76,30012906
000651.SZ,2023-09-14,28.038,28.078,27.658,27.958,153926
000858.SZ,2023-09-14,148.079,148.659,145.459,146.429,130473
002594.SZ,2023-09-14,79.551,79.601,77.951,78.495,152580
300750.SZ,2023-09-14,193.593,196.213,192.943,194.843,182941
510300.SH,2023-09-14,3.526,3.538,3.505,3.524,9282830
600036.SH,2023-09-14,26.962,27.202,26.862,27.082,437344
600276.SH,2023-09-14,41.731,42.191,41.451,41.991,230089
600519.SH,2023-09-14,1669.085,1673.535,1652.555,1665.245,17505
600900.SH,2023-09-14,19.607,20.037,19.497,19.927,790228
601318.SH,2023-09-14,41.028,41.188,40.378,40.578,391312
601857.SH,2023-09-14,6.9,6.99,6.84,6.96,1502515
601899.SH,2023-09-14,11.25,11.45,11.19,11.33,1522185
688981.SH,2023-09-14,50.71,51.58,50.51,50.77,23106866
000651.SZ,2023-09-15,28.028,28.138,27.488,27.638,258232
000858.SZ,2023-09-15,146.499,147.469,143.729,144.139,177555
002594.SZ,2023-09-15,78.618,79.565,77.788,78.715,82256
300750.SZ,2023-09-15,191.913,193.913,186.513,187.673,336800
510300.SH,2023-09-15,3.531,3.538,3.489,3.507,11906221
600036.SH,2023-09-15,27.312,27.432,26.812,26.972,439602
600276.SH,2023-09-15,42.101,43.351,41.751,43.001,669591
600519.SH,2023-09-15,1665.555,1666.335,1627.855,1628.545,28431
600900.SH,2023-09-15,19.927,20.027,19.637,19.757,495418
601318.SH,2023-09-15,40.878,41.508,40.388,40.588,557532
601857.SH,2023-09-15,7.04,7.2,6.87,6.91,2033961
601899.SH,2023-09-15,11.54,11.77,11.41,11.5,1732314
688981.SH,2023-09-15,50.93,52.63,50.61,51.7,43980023
000651.SZ,2023-09-18,27.518,27.838,27.288,27.828,150710
000858.SZ,2023-09-18,143.429,147.439,142.439,147.229,162983
002594.SZ,2023-09-18,78.785,81.018,78.715,79.745,96405
300750.SZ,2023-09-18,185.913,194.603,185.913,192.973,265935
510300.SH,2023-09-18,3.498,3.531,3.484,3.52,9859264
600036.SH,2023-09-18,26.882,27.062,26.712,27.032,360402
600276.SH,2023-09-18,43.011,44.351,42.991,43.761,478974
600519.SH,2023-09-18,1622.865,1676.055,1619.555,1675.755,32559
600900.SH,2023-09-18,19.697,19.797,19.557,19.647,396915
601318.SH,2023-09-18,40.308,40.868,40.088,40.688,295267
601857.SH,2023-09-18,6.91,6.95,6.74,6.85,1669064
601899.SH,2023-09-18,11.43,11.43,11.24,11.42,1057427
688981.SH,2023-09-18,51.32,51.37,48.42,49.63,47102093
000651.SZ,2023-09-19,27.778,27.778,27.568,27.778,193349
000858.SZ,2023-09-19,146.439,146.629,143.929,145.339,113674
002594.SZ,2023-09-19,79.285,80.045,78.551,79.675,62397
300750.SZ,2023-09-19,192.973,193.393,190.513,192.233,150244
510300.SH,2023-09-19,3.516,3.518,3.492,3.515,7270063
600036.SH,2023-09-19,27.012,27.012,26.732,26.972,384653
600276.SH,2023-09-19,43.761,44.221,43.491,44.031,257266
600519.SH,2023-09-19,1668.755,1675.555,1654.555,1673.495,14990
600900.SH,2023-09-19,19.617,19.807,19.537,19.767,297395
601318.SH,2023-09-19,40.668,40.738,40.408,40.668,266524
601857.SH,2023-09-19,6.84,6.96,6.82,6.94,1178341
601899.SH,2023-09-19,11.35,11.6,11.33,11.52,1081541
688981.SH,2023-09-19,49.53,50.13,49.18,49.35,21940677
000651.SZ,2023-09-20,27.878,28.428,27.478,28.278,220253
000858.SZ,2023-09-20,144.629,145.429,144.129,144.269,87124
002594.SZ,2023-09-20,78.951,79.378,78.618,78.618,54497
300750.SZ,2023-09-20,192.913,193.243,188.593,189.813,130875
510300.SH,2023-09-20,3.505,3.513,3.497,3.497,6341355
600036.SH,2023-09-20,26.872,26.872,26.642,26.742,309318
600276.SH,2023-09-20,43.901,44.001,43.281,43.751,218104
600519.SH,2023-09-20,1668.555,1676.555,1664.605,1670.555,12502
600900.SH,2023-09-20,19.757,19.857,19.647,19.797,280077
601318.SH,2023-09-20,40.648,40.648,39.968,40.278,328733
601857.SH,2023-09-20,6.97,7.03,6.91,6.95,1267612
601899.SH,2023-09-20,11.45,11.63,11.39,11.6,903140
688981.SH,2023-09-20,49.01,49.65,48.98,49.34,12381874
000651.SZ,2023-09-21,28.178,28.228,27.788,27.818,165173
000858.SZ,2023-09-21,143.429,143.929,141.949,142.089,129455
002594.SZ,2023-09-21,78.285,78.575,76.801,77.178,92965
300750.SZ,2023-09-21,189.923,190.863,186.583,186.643,162149
510300.SH,2023-09-21,3.489,3.503,3.461,3.462,8991970
600036.SH,2023-09-21,26.762,26.822,26.382,26.382,390319
600276.SH,2023-09-21,43.751,43.791,43.181,43.291,192238
600519.SH,2023-09-21,1664.565,1668.555,1644.945,1644.945,19489
600900.SH,2023-09-21,19.807,19.877,19.607,19.617,363655
601318.SH,2023-09-21,40.088,40.248,39.758,39.878,335480
601857.SH,2023-09-21,6.95,7.01,6.82,6.82,1063015
601899.SH,2023-09-21,11.45,11.55,11.33,11.44,961662
688981.SH,2023-09-21,49.3,49.99,49.21,49.5,15068020
000651.SZ,2023-09-22,28.008,28.408,27.688,28.388,205127
000858.SZ,2023-09-22,141.429,144.739,141.129,144.349,154320
002594.SZ,2023-09-22,77.125,79.171,76.785,78.968,96764
300750.SZ,2023-09-22,185.413,191.363,185.413,190.843,225091
510300.SH,2023-09-22,3.456,3.538,3.455,3.537,12471166
600036.SH,2023-09-22,26.602,27.382,26.332,27.352,712833
600276.SH,2023-09-22,43.371,43.541,42.801,43.461,282408
600519.SH,2023-09-22,1652.185,1696.515,1638.965,1695.555,34390
600900.SH,2023-09-22,19.677,19.787,19.557,19.717,449178
601318.SH,2023-09-22,39.888,41.718,39.758,41.718,663006
601857.SH,2023-09-22,6.85,6.95,6.8,6.94,1111403
601899.SH,2023-09-22,11.3,11.33,11.03,11.28,1862316
688981.SH,2023-09-22,49.6,51.38,49.41,51.2,28218735
000651.SZ,2023-09-25,28.508,28.598,28.178,28.328,166675
000858.SZ,2023-09-25,144.189,144.309,143.029,143.329,105365
002594.SZ,2023-09-25,79.561,79.611,78.735,79.218,64787
300750.SZ,2023-09-25,192.933,193.533,188.623,189.193,136054
510300.SH,2023-09-25,3.526,3.529,3.502,3.509,7009057
600036.SH,2023-09-25,27.292,27.292,26.912,27.012,456515
600276.SH,2023-09-25,43.501,44.451,43.111,44.251,407403
600519.SH,2023-09-25,1694.055,1694.555,1673.145,1678.935,13979
600900.SH,2023-09-25,19.827,19.897,19.617,19.727,340861
601318.SH,2023-09-25,41.398,41.488,40.418,40.448,499759
601857.SH,2023-09-25,6.96,6.99,6.81,6.83,1215911
601899.SH,2023-09-25,11.23,11.34,11.09,11.11,1156554
688981.SH,2023-09-25,51.21,51.98,50.86,51.33,21560707
000651.SZ,2023-09-26,28.308,28.568,28.178,28.228,100309
000858.SZ,2023-09-26,143.309,143.899,141.079,141.079,125016
002594.SZ,2023-09-26,78.951,78.951,76.718,76.785,118463
300750.SZ,2023-09-26,186.583,187.263,183.413,184.413,202538
510300.SH,2023-09-26,3.506,3.517,3.486,3.488,8629085
600036.SH,2023-09-26,26.942,27.092,26.762,26.812,322024
600276.SH,2023-09-26,44.201,44.481,43.551,44.101,273018
600519.SH,2023-09-26,1674.555,1681.435,1659.655,1662.555,15762
600900.SH,2023-09-26,19.777,19.777,19.567,19.647,257166
601318.SH,2023-09-26,40.438,40.728,39.908,39.948,400930
601857.SH,2023-09-26,6.83,6.86,6.79,6.81,891332
601899.SH,2023-09-26,11.04,11.1,10.84,11.0,1289151
688981.SH,2023-09-26,51.2,51.2,50.01,50.06,18690221
000651.SZ,2023-09-27,28.138,28.528,28.108,28.178,169859
000858.SZ,2023-09-27,141.089,143.079,140.429,141.019,132812
002594.SZ,2023-09-27,76.988,78.025,76.548,76.561,75734
300750.SZ,2023-09-27,186.213,188.403,182.363,183.573,218490
510300.SH,2023-09-27,3.487,3.525,3.486,3.498,10780540
600036.SH,2023-09-27,26.912,27.102,26.762,26.832,352467
600276.SH,2023-09-27,44.081,45.081,44.051,44.711,357243
600519.SH,2023-09-27,1661.555,1680.055,1649.355,1660.555,20880
600900.SH,2023-09-27,19.697,19.707,19.417,19.447,397997
601318.SH,2023-09-27,39.988,40.378,39.888,40.048,324863
601857.SH,2023-09-27,6.86,6.88,6.81,6.83,754604
601899.SH,2023-09-27,11.0,11.03,10.73,10.76,1336135
688981.SH,2023-09-27,50.18,51.0,50.07,50.66,15117637
000651.SZ,2023-09-28,28.208,28.328,27.928,27.978,152029
000858.SZ,2023-09-28,141.019,141.809,140.109,140.529,123857
002594.SZ,2023-09-28,76.885,77.118,75.968,76.185,85258
300750.SZ,2023-09-28,183.913,186.413,182.493,182.943,158095
510300.SH,2023-09-28,3.505,3.511,3.476,3.484,11206124
600036.SH,2023-09-28,27.032,27.152,26.762,26.982,388565
600276.SH,2023-09-28,44.951,45.281,44.161,44.341,251307
600519.SH,2023-09-28,1671.535,1671.535,1644.355,1645.105,20538
600900.SH,2023-09-28,19.497,19.617,19.467,19.477,344074
601318.SH,2023-09-28,40.218,40.268,39.538,39.688,421466
601857.SH,2023-09-28,6.98,7.01,6.79,6.81,1250172
601899.SH,2023-09-28,10.76,10.87,10.41,10.48,1499857
688981.SH,2023-09-28,50.7,51.42,50.25,51.15,17607565
000651.SZ,2023-10-09,27.878,28.448,27.518,28.278,247568
000858.SZ,2023-10-09,140.519,140.519,136.229,138.699,153573
002594.SZ,2023-10-09,76.185,76.788,73.838,76.608,91791
300750.SZ,2023-10-09,180.913,181.193,172.913,175.413,337428
510300.SH,2023-10-09,3.477,3.488,3.433,3.474,8752131
600036.SH,2023-10-09,26.712,26.712,26.392,26.592,361343
600276.SH,2023-10-09,44.291,44.601,43.521,44.161,331422
600519.SH,2023-10-09,1643.495,1643.495,1611.455,1623.555,29763
600900.SH,2023-10-09,19.487,19.957,19.487,19.797,543934
601318.SH,2023-10-09,39.388,39.658,38.908,39.458,394012
601857.SH,2023-10-09,6.62,6.77,6.44,6.74,1806692
601899.SH,2023-10-09,10.26,10.6,10.09,10.55,1221167
688981.SH,2023-10-09,50.8,51.48,50.3,50.72,15983708
000651.SZ,2023-10-10,28.408,28.528,26.758,26.928,460552
000858.SZ,2023-10-10,139.919,141.009,137.489,137.839,127175
002594.SZ,2023-10-10,76.605,77.291,76.285,76.588,63937
300750.SZ,2023-10-10,177.793,177.913,174.633,174.633,198655
510300.SH,2023-10-10,3.486,3.498,3.444,3.447,9279324
600036.SH,2023-10-10,27.132,27.142,26.602,26.602,342637
600276.SH,2023-10-10,44.321,44.391,43.681,43.771,166019
600519.SH,2023-10-10,1629.445,1645.535,1614.555,1616.555,20284
600900.SH,2023-10-10,19.937,19.937,19.677,19.847,361180
601318.SH,2023-10-10,39.668,39.918,38.908,38.988,330777
601857.SH,2023-10-10,6.75,6.8,6.58,6.62,989316
601899.SH,2023-10-10,10.63,10.77,10.55,10.57,683984
688981.SH,2023-10-10,50.73,51.65,50.73,50.83,16726357
000651.SZ,2023-10-11,26.968,27.488,26.708,26.748,236528
000858.SZ,2023-10-11,138.999,139.659,137.789,138.129,99122
002594.SZ,2023-10-11,77.938,78.118,76.618,76.815,76684
300750.SZ,2023-10-11,177.783,178.513,174.013,174.683,202482
510300.SH,2023-10-11,3.465,3.482,3.447,3.455,8934987
600036.SH,2023-10-11,26.852,26.862,26.412,26.462,376091
600276.SH,2023-10-11,44.101,44.971,44.101,44.451,329577
600519.SH,2023-10-11,1631.205,1631.205,1614.555,1625.055,21945
600900.SH,2023-10-11,19.907,20.127,19.837,19.867,407657
601318.SH,2023-10-11,39.238,39.358,38.898,39.078,325297
601857.SH,2023-10-11,6.64,6.65,6.46,6.49,989973
601899.SH,2023-10-11,10.65,10.66,10.34,10.48,851687
688981.SH,2023-10-11,50.9,54.29,50.5,54.2,46100108
000651.SZ,2023-10-12,27.028,27.158,26.628,26.838,258560
000858.SZ,2023-10-12,139.679,140.429,138.639,140.159,137972
002594.SZ,2023-10-12,77.418,79.118,76.951,78.768,139341
300750.SZ,2023-10-12,174.923,177.713,173.913,175.853,242059
510300.SH,2023-10-12,3.49,3.505,3.472,3.491,9335216
600036.SH,2023-10-12,27.002,27.342,26.792,27.082,617460
600276.SH,2023-10-12,45.001,45.051,44.101,44.351,244608
600519.SH,2023-10-12,1644.455,1644.785,1623.755,1632.555,14865
600900.SH,2023-10-12,20.127,20.127,19.777,19.857,295306
601318.SH,2023-10-12,40.258,40.278,39.598,39.818,448710
601857.SH,2023-10-12,6.49,6.53,6.43,6.5,826176
601899.SH,2023-10-12,10.62,10.71,10.53,10.64,703145
688981.SH,2023-10-12,53.75,54.19,53.01,53.69,35858279
000651.SZ,2023-10-13,26.678,26.728,26.308,26.488,210475
000858.SZ,2023-10-13,138.929,138.929,136.439,138.059,142934
002594.SZ,2023-10-13,77.918,78.208,77.218,77.405,66445
300750.SZ,2023-10-13,173.763,174.743,169.513,170.513,284222
510300.SH,2023-10-13,3.47,3.471,3.444,3.456,11350953
600036.SH,2023-10-13,26.792,26.892,26.522,26.622,410372
600276.SH,2023-10-13,43.981,44.521,43.771,44.051,187513
600519.SH,2023-10-13,1617.435,1624.565,1584.745,1597.555,25028
600900.SH,2023-10-13,19.787,20.017,19.787,19.977,359194
601318.SH,2023-10-13,39.258,39.668,39.058,39.358,261270
601857.SH,2023-10-13,6.44,6.53,6.37,6.5,936652
601899.SH,2023-10-13,10.48,10.5,10.35,10.37,664496
688981.SH,2023-10-13,53.17,55.88,53.06,54.56,50016405
000651.SZ,2023-10-16,26.478,26.558,26.188,26.258,180946
000858.SZ,2023-10-16,137.509,137.829,134.139,134.569,152366
002594.SZ,2023-10-16,77.418,77.645,76.118,76.455,66022
300750.SZ,2023-10-16,170.253,170.443,163.823,164.673,246836
510300.SH,2023-10-16,3.456,3.458,3.402,3.413,11389806
600036.SH,2023-10-16,26.592,26.672,26.252,26.322,286774
600276.SH,2023-10-16,44.221,44.521,43.501,43.631,214400
600519.SH,2023-10-16,1597.535,1602.555,1569.005,1576.455,20790
600900.SH,2023-10-16,20.017,20.237,19.927,20.017,474980
601318.SH,2023-10-16,39.238,39.518,38.798,38.928,319003
601857.SH,2023-10-16,6.58,6.67,6.54,6.63,1314717
601899.SH,2023-10-16,10.6,10.63,10.45,10.49,948154
688981.SH,2023-10-16,54.3,55.1,53.05,53.1,23618774
000651.SZ,2023-10-17,26.268,26.528,26.178,26.468,164409
000858.SZ,2023-10-17,134.569,135.669,132.989,134.839,107202
002594.SZ,2023-10-17,76.458,77.281,76.118,76.618,49164
300750.SZ,2023-10-17,165.423,169.213,164.483,165.353,215583
510300.SH,2023-10-17,3.42,3.433,3.407,3.425,8880603
600036.SH,2023-10-17,26.402,26.612,26.232,26.532,286229
600276.SH,2023-10-17,43.631,43.931,43.001,43.871,214293
600519.SH,2023-10-17,1585.555,1585.995,1562.555,1572.555,14945
600900.SH,2023-10-17,20.047,20.227,19.967,20.197,416973
601318.SH,2023-10-17,39.188,39.368,38.848,39.068,270142
601857.SH,2023-10-17,6.59,6.78,6.54,6.76,1085745
601899.SH,2023-10-17,10.47,10.49,10.33,10.41,800518
688981.SH,2023-10-17,53.1,56.34,52.7,54.4,34767248
000651.SZ,2023-10-18,26.378,26.378,25.988,26.068,193291
000858.SZ,2023-10-18,134.409,135.749,133.609,133.669,101105
002594.SZ,2023-10-18,79.151,80.951,78.618,80.308,307863
300750.SZ,2023-10-18,165.013,168.163,163.513,166.213,176519
510300.SH,2023-10-18,3.419,3.423,3.395,3.397,8102706
600036.SH,2023-10-18,26.502,26.652,26.422,26.502,249317
600276.SH,2023-10-18,43.881,43.891,43.161,43.221,157011
600519.SH,2023-10-18,1565.355,1588.555,1563.735,1574.555,20318
600900.SH,2023-10-18,20.287,20.417,20.097,20.187,498013
601318.SH,2023-10-18,38.898,39.158,38.768,38.778,325690
601857.SH,2023-10-18,6.76,6.85,6.74,6.81,970317
601899.SH,2023-10-18,10.44,10.48,10.31,10.33,735847
688981.SH,2023-10-18,55.84,56.73,54.48,54.57,44297900
000651.SZ,2023-10-19,25.838,25.988,25.368,25.388,307275
000858.SZ,2023-10-19,132.429,132.429,128.389,128.679,217385
002594.SZ,2023-10-19,79.601,79.941,77.398,77.485,147753
300750.SZ,2023-10-19,164.323,165.593,162.193,162.613,174542
510300.SH,2023-10-19,3.38,3.38,3.315,3.32,16903688
600036.SH,2023-10-19,26.412,26.412,25.532,25.582,604293
600276.SH,2023-10-19,43.061,43.481,42.601,42.811,262747
600519.SH,2023-10-19,1546.555,1546.585,1472.585,1476.555,73492
600900.SH,2023-10-19,20.097,20.227,19.767,19.787,487666
601318.SH,2023-10-19,38.498,38.548,37.398,37.438,694085
601857.SH,2023-10-19,6.81,6.81,6.54,6.57,1198459
601899.SH,2023-10-19,10.3,10.33,10.1,10.12,986187
688981.SH,2023-10-19,54.13,57.28,54.0,56.03,75274144
000651.SZ,2023-10-20,25.308,25.558,25.158,25.258,211862
000858.SZ,2023-10-20,127.429,130.359,126.999,128.129,133164
002594.SZ,2023-10-20,77.285,77.885,76.688,77.018,85659
300750.SZ,2023-10-20,158.913,167.603,158.913,160.913,300269
510300.SH,2023-10-20,3.303,3.32,3.285,3.302,17404462
600036.SH,2023-10-20,25.502,25.822,25.412,25.662,372589
600276.SH,2023-10-20,42.521,42.901,41.951,42.121,303034
600519.SH,2023-10-20,1476.555,1501.555,1462.805,1491.555,45376
600900.SH,2023-10-20,19.787,19.917,19.587,19.587,628851
601318.SH,2023-10-20,36.988,37.478,36.938,37.228,481776
601857.SH,2023-10-20,6.61,6.63,6.5,6.52,858745
601899.SH,2023-10-20,10.17,10.28,9.94,10.0,795521
688981.SH,2023-10-20,55.61,58.15,55.61,57.1,70739609
000651.SZ,2023-10-23,25.258,25.478,24.788,25.128,178963
000858.SZ,2023-10-23,128.069,130.239,126.829,128.179,120292
002594.SZ,2023-10-23,77.285,77.285,76.018,76.835,73537
300750.SZ,2023-10-23,160.213,160.213,155.713,157.173,202233
510300.SH,2023-10-23,3.288,3.29,3.232,3.264,27102417
600036.SH,2023-10-23,25.602,25.662,25.012,25.242,393802
600276.SH,2023-10-23,42.131,42.761,41.731,42.471,224632
600519.SH,2023-10-23,1476.525,1506.555,1468.155,1490.535,25234
600900.SH,2023-10-23,19.587,19.867,19.437,19.527,538436
601318.SH,2023-10-23,37.178,37.588,36.888,37.328,387068
601857.SH,2023-10-23,6.46,6.52,6.34,6.4,864694
601899.SH,2023-10-23,9.93,10.01,9.68,9.8,858001
688981.SH,2023-10-23,56.88,57.74,55.5,56.79,48307464
000651.SZ,2023-10-24,25.278,25.358,24.888,25.228,260261
000858.SZ,2023-10-24,128.189,129.419,126.129,128.479,167074
002594.SZ,2023-10-24,77.051,77.451,75.508,75.801,110779
300750.SZ,2023-10-24,157.913,159.113,155.213,156.333,243795
510300.SH,2023-10-24,3.273,3.283,3.24,3.269,15350130
600036.SH,2023-10-24,25.392,25.422,25.052,25.312,365527
600276.SH,2023-10-24,42.461,42.901,42.011,42.631,260856
600519.SH,2023-10-24,1494.555,1499.915,1467.765,1489.505,29861
600900.SH,2023-10-24,19.597,19.907,19.417,19.837,533077
601318.SH,2023-10-24,37.418,37.888,37.068,37.488,432311
601857.SH,2023-10-24,6.39,6.6,6.38,6.59,1187572
601899.SH,2023-10-24,9.89,10.18,9.88,10.1,1196944
688981.SH,2023-10-24,56.79,57.1,53.36,55.05,48079955
000651.SZ,2023-10-25,25.668,25.728,25.098,25.168,264354
000858.SZ,2023-10-25,131.379,135.429,131.379,133.769,254422
002594.SZ,2023-10-25,76.608,77.288,76.025,76.418,83676
300750.SZ,2023-10-25,158.113,159.413,155.593,155.893,215342
510300.SH,2023-10-25,3.308,3.323,3.287,3.289,13833516
600036.SH,2023-10-25,25.612,25.762,25.212,25.432,375693
600276.SH,2023-10-25,43.091,43.271,42.461,42.571,275145
600519.SH,2023-10-25,1516.665,1544.555,1513.575,1524.055,36179
600900.SH,2023-10-25,19.837,19.857,19.137,19.147,1005229
601318.SH,2023-10-25,38.289,38.309,37.739,37.819,374463
601857.SH,2023-10-25,6.62,6.63,6.14,6.16,2208269
601899.SH,2023-10-25,10.39,10.66,10.39,10.43,1294168
688981.SH,2023-10-25,56.0,56.82,54.68,54.68,32205924
000651.SZ,2023-10-26,25.078,25.328,24.828,25.068,205711
000858.SZ,2023-10-26,132.429,135.629,132.229,135.479,146177
002594.SZ,2023-10-26,75.971,76.885,75.851,76.821,73199
300750.SZ,2023-10-26,153.913,158.213,148.723,157.983,414206
510300.SH,2023-10-26,3.275,3.306,3.268,3.302,11436095
600036.SH,2023-10-26,25.372,25.762,25.272,25.512,287030
600276.SH,2023-10-26,43.291,44.251,42.851,43.851,418092
600519.SH,2023-10-26,1513.555,1534.555,1508.565,1518.785,22386
600900.SH,2023-10-26,19.087,19.587,19.057,19.567,666489
601318.SH,2023-10-26,37.609,38.109,37.559,38.009,280986
601857.SH,2023-10-26,6.13,6.31,6.12,6.28,1181437
601899.SH,2023-10-26,10.35,10.46,10.23,10.43,740260
688981.SH,2023-10-26,54.2,55.6,54.1,54.89,28074399
000651.SZ,2023-10-27,25.558,26.098,25.228,25.898,456033
000858.SZ,2023-10-27,134.999,137.979,134.589,137.419,170654
002594.SZ,2023-10-27,76.618,78.451,76.458,77.935,103206
300750.SZ,2023-10-27,157.763,165.793,155.933,164.633,477953
510300.SH,2023-10-27,3.294,3.369,3.285,3.356,16476624
600036.SH,2023-10-27,25.462,25.662,25.162,25.542,391453
600276.SH,2023-10-27,43.661,44.951,43.281,44.801,414072
600519.SH,2023-10-27,1510.555,1538.435,1507.155,1523.265,34262
600900.SH,2023-10-27,19.557,19.707,19.447,19.477,548441
601318.SH,2023-10-27,37.499,37.849,36.859,37.489,618850
601857.SH,2023-10-27,6.25,6.35,6.23,6.25,949549
601899.SH,2023-10-27,10.33,10.51,10.3,10.36,928362
688981.SH,2023-10-27,54.58,57.5,54.4,56.98,47162330
000651.SZ,2023-10-30,25.778,25.948,25.488,25.728,301714
000858.SZ,2023-10-30,140.379,142.789,139.429,141.029,274030
002594.SZ,2023-10-30,77.121,78.948,76.851,78.818,117295
300750.SZ,2023-10-30,166.913,169.793,164.713,167.933,322595
510300.SH,2023-10-30,3.342,3.383,3.34,3.372,9614014
600036.SH,2023-10-30,25.022,25.142,24.562,24.912,838501
600276.SH,2023-10-30,44.851,46.401,44.601,45.981,550654
600519.SH,2023-10-30,1515.555,1535.435,1515.555,1527.555,24086
600900.SH,2023-10-30,19.497,19.817,19.477,19.687,728356
601318.SH,2023-10-30,37.499,37.799,37.119,37.619,455498
601857.SH,2023-10-30,6.24,6.25,5.88,5.96,2413078
601899.SH,2023-10-30,10.55,11.03,10.54,10.77,1801595
688981.SH,2023-10-30,56.74,58.98,56.67,58.3,50735385
000651.SZ,2023-10-31,25.958,25.958,25.498,25.608,259423
000858.SZ,2023-10-31,141.929,142.079,139.449,140.429,144979
002594.SZ,2023-10-31,78.451,78.615,76.451,76.798,127205
300750.SZ,2023-10-31,166.593,167.133,164.513,165.513,181525
510300.SH,2023-10-31,3.365,3.37,3.342,3.364,8396600
600036.SH,2023-10-31,24.752,25.002,24.622,24.772,528016
600276.SH,2023-10-31,47.931,48.181,46.631,47.341,706569
600519.SH,2023-10-31,1526.555,1536.555,1514.405,1531.135,19859
600900.SH,2023-10-31,19.617,19.887,19.507,19.807,637527
601318.SH,2023-10-31,37.729,38.239,37.489,37.769,423089
601857.SH,2023-10-31,5.93,5.98,5.83,5.95,1570334
601899.SH,2023-10-31,10.75,10.81,10.63,10.79,751696
688981.SH,2023-10-31,58.38,58.38,56.88,57.25,28025815
000651.SZ,2023-11-01,25.528,25.728,25.388,25.518,202899
000858.SZ,2023-11-01,150.429,151.709,144.429,144.429,469346
002594.SZ,2023-11-01,76.618,76.618,75.758,76.018,93390
300750.SZ,2023-11-01,165.703,170.213,164.413,167.453,197273
510300.SH,2023-11-01,3.4,3.4,3.352,3.362,8119834
600036.SH,2023-11-01,24.812,24.892,24.442,24.462,529897
600276.SH,2023-11-01,47.351,47.581,46.691,47.371,335687
600519.SH,2023-11-01,1696.555,1696.555,1620.345,1627.545,93143
600900.SH,2023-11-01,19.817,19.977,19.637,19.897,590464
601318.SH,2023-11-01,38.099,38.189,37.329,37.419,378012
601857.SH,2023-11-01,5.94,6.01,5.88,5.99,1217491
601899.SH,2023-11-01,10.67,10.7,10.49,10.55,938721
688981.SH,2023-11-01,57.14,59.08,56.78,58.21,36157565
000651.SZ,2023-11-02,25.548,26.098,25.528,25.708,298788
000858.SZ,2023-11-02,144.509,145.389,142.159,142.329,165132
002594.SZ,2023-11-02,76.571,76.578,75.551,75.551,85414
300750.SZ,2023-11-02,168.413,169.793,165.483,165.483,137627
510300.SH,2023-11-02,3.368,3.389,3.344,3.345,10753816
600036.SH,2023-11-02,24.612,24.822,24.522,24.692,364668
600276.SH,2023-11-02,47.571,47.601,47.111,47.301,205142
600519.SH,2023-11-02,1641.555,1641.555,1622.615,1626.055,27908
600900.SH,2023-11-02,20.007,20.087,19.867,19.997,434397
601318.SH,2023-11-02,37.519,37.899,37.319,37.369,292248
601857.SH,2023-11-02,6.03,6.13,5.99,6.08,1176057
601899.SH,2023-11-02,10.7,10.83,10.55,10.56,913838
688981.SH,2023-11-02,58.5,59.11,57.13,57.31,29094297
000651.SZ,2023-11-03,25.708,25.838,25.538,25.688,244876
000858.SZ,2023-11-03,142.329,144.429,142.089,144.099,138144
002594.SZ,2023-11-03,75.788,77.001,75.578,76.835,90679
300750.SZ,2023-11-03,165.913,168.593,164.513,167.353,143655
510300.SH,2023-11-03,3.351,3.388,3.35,3.373,10578227
600036.SH,2023-11-03,24.692,25.052,24.612,25.002,439569
600276.SH,2023-11-03,47.201,47.501,46.801,46.911,212838
600519.SH,2023-11-03,1626.555,1661.445,1620.555,1657.795,30176
600900.SH,2023-11-03,19.997,20.207,19.907,19.947,547430
601318.SH,2023-11-03,37.499,37.619,37.199,37.549,386407
601857.SH,2023-11-03,6.11,6.21,6.05,6.16,1068222
601899.SH,2023-11-03,10.57,10.65,10.45,10.52,815859
688981.SH,2023-11-03,57.45,57.99,56.81,57.86,27658732
000651.SZ,2023-11-06,25.828,25.858,25.518,25.758,342397
000858.SZ,2023-11-06,145.099,145.299,142.929,144.269,137512
002594.SZ,2023-11-06,77.455,78.428,77.285,78.251,143548
300750.SZ,2023-11-06,168.483,177.013,168.363,176.993,349684
510300.SH,2023-11-06,3.395,3.425,3.394,3.421,11766496
600036.SH,2023-11-06,25.162,25.362,24.972,25.152,519824
600276.SH,2023-11-06,47.891,48.281,47.561,47.731,378138
600519.SH,2023-11-06,1666.555,1670.345,1647.675,1658.555,25524
600900.SH,2023-11-06,19.977,20.007,19.417,19.477,1002466
601318.SH,2023-11-06,37.909,38.479,37.819,38.369,562463
601857.SH,2023-11-06,6.11,6.11,5.86,5.92,2630123
601899.SH,2023-11-06,10.53,10.55,10.22,10.28,1443133
688981.SH,2023-11-06,57.89,58.4,56.96,57.3,33790738
000651.SZ,2023-11-07,25.678,25.698,25.338,25.468,283820
000858.SZ,2023-11-07,143.729,144.329,142.429,143.739,107304
002594.SZ,2023-11-07,78.285,78.718,77.455,77.608,94513
300750.SZ,2023-11-07,175.903,176.023,170.033,171.153,260803
510300.SH,2023-11-07,3.412,3.421,3.396,3.41,6575291
600036.SH,2023-11-07,25.152,25.152,24.662,24.812,516241
600276.SH,2023-11-07,47.901,48.211,47.581,47.831,261492
600519.SH,2023-11-07,1651.555,1656.555,1630.635,1637.725,19582
600900.SH,2023-11-07,19.477,19.577,19.407,19.507,352991
601318.SH,2023-11-07,38.189,38.209,37.549,37.609,520543
601857.SH,2023-11-07,5.87,5.96,5.74,5.92,1663974
601899.SH,2023-11-07,10.23,10.38,10.07,10.36,916701
688981.SH,2023-11-07,57.0,57.55,56.01,57.55,30759314
000651.SZ,2023-11-08,25.478,25.558,25.178,25.348,315615
000858.SZ,2023-11-08,142.929,144.209,141.999,143.059,126463
002594.SZ,2023-11-08,77.405,77.571,77.011,77.285,80128
300750.SZ,2023-11-08,170.093,172.853,169.913,171.753,146522
510300.SH,2023-11-08,3.403,3.416,3.378,3.399,11353212
600036.SH,2023-11-08,24.752,24.792,24.512,24.612,445183
600276.SH,2023-11-08,47.871,49.141,47.871,48.681,318466
600519.SH,2023-11-08,1630.605,1650.355,1629.425,1644.895,14546
600900.SH,2023-11-08,19.527,19.687,19.527,19.607,323137
601318.SH,2023-11-08,37.609,37.739,36.859,36.939,703734
601857.SH,2023-11-08,5.82,5.88,5.78,5.86,1016303
601899.SH,2023-11-08,10.23,10.3,10.07,10.17,1133216
688981.SH,2023-11-08,57.2,59.38,57.01,58.31,46693536
000651.SZ,2023-11-09,25.348,25.508,25.258,25.378,196691
000858.SZ,2023-11-09,142.429,143.929,142.429,142.979,91989
002594.SZ,2023-11-09,77.285,77.535,76.731,77.051,73183
300750.SZ,2023-11-09,170.543,172.493,170.443,171.363,109971
510300.SH,2023-11-09,3.391,3.415,3.389,3.402,8185694
600036.SH,2023-11-09,24.562,24.792,24.532,24.672,327650
600276.SH,2023-11-09,48.541,48.771,47.671,47.781,294700
600519.SH,2023-11-09,1636.665,1645.555,1629.555,1640.665,12800
600900.SH,2023-11-09,19.607,19.887,19.557,19.807,525440
601318.SH,2023-11-09,36.309,36.509,35.169,35.589,1504542
601857.SH,2023-11-09,5.82,5.94,5.8,5.92,1029000
601899.SH,2023-11-09,10.05,10.25,10.05,10.23,776423
688981.SH,2023-11-09,58.01,58.61,56.87,57.0,24017841
000651.SZ,2023-11-10,25.378,25.378,25.048,25.158,220590
000858.SZ,2023-11-10,141.929,142.709,140.929,141.329,89631
002594.SZ,2023-11-10,76.951,76.951,75.838,76.271,81902
300750.SZ,2023-11-10,168.913,169.883,167.963,168.943,116100
510300.SH,2023-11-10,3.388,3.388,3.363,3.375,7841768
600036.SH,2023-11-10,24.512,24.572,24.112,24.172,516965
600276.SH,2023-11-10,47.501,48.081,47.431,47.791,186558
600519.SH,2023-11-10,1627.105,1634.555,1619.655,1622.395,16466
600900.SH,2023-11-10,19.807,19.897,19.597,19.807,437302
601318.SH,2023-11-10,35.209,35.209,34.339,34.659,1049965
601857.SH,2023-11-10,5.91,5.95,5.83,5.91,716987
601899.SH,2023-11-10,10.18,10.21,10.07,10.13,437718
688981.SH,2023-11-10,55.55,56.18,53.93,54.39,49718071
000651.SZ,2023-11-13,25.008,25.158,23.998,24.248,577977
000858.SZ,2023-11-13,141.319,141.599,138.489,139.309,125575
002594.SZ,2023-11-13,76.578,76.678,75.651,76.325,69738
300750.SZ,2023-11-13,171.913,172.113,166.933,167.763,125196
510300.SH,2023-11-13,3.379,3.386,3.35,3.37,6744633
600036.SH,2023-11-13,24.182,24.282,23.622,23.832,634243
600276.SH,2023-11-13,47.911,48.041,46.461,46.701,338641
600519.SH,2023-11-13,1618.835,1631.435,1603.535,1610.555,18370
600900.SH,2023-11-13,19.747,19.787,19.577,19.767,324293
601318.SH,2023-11-13,34.609,34.749,34.369,34.699,493091
601857.SH,2023-11-13,5.94,5.98,5.85,5.97,839485
601899.SH,2023-11-13,10.14,10.28,10.08,10.25,553280
688981.SH,2023-11-13,54.56,54.88,53.63,54.24,24950846
000651.SZ,2023-11-14,24.088,24.518,23.878,24.458,302183
000858.SZ,2023-11-14,140.309,142.319,139.429,140.329,112992
002594.SZ,2023-11-14,76.385,76.685,76.151,76.495,55217
300750.SZ,2023-11-14,167.763,168.713,162.913,163.593,234883
510300.SH,2023-11-14,3.374,3.39,3.355,3.37,7533172
600036.SH,2023-11-14,23.882,24.212,23.872,24.212,448343
600276.SH,2023-11-14,46.771,47.081,46.201,46.441,206788
600519.SH,2023-11-14,1610.555,1621.545,1606.565,1611.825,12817
600900.SH,2023-11-14,19.767,19.857,19.597,19.607,477469
601318.SH,2023-11-14,34.859,35.119,34.699,34.919,558200
601857.SH,2023-11-14,5.98,6.04,5.91,5.93,697239
601899.SH,2023-11-14,10.3,10.33,10.16,10.21,495333
688981.SH,2023-11-14,54.22,54.88,53.96,54.65,22961744
000651.SZ,2023-11-15,24.658,24.698,24.378,24.528,260261
000858.SZ,2023-11-15,142.239,142.569,141.129,141.679,101757
002594.SZ,2023-11-15,77.251,77.285,76.718,76.831,78692
300750.SZ,2023-11-15,166.803,168.503,163.493,164.393,238072
510300.SH,2023-11-15,3.4,3.411,3.383,3.395,9940631
600036.SH,2023-11-15,24.462,24.782,24.402,24.652,601940
600276.SH,2023-11-15,47.081,47.381,46.561,46.731,156722
600519.SH,2023-11-15,1625.555,1629.445,1613.555,1619.485,18435
600900.SH,2023-11-15,19.607,19.857,19.607,19.837,480396
601318.SH,2023-11-15,35.429,35.919,35.189,35.669,728706
601857.SH,2023-11-15,5.94,6.01,5.93,6.01,834143
601899.SH,2023-11-15,10.58,10.58,10.28,10.35,1008192
688981.SH,2023-11-15,55.02,55.19,54.32,54.32,19729329
000651.SZ,2023-11-16,24.478,24.528,24.128,24.288,203309
000858.SZ,2023-11-16,141.429,142.129,140.559,140.799,70364
002594.SZ,2023-11-16,77.218,77.218,76.358,76.718,61690
300750.SZ,2023-11-16,165.393,165.403,160.013,161.063,174662
510300.SH,2023-11-16,3.39,3.393,3.357,3.359,8815567
600036.SH,2023-11-16,24.682,24.782,24.382,24.552,315720
600276.SH,2023-11-16,46.431,46.881,46.161,46.201,139576
600519.SH,2023-11-16,1620.555,1622.555,1606.605,1606.605,12558
600900.SH,2023-11-16,19.797,19.967,19.757,19.947,712630
601318.SH,2023-11-16,35.439,35.659,35.079,35.179,386089
601857.SH,2023-11-16,5.97,6.04,5.95,5.96,501107
601899.SH,2023-11-16,10.32,10.38,10.2,10.32,724281
688981.SH,2023-11-16,54.01,54.2,53.25,53.42,19855533
000651.SZ,2023-11-17,24.078,24.248,23.938,24.178,221672
000858.SZ,2023-11-17,139.929,140.909,138.789,139.429,84521
002594.SZ,2023-11-17,76.285,76.815,75.951,76.205,59462
300750.SZ,2023-11-17,159.763,161.163,159.403,160.643,110840
510300.SH,2023-11-17,3.35,3.358,3.332,3.354,11984509
600036.SH,2023-11-17,24.472,24.532,24.112,24.342,432453
600276.SH,2023-11-17,46.191,46.731,46.081,46.541,211799
600519.SH,2023-11-17,1598.555,1605.555,1584.455,1599.975,21714
600900.SH,2023-11-17,19.887,20.007,19.727,19.857,406686
601318.SH,2023-11-17,34.939,35.129,34.639,34.969,404728
601857.SH,2023-11-17,5.89,5.9,5.78,5.87,1080657
601899.SH,2023-11-17,10.33,10.37,10.22,10.32,562505
688981.SH,2023-11-17,54.0,54.07,53.38,53.7,15310541
000651.SZ,2023-11-20,24.178,24.648,23.888,24.468,292388
000858.SZ,2023-11-20,139.419,140.369,138.029,138.829,114859
002594.SZ,2023-11-20,75.885,76.118,75.478,75.618,76771
300750.SZ,2023-11-20,160.653,161.713,158.923,160.213,124087
510300.SH,2023-11-20,3.357,3.377,3.33,3.365,8584304
600036.SH,2023-11-20,24.352,24.602,24.152,24.592,369227
600276.SH,2023-11-20,46.611,47.381,46.361,46.891,231080
600519.SH,2023-11-20,1601.555,1616.055,1583.215,1609.055,18608
600900.SH,2023-11-20,19.897,19.977,19.827,19.887,343586
601318.SH,2023-11-20,35.019,35.359,34.789,35.219,324987
601857.SH,2023-11-20,5.9,5.97,5.88,5.93,843360
601899.SH,2023-11-20,10.31,10.32,10.12,10.21,677976
688981.SH,2023-11-20,53.57,54.31,53.22,53.92,19593677
000651.SZ,2023-11-21,24.538,24.938,24.478,24.548,294220
000858.SZ,2023-11-21,139.429,141.069,137.679,139.729,166977
002594.SZ,2023-11-21,75.848,76.178,75.171,75.351,82386
300750.SZ,2023-11-21,161.913,163.913,159.923,160.523,197662
510300.SH,2023-11-21,3.375,3.406,3.36,3.37,9316055
600036.SH,2023-11-21,24.762,24.882,24.382,24.442,488545
600276.SH,2023-11-21,47.001,47.481,46.711,46.981,205466
600519.SH,2023-11-21,1629.975,1644.555,1616.655,1636.555,30098
600900.SH,2023-11-21,19.857,20.027,19.847,19.937,471898
601318.SH,2023-11-21,35.219,35.859,35.219,35.379,432503
601857.SH,2023-11-21,5.97,6.06,5.94,5.96,953629
601899.SH,2023-11-21,10.31,10.56,10.26,10.49,1466985
688981.SH,2023-11-21,53.98,54.34,53.58,53.61,15609020
000651.SZ,2023-11-22,24.458,24.598,24.338,24.428,200535
000858.SZ,2023-11-22,138.629,139.349,137.939,137.939,86913
002594.SZ,2023-11-22,75.118,75.118,73.911,73.951,105571
300750.SZ,2023-11-22,159.463,161.213,156.913,156.913,186886
510300.SH,2023-11-22,3.361,3.366,3.33,3.331,7622027
600036.SH,2023-11-22,24.312,24.422,24.162,24.172,273705
600276.SH,2023-11-22,46.981,47.071,46.541,46.541,126902
600519.SH,2023-11-22,1629.855,1640.905,1627.095,1628.065,12665
600900.SH,2023-11-22,19.937,20.017,19.837,19.937,338047
601318.SH,2023-11-22,35.259,35.359,35.019,35.039,249251
601857.SH,2023-11-22,5.97,6.03,5.94,5.95,577260
601899.SH,2023-11-22,10.49,10.49,10.27,10.3,627340
688981.SH,2023-11-22,53.42,53.79,52.63,52.64,16771245
000651.SZ,2023-11-23,24.428,24.678,24.208,24.638,219398
000858.SZ,2023-11-23,137.429,137.879,136.279,137.499,94576
002594.SZ,2023-11-23,74.118,74.378,72.991,73.561,105764
300750.SZ,2023-11-23,155.923,157.613,154.803,157.613,157203
510300.SH,2023-11-23,3.329,3.352,3.315,3.35,7749718
600036.SH,2023-11-23,24.032,24.222,23.962,24.152,299794
600276.SH,2023-11-23,46.551,46.671,46.051,46.571,126847
600519.SH,2023-11-23,1624.855,1634.555,1617.555,1632.555,11550
600900.SH,2023-11-23,19.907,19.967,19.707,19.857,403904
601318.SH,2023-11-23,34.999,35.359,34.819,35.359,263803
601857.SH,2023-11-23,5.93,5.97,5.88,5.94,604763
601899.SH,2023-11-23,10.29,10.35,10.17,10.34,559550
688981.SH,2023-11-23,52.5,53.46,52.42,53.38,14233329
000651.SZ,2023-11-24,24.638,24.808,24.478,24.678,209527
000858.SZ,2023-11-24,137.329,138.309,136.739,137.659,93095
002594.SZ,2023-11-24,73.551,73.551,69.085,69.568,280659
300750.SZ,2023-11-24,156.943,158.113,154.413,154.913,166212
510300.SH,2023-11-24,3.346,3.347,3.318,3.325,7434533
600036.SH,2023-11-24,24.072,24.112,23.942,24.012,291163
600276.SH,2023-11-24,46.411,46.611,46.121,46.331,146471
600519.SH,2023-11-24,1635.555,1635.555,1621.555,1623.555,13085
600900.SH,2023-11-24,19.817,20.087,19.797,19.917,553934
601318.SH,2023-11-24,35.309,35.339,34.939,34.999,280449
601857.SH,2023-11-24,5.94,6.0,5.92,5.95,527176
601899.SH,2023-11-24,10.32,10.34,10.19,10.2,517710
688981.SH,2023-11-24,53.2,54.2,53.15,54.09,18263435
000651.SZ,2023-11-27,24.678,24.678,24.258,24.448,231489
000858.SZ,2023-11-27,137.219,137.229,133.319,133.679,185270
002594.SZ,2023-11-27,67.951,67.951,65.618,66.918,215481
300750.SZ,2023-11-27,154.203,154.413,150.513,150.613,184220
510300.SH,2023-11-27,3.324,3.324,3.277,3.301,7762956
600036.SH,2023-11-27,24.012,24.042,23.302,23.412,581020
600276.SH,2023-11-27,46.321,46.501,45.821,46.201,184432
600519.SH,2023-11-27,1619.855,1619.855,1601.555,1609.555,16261
600900.SH,2023-11-27,19.917,19.957,19.727,19.847,526889
601318.SH,2023-11-27,34.909,34.949,33.919,34.159,585460
601857.SH,2023-11-27,5.96,5.99,5.87,5.96,852578
601899.SH,2023-11-27,10.21,10.38,10.08,10.22,577755
688981.SH,2023-11-27,54.09,54.79,53.6,54.61,22908563
000651.SZ,2023-11-28,24.428,24.638,24.328,24.568,160681
000858.SZ,2023-11-28,133.719,134.509,132.079,133.179,139103
002594.SZ,2023-11-28,66.925,67.875,66.288,67.255,122211
300750.SZ,2023-11-28,149.943,151.883,148.783,151.833,202107
510300.SH,2023-11-28,3.295,3.31,3.286,3.305,7274837
600036.SH,2023-11-28,23.422,23.502,23.052,23.172,475165
600276.SH,2023-11-28,46.101,46.901,45.981,46.901,204180
600519.SH,2023-11-28,1607.555,1620.435,1604.555,1615.595,14520
600900.SH,2023-11-28,19.847,19.857,19.687,19.737,380658
601318.SH,2023-11-28,34.109,34.369,33.889,33.979,372261
601857.SH,2023-11-28,5.95,5.96,5.88,5.9,853113
601899.SH,2023-11-28,10.21,10.25,10.06,10.24,626408
688981.SH,2023-11-28,54.69,54.88,54.2,54.55,15392083
000651.SZ,2023-11-29,24.528,24.608,24.308,24.558,179580
000858.SZ,2023-11-29,133.009,133.029,131.329,132.729,86485
002594.SZ,2023-11-29,67.245,67.251,64.415,64.611,219246
300750.SZ,2023-11-29,150.913,151.293,146.283,146.763,251885
510300.SH,2023-11-29,3.306,3.309,3.265,3.278,7590570
600036.SH,2023-11-29,23.212,23.252,22.692,22.812,620638
600276.SH,2023-11-29,46.901,47.301,46.731,47.071,175454
600519.SH,2023-11-29,1614.555,1622.555,1604.555,1621.265,17149
600900.SH,2023-11-29,19.777,19.777,19.637,19.697,530491
601318.SH,2023-11-29,33.979,34.039,32.809,33.059,679047
601857.SH,2023-11-29,5.92,5.94,5.84,5.89,1013495
601899.SH,2023-11-29,10.44,10.55,10.43,10.5,1696535
688981.SH,2023-11-29,54.61,54.79,53.6,53.7,14134076
000651.SZ,2023-11-30,24.448,24.758,24.448,24.628,197210
000858.SZ,2023-11-30,132.599,133.819,132.439,133.579,106833
002594.SZ,2023-11-30,64.485,64.861,63.435,63.668,187242
300750.SZ,2023-11-30,145.133,148.573,144.403,146.913,230272
510300.SH,2023-11-30,3.274,3.292,3.267,3.282,6678101
600036.SH,2023-11-30,22.812,22.992,22.612,22.802,551560
600276.SH,2023-11-30,47.101,47.481,46.831,47.421,215983
600519.SH,2023-11-30,1623.275,1641.315,1617.635,1638.055,21353
600900.SH,2023-11-30,19.767,20.067,19.707,20.067,932514
601318.SH,2023-11-30,32.979,33.379,32.929,33.109,388572
601857.SH,2023-11-30,5.9,6.04,5.88,6.01,1543681
601899.SH,2023-11-30,10.49,10.62,10.42,10.53,1167475
688981.SH,2023-11-30,53.76,54.19,53.45,53.7,10782874
000651.SZ,2023-12-01,24.658,24.678,23.908,24.178,347277
000858.SZ,2023-12-01,133.429,133.429,130.439,131.639,134304
002594.SZ,2023-12-01,64.111,64.225,61.555,62.968,194190
300750.SZ,2023-12-01,147.203,147.613,144.343,145.413,169622
510300.SH,2023-12-01,3.281,3.287,3.239,3.268,8604681
600036.SH,2023-12-01,22.732,22.752,22.082,22.272,882736
600276.SH,2023-12-01,47.351,47.531,45.231,45.981,408166
600519.SH,2023-12-01,1635.865,1636.255,1594.555,1606.835,33051
600900.SH,2023-12-01,20.117,20.127,19.857,19.967,576681
601318.SH,2023-12-01,32.959,33.489,32.609,33.329,486961
601857.SH,2023-12-01,6.01,6.06,5.96,6.01,981647
601899.SH,2023-12-01,10.5,10.55,10.31,10.39,1017537
688981.SH,2023-12-01,53.6,54.57,52.9,54.15,17865482
000651.SZ,2023-12-04,24.138,24.608,24.058,24.478,248306
000858.SZ,2023-12-04,130.919,132.099,130.019,130.279,106956
002594.SZ,2023-12-04,62.968,63.715,61.818,62.748,117613
300750.SZ,2023-12-04,143.413,144.353,141.153,141.563,239304
510300.SH,2023-12-04,3.271,3.274,3.243,3.244,6925230
600036.SH,2023-12-04,22.282,22.472,22.032,22.092,557878
600276.SH,2023-12-04,45.961,46.041,44.901,45.391,276861
600519.SH,2023-12-04,1606.835,1608.385,1591.835,1597.265,18440
600900.SH,2023-12-04,19.967,19.997,19.857,19.937,367360
601318.SH,2023-12-04,33.159,33.579,32.619,32.689,399870
601857.SH,2023-12-04,6.01,6.12,6.0,6.03,778993
601899.SH,2023-12-04,10.8,11.04,10.73,10.75,2291195
688981.SH,2023-12-04,54.15,54.53,53.03,53.18,16556760
000651.SZ,2023-12-05,24.408,24.638,24.148,24.148,228866
000858.SZ,2023-12-05,129.929,130.259,126.669,127.099,150411
002594.SZ,2023-12-05,62.951,63.938,62.488,62.731,152372
300750.SZ,2023-12-05,140.063,142.283,138.563,138.723,248077
510300.SH,2023-12-05,3.239,3.239,3.177,3.178,10087896
600036.SH,2023-12-05,22.072,22.082,21.512,21.522,618902
600276.SH,2023-12-05,45.231,45.701,44.551,44.651,265791
600519.SH,2023-12-05,1595.335,1595.435,1554.575,1555.555,29903
600900.SH,2023-12-05,19.927,20.057,19.767,19.817,659551
601318.SH,2023-12-05,32.429,32.479,31.819,31.839,506428
601857.SH,2023-12-05,6.01,6.04,5.88,5.89,737555
601899.SH,2023-12-05,10.47,10.51,10.27,10.3,1584841
688981.SH,2023-12-05,53.05,53.17,52.39,52.39,14397097
000651.SZ,2023-12-06,24.108,24.368,24.018,24.098,213777
000858.SZ,2023-12-06,127.029,129.629,126.089,128.529,144742
002594.SZ,2023-12-06,62.735,64.365,62.618,64.348,176347
300750.SZ,2023-12-06,138.563,146.773,138.133,142.793,367693
510300.SH,2023-12-06,3.174,3.203,3.164,3.183,10019449
600036.SH,2023-12-06,21.572,21.972,21.462,21.772,611259
600276.SH,2023-12-06,44.621,45.421,44.251,44.811,220289
600519.SH,2023-12-06,1549.185,1566.025,1547.685,1549.555,23851
600900.SH,2023-12-06,19.787,19.817,19.627,19.737,607310
601318.SH,2023-12-06,31.809,32.059,31.599,31.839,433324
601857.SH,2023-12-06,5.88,5.92,5.64,5.64,1874733
601899.SH,2023-12-06,10.19,10.43,10.1,10.35,1104640
688981.SH,2023-12-06,52.16,52.78,51.74,51.97,18213173
000651.SZ,2023-12-07,24.178,24.758,24.128,24.498,306857
000858.SZ,2023-12-07,128.529,128.699,125.929,126.949,151071
002594.SZ,2023-12-07,64.348,64.351,63.051,63.768,103169
300750.SZ,2023-12-07,141.913,146.273,141.513,144.403,269084
510300.SH,2023-12-07,3.181,3.188,3.151,3.174,9345058
600036.SH,2023-12-07,21.782,21.952,21.302,21.822,594967
600276.SH,2023-12-07,44.881,45.151,44.131,44.181,237438
600519.SH,2023-12-07,1550.555,1555.635,1533.855,1546.555,25042
600900.SH,2023-12-07,19.697,19.887,19.667,19.837,461342
601318.SH,2023-12-07,31.669,32.029,31.189,31.649,501004
601857.SH,2023-12-07,5.59,5.65,5.54,5.61,1049996
601899.SH,2023-12-07,10.25,10.27,10.1,10.15,1088833
688981.SH,2023-12-07,51.88,52.67,51.55,52.67,23285236
000651.SZ,2023-12-08,24.478,24.708,24.388,24.558,217174
000858.SZ,2023-12-08,126.949,128.729,126.649,127.359,144759
002594.SZ,2023-12-08,63.628,64.071,63.391,63.468,77700
300750.SZ,2023-12-08,144.913,146.243,143.033,143.503,245020
510300.SH,2023-12-08,3.175,3.193,3.17,3.181,7091986
600036.SH,2023-12-08,21.712,21.962,21.512,21.512,533498
600276.SH,2023-12-08,44.171,45.061,44.051,44.991,292413
600519.SH,2023-12-08,1546.555,1555.395,1538.775,1551.475,26288
600900.SH,2023-12-08,19.787,19.887,19.687,19.857,652141
601318.SH,2023-12-08,31.559,31.939,31.499,31.499,378912
601857.SH,2023-12-08,5.62,5.8,5.59,5.7,1162015
601899.SH,2023-12-08,10.16,10.18,10.0,10.02,1182811
688981.SH,2023-12-08,52.67,52.68,51.1,52.55,38139823
000651.SZ,2023-12-11,24.388,24.648,24.038,24.518,281106
000858.SZ,2023-12-11,124.029,124.429,120.989,123.629,323121
002594.SZ,2023-12-11,62.868,63.811,62.165,63.681,101086
300750.SZ,2023-12-11,141.923,145.603,140.073,145.263,214896
510300.SH,2023-12-11,3.16,3.217,3.135,3.205,9982478
600036.SH,2023-12-11,21.262,21.862,20.912,21.772,758086
600276.SH,2023-12-11,44.771,46.001,44.461,45.931,267695
600519.SH,2023-12-11,1536.555,1550.555,1503.555,1544.555,36831
600900.SH,2023-12-11,19.757,20.097,19.587,20.057,913256
601318.SH,2023-12-11,31.309,32.019,30.869,31.909,555114
601857.SH,2023-12-11,5.7,5.74,5.5,5.69,1135475
601899.SH,2023-12-11,9.94,10.08,9.73,10.02,1112132
688981.SH,2023-12-11,52.01,53.22,51.7,53.18,21987436
000651.SZ,2023-12-12,24.458,25.048,24.398,24.958,301160
000858.SZ,2023-12-12,122.429,124.109,122.159,123.729,144023
002594.SZ,2023-12-12,63.345,63.528,62.658,62.728,79797
300750.SZ,2023-12-12,143.913,145.133,142.893,143.543,147339
510300.SH,2023-12-12,3.196,3.215,3.193,3.213,6407242
600036.SH,2023-12-12,21.712,22.082,21.622,22.062,504201
600276.SH,2023-12-12,45.931,46.061,44.851,45.201,212970
600519.SH,2023-12-12,1534.155,1556.545,1530.555,1556.545,21011
600900.SH,2023-12-12,19.967,20.247,19.957,20.217,547464
601318.SH,2023-12-12,31.729,32.119,31.559,32.099,358213
601857.SH,2023-12-12,5.68,5.75,5.6,5.74,837792
601899.SH,2023-12-12,9.92,9.98,9.81,9.97,893007
688981.SH,2023-12-12,53.24,54.17,52.86,54.12,20974632
000651.SZ,2023-12-13,24.978,24.978,24.498,24.638,233944
000858.SZ,2023-12-13,123.029,123.109,118.009,118.209,318646
002594.SZ,2023-12-13,62.558,62.558,61.191,61.218,117535
300750.SZ,2023-12-13,142.463,143.503,138.623,139.263,252594
510300.SH,2023-12-13,3.202,3.206,3.152,3.155,7088152
600036.SH,2023-12-13,21.932,21.932,21.212,21.232,671239
600276.SH,2023-12-13,44.941,45.491,44.921,45.021,186764
600519.SH,2023-12-13,1551.775,1552.275,1503.635,1506.555,38789
600900.SH,2023-12-13,20.207,20.287,20.147,20.227,457810
601318.SH,2023-12-13,32.009,32.009,31.199,31.199,412856
601857.SH,2023-12-13,5.67,5.69,5.58,5.59,906688
601899.SH,2023-12-13,9.89,9.96,9.79,9.79,856443
688981.SH,2023-12-13,54.0,54.56,53.7,53.75,17916295
000651.SZ,2023-12-14,24.678,25.078,24.678,24.818,284164
000858.SZ,2023-12-14,119.429,120.409,117.079,117.079,214418
002594.SZ,2023-12-14,61.618,62.678,60.988,61.011,92497
300750.SZ,2023-12-14,140.793,141.403,136.353,136.543,227514
510300.SH,2023-12-14,3.171,3.185,3.134,3.139,7415331
600036.SH,2023-12-14,21.452,21.652,21.042,21.042,445268
600276.SH,2023-12-14,45.481,45.591,44.971,45.131,194061
600519.SH,2023-12-14,1512.515,1516.425,1481.575,1482.455,40672
600900.SH,2023-12-14,20.227,20.317,20.047,20.247,463824
601318.SH,2023-12-14,31.539,31.779,30.999,31.009,332368
601857.SH,2023-12-14,5.62,5.65,5.57,5.58,590997
601899.SH,2023-12-14,10.15,10.18,9.81,9.83,1355316
688981.SH,2023-12-14,54.0,54.2,53.07,53.1,12358424
000651.SZ,2023-12-15,24.928,25.028,24.738,24.778,261698
000858.SZ,2023-12-15,118.099,120.229,117.229,118.129,200133
002594.SZ,2023-12-15,61.645,62.081,60.978,61.711,101841
300750.SZ,2023-12-15,137.113,138.593,134.513,134.913,202046
510300.SH,2023-12-15,3.15,3.174,3.125,3.132,8999768
600036.SH,2023-12-15,21.482,22.062,21.212,21.242,980687
600276.SH,2023-12-15,45.151,45.241,43.851,44.061,259066
600519.SH,2023-12-15,1494.785,1524.325,1490.565,1491.555,37093
600900.SH,2023-12-15,20.237,20.387,20.007,20.017,660779
601318.SH,2023-12-15,31.459,31.869,31.039,31.099,507912
601857.SH,2023-12-15,5.63,5.65,5.54,5.56,717703
601899.SH,2023-12-15,9.95,10.32,9.95,10.05,2047533
688981.SH,2023-12-15,53.29,54.14,53.03,53.6,12130924
000651.SZ,2023-12-18,24.628,25.058,24.318,24.848,210997
000858.SZ,2023-12-18,116.479,119.229,116.299,118.429,129300
002594.SZ,2023-12-18,60.971,61.451,60.055,60.305,100511
300750.SZ,2023-12-18,133.023,133.603,126.193,126.883,429129
510300.SH,2023-12-18,3.118,3.139,3.1,3.118,8473038
600036.SH,2023-12-18,21.012,21.392,20.912,21.292,477164
600276.SH,2023-12-18,43.991,45.181,43.581,44.891,244786
600519.SH,2023-12-18,1486.555,1509.885,1481.555,1508.555,19897
600900.SH,2023-12-18,20.017,20.307,20.017,20.307,463203
601318.SH,2023-12-18,30.709,31.159,30.619,30.919,329987
601857.SH,2023-12-18,5.54,5.63,5.51,5.59,587152
601899.SH,2023-12-18,9.99,10.2,9.93,10.13,737334
688981.SH,2023-12-18,53.49,53.99,53.2,53.74,10065168
000651.SZ,2023-12-19,24.838,24.858,24.588,24.828,161785
000858.SZ,2023-12-19,118.419,118.419,116.989,117.759,130160
002594.SZ,2023-12-19,60.128,60.178,59.338,59.951,79370
300750.SZ,2023-12-19,126.223,129.893,126.183,128.913,251852
510300.SH,2023-12-19,3.117,3.134,3.1,3.12,10985366
600036.SH,2023-12-19,21.212,21.362,21.032,21.302,376574
600276.SH,2023-12-19,44.811,44.841,43.611,44.181,214347
600519.SH,2023-12-19,1511.555,1526.425,1491.645,1521.555,22207
600900.SH,2023-12-19,20.307,20.367,20.207,20.287,563288
601318.SH,2023-12-19,30.889,31.289,30.709,31.019,332249
601857.SH,2023-12-19,5.61,5.62,5.54,5.6,604562
601899.SH,2023-12-19,10.11,10.19,10.0,10.15,599463
688981.SH,2023-12-19,53.65,54.94,53.61,54.76,20412523
000651.SZ,2023-12-20,24.458,24.478,22.458,22.478,1241106
000858.SZ,2023-12-20,118.279,118.359,116.529,116.559,106300
002594.SZ,2023-12-20,60.061,60.395,58.908,58.911,84925
300750.SZ,2023-12-20,129.113,131.113,128.233,128.363,212494
510300.SH,2023-12-20,3.124,3.129,3.085,3.089,10347176
600036.SH,2023-12-20,21.322,21.422,21.072,21.072,531128
600276.SH,2023-12-20,44.101,44.581,43.591,43.631,189821
600519.SH,2023-12-20,1523.661,1525.661,1508.661,1515.451,23092
600900.SH,2023-12-20,20.297,20.717,20.277,20.537,700385
601318.SH,2023-12-20,31.019,31.209,30.739,30.759,299482
601857.SH,2023-12-20,5.6,5.68,5.58,5.6,773174
601899.SH,2023-12-20,10.27,10.47,10.21,10.37,1655928
688981.SH,2023-12-20,54.89,55.24,54.46,54.51,14475005
000651.SZ,2023-12-21,22.778,23.538,22.738,23.168,913251
000858.SZ,2023-12-21,116.309,118.879,115.909,118.529,176648
002594.SZ,2023-12-21,58.395,60.611,58.235,60.511,133149
300750.SZ,2023-12-21,127.483,135.243,127.483,134.303,421315
510300.SH,2023-12-21,3.075,3.131,3.072,3.12,15924481
600036.SH,2023-12-21,20.992,21.762,20.932,21.722,759105
600276.SH,2023-12-21,43.581,44.031,43.451,43.891,188352
600519.SH,2023-12-21,1505.671,1537.981,1505.671,1535.661,29012
600900.SH,2023-12-21,20.517,20.597,20.327,20.387,692877
601318.SH,2023-12-21,30.569,31.279,30.439,31.109,424163
601857.SH,2023-12-21,5.58,5.63,5.54,5.6,647116
601899.SH,2023-12-21,10.29,10.44,10.24,10.42,1087028
688981.SH,2023-12-21,54.24,54.7,53.36,54.57,14498278
000651.SZ,2023-12-22,22.998,23.998,22.968,23.718,581120
000858.SZ,2023-12-22,118.489,119.229,116.999,117.849,164023
002594.SZ,2023-12-22,60.585,62.411,59.965,61.368,117998
300750.SZ,2023-12-22,133.413,138.323,132.113,136.203,280321
510300.SH,2023-12-22,3.117,3.15,3.102,3.126,20765265
600036.SH,2023-12-22,21.792,21.862,21.422,21.622,623644
600276.SH,2023-12-22,43.881,43.971,42.911,43.411,242358
600519.SH,2023-12-22,1535.361,1544.761,1523.671,1536.311,21667
600900.SH,2023-12-22,20.397,20.537,20.347,20.417,553688
601318.SH,2023-12-22,31.069,31.689,30.989,31.409,424737
601857.SH,2023-12-22,5.6,5.7,5.59,5.66,937392
601899.SH,2023-12-22,10.5,10.53,10.34,10.49,1272063
688981.SH,2023-12-22,54.49,55.19,54.39,54.79,15173506
000651.SZ,2023-12-25,23.748,23.918,23.528,23.628,281843
000858.SZ,2023-12-25,117.749,118.999,117.379,118.979,98621
002594.SZ,2023-12-25,61.618,62.018,60.688,61.345,53770
300750.SZ,2023-12-25,135.413,137.793,134.713,137.453,130056
510300.SH,2023-12-25,3.125,3.14,3.121,3.135,10041465
600036.SH,2023-12-25,21.612,21.732,21.432,21.542,419034
600276.SH,2023-12-25,43.411,43.951,43.301,43.401,133612
600519.SH,2023-12-25,1536.661,1544.261,1533.661,1537.661,12471
600900.SH,2023-12-25,20.417,20.657,20.347,20.637,442480
601318.SH,2023-12-25,31.359,31.589,31.219,31.489,203255
601857.SH,2023-12-25,5.63,5.77,5.62,5.75,794727
601899.SH,2023-12-25,10.43,10.64,10.41,10.62,859684
688981.SH,2023-12-25,54.6,55.0,52.85,53.01,17788368
000651.SZ,2023-12-26,23.628,24.018,23.358,23.448,230865
000858.SZ,2023-12-26,118.979,118.979,118.039,118.749,73678
002594.SZ,2023-12-26,61.338,61.338,60.618,61.201,41380
300750.SZ,2023-12-26,136.883,137.413,134.653,136.043,127673
510300.SH,2023-12-26,3.133,3.133,3.105,3.115,7771693
600036.SH,2023-12-26,21.502,21.502,21.172,21.282,365257
600276.SH,2023-12-26,43.401,43.471,42.701,43.381,150554
600519.SH,2023-12-26,1538.161,1540.561,1523.161,1535.661,14771
600900.SH,2023-12-26,20.637,20.937,20.617,20.767,615197
601318.SH,2023-12-26,31.489,31.489,31.129,31.409,199146
601857.SH,2023-12-26,5.75,5.86,5.72,5.82,949538
601899.SH,2023-12-26,10.6,10.68,10.55,10.58,746217
688981.SH,2023-12-26,53.01,53.23,51.8,51.85,14401632
000651.SZ,2023-12-27,23.488,23.778,23.358,23.728,276425
000858.SZ,2023-12-27,118.749,119.209,117.459,118.259,104309
002594.SZ,2023-12-27,61.618,61.785,60.851,61.101,61364
300750.SZ,2023-12-27,137.443,137.913,133.783,134.243,173565
510300.SH,2023-12-27,3.116,3.131,3.098,3.125,8361725
600036.SH,2023-12-27,21.342,21.382,21.062,21.312,410637
600276.SH,2023-12-27,43.301,43.611,42.761,43.491,216015
600519.SH,2023-12-27,1533.661,1542.811,1526.661,1532.721,16056
600900.SH,2023-12-27,20.727,20.827,20.577,20.767,562785
601318.SH,2023-12-27,31.409,31.469,30.989,31.309,295938
601857.SH,2023-12-27,5.83,6.0,5.8,5.95,1077890
601899.SH,2023-12-27,10.63,10.82,10.59,10.8,1255647
688981.SH,2023-12-27,51.83,52.29,51.18,51.91,15173450
000651.SZ,2023-12-28,23.878,24.118,23.658,23.988,380343
000858.SZ,2023-12-28,118.259,125.569,117.979,124.529,336109
002594.SZ,2023-12-28,60.961,63.505,60.838,63.301,138778
300750.SZ,2023-12-28,134.133,143.073,133.483,142.903,378502
510300.SH,2023-12-28,3.121,3.218,3.12,3.209,23832992
600036.SH,2023-12-28,21.262,22.142,21.262,22.002,1061063
600276.SH,2023-12-28,43.501,44.251,43.331,44.151,307634
600519.SH,2023-12-28,1536.651,1593.651,1532.721,1590.651,38338
600900.SH,2023-12-28,20.787,21.027,20.417,20.517,907283
601318.SH,2023-12-28,31.309,32.659,31.159,32.569,609526
601857.SH,2023-12-28,5.96,6.01,5.84,5.89,1167205
601899.SH,2023-12-28,10.89,11.07,10.71,10.75,1857184
688981.SH,2023-12-28,51.7,53.45,51.68,53.13,19211860
000651.SZ,2023-12-29,23.888,24.018,23.598,23.848,329147
000858.SZ,2023-12-29,124.429,126.069,123.719,124.739,194541
002594.SZ,2023-12-29,63.608,63.885,63.001,63.285,80367
300750.SZ,2023-12-29,143.893,144.913,141.913,143.173,226838
510300.SH,2023-12-29,3.208,3.225,3.202,3.219,25188735
600036.SH,2023-12-29,21.912,22.062,21.782,21.832,655773
600276.SH,2023-12-29,44.281,44.801,44.051,44.631,242380
600519.SH,2023-12-29,1585.661,1615.241,1585.661,1591.661,27539
600900.SH,2023-12-29,20.537,20.597,20.347,20.577,628469
601318.SH,2023-12-29,32.369,32.749,32.359,32.609,341078
601857.SH,2023-12-29,5.85,5.95,5.79,5.89,1188541
601899.SH,2023-12-29,10.67,10.88,10.67,10.86,1214615
688981.SH,2023-12-29,53.0,53.5,52.88,53.02,12648666
000651.SZ,2024-01-02,23.848,23.878,23.638,23.708,253797
000858.SZ,2024-01-02,124.729,124.729,120.229,120.429,215270
002594.SZ,2024-01-02,63.821,63.825,61.408,61.485,113928
300750.SZ,2024-01-02,142.133,142.443,136.533,136.743,214033
510300.SH,2024-01-02,3.222,3.222,3.171,3.173,9429306
600036.SH,2024-01-02,21.962,21.972,21.572,21.592,542195
600276.SH,2024-01-02,44.641,44.841,43.761,43.871,182608
600519.SH,2024-01-02,1580.661,1583.851,1543.761,1550.671,32156
600900.SH,2024-01-02,20.577,21.007,20.557,20.917,688803
601318.SH,2024-01-02,32.609,32.619,31.769,31.779,437592
601857.SH,2024-01-02,5.89,6.02,5.88,5.97,1226087
601899.SH,2024-01-02,10.81,11.06,10.79,10.89,1133169
688981.SH,2024-01-02,53.02,53.27,52.72,52.96,13459147
000651.SZ,2024-01-03,23.678,23.758,23.378,23.478,254469
000858.SZ,2024-01-03,120.409,121.099,118.179,119.309,164171
002594.SZ,2024-01-03,61.451,61.908,60.851,61.675,84486
300750.SZ,2024-01-03,136.013,137.193,134.313,135.713,197576
510300.SH,2024-01-03,3.166,3.18,3.148,3.163,10617503
600036.SH,2024-01-03,21.592,21.852,21.532,21.782,433956
600276.SH,2024-01-03,43.611,44.281,43.451,43.631,146694
600519.SH,2024-01-03,1546.771,1560.881,1541.991,1559.661,20229
600900.SH,2024-01-03,20.907,21.037,20.837,20.997,607525
601318.SH,2024-01-03,31.779,31.969,31.499,31.709,363822
601857.SH,2024-01-03,5.97,6.13,5.94,6.11,1346559
601899.SH,2024-01-03,10.83,10.99,10.79,10.93,760491
688981.SH,2024-01-03,52.85,53.18,52.16,52.48,12847542
000651.SZ,2024-01-04,23.578,23.688,23.128,23.628,333398
000858.SZ,2024-01-04,119.309,119.329,116.439,116.749,178763
002594.SZ,2024-01-04,62.065,62.168,60.985,61.625,89870
300750.SZ,2024-01-04,135.413,135.633,129.683,131.113,272418
510300.SH,2024-01-04,3.162,3.162,3.107,3.133,16661525
600036.SH,2024-01-04,21.772,21.842,21.372,21.822,637102
600276.SH,2024-01-04,43.701,43.741,42.281,43.191,339045
600519.SH,2024-01-04,1558.661,1558.661,1528.591,1534.661,21551
600900.SH,2024-01-04,21.037,21.217,20.847,21.037,613423
601318.SH,2024-01-04,31.669,31.889,30.969,31.209,467392
601857.SH,2024-01-04,6.16,6.29,6.15,6.26,1493913
601899.SH,2024-01-04,10.83,10.92,10.79,10.91,998225
688981.SH,2024-01-04,52.5,52.7,51.42,51.88,14888503
000651.SZ,2024-01-05,23.728,24.968,23.298,24.658,832157
000858.SZ,2024-01-05,116.429,117.729,115.209,115.669,156304
002594.SZ,2024-01-05,61.441,63.118,60.995,61.511,112402
300750.SZ,2024-01-05,130.903,134.643,129.403,130.813,210353
510300.SH,2024-01-05,3.124,3.159,3.097,3.116,16996697
600036.SH,2024-01-05,21.762,22.792,21.632,22.302,1190633
600276.SH,2024-01-05,42.711,42.901,40.681,41.351,495227
600519.SH,2024-01-05,1526.991,1544.321,1517.771,1529.021,20243
600900.SH,2024-01-05,21.017,21.187,20.897,20.977,705631
601318.SH,2024-01-05,31.159,31.889,30.989,31.279,499202
601857.SH,2024-01-05,6.22,6.42,6.18,6.32,1529002
601899.SH,2024-01-05,10.86,11.08,10.77,10.87,1097527
688981.SH,2024-01-05,51.75,52.48,50.19,50.58,19436893
000651.SZ,2024-01-08,24.798,24.888,24.528,24.578,415911
000858.SZ,2024-01-08,115.439,115.569,112.429,112.529,210200
002594.SZ,2024-01-08,61.551,61.838,60.335,60.418,81078
300750.SZ,2024-01-08,130.113,133.303,128.993,129.913,193854
510300.SH,2024-01-08,3.109,3.123,3.066,3.069,17304244
600036.SH,2024-01-08,22.182,22.602,21.962,22.142,816821
600276.SH,2024-01-08,41.201,41.201,40.401,40.511,300091
600519.SH,2024-01-08,1526.661,1527.661,1505.671,1509.651,25586
600900.SH,2024-01-08,20.977,21.057,20.767,20.837,654394
601318.SH,2024-01-08,31.279,31.479,30.529,30.759,514732
601857.SH,2024-01-08,6.33,6.4,6.25,6.3,1166565
601899.SH,2024-01-08,10.86,10.93,10.67,10.7,915816
688981.SH,2024-01-08,50.59,50.81,48.6,49.5,22498764
000651.SZ,2024-01-09,24.488,25.228,24.328,25.168,438208
000858.SZ,2024-01-09,112.529,113.809,111.839,112.239,174838
002594.SZ,2024-01-09,60.951,62.618,60.685,61.571,112187
300750.SZ,2024-01-09,129.873,131.283,125.663,128.613,233916
510300.SH,2024-01-09,3.071,3.091,3.059,3.077,11312178
600036.SH,2024-01-09,22.132,22.292,21.912,22.182,558663
600276.SH,2024-01-09,40.551,40.961,40.281,40.601,211749
600519.SH,2024-01-09,1506.671,1517.981,1500.731,1506.661,24412
600900.SH,2024-01-09,20.837,20.917,20.537,20.777,801505
601318.SH,2024-01-09,30.759,30.889,30.509,30.689,370651
601857.SH,2024-01-09,6.21,6.31,6.15,6.29,1069872
601899.SH,2024-01-09,10.71,10.85,10.68,10.83,941798
688981.SH,2024-01-09,49.48,49.67,47.9,48.45,20494592
000651.SZ,2024-01-10,25.028,25.518,24.958,25.348,366486
000858.SZ,2024-01-10,112.239,114.009,110.439,113.229,165304
002594.SZ,2024-01-10,61.185,61.718,60.485,60.715,71416
300750.SZ,2024-01-10,126.853,133.023,126.463,130.573,232120
510300.SH,2024-01-10,3.07,3.101,3.052,3.061,9582541
600036.SH,2024-01-10,22.032,22.362,22.032,22.062,453640
600276.SH,2024-01-10,40.601,41.391,40.171,40.901,206746
600519.SH,2024-01-10,1506.761,1525.121,1503.661,1507.161,17351
600900.SH,2024-01-10,20.747,20.877,20.447,20.577,672430
601318.SH,2024-01-10,30.599,30.759,30.129,30.129,441304
601857.SH,2024-01-10,6.29,6.38,6.22,6.24,798491
601899.SH,2024-01-10,10.73,10.84,10.68,10.68,632628
688981.SH,2024-01-10,48.25,48.55,47.41,47.47,14963533
000651.SZ,2024-01-11,25.338,25.498,25.098,25.268,284089
000858.SZ,2024-01-11,113.129,114.929,111.649,114.049,156464
002594.SZ,2024-01-11,60.685,63.518,60.221,62.878,159862
300750.SZ,2024-01-11,130.573,137.683,128.423,134.733,328018
510300.SH,2024-01-11,3.061,3.1,3.054,3.08,12662372
600036.SH,2024-01-11,22.012,22.582,21.862,22.392,735318
600276.SH,2024-01-11,40.911,41.251,40.581,40.881,189720
600519.SH,2024-01-11,1505.761,1523.601,1503.721,1512.231,16441
600900.SH,2024-01-11,20.617,20.627,20.347,20.417,609199
601318.SH,2024-01-11,30.109,30.969,29.929,30.739,381571
601857.SH,2024-01-11,6.2,6.22,6.03,6.06,1287456
601899.SH,2024-01-11,10.71,10.72,10.49,10.54,967802
688981.SH,2024-01-11,47.28,48.22,47.15,47.6,17859717
000651.SZ,2024-01-12,25.178,25.508,25.098,25.298,224013
000858.SZ,2024-01-12,113.309,114.549,112.529,113.179,119208
002594.SZ,2024-01-12,62.878,63.368,62.381,62.575,87023
300750.SZ,2024-01-12,133.913,137.243,132.113,134.543,254622
510300.SH,2024-01-12,3.071,3.097,3.066,3.069,8413273
600036.SH,2024-01-12,22.272,22.792,22.272,22.552,577832
600276.SH,2024-01-12,40.611,41.001,40.321,40.501,132701
600519.SH,2024-01-12,1505.631,1516.921,1505.061,1508.721,11603
600900.SH,2024-01-12,20.327,20.827,20.327,20.767,620056
601318.SH,2024-01-12,30.499,30.849,30.339,30.339,303001
601857.SH,2024-01-12,6.09,6.13,6.0,6.06,950054
601899.SH,2024-01-12,10.47,10.66,10.45,10.6,764339
688981.SH,2024-01-12,47.5,47.55,45.79,45.83,22900135
000651.SZ,2024-01-15,25.128,25.628,25.098,25.518,295681
000858.SZ,2024-01-15,112.429,113.819,111.509,113.109,115826
002594.SZ,2024-01-15,62.191,62.951,61.425,62.155,70220
300750.SZ,2024-01-15,133.413,133.613,129.263,131.613,172722
510300.SH,2024-01-15,3.05,3.095,3.044,3.065,9055706
600036.SH,2024-01-15,22.512,22.952,22.382,22.782,482452
600276.SH,2024-01-15,40.101,41.301,40.081,40.911,148935
600519.SH,2024-01-15,1500.661,1520.631,1500.111,1505.661,17854
600900.SH,2024-01-15,20.717,20.887,20.637,20.737,409877
601318.SH,2024-01-15,30.179,30.799,30.009,30.479,327022
601857.SH,2024-01-15,6.04,6.18,6.01,6.16,872155
601899.SH,2024-01-15,10.57,10.66,10.45,10.52,496326
688981.SH,2024-01-15,45.8,46.56,45.24,45.67,15943822
000651.SZ,2024-01-16,25.418,25.918,25.288,25.788,288817
000858.SZ,2024-01-16,112.349,113.709,111.359,112.839,125287
002594.SZ,2024-01-16,61.918,62.801,61.641,62.385,83809
300750.SZ,2024-01-16,131.573,137.163,130.473,136.863,284693
510300.SH,2024-01-16,3.06,3.088,3.046,3.087,17689524
600036.SH,2024-01-16,22.642,23.142,22.612,23.142,853440
600276.SH,2024-01-16,40.601,41.051,40.201,40.811,186577
600519.SH,2024-01-16,1504.161,1512.661,1490.601,1505.091,25903
600900.SH,2024-01-16,20.657,20.807,20.537,20.787,578343
601318.SH,2024-01-16,30.349,31.069,30.249,31.009,544963
601857.SH,2024-01-16,6.14,6.2,6.08,6.17,1006076
601899.SH,2024-01-16,10.46,10.67,10.46,10.59,804365
688981.SH,2024-01-16,45.59,46.08,44.9,45.99,17302575
000651.SZ,2024-01-17,25.658,25.848,25.338,25.348,254044
000858.SZ,2024-01-17,112.029,112.229,109.569,109.569,176757
002594.SZ,2024-01-17,62.018,62.135,59.551,59.551,160795
300750.SZ,2024-01-17,136.773,136.773,131.663,132.153,217615
510300.SH,2024-01-17,3.077,3.077,3.01,3.012,12862152
600036.SH,2024-01-17,23.132,23.592,23.042,23.202,1308601
600276.SH,2024-01-17,40.531,40.691,39.511,39.511,240232
600519.SH,2024-01-17,1495.661,1501.141,1442.661,1442.661,51633
600900.SH,2024-01-17,20.787,20.837,20.557,20.557,665091
601318.SH,2024-01-17,30.769,30.859,30.319,30.319,561229
601857.SH,2024-01-17,6.13,6.17,6.03,6.03,1008841
601899.SH,2024-01-17,10.49,10.53,10.1,10.1,1407351
688981.SH,2024-01-17,45.95,45.95,44.69,44.69,13221418
000651.SZ,2024-01-18,25.128,25.478,24.508,25.318,425999
000858.SZ,2024-01-18,109.229,112.559,107.619,112.329,235948
002594.SZ,2024-01-18,59.168,60.951,58.921,60.778,114592
300750.SZ,2024-01-18,130.013,135.113,129.923,134.523,307788
510300.SH,2024-01-18,3.007,3.064,2.955,3.057,47543511
600036.SH,2024-01-18,22.952,23.692,22.612,23.592,1295126
600276.SH,2024-01-18,39.401,40.801,38.871,40.691,387165
600519.SH,2024-01-18,1439.661,1478.461,1421.211,1476.531,60440
600900.SH,2024-01-18,20.537,20.657,20.117,20.557,1227389
601318.SH,2024-01-18,30.059,31.339,29.949,31.299,861544
601857.SH,2024-01-18,6.05,6.1,5.72,6.02,1955629
601899.SH,2024-01-18,10.06,10.34,9.8,10.24,1663791
688981.SH,2024-01-18,44.69,45.68,43.38,45.64,27679578
000651.SZ,2024-01-19,25.178,25.428,25.038,25.228,221193
000858.SZ,2024-01-19,111.429,113.939,110.549,113.319,225020
002594.SZ,2024-01-19,60.448,61.605,60.185,60.398,80905
300750.SZ,2024-01-19,133.713,137.803,133.313,134.813,265949
510300.SH,2024-01-19,3.038,3.074,3.031,3.064,36944521
600036.SH,2024-01-19,23.382,23.912,23.152,23.742,968616
600276.SH,2024-01-19,40.491,41.001,40.211,40.811,317395
600519.SH,2024-01-19,1474.531,1503.671,1466.541,1500.661,46378
600900.SH,2024-01-19,20.537,20.757,20.357,20.737,944947
601318.SH,2024-01-19,31.109,31.649,30.859,31.509,639744
601857.SH,2024-01-19,5.98,6.03,5.88,5.97,1196944
601899.SH,2024-01-19,10.18,10.37,10.05,10.32,1237950
688981.SH,2024-01-19,45.5,46.38,45.2,45.86,19667425
000651.SZ,2024-01-22,25.188,25.408,24.478,24.678,374868
000858.SZ,2024-01-22,112.829,113.579,110.229,111.429,213410
002594.SZ,2024-01-22,60.241,61.051,58.805,59.065,132240
300750.SZ,2024-01-22,133.413,139.863,130.563,135.573,404888
510300.SH,2024-01-22,3.054,3.064,2.982,2.995,46470565
600036.SH,2024-01-22,23.772,24.512,23.712,24.262,1549703
600276.SH,2024-01-22,40.801,41.101,39.531,40.181,349377
600519.SH,2024-01-22,1494.661,1508.661,1484.541,1507.661,46946
600900.SH,2024-01-22,20.397,20.717,20.307,20.467,1107906
601318.SH,2024-01-22,31.379,32.239,31.279,31.789,961099
601857.SH,2024-01-22,5.97,6.03,5.81,5.88,1309311
601899.SH,2024-01-22,10.28,10.34,9.95,10.08,1453550
688981.SH,2024-01-22,45.67,46.23,44.5,44.83,26060003
000651.SZ,2024-01-23,24.688,24.828,24.408,24.628,342016
000858.SZ,2024-01-23,111.229,112.549,109.909,111.809,161987
002594.SZ,2024-01-23,58.951,60.271,58.718,59.901,110726
300750.SZ,2024-01-23,134.913,138.713,133.103,133.823,323059
510300.SH,2024-01-23,2.988,3.036,2.975,3.017,13924804
600036.SH,2024-01-23,24.022,24.362,23.812,24.002,886056
600276.SH,2024-01-23,40.081,40.321,39.631,39.701,208862
600519.SH,2024-01-23,1497.671,1505.611,1474.661,1484.661,34835
600900.SH,2024-01-23,20.397,20.587,20.167,20.487,853064
601318.SH,2024-01-23,31.509,32.019,31.009,31.669,601721
601857.SH,2024-01-23,5.84,5.91,5.69,5.84,1353855
601899.SH,2024-01-23,10.01,10.08,9.61,9.94,1694917
688981.SH,2024-01-23,44.83,45.69,44.53,44.72,20339156
000651.SZ,2024-01-24,24.838,25.378,24.638,25.328,324248
000858.SZ,2024-01-24,112.609,112.909,109.689,112.479,166824
002594.SZ,2024-01-24,60.378,60.568,58.645,60.185,96641
300750.SZ,2024-01-24,134.413,134.903,129.423,133.393,248710
510300.SH,2024-01-24,3.028,3.069,2.977,3.068,22789369
600036.SH,2024-01-24,24.162,24.302,23.392,24.102,974892
600276.SH,2024-01-24,40.081,40.131,38.901,39.921,250042
600519.SH,2024-01-24,1494.661,1499.501,1469.221,1491.661,33216
600900.SH,2024-01-24,20.547,21.107,20.517,21.087,1086490
601318.SH,2024-01-24,31.969,32.609,31.389,32.479,761151
601857.SH,2024-01-24,5.85,6.1,5.82,6.09,1699854
601899.SH,2024-01-24,10.02,10.15,9.83,10.12,1059408
688981.SH,2024-01-24,44.94,45.58,43.73,45.37,20872935
000651.SZ,2024-01-25,25.328,25.488,25.088,25.338,343032
000858.SZ,2024-01-25,112.429,115.539,111.989,115.539,273421
002594.SZ,2024-01-25,60.245,60.918,59.171,60.585,130769
300750.SZ,2024-01-25,131.913,135.013,129.623,134.913,294796
510300.SH,2024-01-25,3.059,3.129,3.05,3.124,16487014
600036.SH,2024-01-25,24.322,25.012,24.192,24.912,1234509
600276.SH,2024-01-25,40.241,40.601,39.451,40.601,278912
600519.SH,2024-01-25,1492.481,1506.661,1487.661,1503.661,31206
600900.SH,2024-01-25,21.097,21.337,20.947,21.177,828913
601318.SH,2024-01-25,32.459,33.819,32.309,33.459,986581
601857.SH,2024-01-25,6.13,6.82,6.1,6.82,3780275
601899.SH,2024-01-25,10.22,10.45,10.19,10.45,1274823
688981.SH,2024-01-25,45.45,47.41,45.07,47.26,25577149
000651.SZ,2024-01-26,25.288,25.448,24.878,25.338,402429
000858.SZ,2024-01-26,114.539,116.419,113.929,115.429,193174
002594.SZ,2024-01-26,60.285,60.285,59.118,59.238,115855
300750.SZ,2024-01-26,132.413,134.393,129.913,129.913,271813
510300.SH,2024-01-26,3.117,3.139,3.101,3.118,21833051
600036.SH,2024-01-26,24.932,25.362,24.672,25.132,1009916
600276.SH,2024-01-26,40.301,40.621,39.411,39.701,302800
600519.SH,2024-01-26,1496.021,1509.761,1488.661,1502.981,26955
600900.SH,2024-01-26,21.087,21.427,21.047,21.367,713703
601318.SH,2024-01-26,33.359,33.649,32.959,33.559,785925
601857.SH,2024-01-26,6.88,7.38,6.71,7.33,5930096
601899.SH,2024-01-26,10.5,10.68,10.38,10.62,1245210
688981.SH,2024-01-26,46.9,47.18,46.23,46.5,18009579
000651.SZ,2024-01-29,26.648,26.928,26.088,26.738,825997
000858.SZ,2024-01-29,115.519,118.099,115.519,116.209,216150
002594.SZ,2024-01-29,59.251,59.285,56.721,56.765,146043
300750.SZ,2024-01-29,129.353,130.693,126.933,126.933,217675
510300.SH,2024-01-29,3.12,3.134,3.087,3.088,10113930
600036.SH,2024-01-29,25.212,25.612,25.182,25.362,838824
600276.SH,2024-01-29,39.651,39.951,38.431,38.651,281051
600519.SH,2024-01-29,1505.961,1526.241,1505.951,1515.661,31421
600900.SH,2024-01-29,21.327,21.737,21.297,21.507,694170
601318.SH,2024-01-29,33.569,33.999,33.229,33.289,620785
601857.SH,2024-01-29,7.22,7.68,7.08,7.23,5863925
601899.SH,2024-01-29,10.63,10.75,10.6,10.64,847536
688981.SH,2024-01-29,46.5,47.18,44.97,45.35,16819454
000651.SZ,2024-01-30,26.478,27.248,26.348,26.828,595593
000858.SZ,2024-01-30,115.229,115.329,112.009,112.139,170720
002594.SZ,2024-01-30,54.978,55.778,54.051,54.608,190761
300750.SZ,2024-01-30,125.413,127.353,120.313,120.663,327274
510300.SH,2024-01-30,3.07,3.087,3.03,3.032,18892623
600036.SH,2024-01-30,25.212,25.512,24.792,25.012,743999
600276.SH,2024-01-30,38.621,38.841,37.961,38.091,233013
600519.SH,2024-01-30,1515.641,1515.641,1475.661,1478.661,30866
600900.SH,2024-01-30,21.497,21.597,21.247,21.337,797844
601318.SH,2024-01-30,32.909,33.219,32.479,32.499,570640
601857.SH,2024-01-30,7.15,7.48,7.13,7.23,3644251
601899.SH,2024-01-30,10.58,10.7,10.46,10.58,1063557
688981.SH,2024-01-30,44.99,45.25,43.03,43.08,23631083
000651.SZ,2024-01-31,26.658,27.348,26.588,26.928,572176
000858.SZ,2024-01-31,111.929,113.109,110.719,110.729,135218
002594.SZ,2024-01-31,54.315,55.711,54.058,54.195,125368
300750.SZ,2024-01-31,124.913,132.873,123.913,131.503,595221
510300.SH,2024-01-31,3.022,3.038,2.986,3.011,19090997
600036.SH,2024-01-31,24.932,25.202,24.602,24.722,808949
600276.SH,2024-01-31,37.801,38.001,36.621,36.851,380597
600519.SH,2024-01-31,1478.661,1485.631,1463.791,1470.571,29649
600900.SH,2024-01-31,21.317,21.697,21.267,21.637,885502
601318.SH,2024-01-31,32.459,33.159,32.299,32.819,557014
601857.SH,2024-01-31,7.17,7.39,7.13,7.19,3218143
601899.SH,2024-01-31,10.52,10.63,10.43,10.44,1098979
688981.SH,2024-01-31,43.0,44.19,41.85,43.29,26488080
000651.SZ,2024-02-01,26.858,27.168,26.688,26.958,396452
000858.SZ,2024-02-01,110.169,112.149,109.569,110.929,137875
002594.SZ,2024-02-01,53.951,54.951,53.405,54.248,116651
300750.SZ,2024-02-01,131.493,132.433,128.493,128.933,279688
510300.SH,2024-02-01,2.989,3.037,2.979,3.007,18909976
600036.SH,2024-02-01,24.682,24.852,24.212,24.432,859700
600276.SH,2024-02-01,36.601,37.461,36.281,36.561,300235
600519.SH,2024-02-01,1471.161,1489.551,1466.661,1475.691,26485
600900.SH,2024-02-01,21.537,21.677,21.387,21.387,660741
601318.SH,2024-02-01,32.429,32.939,32.239,32.609,490925
601857.SH,2024-02-01,7.03,7.18,6.92,6.98,3644043
601899.SH,2024-02-01,10.4,10.67,10.3,10.53,1084095
688981.SH,2024-02-01,42.8,44.1,41.77,42.68,21948019
000651.SZ,2024-02-02,26.878,27.518,26.308,27.278,572033
000858.SZ,2024-02-02,110.929,113.079,106.989,108.249,210862
002594.SZ,2024-02-02,54.271,54.578,51.621,52.951,147992
300750.SZ,2024-02-02,127.913,128.913,123.283,125.913,307060
510300.SH,2024-02-02,3.007,3.021,2.891,2.977,25386942
600036.SH,2024-02-02,24.462,24.672,23.652,24.242,987292
600276.SH,2024-02-02,36.621,37.071,34.911,35.351,360475
600519.SH,2024-02-02,1480.661,1493.441,1446.661,1461.661,39382
600900.SH,2024-02-02,21.457,21.757,21.387,21.517,1018175
601318.SH,2024-02-02,32.609,32.859,31.309,32.409,690773
601857.SH,2024-02-02,6.93,7.13,6.8,6.93,3083389
601899.SH,2024-02-02,10.6,10.74,10.28,10.43,1390103
688981.SH,2024-02-02,42.78,43.25,40.68,42.13,25209649
000651.SZ,2024-02-05,27.028,27.838,26.808,27.758,680969
000858.SZ,2024-02-05,108.249,112.309,107.339,110.999,308042
002594.SZ,2024-02-05,52.285,54.545,51.541,53.285,186216
300750.SZ,2024-02-05,122.523,134.413,122.213,131.853,471326
510300.SH,2024-02-05,2.947,3.023,2.9,2.997,26601787
600036.SH,2024-02-05,24.242,24.962,24.072,24.722,1063979
600276.SH,2024-02-05,35.381,37.361,35.191,36.801,497939
600519.SH,2024-02-05,1461.661,1503.101,1460.911,1495.671,53130
600900.SH,2024-02-05,21.587,22.117,21.527,21.997,1149371
601318.SH,2024-02-05,32.309,33.299,31.989,32.989,806148
601857.SH,2024-02-05,6.89,7.25,6.89,7.14,4355672
601899.SH,2024-02-05,10.47,10.68,10.36,10.56,1710760
688981.SH,2024-02-05,42.26,43.55,40.32,42.97,28535349
000651.SZ,2024-02-06,27.578,28.478,27.228,27.578,771546
000858.SZ,2024-02-06,110.429,117.429,110.129,117.419,323842
002594.SZ,2024-02-06,52.618,55.988,52.451,55.908,176190
300750.SZ,2024-02-06,131.103,139.173,130.733,138.243,437459
510300.SH,2024-02-06,2.974,3.103,2.971,3.1,20089182
600036.SH,2024-02-06,24.722,25.362,24.612,25.342,1062158
600276.SH,2024-02-06,36.801,40.451,36.601,40.401,568195
600519.SH,2024-02-06,1495.671,1551.141,1491.761,1541.661,52472
600900.SH,2024-02-06,21.937,22.497,21.817,21.957,1266030
601318.SH,2024-02-06,32.979,33.989,32.679,33.869,823835
601857.SH,2024-02-06,7.08,7.17,6.87,6.95,3280114
601899.SH,2024-02-06,10.53,10.78,10.44,10.59,2020938
688981.SH,2024-02-06,42.71,45.0,42.06,44.97,29276667
000651.SZ,2024-02-07,27.588,28.558,27.148,28.478,770418
000858.SZ,2024-02-07,117.539,119.129,116.529,118.299,290673
002594.SZ,2024-02-07,56.368,58.285,55.985,57.138,160094
300750.SZ,2024-02-07,137.913,139.703,135.913,139.513,366070
510300.SH,2024-02-07,3.099,3.131,3.076,3.129,34658147
600036.SH,2024-02-07,25.432,25.492,24.822,25.322,1110511
600276.SH,2024-02-07,40.651,41.261,39.911,41.241,522124
600519.SH,2024-02-07,1546.691,1580.251,1527.271,1576.651,52601
600900.SH,2024-02-07,22.027,22.037,21.477,21.937,1356422
601318.SH,2024-02-07,33.999,34.709,33.659,34.689,916154
601857.SH,2024-02-07,6.93,7.15,6.76,7.14,3734261
601899.SH,2024-02-07,10.59,10.7,10.44,10.65,2158070
688981.SH,2024-02-07,44.66,44.67,42.75,42.9,44212173
000651.SZ,2024-02-08,28.478,28.618,27.638,27.818,570544
000858.SZ,2024-02-08,119.229,120.549,117.129,118.019,243748
002594.SZ,2024-02-08,57.781,58.401,57.518,57.675,119246
300750.SZ,2024-02-08,139.413,144.913,138.793,142.753,309012
510300.SH,2024-02-08,3.141,3.155,3.122,3.151,23942620
600036.SH,2024-02-08,25.322,25.462,25.032,25.412,873004
600276.SH,2024-02-08,41.241,41.951,40.581,41.271,379944
600519.SH,2024-02-08,1585.671,1590.661,1550.661,1571.661,46757
600900.SH,2024-02-08,21.847,21.977,21.637,21.877,874972
601318.SH,2024-02-08,34.829,35.259,34.459,35.089,768747
601857.SH,2024-02-08,7.04,7.23,6.96,7.11,2687418
601899.SH,2024-02-08,10.64,10.92,10.62,10.9,1911093
688981.SH,2024-02-08,43.11,44.3,43.03,44.0,30915460
000651.SZ,2024-02-19,28.158,28.678,27.838,28.658,496454
000858.SZ,2024-02-19,123.329,123.379,119.209,120.579,288579
002594.SZ,2024-02-19,58.578,59.068,57.898,58.451,119687
300750.SZ,2024-02-19,144.873,144.873,139.003,140.003,270925
510300.SH,2024-02-19,3.163,3.181,3.144,3.178,14861876
600036.SH,2024-02-19,26.002,26.002,25.422,25.632,875490
600276.SH,2024-02-19,41.261,41.571,40.451,41.061,253808
600519.SH,2024-02-19,1603.531,1603.591,1553.661,1561.091,36977
600900.SH,2024-02-19,21.817,22.527,21.737,22.437,872457
601318.SH,2024-02-19,35.299,35.389,34.829,35.039,544134
601857.SH,2024-02-19,7.11,7.49,7.04,7.48,3215738
601899.SH,2024-02-19,10.91,11.26,10.8,11.25,1886546
688981.SH,2024-02-19,44.6,45.07,44.11,44.82,28569119
000651.SZ,2024-02-20,28.678,29.678,28.618,29.638,512567
000858.SZ,2024-02-20,120.429,121.429,117.429,118.809,211819
002594.SZ,2024-02-20,58.451,58.511,56.285,56.958,113357
300750.SZ,2024-02-20,141.793,141.793,135.983,138.243,221948
510300.SH,2024-02-20,3.172,3.194,3.161,3.19,9801668
600036.SH,2024-02-20,25.632,25.632,25.302,25.412,606405
600276.SH,2024-02-20,41.131,41.631,40.911,41.261,212255
600519.SH,2024-02-20,1563.021,1563.021,1522.221,1535.661,34470
600900.SH,2024-02-20,22.417,22.957,22.347,22.777,686084
601318.SH,2024-02-20,34.959,34.979,34.409,34.659,469355
601857.SH,2024-02-20,7.43,7.5,7.35,7.47,1845503
601899.SH,2024-02-20,11.2,11.58,11.12,11.5,1370783
688981.SH,2024-02-20,44.55,45.03,43.9,44.45,18696625
000651.SZ,2024-02-21,29.578,30.028,29.288,29.548,476226
000858.SZ,2024-02-21,117.829,127.109,117.269,125.449,466563
002594.SZ,2024-02-21,56.318,59.151,56.171,58.285,147693
300750.SZ,2024-02-21,137.293,143.213,136.253,141.113,257827
510300.SH,2024-02-21,3.177,3.285,3.171,3.238,16009581
600036.SH,2024-02-21,25.412,27.402,25.362,27.012,1528656
600276.SH,2024-02-21,41.281,41.861,40.851,41.621,299015
600519.SH,2024-02-21,1531.681,1596.661,1527.661,1583.321,46154
600900.SH,2024-02-21,22.757,22.937,22.627,22.627,798776
601318.SH,2024-02-21,34.489,36.609,34.329,35.899,1112492
601857.SH,2024-02-21,7.43,7.77,7.41,7.54,3122879
601899.SH,2024-02-21,11.46,11.69,11.41,11.45,1539870
688981.SH,2024-02-21,44.26,45.8,44.15,44.99,24973179
000651.SZ,2024-02-22,29.378,29.978,29.278,29.958,314746
000858.SZ,2024-02-22,124.539,126.089,123.859,125.529,188401
002594.SZ,2024-02-22,58.251,58.498,57.705,58.281,80906
300750.SZ,2024-02-22,141.243,141.243,138.793,140.263,209559
510300.SH,2024-02-22,3.236,3.266,3.23,3.264,9446351
600036.SH,2024-02-22,26.822,26.962,26.402,26.812,752760
600276.SH,2024-02-22,41.401,41.941,41.361,41.831,175301
600519.SH,2024-02-22,1573.161,1588.671,1566.191,1584.041,22794
600900.SH,2024-02-22,22.737,22.917,22.597,22.787,666892
601318.SH,2024-02-22,35.669,36.049,35.519,36.009,517452
601857.SH,2024-02-22,7.46,8.04,7.46,8.04,3224117
601899.SH,2024-02-22,11.49,11.68,11.42,11.66,1127400
688981.SH,2024-02-22,44.95,45.71,44.61,45.14,24471927
000651.SZ,2024-02-23,30.028,30.088,29.578,29.798,341738
000858.SZ,2024-02-23,125.469,127.809,124.479,126.139,184393
002594.SZ,2024-02-23,58.281,58.615,57.561,58.178,91175
300750.SZ,2024-02-23,141.883,141.913,138.973,140.413,210176
510300.SH,2024-02-23,3.264,3.286,3.253,3.267,10908774
600036.SH,2024-02-23,26.822,27.412,26.632,26.962,639849
600276.SH,2024-02-23,41.831,42.261,41.281,41.791,229506
600519.SH,2024-02-23,1576.771,1590.041,1565.681,1579.751,27306
600900.SH,2024-02-23,22.737,22.977,22.557,22.927,610306
601318.SH,2024-02-23,35.989,36.759,35.909,36.379,644217
601857.SH,2024-02-23,8.12,8.16,7.83,7.9,2824847
601899.SH,2024-02-23,11.65,12.08,11.6,11.9,1377261
688981.SH,2024-02-23,45.26,45.44,44.6,44.98,22929630
000651.SZ,2024-02-26,30.338,31.018,30.288,30.558,487607
000858.SZ,2024-02-26,125.929,126.709,123.479,124.189,139947
002594.SZ,2024-02-26,59.285,60.661,59.135,59.285,155461
300750.SZ,2024-02-26,139.143,139.903,134.613,135.913,360664
510300.SH,2024-02-26,3.265,3.271,3.226,3.232,11172368
600036.SH,2024-02-26,26.872,27.072,26.092,26.262,666390
600276.SH,2024-02-26,41.611,41.891,41.201,41.481,188782
600519.SH,2024-02-26,1573.661,1574.401,1550.681,1560.641,27318
600900.SH,2024-02-26,22.727,22.777,22.167,22.187,805885
601318.SH,2024-02-26,36.209,36.219,35.209,35.259,616196
601857.SH,2024-02-26,7.83,7.96,7.64,7.67,2487285
601899.SH,2024-02-26,11.91,12.01,11.49,11.55,1460045
688981.SH,2024-02-26,44.65,45.55,44.34,44.92,27158247
000651.SZ,2024-02-27,30.438,30.678,30.198,30.558,351050
000858.SZ,2024-02-27,123.439,124.229,122.479,124.189,150617
002594.SZ,2024-02-27,59.768,61.928,59.685,61.851,206343
300750.SZ,2024-02-27,134.993,137.763,134.453,137.743,290401
510300.SH,2024-02-27,3.224,3.275,3.222,3.273,10468849
600036.SH,2024-02-27,26.252,26.412,26.002,26.192,543492
600276.SH,2024-02-27,41.501,41.731,41.241,41.671,176161
600519.SH,2024-02-27,1548.661,1558.581,1543.661,1555.161,22080
600900.SH,2024-02-27,22.147,22.277,22.057,22.167,546551
601318.SH,2024-02-27,35.129,35.459,35.009,35.429,429013
601857.SH,2024-02-27,7.67,7.84,7.63,7.71,2084087
601899.SH,2024-02-27,11.46,11.67,11.4,11.56,1364914
688981.SH,2024-02-27,44.82,47.58,44.55,47.32,50575934
000651.SZ,2024-02-28,30.548,30.868,30.228,30.478,351334
000858.SZ,2024-02-28,124.189,125.829,123.199,123.959,196194
002594.SZ,2024-02-28,62.618,62.791,59.951,59.951,168292
300750.SZ,2024-02-28,138.093,143.213,136.923,136.923,400917
510300.SH,2024-02-28,3.276,3.303,3.235,3.237,28549979
600036.SH,2024-02-28,26.302,26.302,25.612,26.032,683708
600276.SH,2024-02-28,41.871,42.991,41.631,41.631,340118
600519.SH,2024-02-28,1554.581,1562.231,1539.671,1547.211,31867
600900.SH,2024-02-28,22.057,22.677,21.827,22.537,1202233
601318.SH,2024-02-28,35.499,35.589,34.959,34.959,535764
601857.SH,2024-02-28,7.64,7.8,7.51,7.67,2787274
601899.SH,2024-02-28,11.56,11.57,11.37,11.41,1093358
688981.SH,2024-02-28,47.0,47.92,45.5,45.56,45176027
000651.SZ,2024-02-29,30.478,30.868,30.378,30.728,339440
000858.SZ,2024-02-29,123.429,126.759,123.129,126.679,176604
002594.SZ,2024-02-29,59.621,61.155,59.348,61.018,122363
300750.SZ,2024-02-29,136.013,143.683,135.573,143.423,391675
510300.SH,2024-02-29,3.229,3.296,3.226,3.292,14835850
600036.SH,2024-02-29,25.902,26.212,25.862,26.052,498928
600276.SH,2024-02-29,41.621,42.251,41.501,42.041,253408
600519.SH,2024-02-29,1547.211,1562.161,1544.861,1560.661,24758
600900.SH,2024-02-29,22.437,22.557,22.237,22.287,762287
601318.SH,2024-02-29,34.829,35.379,34.809,35.209,455092
601857.SH,2024-02-29,7.61,7.71,7.57,7.67,2069396
601899.SH,2024-02-29,11.42,11.6,11.36,11.51,1081241
688981.SH,2024-02-29,45.4,49.11,45.3,48.35,56961222
000651.SZ,2024-03-01,30.758,31.698,30.618,31.688,492351
000858.SZ,2024-03-01,126.479,128.209,125.309,127.019,158813
002594.SZ,2024-03-01,60.918,61.611,60.208,61.345,122158
300750.SZ,2024-03-01,143.443,145.473,142.313,144.463,281013
510300.SH,2024-03-01,3.29,3.329,3.284,3.319,12256393
600036.SH,2024-03-01,25.932,26.092,25.762,25.952,427174
600276.SH,2024-03-01,42.041,42.321,41.501,41.921,215637
600519.SH,2024-03-01,1555.661,1560.631,1542.341,1550.721,26868
600900.SH,2024-03-01,22.287,22.387,22.137,22.237,571129
601318.SH,2024-03-01,35.109,35.399,34.829,35.299,445774
601857.SH,2024-03-01,7.61,7.71,7.55,7.61,1767140
601899.SH,2024-03-01,11.46,11.76,11.4,11.65,1178467
688981.SH,2024-03-01,48.05,48.75,47.7,48.51,39575468
000651.SZ,2024-03-04,32.078,32.678,31.518,31.748,512992
000858.SZ,2024-03-04,125.939,126.629,124.469,124.759,154307
002594.SZ,2024-03-04,60.618,61.185,59.985,60.375,126865
300750.SZ,2024-03-04,144.913,147.773,142.683,143.813,268086
510300.SH,2024-03-04,3.315,3.326,3.297,3.316,10146550
600036.SH,2024-03-04,25.772,25.882,25.482,25.532,591350
600276.SH,2024-03-04,41.921,43.381,41.861,43.301,376568
600519.SH,2024-03-04,1544.661,1546.651,1535.711,1541.961,26485
600900.SH,2024-03-04,22.207,22.707,22.107,22.687,863299
601318.SH,2024-03-04,35.039,35.129,34.509,34.649,545047
601857.SH,2024-03-04,7.64,7.98,7.61,7.95,3135454
601899.SH,2024-03-04,11.86,12.02,11.76,11.86,1314001
688981.SH,2024-03-04,48.5,48.7,47.67,48.0,27026107
000651.SZ,2024-03-05,31.668,31.938,31.218,31.878,415342
000858.SZ,2024-03-05,124.409,126.309,123.759,126.019,160016
002594.SZ,2024-03-05,59.785,61.168,59.118,60.891,149624
300750.SZ,2024-03-05,142.013,145.113,139.913,144.563,275496
510300.SH,2024-03-05,3.304,3.355,3.297,3.345,27991019
600036.SH,2024-03-05,25.432,26.222,25.322,26.192,894029
600276.SH,2024-03-05,43.301,44.101,43.021,43.961,371200
600519.SH,2024-03-05,1536.471,1562.661,1532.341,1560.761,36238
600900.SH,2024-03-05,22.587,23.237,22.567,23.177,988443
601318.SH,2024-03-05,34.459,35.189,34.359,35.119,623437
601857.SH,2024-03-05,7.88,7.97,7.76,7.88,2499299
601899.SH,2024-03-05,12.0,12.37,11.99,12.25,1960877
688981.SH,2024-03-05,47.76,48.4,47.59,48.0,28527901
000651.SZ,2024-03-06,31.858,32.258,31.728,31.798,279657
000858.SZ,2024-03-06,125.429,125.729,122.939,123.489,176528
002594.SZ,2024-03-06,60.618,61.611,60.285,61.168,100100
300750.SZ,2024-03-06,142.493,146.813,141.613,143.553,187180
510300.SH,2024-03-06,3.34,3.361,3.327,3.331,12995274
600036.SH,2024-03-06,26.152,26.272,25.882,25.882,516102
600276.SH,2024-03-06,44.051,44.301,43.101,43.361,216991
600519.SH,2024-03-06,1556.661,1560.661,1543.681,1546.211,22142
600900.SH,2024-03-06,23.137,23.537,23.047,23.097,877754
601318.SH,2024-03-06,35.099,35.219,34.769,34.809,342763
601857.SH,2024-03-06,7.86,8.01,7.75,7.81,1919105
601899.SH,2024-03-06,12.25,12.76,12.24,12.6,2017877
688981.SH,2024-03-06,48.0,48.05,47.01,47.59,20382827
000651.SZ,2024-03-07,32.118,32.848,31.988,32.628,442306
000858.SZ,2024-03-07,123.489,124.409,122.679,122.679,112198
002594.SZ,2024-03-07,61.305,61.938,60.218,60.248,101327
300750.SZ,2024-03-07,142.913,144.083,139.393,140.063,221450
510300.SH,2024-03-07,3.33,3.349,3.304,3.312,10589480
600036.SH,2024-03-07,25.882,26.142,25.792,26.012,519492
600276.SH,2024-03-07,43.301,43.361,41.001,41.351,457433
600519.SH,2024-03-07,1545.661,1555.461,1543.661,1549.291,21599
600900.SH,2024-03-07,23.087,23.357,23.037,23.137,766939
601318.SH,2024-03-07,35.079,35.769,35.039,35.369,648962
601857.SH,2024-03-07,7.78,8.07,7.78,7.9,2129867
601899.SH,2024-03-07,12.78,13.36,12.67,13.13,2374936
688981.SH,2024-03-07,47.65,48.45,46.8,47.09,23863063
000651.SZ,2024-03-08,32.638,32.838,32.248,32.648,262474
000858.SZ,2024-03-08,122.489,123.559,121.089,122.849,122452
002594.SZ,2024-03-08,60.051,60.668,59.701,59.981,67150
300750.SZ,2024-03-08,139.043,140.713,136.563,137.913,202170
510300.SH,2024-03-08,3.314,3.329,3.293,3.322,8621877
600036.SH,2024-03-08,25.902,26.022,25.562,25.682,441071
600276.SH,2024-03-08,41.341,42.101,41.021,41.291,277418
600519.SH,2024-03-08,1546.221,1552.341,1535.711,1537.091,22156
600900.SH,2024-03-08,23.157,23.327,22.997,23.067,614489
601318.SH,2024-03-08,35.179,35.509,34.859,35.189,372494
601857.SH,2024-03-08,7.88,8.04,7.79,8.01,2027216
601899.SH,2024-03-08,13.3,13.33,12.93,13.29,1692350
688981.SH,2024-03-08,47.11,47.76,46.6,47.4,18947243
000651.SZ,2024-03-11,32.648,32.928,31.728,32.148,444828
000858.SZ,2024-03-11,122.779,125.719,122.449,125.589,193569
002594.SZ,2024-03-11,59.951,63.918,59.951,63.531,278080
300750.SZ,2024-03-11,144.913,161.563,144.013,160.763,763350
510300.SH,2024-03-11,3.32,3.373,3.319,3.37,11207615
600036.SH,2024-03-11,25.562,25.762,25.212,25.492,738538
600276.SH,2024-03-11,41.301,43.101,41.081,43.001,325467
600519.SH,2024-03-11,1540.661,1564.541,1538.841,1560.151,29895
600900.SH,2024-03-11,23.007,23.227,22.807,22.997,768872
601318.SH,2024-03-11,35.089,35.589,35.049,35.469,435973
601857.SH,2024-03-11,7.93,7.97,7.72,7.83,2231140
601899.SH,2024-03-11,13.4,13.45,13.02,13.26,1536663
688981.SH,2024-03-11,46.86,48.23,46.5,47.99,26749425
000651.SZ,2024-03-12,32.138,32.138,30.578,30.938,834673
000858.SZ,2024-03-12,125.599,133.729,125.599,132.739,450791
002594.SZ,2024-03-12,64.285,66.171,63.208,65.651,245029
300750.SZ,2024-03-12,163.253,166.343,159.913,165.753,621649
510300.SH,2024-03-12,3.372,3.388,3.357,3.375,11058396
600036.SH,2024-03-12,25.432,26.162,25.292,25.962,769254
600276.SH,2024-03-12,43.111,44.691,42.601,44.331,431410
600519.SH,2024-03-12,1559.601,1614.761,1556.161,1610.661,54227
600900.SH,2024-03-12,22.937,22.987,21.997,22.067,1590727
601318.SH,2024-03-12,35.479,36.189,35.189,36.119,679206
601857.SH,2024-03-12,7.78,7.79,7.49,7.51,2569199
601899.SH,2024-03-12,13.15,13.22,12.68,12.76,2042754
688981.SH,2024-03-12,47.86,48.5,47.68,47.88,21003183
000651.SZ,2024-03-13,30.868,31.238,30.608,31.158,419753
000858.SZ,2024-03-13,131.929,133.609,131.569,132.189,179130
002594.SZ,2024-03-13,66.258,67.418,65.895,66.071,177813
300750.SZ,2024-03-13,166.913,167.603,163.213,165.093,347958
510300.SH,2024-03-13,3.374,3.374,3.344,3.354,6858706
600036.SH,2024-03-13,25.972,26.002,25.442,25.532,469387
600276.SH,2024-03-13,44.401,44.431,43.561,44.081,207495
600519.SH,2024-03-13,1605.631,1613.661,1585.761,1593.111,26500
600900.SH,2024-03-13,22.067,22.167,21.747,22.127,1294034
601318.SH,2024-03-13,36.039,36.069,34.879,34.939,701216
601857.SH,2024-03-13,7.46,7.58,7.36,7.52,1738542
601899.SH,2024-03-13,12.65,13.16,12.58,13.09,1454520
688981.SH,2024-03-13,47.97,48.88,47.6,47.85,24307382
000651.SZ,2024-03-14,31.008,31.708,30.988,31.228,348136
000858.SZ,2024-03-14,131.629,135.429,131.489,133.989,222274
002594.SZ,2024-03-14,66.758,69.071,66.758,67.978,211352
300750.SZ,2024-03-14,164.803,167.873,162.873,163.723,305356
510300.SH,2024-03-14,3.349,3.376,3.324,3.341,7018811
600036.SH,2024-03-14,25.472,25.732,25.172,25.262,508175
600276.SH,2024-03-14,48.401,48.551,45.911,46.431,1099245
600519.SH,2024-03-14,1584.661,1600.501,1577.161,1582.291,19405
600900.SH,2024-03-14,21.997,22.117,21.827,21.927,999132
601318.SH,2024-03-14,34.679,35.199,34.609,34.759,360890
601857.SH,2024-03-14,7.51,7.75,7.5,7.62,2136978
601899.SH,2024-03-14,13.65,14.18,13.65,13.79,2719175
688981.SH,2024-03-14,47.51,47.81,46.62,46.7,20417164
000651.SZ,2024-03-15,31.268,31.288,30.188,30.498,485509
000858.SZ,2024-03-15,133.429,139.209,133.229,136.919,238874
002594.SZ,2024-03-15,67.285,67.745,66.011,67.108,146628
300750.SZ,2024-03-15,163.543,163.813,156.763,160.913,354836
510300.SH,2024-03-15,3.331,3.355,3.311,3.35,8490238
600036.SH,2024-03-15,25.252,25.432,25.012,25.192,520781
600276.SH,2024-03-15,46.381,47.351,45.901,46.531,438579
600519.SH,2024-03-15,1578.161,1598.061,1577.661,1583.151,17834
600900.SH,2024-03-15,21.927,22.167,21.897,21.947,739470
601318.SH,2024-03-15,34.819,34.949,34.329,34.789,398675
601857.SH,2024-03-15,7.63,7.71,7.52,7.68,1610674
601899.SH,2024-03-15,13.72,14.52,13.7,14.36,2233163
688981.SH,2024-03-15,46.6,46.84,46.0,46.67,16195957
000651.SZ,2024-03-18,30.518,30.568,29.698,29.978,523705
000858.SZ,2024-03-18,136.829,139.089,135.139,137.929,189874
002594.SZ,2024-03-18,67.901,70.035,67.821,69.961,196982
300750.SZ,2024-03-18,169.953,173.673,168.863,170.873,483052
510300.SH,2024-03-18,3.35,3.382,3.35,3.381,7873329
600036.SH,2024-03-18,25.162,25.352,25.012,25.142,461898
600276.SH,2024-03-18,46.401,47.081,45.851,46.681,297914
600519.SH,2024-03-18,1580.661,1585.511,1564.661,1573.921,26055
600900.SH,2024-03-18,21.927,22.107,21.847,21.907,800083
601318.SH,2024-03-18,34.659,34.969,34.379,34.869,416263
601857.SH,2024-03-18,7.66,7.75,7.58,7.69,1084721
601899.SH,2024-03-18,14.37,14.56,13.98,14.18,2303297
688981.SH,2024-03-18,46.87,48.44,46.7,47.97,29834287
000651.SZ,2024-03-19,29.928,30.248,29.778,29.958,308844
000858.SZ,2024-03-19,138.309,143.399,137.969,141.799,338826
002594.SZ,2024-03-19,69.961,70.568,68.748,69.551,146973
300750.SZ,2024-03-19,170.403,172.213,166.513,167.163,269576
510300.SH,2024-03-19,3.375,3.389,3.354,3.358,6548752
600036.SH,2024-03-19,25.112,25.122,24.742,24.812,547025
600276.SH,2024-03-19,46.311,46.731,45.301,45.371,272048
600519.SH,2024-03-19,1568.661,1585.601,1558.771,1573.681,23948
600900.SH,2024-03-19,21.907,22.217,21.837,21.957,791305
601318.SH,2024-03-19,34.709,34.709,34.109,34.139,486015
601857.SH,2024-03-19,7.71,7.88,7.7,7.73,1548478
601899.SH,2024-03-19,14.1,14.33,13.9,13.93,1618999
688981.SH,2024-03-19,47.8,47.99,47.2,47.21,17245175
000651.SZ,2024-03-20,29.938,30.138,29.428,29.928,316233
000858.SZ,2024-03-20,141.309,142.689,139.919,141.379,161600
002594.SZ,2024-03-20,69.621,70.878,69.621,70.111,96805
300750.SZ,2024-03-20,165.423,171.153,165.423,169.393,210316
510300.SH,2024-03-20,3.35,3.371,3.347,3.361,5379620
600036.SH,2024-03-20,24.812,25.212,24.672,25.192,498272
600276.SH,2024-03-20,45.061,45.311,44.711,45.031,225014
600519.SH,2024-03-20,1569.021,1579.341,1565.891,1575.261,15249
600900.SH,2024-03-20,21.957,22.457,21.897,22.237,1046359
601318.SH,2024-03-20,34.059,34.359,33.989,34.229,283617
601857.SH,2024-03-20,7.76,8.01,7.64,7.97,1831316
601899.SH,2024-03-20,13.75,14.01,13.6,13.91,1771101
688981.SH,2024-03-20,47.49,48.15,47.25,47.54,15349973
000651.SZ,2024-03-21,29.978,30.068,29.478,29.598,311924
000858.SZ,2024-03-21,141.329,142.969,140.079,141.039,136430
002594.SZ,2024-03-21,70.258,70.551,69.618,70.268,88667
300750.SZ,2024-03-21,169.423,171.793,168.993,168.993,187567
510300.SH,2024-03-21,3.369,3.383,3.354,3.359,6197332
600036.SH,2024-03-21,25.182,25.772,25.062,25.562,646761
600276.SH,2024-03-21,45.251,45.471,44.851,45.031,183357
600519.SH,2024-03-21,1573.761,1584.661,1570.161,1574.661,16596
600900.SH,2024-03-21,22.287,22.337,22.157,22.177,668112
601318.SH,2024-03-21,34.399,34.739,34.119,34.339,414976
601857.SH,2024-03-21,7.91,8.06,7.86,8.0,1207836
601899.SH,2024-03-21,14.31,14.53,14.0,14.02,1996237
688981.SH,2024-03-21,47.54,48.1,47.1,47.55,19507622
000651.SZ,2024-03-22,29.578,29.928,29.448,29.818,294905
000858.SZ,2024-03-22,140.829,141.189,136.789,137.859,201564
002594.SZ,2024-03-22,70.268,70.275,69.018,69.601,104672
300750.SZ,2024-03-22,169.003,169.823,164.903,166.423,191034
510300.SH,2024-03-22,3.356,3.357,3.301,3.328,14506378
600036.SH,2024-03-22,25.542,25.562,24.912,25.212,552879
600276.SH,2024-03-22,44.941,45.401,44.501,45.331,242254
600519.SH,2024-03-22,1570.691,1574.651,1553.661,1567.011,25456
600900.SH,2024-03-22,22.167,22.327,22.007,22.247,774087
601318.SH,2024-03-22,33.339,33.439,32.559,32.869,1125504
601857.SH,2024-03-22,7.94,8.06,7.79,7.91,1604447
601899.SH,2024-03-22,13.79,13.92,13.57,13.79,1771121
688981.SH,2024-03-22,47.3,47.51,45.58,45.6,29286513
000651.SZ,2024-03-25,29.688,30.298,29.528,29.838,336788
000858.SZ,2024-03-25,136.939,137.329,134.429,136.149,161675
002594.SZ,2024-03-25,69.408,69.881,68.235,68.685,99109
300750.SZ,2024-03-25,165.483,168.113,164.393,164.713,164134
510300.SH,2024-03-25,3.319,3.344,3.306,3.309,6305427
600036.SH,2024-03-25,25.122,25.522,24.932,25.362,483759
600276.SH,2024-03-25,45.351,46.221,45.211,45.561,232620
600519.SH,2024-03-25,1564.201,1564.431,1546.241,1554.671,24473
600900.SH,2024-03-25,22.327,22.337,22.177,22.217,674645
601318.SH,2024-03-25,32.759,33.189,32.659,32.749,437601
601857.SH,2024-03-25,7.87,8.21,7.86,8.11,1802881
601899.SH,2024-03-25,13.78,14.26,13.71,14.14,1645276
688981.SH,2024-03-25,45.59,45.66,44.56,44.56,21448161
000651.SZ,2024-03-26,29.818,30.008,29.478,29.778,335209
000858.SZ,2024-03-26,136.199,139.809,136.199,139.649,180890
002594.SZ,2024-03-26,69.285,70.615,69.041,70.485,131346
300750.SZ,2024-03-26,165.613,173.043,165.603,171.713,302473
510300.SH,2024-03-26,3.309,3.327,3.301,3.32,8791033
600036.SH,2024-03-26,25.812,26.672,25.742,26.412,1244308
600276.SH,2024-03-26,45.501,45.991,45.271,45.671,200061
600519.SH,2024-03-26,1553.121,1578.461,1553.121,1574.951,28069
600900.SH,2024-03-26,22.237,22.257,21.937,22.077,768377
601318.SH,2024-03-26,32.749,33.259,32.749,33.209,402991
601857.SH,2024-03-26,8.12,8.16,7.94,8.04,1909465
601899.SH,2024-03-26,14.17,14.22,13.73,13.93,1327979
688981.SH,2024-03-26,44.6,45.05,44.2,44.54,15427667
000651.SZ,2024-03-27,29.698,30.758,29.698,30.348,458120
000858.SZ,2024-03-27,139.429,139.729,137.029,137.089,123630
002594.SZ,2024-03-27,70.488,70.518,67.288,67.945,188849
300750.SZ,2024-03-27,171.653,171.663,167.913,167.913,206457
510300.SH,2024-03-27,3.315,3.321,3.281,3.282,8746475
600036.SH,2024-03-27,26.302,26.662,26.222,26.312,782085
600276.SH,2024-03-27,45.601,45.751,45.101,45.311,155668
600519.SH,2024-03-27,1570.661,1577.661,1564.661,1566.661,18113
600900.SH,2024-03-27,22.027,22.257,22.007,22.067,726315
601318.SH,2024-03-27,33.089,33.289,32.959,32.959,346190
601857.SH,2024-03-27,7.97,8.07,7.92,8.0,1324508
601899.SH,2024-03-27,13.86,14.29,13.84,14.12,1561422
688981.SH,2024-03-27,44.82,44.82,43.38,43.41,15933041
000651.SZ,2024-03-28,30.628,31.178,30.058,30.878,460441
000858.SZ,2024-03-28,137.089,139.769,136.479,137.529,144192
002594.SZ,2024-03-28,67.235,67.898,65.955,66.745,159435
300750.SZ,2024-03-28,167.983,171.613,166.513,168.693,200367
510300.SH,2024-03-28,3.28,3.333,3.27,3.299,10319251
600036.SH,2024-03-28,26.352,26.512,26.082,26.192,694745
600276.SH,2024-03-28,45.311,46.261,44.941,45.611,214019
600519.SH,2024-03-28,1560.661,1583.661,1558.861,1567.301,24642
600900.SH,2024-03-28,22.097,22.257,21.887,22.087,815938
601318.SH,2024-03-28,32.909,33.569,32.759,32.999,432340
601857.SH,2024-03-28,8.01,8.15,7.87,8.08,1575853
601899.SH,2024-03-28,14.05,14.58,13.93,14.5,1888689
688981.SH,2024-03-28,43.41,44.46,43.41,44.0,15507848
000651.SZ,2024-03-29,30.778,31.128,30.558,30.988,235858
000858.SZ,2024-03-29,137.529,139.449,136.989,137.939,88348
002594.SZ,2024-03-29,66.761,66.791,64.341,64.971,141381
300750.SZ,2024-03-29,170.213,174.913,169.293,170.073,164648
510300.SH,2024-03-29,3.296,3.319,3.294,3.315,6511959
600036.SH,2024-03-29,26.112,26.652,26.082,26.212,514001
600276.SH,2024-03-29,45.611,45.771,44.801,45.371,187038
600519.SH,2024-03-29,1567.301,1576.651,1563.761,1568.561,13457
600900.SH,2024-03-29,22.067,22.217,22.057,22.167,593291
601318.SH,2024-03-29,33.089,33.549,32.999,33.119,335122
601857.SH,2024-03-29,8.16,8.73,8.15,8.71,2646471
601899.SH,2024-03-29,14.8,15.27,14.7,15.22,2095645
688981.SH,2024-03-29,43.93,43.98,42.9,43.66,16538837
000651.SZ,2024-04-01,31.178,31.958,31.138,31.798,385076
000858.SZ,2024-04-01,138.929,142.989,138.929,141.709,177262
002594.SZ,2024-04-01,64.971,68.278,64.971,67.955,142909
300750.SZ,2024-04-01,173.913,179.743,173.313,177.753,275132
510300.SH,2024-04-01,3.329,3.383,3.328,3.373,10932625
600036.SH,2024-04-01,26.192,26.862,26.192,26.652,570152
600276.SH,2024-04-01,45.381,46.201,45.381,45.721,202224
600519.SH,2024-04-01,1575.651,1599.661,1574.361,1586.991,27131
600900.SH,2024-04-01,22.187,22.227,21.907,21.967,878316
601318.SH,2024-04-01,33.259,33.559,33.209,33.559,387063
601857.SH,2024-04-01,8.63,8.73,8.49,8.57,1941360
601899.SH,2024-04-01,15.64,15.79,15.09,15.27,2076141
688981.SH,2024-04-01,43.66,44.63,43.58,44.3,18351143
000651.SZ,2024-04-02,31.678,32.068,31.488,31.668,309175
000858.SZ,2024-04-02,141.429,141.609,139.289,139.929,114101
002594.SZ,2024-04-02,67.955,69.718,67.885,68.065,107585
300750.SZ,2024-04-02,178.013,181.483,176.413,179.613,240381
510300.SH,2024-04-02,3.372,3.376,3.35,3.361,5831914
600036.SH,2024-04-02,26.712,26.932,26.452,26.562,536619
600276.SH,2024-04-02,45.601,46.091,44.461,44.861,224903
600519.SH,2024-04-02,1587.661,1590.651,1570.711,1579.651,25449
600900.SH,2024-04-02,21.957,22.077,21.787,21.877,928545
601318.SH,2024-04-02,33.499,33.769,33.219,33.309,399966
601857.SH,2024-04-02,8.62,8.95,8.61,8.79,2221506
601899.SH,2024-04-02,15.35,15.55,15.16,15.35,1337639
688981.SH,2024-04-02,44.28,44.3,43.65,43.95,11506868
000651.SZ,2024-04-03,31.638,32.158,31.538,32.048,255374
000858.SZ,2024-04-03,140.329,141.399,137.729,139.029,98261
002594.SZ,2024-04-03,67.451,67.655,66.468,66.671,83634
300750.SZ,2024-04-03,178.853,178.863,174.513,177.563,234890
510300.SH,2024-04-03,3.359,3.361,3.337,3.347,5983464
600036.SH,2024-04-03,26.552,26.642,26.242,26.242,498082
600276.SH,2024-04-03,44.501,44.731,43.921,44.161,236904
600519.SH,2024-04-03,1599.661,1605.101,1575.681,1580.771,29046
600900.SH,2024-04-03,21.837,21.857,21.497,21.677,1153081
601318.SH,2024-04-03,33.209,33.359,32.809,32.809,463640
601857.SH,2024-04-03,8.9,9.17,8.83,9.01,2828126
601899.SH,2024-04-03,15.59,16.05,15.38,15.91,2380869
688981.SH,2024-04-03,44.98,45.24,44.08,44.24,22360953
000651.SZ,2024-04-08,32.038,32.038,31.078,31.248,367134
000858.SZ,2024-04-08,136.429,136.429,131.479,131.719,270007
002594.SZ,2024-04-08,66.285,68.951,66.081,67.951,128227
300750.SZ,2024-04-08,177.563,179.813,174.513,174.513,189576
510300.SH,2024-04-08,3.339,3.345,3.313,3.318,7099487
600036.SH,2024-04-08,26.252,26.572,26.042,26.412,477291
600276.SH,2024-04-08,44.201,45.271,44.201,44.801,236268
600519.SH,2024-04-08,1560.661,1561.661,1528.261,1532.321,59167
600900.SH,2024-04-08,21.647,22.647,21.627,22.597,1796398
601318.SH,2024-04-08,32.589,32.739,32.189,32.529,435902
601857.SH,2024-04-08,8.88,9.35,8.83,9.1,2814909
601899.SH,2024-04-08,16.05,16.57,15.63,15.7,3127119
688981.SH,2024-04-08,43.7,43.71,42.5,42.51,24329041
000651.SZ,2024-04-09,31.178,31.278,29.728,29.778,587518
000858.SZ,2024-04-09,130.929,132.639,130.109,130.909,130397
002594.SZ,2024-04-09,67.868,68.948,67.735,67.978,84208
300750.SZ,2024-04-09,173.913,176.413,173.623,175.913,145700
510300.SH,2024-04-09,3.316,3.323,3.301,3.312,5345371
600036.SH,2024-04-09,26.512,26.642,26.322,26.322,384772
600276.SH,2024-04-09,44.801,45.031,43.681,44.941,215272
600519.SH,2024-04-09,1526.331,1538.661,1524.111,1527.881,25590
600900.SH,2024-04-09,22.437,22.607,22.227,22.387,1043433
601318.SH,2024-04-09,32.579,32.789,32.409,32.419,293924
601857.SH,2024-04-09,9.06,9.25,8.8,8.95,1981017
601899.SH,2024-04-09,15.62,15.8,15.33,15.41,2015836
688981.SH,2024-04-09,42.37,42.88,42.25,42.7,14093875
000651.SZ,2024-04-10,29.758,30.328,29.478,29.598,374312
000858.SZ,2024-04-10,130.629,130.929,126.569,127.549,171676
002594.SZ,2024-04-10,68.718,68.785,67.285,67.898,72411
300750.SZ,2024-04-10,174.023,174.913,171.443,172.653,179615
510300.SH,2024-04-10,3.313,3.313,3.269,3.286,6816711
600036.SH,2024-04-10,26.202,26.692,26.202,26.502,504014
600276.SH,2024-04-10,44.941,45.381,44.301,44.851,163531
600519.SH,2024-04-10,1527.931,1530.651,1510.661,1513.641,27631
600900.SH,2024-04-10,22.387,22.967,22.377,22.867,1123999
601318.SH,2024-04-10,32.299,32.379,31.409,31.509,667545
601857.SH,2024-04-10,8.89,9.16,8.86,9.1,1790332
601899.SH,2024-04-10,15.54,16.55,15.54,16.39,2642699
688981.SH,2024-04-10,42.7,42.98,42.1,42.18,13797541
000651.SZ,2024-04-11,29.468,29.678,29.128,29.578,288705
000858.SZ,2024-04-11,127.029,127.089,125.029,126.769,159943
002594.SZ,2024-04-11,66.951,69.098,66.551,68.278,100854
300750.SZ,2024-04-11,170.723,174.213,166.913,172.513,192954
510300.SH,2024-04-11,3.27,3.302,3.264,3.283,5391159
600036.SH,2024-04-11,26.322,26.432,26.142,26.312,443748
600276.SH,2024-04-11,44.451,44.891,44.031,44.341,186092
600519.SH,2024-04-11,1505.771,1515.661,1500.351,1513.661,22766
600900.SH,2024-04-11,22.817,22.897,22.507,22.847,689166
601318.SH,2024-04-11,31.339,31.449,30.919,31.259,443214
601857.SH,2024-04-11,9.07,9.2,9.01,9.06,1588785
601899.SH,2024-04-11,15.92,16.92,15.89,16.39,2565766
688981.SH,2024-04-11,42.1,42.6,40.5,41.19,22426324
000651.SZ,2024-04-12,29.628,30.228,29.448,29.858,328349
000858.SZ,2024-04-12,126.429,127.879,124.529,124.919,134073
002594.SZ,2024-04-12,67.951,69.681,67.131,67.485,114918
300750.SZ,2024-04-12,170.913,171.893,167.923,168.303,166256
510300.SH,2024-04-12,3.283,3.294,3.246,3.255,7405129
600036.SH,2024-04-12,26.292,26.482,26.072,26.132,478204
600276.SH,2024-04-12,44.201,44.751,43.351,43.491,222119
600519.SH,2024-04-12,1516.661,1529.661,1499.691,1499.691,26744
600900.SH,2024-04-12,22.787,22.877,22.587,22.657,627886
601318.SH,2024-04-12,31.109,31.299,29.979,30.089,918947
601857.SH,2024-04-12,9.02,9.14,8.97,9.1,1583924
601899.SH,2024-04-12,16.88,16.98,16.38,16.79,2337819
688981.SH,2024-04-12,41.02,41.45,40.31,40.33,20377015
000651.SZ,2024-04-15,30.008,31.108,29.868,31.078,466934
000858.SZ,2024-04-15,125.029,132.409,124.489,131.749,254292
002594.SZ,2024-04-15,67.285,69.118,66.981,68.491,113332
300750.SZ,2024-04-15,173.763,177.053,171.773,177.053,305483
510300.SH,2024-04-15,3.255,3.334,3.253,3.328,10999537
600036.SH,2024-04-15,26.112,27.012,26.102,26.842,764645
600276.SH,2024-04-15,43.541,44.551,43.491,43.961,220278
600519.SH,2024-04-15,1500.671,1541.271,1500.641,1538.641,35818
600900.SH,2024-04-15,22.667,23.167,22.657,23.127,785348
601318.SH,2024-04-15,30.089,30.809,29.989,30.669,771609
601857.SH,2024-04-15,9.0,9.56,8.95,9.5,2676636
601899.SH,2024-04-15,16.2,16.96,16.18,16.86,2385956
688981.SH,2024-04-15,40.33,41.55,40.01,41.19,21677822
000651.SZ,2024-04-16,30.938,31.438,30.548,31.058,432950
000858.SZ,2024-04-16,131.029,131.589,128.739,129.399,135678
002594.SZ,2024-04-16,68.085,69.068,67.521,67.828,98323
300750.SZ,2024-04-16,178.913,179.213,174.833,177.063,276231
510300.SH,2024-04-16,3.313,3.324,3.28,3.296,9132298
600036.SH,2024-04-16,26.722,26.982,26.462,26.762,741556
600276.SH,2024-04-16,43.731,44.051,43.191,43.661,233857
600519.SH,2024-04-16,1531.151,1545.221,1524.661,1535.661,26266
600900.SH,2024-04-16,23.047,23.397,22.917,23.167,834406
601318.SH,2024-04-16,30.669,31.099,30.389,30.589,626747
601857.SH,2024-04-16,9.43,9.85,9.42,9.73,3185851
601899.SH,2024-04-16,16.86,17.03,16.29,16.34,2082205
688981.SH,2024-04-16,41.0,41.87,40.78,41.18,18526991
000651.SZ,2024-04-17,30.808,31.258,30.078,31.248,373531
000858.SZ,2024-04-17,128.959,129.969,128.229,129.729,137023
002594.SZ,2024-04-17,67.618,68.345,67.151,68.285,96922
300750.SZ,2024-04-17,175.263,176.843,172.933,175.903,216192
510300.SH,2024-04-17,3.296,3.346,3.28,3.342,9964664
600036.SH,2024-04-17,26.702,27.502,26.482,27.312,948212
600276.SH,2024-04-17,43.751,44.181,43.241,43.791,232756
600519.SH,2024-04-17,1533.661,1540.861,1523.661,1532.661,24819
600900.SH,2024-04-17,23.087,23.337,22.767,23.217,817739
601318.SH,2024-04-17,30.579,31.329,30.319,31.259,594585
601857.SH,2024-04-17,9.58,9.76,9.41,9.76,2439975
601899.SH,2024-04-17,16.31,16.55,15.98,16.48,2154280
688981.SH,2024-04-17,41.2,41.79,40.91,41.75,18126686
000651.SZ,2024-04-18,31.128,32.278,30.988,31.678,498592
000858.SZ,2024-04-18,128.499,131.209,127.729,129.409,152453
002594.SZ,2024-04-18,67.951,69.451,67.085,68.485,133998
300750.SZ,2024-04-18,173.883,177.363,171.303,175.473,195396
510300.SH,2024-04-18,3.333,3.383,3.33,3.348,9302193
600036.SH,2024-04-18,27.272,28.112,27.202,27.662,1006574
600276.SH,2024-04-18,44.601,44.901,41.601,41.751,590168
600519.SH,2024-04-18,1524.671,1548.641,1523.841,1536.441,26568
600900.SH,2024-04-18,23.157,23.427,23.037,23.187,848981
601318.SH,2024-04-18,31.209,32.609,31.119,32.009,846089
601857.SH,2024-04-18,9.55,9.67,9.39,9.45,2600513
601899.SH,2024-04-18,16.31,16.94,16.26,16.87,2005974
688981.SH,2024-04-18,41.5,41.88,41.35,41.61,16583342
000651.SZ,2024-04-19,31.388,31.808,31.318,31.618,273686
000858.SZ,2024-04-19,128.409,128.929,126.419,127.329,127262
002594.SZ,2024-04-19,68.015,68.241,66.305,67.328,111770
300750.SZ,2024-04-19,172.973,174.373,169.423,170.713,184915
510300.SH,2024-04-19,3.334,3.343,3.307,3.32,6442757
600036.SH,2024-04-19,27.572,27.852,27.432,27.632,540384
600276.SH,2024-04-19,41.401,41.741,40.621,41.081,384255
600519.SH,2024-04-19,1526.441,1534.161,1506.941,1512.301,23500
600900.SH,2024-04-19,23.137,23.327,22.967,23.237,774854
601318.SH,2024-04-19,31.779,32.089,31.509,31.729,368395
601857.SH,2024-04-19,9.52,9.89,9.51,9.75,3417663
601899.SH,2024-04-19,16.96,17.73,16.8,17.03,2653119
688981.SH,2024-04-19,41.36,41.74,40.85,41.38,13741317
000651.SZ,2024-04-22,31.598,32.148,31.068,31.248,312519
000858.SZ,2024-04-22,127.329,130.909,127.329,128.989,140366
002594.SZ,2024-04-22,67.285,67.795,66.651,66.805,64695
300750.SZ,2024-04-22,172.713,174.803,170.483,170.513,150987
510300.SH,2024-04-22,3.319,3.341,3.307,3.313,7251824
600036.SH,2024-04-22,27.792,28.202,27.062,27.352,607535
600276.SH,2024-04-22,41.391,41.571,40.861,41.261,278064
600519.SH,2024-04-22,1519.661,1544.541,1510.661,1540.721,29951
600900.SH,2024-04-22,23.167,23.427,23.047,23.097,641252
601318.SH,2024-04-22,31.799,32.399,31.799,32.139,391228
601857.SH,2024-04-22,9.63,9.88,9.4,9.46,2571758
601899.SH,2024-04-22,17.27,17.4,16.15,16.2,2677304
688981.SH,2024-04-22,41.31,41.62,40.86,41.31,10990546
000651.SZ,2024-04-23,31.058,31.228,30.348,30.828,286777
000858.SZ,2024-04-23,128.429,131.919,128.399,131.459,171712
002594.SZ,2024-04-23,66.801,66.805,65.281,65.631,87300
300750.SZ,2024-04-23,171.043,172.413,167.793,169.843,111138
510300.SH,2024-04-23,3.313,3.319,3.282,3.288,9428474
600036.SH,2024-04-23,27.312,27.832,27.242,27.392,512452
600276.SH,2024-04-23,41.261,43.671,41.201,43.471,493661
600519.SH,2024-04-23,1540.661,1560.661,1540.661,1557.941,24980
600900.SH,2024-04-23,23.077,23.287,22.837,23.007,575504
601318.SH,2024-04-23,32.129,32.409,31.919,32.199,342653
601857.SH,2024-04-23,9.37,9.37,9.05,9.18,2494548
601899.SH,2024-04-23,15.81,16.05,15.4,15.44,3201000
688981.SH,2024-04-23,41.32,41.68,41.02,41.11,10994145
000651.SZ,2024-04-24,30.688,30.878,30.178,30.548,235063
000858.SZ,2024-04-24,132.359,133.629,130.429,133.409,142251
002594.SZ,2024-04-24,66.248,66.885,65.451,66.425,74979
300750.SZ,2024-04-24,171.913,172.313,166.313,169.513,151543
510300.SH,2024-04-24,3.294,3.306,3.278,3.302,5942319
600036.SH,2024-04-24,27.392,27.562,27.112,27.472,443384
600276.SH,2024-04-24,43.361,43.601,42.801,43.101,216252
600519.SH,2024-04-24,1562.641,1565.571,1548.991,1559.261,17086
600900.SH,2024-04-24,23.137,23.177,22.907,23.007,563092
601318.SH,2024-04-24,32.699,33.009,32.419,32.909,549964
601857.SH,2024-04-24,9.22,9.28,9.07,9.26,1582284
601899.SH,2024-04-24,15.44,15.99,15.44,15.94,2113743
688981.SH,2024-04-24,41.25,41.39,40.8,41.25,15193878
000651.SZ,2024-04-25,30.478,30.848,30.378,30.628,161404
000858.SZ,2024-04-25,132.929,133.779,131.449,133.409,100776
002594.SZ,2024-04-25,66.418,67.788,66.158,66.931,94684
300750.SZ,2024-04-25,168.483,174.263,167.803,173.113,164183
510300.SH,2024-04-25,3.292,3.326,3.284,3.312,6647552
600036.SH,2024-04-25,27.452,28.412,27.392,28.412,919482
600276.SH,2024-04-25,43.101,44.371,42.901,43.701,244691
600519.SH,2024-04-25,1555.991,1561.261,1547.911,1558.701,14476
600900.SH,2024-04-25,22.987,23.087,22.797,22.917,428470
601318.SH,2024-04-25,32.829,33.589,32.609,33.369,582178
601857.SH,2024-04-25,9.19,9.38,9.11,9.37,1620017
601899.SH,2024-04-25,15.73,15.96,15.49,15.8,1429510
688981.SH,2024-04-25,41.25,41.86,40.92,41.34,14384439
000651.SZ,2024-04-26,30.768,31.228,30.588,31.178,296995
000858.SZ,2024-04-26,133.629,137.129,133.629,136.679,179462
002594.SZ,2024-04-26,67.285,70.538,67.285,70.408,253454
300750.SZ,2024-04-26,171.923,178.793,171.923,178.393,224881
510300.SH,2024-04-26,3.313,3.37,3.313,3.362,13743140
600036.SH,2024-04-26,28.412,28.882,28.232,28.492,954899
600276.SH,2024-04-26,43.601,45.191,43.571,45.011,342783
600519.SH,2024-04-26,1559.661,1579.661,1559.641,1575.091,30996
600900.SH,2024-04-26,22.847,23.097,22.787,22.807,690288
601318.SH,2024-04-26,33.299,34.089,33.119,33.839,694276
601857.SH,2024-04-26,9.44,9.68,9.41,9.51,2449801
601899.SH,2024-04-26,15.98,16.77,15.81,16.67,2661284
688981.SH,2024-04-26,41.1,42.12,41.1,42.06,22051022
000651.SZ,2024-04-29,31.238,32.638,30.778,32.188,525006
000858.SZ,2024-04-29,135.429,140.989,134.439,136.179,275385
002594.SZ,2024-04-29,70.978,72.418,70.195,71.078,191676
300750.SZ,2024-04-29,180.483,193.413,179.913,189.543,438630
510300.SH,2024-04-29,3.366,3.427,3.361,3.405,15303224
600036.SH,2024-04-29,28.412,29.172,28.212,28.892,818064
600276.SH,2024-04-29,45.001,46.261,44.931,45.581,342796
600519.SH,2024-04-29,1562.611,1593.661,1559.481,1569.661,41332
600900.SH,2024-04-29,22.807,22.897,22.537,22.717,776530
601318.SH,2024-04-29,33.809,35.189,33.719,34.389,875455
601857.SH,2024-04-29,9.42,9.42,9.03,9.05,3321670
601899.SH,2024-04-29,16.53,16.53,15.79,16.06,2252987
688981.SH,2024-04-29,42.13,43.36,42.13,43.05,23769702
000651.SZ,2024-04-30,32.678,34.428,32.228,33.798,980636
000858.SZ,2024-04-30,136.729,137.919,134.859,134.859,155296
002594.SZ,2024-04-30,71.785,72.078,70.118,70.118,115560
300750.SZ,2024-04-30,190.688,190.688,186.928,187.528,214330
510300.SH,2024-04-30,3.404,3.413,3.385,3.387,8231090
600036.SH,2024-04-30,28.412,28.592,28.062,28.322,868042
600276.SH,2024-04-30,45.791,46.251,45.251,45.561,192502
600519.SH,2024-04-30,1570.671,1595.541,1570.661,1570.661,30760
600900.SH,2024-04-30,22.637,23.257,22.597,23.027,882743
601318.SH,2024-04-30,34.389,34.469,33.629,33.669,518190
601857.SH,2024-04-30,8.95,9.23,8.89,9.1,2450672
601899.SH,2024-04-30,16.32,16.46,15.95,16.01,1694667
688981.SH,2024-04-30,43.0,43.0,41.76,41.91,23396549
000651.SZ,2024-05-06,34.278,35.408,33.988,35.088,754279
000858.SZ,2024-05-06,137.869,142.759,137.829,139.439,316796
002594.SZ,2024-05-06,72.285,73.415,71.785,72.718,186779
300750.SZ,2024-05-06,195.928,196.628,190.958,191.908,270999
510300.SH,2024-05-06,3.429,3.453,3.424,3.437,13090611
600036.SH,2024-05-06,29.112,29.372,28.732,28.892,1000705
600276.SH,2024-05-06,46.331,47.271,45.821,46.561,325824
600519.SH,2024-05-06,1599.631,1630.661,1592.661,1625.861,59909
600900.SH,2024-05-06,23.027,23.027,22.667,22.707,1105890
601318.SH,2024-05-06,35.459,35.589,34.679,34.799,1062747
601857.SH,2024-05-06,8.83,8.87,8.65,8.84,4179527
601899.SH,2024-05-06,15.72,15.96,15.22,15.92,2606348
688981.SH,2024-05-06,42.49,43.03,42.33,42.56,22042862
000651.SZ,2024-05-07,34.768,34.988,34.328,34.348,421694
000858.SZ,2024-05-07,139.429,140.849,137.979,140.369,145500
002594.SZ,2024-05-07,72.718,74.615,71.965,73.911,144190
300750.SZ,2024-05-07,191.108,192.808,190.078,191.808,131799
510300.SH,2024-05-07,3.434,3.445,3.426,3.439,6860184
600036.SH,2024-05-07,28.892,28.962,28.642,28.882,473849
600276.SH,2024-05-07,46.561,46.901,46.421,46.631,203780
600519.SH,2024-05-07,1631.451,1643.461,1622.341,1635.661,24925
600900.SH,2024-05-07,22.707,22.747,22.557,22.587,634828
601318.SH,2024-05-07,34.809,35.099,34.499,34.899,528152
601857.SH,2024-05-07,8.79,8.95,8.77,8.95,2426159
601899.SH,2024-05-07,16.02,16.3,15.79,15.85,1523941
688981.SH,2024-05-07,42.55,42.73,42.2,42.71,12938305
000651.SZ,2024-05-08,34.308,34.518,33.828,33.878,301918
000858.SZ,2024-05-08,140.409,140.749,138.779,139.429,101074
002594.SZ,2024-05-08,73.465,73.578,72.618,72.695,91132
300750.SZ,2024-05-08,191.928,192.728,188.038,188.158,124330
510300.SH,2024-05-08,3.432,3.433,3.407,3.41,6387759
600036.SH,2024-05-08,28.832,28.972,28.562,28.582,412862
600276.SH,2024-05-08,46.661,46.771,45.651,45.821,261292
600519.SH,2024-05-08,1635.351,1635.631,1621.331,1629.631,14769
600900.SH,2024-05-08,22.587,22.787,22.547,22.547,606272
601318.SH,2024-05-08,34.759,35.009,34.189,34.259,447335
601857.SH,2024-05-08,8.9,9.15,8.89,8.96,2045593
601899.SH,2024-05-08,15.7,16.08,15.41,15.85,1324040
688981.SH,2024-05-08,42.81,42.82,42.08,42.16,11155861
000651.SZ,2024-05-09,33.988,34.428,33.778,34.358,293784
000858.SZ,2024-05-09,138.759,140.119,138.159,139.269,113275
002594.SZ,2024-05-09,72.718,73.418,72.668,73.335,79007
300750.SZ,2024-05-09,191.198,195.438,191.128,194.328,219216
510300.SH,2024-05-09,3.409,3.451,3.408,3.445,6502023
600036.SH,2024-05-09,28.612,28.942,28.612,28.852,512391
600276.SH,2024-05-09,45.911,46.631,45.711,46.301,175147
600519.SH,2024-05-09,1623.661,1630.641,1615.661,1621.661,22387
600900.SH,2024-05-09,22.587,22.637,22.397,22.597,686815
601318.SH,2024-05-09,34.179,34.889,34.169,34.649,413541
601857.SH,2024-05-09,8.99,9.03,8.85,8.9,1705342
601899.SH,2024-05-09,15.68,16.31,15.68,16.11,1465868
688981.SH,2024-05-09,42.18,43.89,42.16,43.72,31216637
000651.SZ,2024-05-10,34.378,35.038,34.348,34.898,396756
000858.SZ,2024-05-10,139.429,140.319,137.229,138.859,102514
002594.SZ,2024-05-10,72.951,73.791,72.618,73.218,80613
300750.SZ,2024-05-10,194.328,194.328,187.928,188.428,228011
510300.SH,2024-05-10,3.452,3.459,3.42,3.447,8650954
600036.SH,2024-05-10,28.852,29.862,28.812,29.632,940366
600276.SH,2024-05-10,46.191,46.451,45.591,45.881,155773
600519.SH,2024-05-10,1626.761,1633.541,1599.651,1604.641,26207
600900.SH,2024-05-10,22.597,22.757,22.497,22.717,798088
601318.SH,2024-05-10,34.909,35.489,34.829,35.239,677670
601857.SH,2024-05-10,8.94,9.0,8.88,8.91,1555790
601899.SH,2024-05-10,16.5,16.68,16.18,16.64,2061408
688981.SH,2024-05-10,43.7,43.98,42.74,42.99,25778763
000651.SZ,2024-05-13,35.058,35.508,34.528,35.258,341803
000858.SZ,2024-05-13,137.229,137.409,134.699,135.529,172628
002594.SZ,2024-05-13,72.351,73.071,71.478,72.518,82481
300750.SZ,2024-05-13,181.228,186.698,180.438,184.278,221967
510300.SH,2024-05-13,3.426,3.455,3.408,3.444,7411594
600036.SH,2024-05-13,29.452,30.082,29.342,29.922,747800
600276.SH,2024-05-13,45.881,46.181,44.771,44.931,291757
600519.SH,2024-05-13,1597.681,1598.321,1566.881,1571.661,37662
600900.SH,2024-05-13,22.737,22.937,22.597,22.857,926474
601318.SH,2024-05-13,34.819,35.199,34.479,34.959,493481
601857.SH,2024-05-13,8.76,8.93,8.74,8.85,1671123
601899.SH,2024-05-13,16.4,16.74,16.23,16.58,1408590
688981.SH,2024-05-13,42.7,43.5,42.38,43.06,15525314
000651.SZ,2024-05-14,35.228,35.248,33.918,34.318,395549
000858.SZ,2024-05-14,135.529,136.279,134.459,135.769,113455
002594.SZ,2024-05-14,72.521,73.141,71.988,72.255,62619
300750.SZ,2024-05-14,185.528,186.128,183.048,183.938,106947
510300.SH,2024-05-14,3.444,3.459,3.427,3.438,5876668
600036.SH,2024-05-14,29.902,30.142,29.212,29.352,687779
600276.SH,2024-05-14,44.931,45.181,44.621,44.731,197237
600519.SH,2024-05-14,1571.651,1578.931,1565.671,1567.641,21274
600900.SH,2024-05-14,22.857,22.857,22.617,22.817,605062
601318.SH,2024-05-14,34.959,35.109,34.459,34.619,396512
601857.SH,2024-05-14,8.87,8.89,8.69,8.76,2108588
601899.SH,2024-05-14,16.75,17.12,16.65,16.89,1474298
688981.SH,2024-05-14,43.06,43.45,42.71,42.92,13542828
000651.SZ,2024-05-15,34.078,34.888,34.058,34.438,249568
000858.SZ,2024-05-15,135.759,136.259,134.929,135.799,78428
002594.SZ,2024-05-15,72.118,72.618,70.051,70.331,99734
300750.SZ,2024-05-15,183.938,188.258,182.428,182.818,130741
510300.SH,2024-05-15,3.436,3.44,3.406,3.412,8559463
600036.SH,2024-05-15,29.342,29.452,28.702,29.062,674944
600276.SH,2024-05-15,44.741,44.821,43.931,44.071,159429
600519.SH,2024-05-15,1568.241,1573.661,1564.251,1565.661,15739
600900.SH,2024-05-15,22.787,22.927,22.687,22.717,443842
601318.SH,2024-05-15,34.589,34.609,33.969,34.149,399119
601857.SH,2024-05-15,8.71,8.8,8.63,8.72,1449595
601899.SH,2024-05-15,16.94,17.25,16.66,16.7,1386876
688981.SH,2024-05-15,42.74,42.87,41.62,41.66,21111866
000651.SZ,2024-05-16,34.378,34.418,33.838,34.018,316833
000858.SZ,2024-05-16,136.129,139.509,135.139,138.479,149376
002594.SZ,2024-05-16,70.335,70.605,69.488,70.055,87157
300750.SZ,2024-05-16,183.728,186.568,181.908,184.598,153782
510300.SH,2024-05-16,3.419,3.44,3.41,3.424,10511975
600036.SH,2024-05-16,29.092,30.462,29.012,30.262,1291476
600276.SH,2024-05-16,44.401,44.511,43.801,44.091,234377
600519.SH,2024-05-16,1570.661,1575.541,1555.661,1570.161,29680
600900.SH,2024-05-16,22.727,22.777,22.637,22.657,578414
601318.SH,2024-05-16,34.509,35.699,34.269,35.359,934782
601857.SH,2024-05-16,8.75,8.77,8.64,8.66,1299530
601899.SH,2024-05-16,17.03,17.29,16.61,16.67,1939111
688981.SH,2024-05-16,42.0,42.5,41.8,41.82,14903076
000651.SZ,2024-05-17,33.978,34.128,33.198,33.928,425708
000858.SZ,2024-05-17,138.429,140.859,137.639,140.839,161843
002594.SZ,2024-05-17,70.415,70.728,69.838,70.481,71487
300750.SZ,2024-05-17,184.628,187.928,183.508,187.928,184962
510300.SH,2024-05-17,3.424,3.468,3.412,3.465,9320469
600036.SH,2024-05-17,30.312,30.912,30.072,30.862,916879
600276.SH,2024-05-17,44.901,45.631,43.471,44.151,376855
600519.SH,2024-05-17,1565.671,1582.241,1565.661,1580.661,28924
600900.SH,2024-05-17,22.687,23.087,22.677,23.017,949507
601318.SH,2024-05-17,35.909,37.509,35.759,37.509,1894580
601857.SH,2024-05-17,8.66,8.79,8.62,8.75,1556888
601899.SH,2024-05-17,16.77,17.18,16.4,17.18,1830951
688981.SH,2024-05-17,41.83,42.32,41.56,42.3,12636935
000651.SZ,2024-05-20,34.008,34.388,33.398,33.558,375277
000858.SZ,2024-05-20,140.829,144.229,140.829,141.729,193736
002594.SZ,2024-05-20,70.111,71.951,70.111,71.575,75959
300750.SZ,2024-05-20,192.128,192.808,187.938,188.378,199172
510300.SH,2024-05-20,3.471,3.489,3.459,3.473,9365359
600036.SH,2024-05-20,30.862,31.012,30.102,30.392,914250
600276.SH,2024-05-20,43.681,44.191,42.881,43.211,397023
600519.SH,2024-05-20,1583.651,1598.651,1573.771,1574.661,31426
600900.SH,2024-05-20,22.977,23.397,22.897,23.227,910148
601318.SH,2024-05-20,38.009,38.379,37.139,37.769,1479453
601857.SH,2024-05-20,8.78,9.11,8.71,9.04,2877407
601899.SH,2024-05-20,17.83,18.19,17.49,17.87,2652362
688981.SH,2024-05-20,42.4,42.88,42.2,42.57,14807069
000651.SZ,2024-05-21,33.478,33.688,33.178,33.478,351661
000858.SZ,2024-05-21,141.229,141.609,139.519,140.969,88037
002594.SZ,2024-05-21,71.278,71.281,69.758,70.211,84080
300750.SZ,2024-05-21,188.598,189.508,185.488,186.488,122964
510300.SH,2024-05-21,3.468,3.472,3.449,3.461,4969839
600036.SH,2024-05-21,30.372,30.532,30.142,30.252,445999
600276.SH,2024-05-21,43.121,43.561,42.821,43.201,244383
600519.SH,2024-05-21,1573.661,1575.391,1563.821,1570.661,16293
600900.SH,2024-05-21,23.287,23.487,23.217,23.337,649325
601318.SH,2024-05-21,37.389,37.849,37.329,37.709,551096
601857.SH,2024-05-21,8.96,9.01,8.81,8.96,1655796
601899.SH,2024-05-21,17.81,17.98,16.96,17.05,2283748
688981.SH,2024-05-21,42.62,42.63,42.03,42.11,9781398
000651.SZ,2024-05-22,33.528,33.538,33.088,33.238,256623
000858.SZ,2024-05-22,140.439,140.839,138.699,139.549,108478
002594.SZ,2024-05-22,70.015,70.451,69.005,69.591,88398
300750.SZ,2024-05-22,187.428,191.928,186.528,189.818,252366
510300.SH,2024-05-22,3.459,3.478,3.452,3.469,6766846
600036.SH,2024-05-22,30.232,30.392,29.772,30.072,664477
600276.SH,2024-05-22,43.301,43.361,42.801,42.941,252388
600519.SH,2024-05-22,1568.661,1575.621,1556.661,1563.371,20286
600900.SH,2024-05-22,23.397,23.447,23.167,23.217,569502
601318.SH,2024-05-22,37.609,38.359,37.459,37.709,751337
601857.SH,2024-05-22,8.93,9.0,8.84,8.88,1314606
601899.SH,2024-05-22,17.05,17.18,16.73,16.83,1424755
688981.SH,2024-05-22,42.15,42.45,41.84,42.27,14302921
000651.SZ,2024-05-23,33.238,33.248,32.628,32.898,345157
000858.SZ,2024-05-23,139.429,140.399,137.749,138.029,89889
002594.SZ,2024-05-23,69.235,69.235,68.455,68.935,62287
300750.SZ,2024-05-23,189.128,190.578,188.058,189.268,176548
510300.SH,2024-05-23,3.46,3.463,3.42,3.432,6988061
600036.SH,2024-05-23,29.912,30.022,29.332,29.512,924585
600276.SH,2024-05-23,42.941,42.991,42.301,42.451,197024
600519.SH,2024-05-23,1565.661,1572.041,1555.741,1557.671,18885
600900.SH,2024-05-23,23.287,23.577,23.197,23.387,773126
601318.SH,2024-05-23,37.229,37.479,36.829,37.089,635923
601857.SH,2024-05-23,8.81,8.83,8.72,8.74,1281721
601899.SH,2024-05-23,15.96,16.41,15.76,16.24,2082536
688981.SH,2024-05-23,42.18,42.2,41.08,41.17,17371515
000651.SZ,2024-05-24,32.678,33.158,32.578,32.848,230410
000858.SZ,2024-05-24,137.289,137.559,135.429,135.579,112039
002594.SZ,2024-05-24,68.611,68.618,66.885,67.051,102876
300750.SZ,2024-05-24,187.728,189.788,185.718,185.908,155107
510300.SH,2024-05-24,3.421,3.439,3.387,3.391,8412742
600036.SH,2024-05-24,29.312,29.492,28.672,28.752,870440
600276.SH,2024-05-24,42.451,42.581,41.781,41.841,220384
600519.SH,2024-05-24,1558.661,1560.661,1542.661,1542.741,20217
600900.SH,2024-05-24,23.447,23.787,23.367,23.537,777151
601318.SH,2024-05-24,36.859,37.109,36.169,36.199,541286
601857.SH,2024-05-24,8.74,8.89,8.72,8.8,1310329
601899.SH,2024-05-24,16.0,16.43,15.99,16.22,1257128
688981.SH,2024-05-24,41.13,41.35,41.0,41.03,10136551
000651.SZ,2024-05-27,32.808,33.808,32.738,33.598,397296
000858.SZ,2024-05-27,135.569,136.729,135.009,136.009,101567
002594.SZ,2024-05-27,67.285,67.551,66.151,66.735,76046
300750.SZ,2024-05-27,186.728,186.728,183.428,184.938,163618
510300.SH,2024-05-27,3.394,3.423,3.39,3.421,6696225
600036.SH,2024-05-27,28.862,29.222,28.762,29.152,570938
600276.SH,2024-05-27,41.731,42.301,41.221,42.101,306782
600519.SH,2024-05-27,1543.661,1553.111,1533.671,1535.781,25098
600900.SH,2024-05-27,23.547,23.937,23.547,23.747,780009
601318.SH,2024-05-27,36.309,36.699,36.189,36.409,412742
601857.SH,2024-05-27,8.81,9.13,8.81,9.07,2248014
601899.SH,2024-05-27,16.17,16.76,16.16,16.6,1467114
688981.SH,2024-05-27,41.36,43.17,41.36,43.13,37492996
000651.SZ,2024-05-28,33.598,33.718,33.038,33.238,256027
000858.SZ,2024-05-28,136.029,136.369,134.429,134.459,103874
002594.SZ,2024-05-28,66.885,66.921,66.145,66.411,60946
300750.SZ,2024-05-28,184.388,185.508,182.528,182.728,126900
510300.SH,2024-05-28,3.42,3.422,3.391,3.398,5317532
600036.SH,2024-05-28,29.112,29.342,28.732,28.842,476191
600276.SH,2024-05-28,42.101,42.991,41.761,42.671,374279
600519.SH,2024-05-28,1536.061,1540.831,1528.661,1530.301,23521
600900.SH,2024-05-28,23.757,24.067,23.717,23.947,672593
601318.SH,2024-05-28,36.469,36.659,35.929,36.069,421922
601857.SH,2024-05-28,9.08,9.33,9.05,9.22,2115891
601899.SH,2024-05-28,16.78,16.88,16.41,16.45,1328073
688981.SH,2024-05-28,43.13,43.99,42.9,43.11,34963297
000651.SZ,2024-05-29,33.178,33.418,32.858,32.858,256846
000858.SZ,2024-05-29,134.479,135.419,133.289,133.639,91024
002594.SZ,2024-05-29,67.618,72.618,67.615,72.185,302648
300750.SZ,2024-05-29,182.938,187.428,182.728,183.718,133388
510300.SH,2024-05-29,3.397,3.422,3.39,3.399,6152451
600036.SH,2024-05-29,28.762,29.072,28.472,28.582,491041
600276.SH,2024-05-29,42.651,42.881,42.351,42.421,166767
600519.SH,2024-05-29,1531.661,1545.661,1530.661,1539.661,19651
600900.SH,2024-05-29,23.937,24.007,23.647,23.927,620520
601318.SH,2024-05-29,35.899,36.439,35.669,35.779,439423
601857.SH,2024-05-29,9.29,9.36,9.15,9.32,1453699
601899.SH,2024-05-29,16.48,16.98,16.37,16.85,1584146
688981.SH,2024-05-29,42.87,43.4,42.59,42.94,16815329
000651.SZ,2024-05-30,32.778,33.178,32.628,32.778,201416
000858.SZ,2024-05-30,133.379,133.379,130.339,130.689,161111
002594.SZ,2024-05-30,72.091,73.745,71.918,73.238,223792
300750.SZ,2024-05-30,183.978,185.808,182.588,184.278,127840
510300.SH,2024-05-30,3.392,3.414,3.377,3.385,7779253
600036.SH,2024-05-30,28.462,28.912,28.192,28.352,559245
600276.SH,2024-05-30,42.451,42.641,41.941,42.281,132477
600519.SH,2024-05-30,1540.661,1541.041,1514.661,1514.661,32208
600900.SH,2024-05-30,23.897,24.187,23.837,23.937,539805
601318.SH,2024-05-30,35.619,35.969,35.209,35.459,393955
601857.SH,2024-05-30,9.19,9.36,8.99,9.03,1733541
601899.SH,2024-05-30,16.7,16.77,15.95,16.04,2092499
688981.SH,2024-05-30,43.03,45.96,42.8,45.39,68885004
000651.SZ,2024-05-31,33.028,33.138,32.378,32.378,269973
000858.SZ,2024-05-31,131.329,132.419,131.029,131.129,131412
002594.SZ,2024-05-31,73.551,74.485,72.948,73.625,185430
300750.SZ,2024-05-31,184.278,187.178,182.688,182.688,138086
510300.SH,2024-05-31,3.391,3.405,3.369,3.371,7232183
600036.SH,2024-05-31,28.542,28.612,28.292,28.292,508932
600276.SH,2024-05-31,42.801,42.991,41.761,41.761,228651
600519.SH,2024-05-31,1516.161,1529.161,1514.111,1514.111,21857
600900.SH,2024-05-31,23.997,24.257,23.817,23.847,708189
601318.SH,2024-05-31,35.709,36.409,35.369,35.379,482492
601857.SH,2024-05-31,8.94,9.05,8.91,8.97,1353945
601899.SH,2024-05-31,16.03,16.12,15.6,15.81,1970347
688981.SH,2024-05-31,45.1,45.49,44.69,44.85,31463049
000651.SZ,2024-06-03,32.408,33.378,32.298,33.158,313903
000858.SZ,2024-06-03,131.319,131.679,129.079,130.409,140930
002594.SZ,2024-06-03,73.621,77.445,72.615,76.318,270146
300750.SZ,2024-06-03,182.688,188.528,180.728,187.428,187181
510300.SH,2024-06-03,3.369,3.388,3.354,3.376,7075116
600036.SH,2024-06-03,28.232,28.392,27.932,28.162,608111
600276.SH,2024-06-03,41.621,42.091,41.471,41.901,187801
600519.SH,2024-06-03,1515.661,1516.581,1500.771,1505.051,30261
600900.SH,2024-06-03,24.127,24.737,23.987,24.667,1148763
601318.SH,2024-06-03,35.299,35.769,34.919,35.439,446518
601857.SH,2024-06-03,8.99,9.11,8.92,8.99,1817872
601899.SH,2024-06-03,15.69,16.03,15.57,15.73,1348332
688981.SH,2024-06-03,44.96,46.36,44.8,45.44,39368171
000651.SZ,2024-06-04,33.028,33.388,32.558,33.258,240686
000858.SZ,2024-06-04,130.409,132.529,129.929,132.209,103021
002594.SZ,2024-06-04,76.251,77.218,75.935,76.668,157429
300750.SZ,2024-06-04,186.918,192.168,185.928,190.898,177149
510300.SH,2024-06-04,3.374,3.413,3.368,3.401,6817379
600036.SH,2024-06-04,28.162,28.692,28.112,28.552,533788
600276.SH,2024-06-04,41.851,43.401,41.761,43.231,358139
600519.SH,2024-06-04,1506.161,1521.661,1502.211,1518.861,20841
600900.SH,2024-06-04,24.667,24.937,24.537,24.717,792762
601318.SH,2024-06-04,35.389,35.819,35.319,35.579,398178
601857.SH,2024-06-04,8.79,8.85,8.68,8.82,2141284
601899.SH,2024-06-04,15.85,16.1,15.58,15.82,1520605
688981.SH,2024-06-04,45.3,45.75,44.72,45.55,24050959
000651.SZ,2024-06-05,33.268,33.568,32.528,32.578,259017
000858.SZ,2024-06-05,132.149,132.429,130.079,130.189,111148
002594.SZ,2024-06-05,76.778,79.385,76.778,77.548,194434
300750.SZ,2024-06-05,190.628,192.778,188.938,189.048,117774
510300.SH,2024-06-05,3.402,3.411,3.386,3.388,5839394
600036.SH,2024-06-05,28.692,28.712,27.902,28.002,691041
600276.SH,2024-06-05,43.231,43.701,43.091,43.321,180676
600519.SH,2024-06-05,1517.661,1524.341,1508.691,1509.661,19056
600900.SH,2024-06-05,24.777,25.317,24.727,25.197,887222
601318.SH,2024-06-05,35.569,35.589,35.249,35.389,361880
601857.SH,2024-06-05,8.78,8.85,8.53,8.6,2175948
601899.SH,2024-06-05,15.4,15.6,15.15,15.45,1854607
688981.SH,2024-06-05,45.42,47.14,45.3,46.12,39589673
000651.SZ,2024-06-06,32.458,33.528,32.438,33.188,401031
000858.SZ,2024-06-06,130.439,131.049,128.489,129.329,127309
002594.SZ,2024-06-06,77.685,78.551,76.451,76.785,175865
300750.SZ,2024-06-06,188.908,191.808,187.128,189.718,124126
510300.SH,2024-06-06,3.395,3.419,3.374,3.388,10266993
600036.SH,2024-06-06,28.102,28.212,27.792,28.012,677241
600276.SH,2024-06-06,43.051,43.501,42.201,42.311,225869
600519.SH,2024-06-06,1509.321,1517.651,1501.571,1505.471,25610
600900.SH,2024-06-06,25.137,25.617,24.997,25.267,1061203
601318.SH,2024-06-06,35.509,35.639,34.679,34.759,542621
601857.SH,2024-06-06,8.63,8.91,8.59,8.82,2547537
601899.SH,2024-06-06,15.75,16.19,15.73,15.99,1864393
688981.SH,2024-06-06,47.23,47.74,46.51,46.8,53052261
000651.SZ,2024-06-07,33.028,33.298,32.458,32.778,319127
000858.SZ,2024-06-07,129.929,129.979,126.329,126.769,158693
002594.SZ,2024-06-07,76.961,77.748,74.661,75.785,182594
300750.SZ,2024-06-07,183.788,187.378,172.518,178.128,516868
510300.SH,2024-06-07,3.391,3.399,3.344,3.365,10281271
600036.SH,2024-06-07,28.062,28.262,27.662,28.002,678266
600276.SH,2024-06-07,42.391,42.661,41.551,41.551,238547
600519.SH,2024-06-07,1511.791,1511.841,1484.671,1484.841,33525
600900.SH,2024-06-07,25.237,25.607,25.137,25.547,868116
601318.SH,2024-06-07,34.909,35.089,34.309,34.429,421394
601857.SH,2024-06-07,8.89,8.95,8.73,8.82,1453143
601899.SH,2024-06-07,16.22,16.28,15.71,16.16,1737727
688981.SH,2024-06-07,46.79,47.74,46.42,47.21,36199409
000651.SZ,2024-06-11,32.628,32.968,31.758,32.248,375883
000858.SZ,2024-06-11,125.829,125.829,122.429,122.909,206655
002594.SZ,2024-06-11,75.495,79.285,75.395,78.828,221597
300750.SZ,2024-06-11,173.928,176.928,169.538,173.698,420724
510300.SH,2024-06-11,3.356,3.358,3.322,3.34,8799170
600036.SH,2024-06-11,27.792,27.982,27.132,27.372,690448
600276.SH,2024-06-11,41.401,42.211,41.101,42.121,251121
600519.SH,2024-06-11,1468.651,1470.661,1432.661,1434.661,70247
600900.SH,2024-06-11,25.557,25.727,25.157,25.417,873338
601318.SH,2024-06-11,34.219,34.499,33.909,34.139,422363
601857.SH,2024-06-11,8.91,8.94,8.61,8.65,1973930
601899.SH,2024-06-11,15.71,15.82,15.38,15.6,1727394
688981.SH,2024-06-11,47.09,49.0,47.05,48.94,54317233
000651.SZ,2024-06-12,32.118,32.558,31.658,32.388,233907
000858.SZ,2024-06-12,122.529,124.259,121.979,122.329,154524
002594.SZ,2024-06-12,77.828,79.801,77.828,78.251,187332
300750.SZ,2024-06-12,170.928,174.688,170.408,170.528,203104
510300.SH,2024-06-12,3.333,3.345,3.325,3.336,5698353
600036.SH,2024-06-12,27.362,27.372,26.962,27.102,511381
600276.SH,2024-06-12,42.131,42.131,41.311,41.501,218505
600519.SH,2024-06-12,1435.661,1455.661,1435.661,1437.341,33171
600900.SH,2024-06-12,25.317,25.737,25.237,25.617,756242
601318.SH,2024-06-12,34.139,34.209,33.669,33.709,398340
601857.SH,2024-06-12,8.62,8.84,8.55,8.83,1724169
601899.SH,2024-06-12,15.49,15.87,15.46,15.81,1319006
688981.SH,2024-06-12,48.7,48.7,47.59,47.9,41557627
000651.SZ,2024-06-13,32.388,32.698,31.878,31.908,264388
000858.SZ,2024-06-13,122.319,122.529,118.869,118.989,243623
002594.SZ,2024-06-13,80.218,83.378,79.988,81.615,292519
300750.SZ,2024-06-13,171.928,174.938,170.048,170.108,221176
510300.SH,2024-06-13,3.344,3.347,3.314,3.323,5488037
600036.SH,2024-06-13,27.212,27.232,26.732,26.832,550184
600276.SH,2024-06-13,41.501,41.831,40.931,41.461,207298
600519.SH,2024-06-13,1442.431,1442.551,1418.811,1420.671,36186
600900.SH,2024-06-13,25.627,26.037,25.557,25.937,892827
601318.SH,2024-06-13,33.889,33.969,33.499,33.609,320428
601857.SH,2024-06-13,8.84,8.86,8.69,8.74,1207756
601899.SH,2024-06-13,15.74,15.82,15.11,15.41,1749092
688981.SH,2024-06-13,48.18,48.85,47.11,47.2,45142745
000651.SZ,2024-06-14,31.918,32.628,31.768,32.608,316202
000858.SZ,2024-06-14,118.629,120.129,116.519,120.109,287219
002594.SZ,2024-06-14,81.111,81.928,79.461,81.635,202610
300750.SZ,2024-06-14,171.028,171.508,163.508,169.818,371849
510300.SH,2024-06-14,3.316,3.347,3.306,3.343,6741040
600036.SH,2024-06-14,26.832,28.032,26.832,27.822,991674
600276.SH,2024-06-14,41.301,41.501,40.481,41.301,415372
600519.SH,2024-06-14,1420.661,1429.621,1386.121,1420.661,59514
600900.SH,2024-06-14,25.887,26.007,24.967,25.137,2426430
601318.SH,2024-06-14,33.499,34.499,33.469,34.179,635624
601857.SH,2024-06-14,8.7,8.73,8.63,8.66,1258439
601899.SH,2024-06-14,15.2,15.77,15.15,15.69,1630139
688981.SH,2024-06-14,46.9,47.09,46.08,46.49,43088938
000651.SZ,2024-06-17,32.378,32.798,31.898,32.038,301089
000858.SZ,2024-06-17,118.829,120.589,115.729,120.159,246272
002594.SZ,2024-06-17,81.285,83.908,80.908,83.021,208649
300750.SZ,2024-06-17,167.478,175.428,167.238,173.128,269293
510300.SH,2024-06-17,3.326,3.342,3.321,3.333,3930172
600036.SH,2024-06-17,27.612,27.812,27.402,27.742,457682
600276.SH,2024-06-17,41.001,42.101,40.991,41.931,241981
600519.SH,2024-06-17,1397.951,1414.431,1376.671,1407.161,48318
600900.SH,2024-06-17,24.987,25.297,24.827,25.127,1067303
601318.SH,2024-06-17,33.909,34.139,33.689,33.889,384727
601857.SH,2024-06-17,8.63,8.66,8.47,8.48,1553835
601899.SH,2024-06-17,15.59,15.77,15.36,15.64,1063817
688981.SH,2024-06-17,46.4,47.99,46.3,47.77,37198388
000651.SZ,2024-06-18,31.928,32.178,31.678,32.088,189857
000858.SZ,2024-06-18,119.429,121.769,117.849,118.319,202981
002594.SZ,2024-06-18,82.485,83.051,81.618,82.498,128789
300750.SZ,2024-06-18,173.078,175.398,171.948,175.258,156529
510300.SH,2024-06-18,3.338,3.354,3.332,3.344,5490352
600036.SH,2024-06-18,27.872,28.312,27.632,27.722,453675
600276.SH,2024-06-18,41.901,42.111,41.211,41.371,203923
600519.SH,2024-06-18,1396.551,1420.201,1382.341,1387.161,41258
600900.SH,2024-06-18,25.127,25.177,24.827,25.037,658936
601318.SH,2024-06-18,34.009,34.359,33.879,34.039,353452
601857.SH,2024-06-18,8.52,8.59,8.37,8.59,1431451
601899.SH,2024-06-18,15.21,15.68,14.98,15.52,2398534
688981.SH,2024-06-18,47.88,48.8,47.76,48.13,34662024
000651.SZ,2024-06-19,31.988,32.028,31.148,31.658,291053
000858.SZ,2024-06-19,118.609,119.729,117.259,118.649,137045
002594.SZ,2024-06-19,82.618,83.285,81.755,81.951,99108
300750.SZ,2024-06-19,175.528,175.628,172.608,173.938,107540
510300.SH,2024-06-19,3.346,3.35,3.329,3.334,5308595
600036.SH,2024-06-19,27.722,28.412,27.672,28.162,585937
600276.SH,2024-06-19,41.401,41.661,40.611,40.761,201011
600519.SH,2024-06-19,1394.527,1400.537,1378.637,1397.537,41262
600900.SH,2024-06-19,25.017,25.307,24.957,25.277,536591
601318.SH,2024-06-19,34.049,34.499,33.919,34.309,410640
601857.SH,2024-06-19,8.59,8.77,8.57,8.72,1479239
601899.SH,2024-06-19,15.52,16.1,15.48,15.92,1720495
688981.SH,2024-06-19,48.1,48.29,46.88,47.53,31258236
000651.SZ,2024-06-20,31.628,31.838,31.238,31.448,235288
000858.SZ,2024-06-20,118.529,119.499,116.609,116.629,126192
002594.SZ,2024-06-20,81.578,81.875,80.385,81.118,116200
300750.SZ,2024-06-20,174.918,175.038,172.028,172.918,115624
510300.SH,2024-06-20,3.332,3.34,3.305,3.311,5546558
600036.SH,2024-06-20,28.172,28.242,27.912,28.022,392467
600276.SH,2024-06-20,40.741,41.171,39.981,40.001,247827
600519.SH,2024-06-20,1396.537,1412.547,1394.537,1396.637,24711
600900.SH,2024-06-20,25.307,25.637,25.247,25.577,655689
601318.SH,2024-06-20,34.299,34.379,33.819,33.819,364790
601857.SH,2024-06-20,8.7,8.91,8.69,8.89,2264309
601899.SH,2024-06-20,16.01,16.46,15.97,16.16,1288207
688981.SH,2024-06-20,47.45,49.91,47.37,48.8,59165570
000651.SZ,2024-06-21,31.378,31.618,31.008,31.388,247595
000858.SZ,2024-06-21,116.439,117.289,113.229,114.629,213886
002594.SZ,2024-06-21,81.281,82.075,79.888,80.841,116330
300750.SZ,2024-06-21,173.238,173.888,167.298,170.088,184677
510300.SH,2024-06-21,3.306,3.314,3.282,3.305,19658677
600036.SH,2024-06-21,27.892,28.092,27.502,27.712,523963
600276.SH,2024-06-21,40.101,40.201,39.171,39.441,364553
600519.SH,2024-06-21,1397.037,1401.517,1366.757,1367.537,43320
600900.SH,2024-06-21,25.577,25.757,25.267,25.567,742965
601318.SH,2024-06-21,33.799,34.129,33.629,33.979,385055
601857.SH,2024-06-21,8.88,9.06,8.77,8.8,1772746
601899.SH,2024-06-21,16.38,16.47,15.84,15.92,1452328
688981.SH,2024-06-21,48.34,48.78,47.47,48.75,30660483
000651.SZ,2024-06-24,31.228,31.908,31.178,31.728,291104
000858.SZ,2024-06-24,110.449,117.099,110.029,115.459,239235
002594.SZ,2024-06-24,80.618,81.945,79.878,80.598,108423
300750.SZ,2024-06-24,167.928,172.918,167.928,171.908,180355
510300.SH,2024-06-24,3.291,3.315,3.282,3.288,20875455
600036.SH,2024-06-24,27.802,28.232,27.502,28.082,692590
600276.SH,2024-06-24,39.401,40.041,38.941,39.691,278930
600519.SH,2024-06-24,1319.537,1385.527,1310.547,1373.087,63840
600900.SH,2024-06-24,25.637,26.237,25.587,26.127,1069296
601318.SH,2024-06-24,33.839,34.359,33.529,34.109,445928
601857.SH,2024-06-24,8.78,8.9,8.78,8.86,1185027
601899.SH,2024-06-24,15.6,16.18,15.53,16.07,1320341
688981.SH,2024-06-24,48.6,49.76,47.18,47.26,41017758
000651.SZ,2024-06-25,31.628,32.538,31.498,32.108,284573
000858.SZ,2024-06-25,116.229,117.719,115.029,115.939,177152
002594.SZ,2024-06-25,81.285,83.531,80.738,81.955,195746
300750.SZ,2024-06-25,171.928,174.128,170.528,171.248,144144
510300.SH,2024-06-25,3.284,3.293,3.248,3.267,17384585
600036.SH,2024-06-25,28.082,28.482,27.982,28.312,638160
600276.SH,2024-06-25,39.911,39.981,38.851,39.101,224590
600519.SH,2024-06-25,1373.537,1399.527,1373.537,1383.187,42098
600900.SH,2024-06-25,26.107,26.157,25.537,25.887,880211
601318.SH,2024-06-25,34.099,34.429,33.749,33.859,382836
601857.SH,2024-06-25,8.86,9.03,8.8,8.88,1598439
601899.SH,2024-06-25,16.05,16.12,15.8,15.95,955705
688981.SH,2024-06-25,47.04,47.39,45.26,45.54,43129536
000651.SZ,2024-06-26,32.108,32.278,31.488,31.588,253622
000858.SZ,2024-06-26,114.829,116.609,114.779,115.729,102212
002594.SZ,2024-06-26,81.285,82.051,80.411,81.525,111917
300750.SZ,2024-06-26,170.048,171.558,168.128,170.438,104814
510300.SH,2024-06-26,3.259,3.296,3.253,3.288,10454895
600036.SH,2024-06-26,28.192,28.372,27.962,28.072,452638
600276.SH,2024-06-26,39.091,39.441,38.831,39.301,223235
600519.SH,2024-06-26,1376.537,1397.607,1374.337,1385.757,29570
600900.SH,2024-06-26,25.927,26.107,25.617,25.887,514241
601318.SH,2024-06-26,33.789,34.129,33.599,33.959,265061
601857.SH,2024-06-26,8.89,8.9,8.69,8.76,1302946
601899.SH,2024-06-26,15.82,15.94,15.57,15.86,1079234
688981.SH,2024-06-26,45.95,46.78,45.42,46.47,25482540
000651.SZ,2024-06-27,31.448,31.588,30.588,31.158,373421
000858.SZ,2024-06-27,115.759,115.799,113.149,114.079,122646
002594.SZ,2024-06-27,80.958,81.405,80.091,80.451,82911
300750.SZ,2024-06-27,170.438,170.808,167.938,169.928,126536
510300.SH,2024-06-27,3.279,3.285,3.263,3.269,14337049
600036.SH,2024-06-27,27.972,28.352,27.842,28.272,555173
600276.SH,2024-06-27,39.251,39.251,38.401,38.641,271838
600519.SH,2024-06-27,1388.537,1390.507,1364.537,1387.027,32822
600900.SH,2024-06-27,25.837,26.187,25.817,26.057,665509
601318.SH,2024-06-27,33.819,33.949,33.559,33.729,367975
601857.SH,2024-06-27,8.72,8.81,8.62,8.75,1386924
601899.SH,2024-06-27,15.74,15.77,15.49,15.5,1007141
688981.SH,2024-06-27,46.17,46.45,45.58,45.71,18744335
000651.SZ,2024-06-28,30.908,31.378,30.728,30.898,278755
000858.SZ,2024-06-28,113.419,114.919,111.989,112.469,156899
002594.SZ,2024-06-28,79.951,81.328,79.578,80.701,92982
300750.SZ,2024-06-28,168.728,170.408,164.768,164.958,194205
510300.SH,2024-06-28,3.263,3.3,3.262,3.276,12755434
600036.SH,2024-06-28,28.212,28.492,28.052,28.202,525749
600276.SH,2024-06-28,38.601,38.841,37.731,37.861,309258
600519.SH,2024-06-28,1376.537,1391.027,1360.537,1363.927,38582
600900.SH,2024-06-28,26.057,26.267,25.817,26.157,723670
601318.SH,2024-06-28,33.659,34.209,33.569,33.669,399345
601857.SH,2024-06-28,8.77,9.4,8.76,9.38,2702549
601899.SH,2024-06-28,15.58,16.23,15.42,16.17,1295244
688981.SH,2024-06-28,45.52,46.42,45.51,46.1,21801968
000651.SZ,2024-07-01,30.698,31.178,30.428,30.578,275961
000858.SZ,2024-07-01,112.629,113.589,110.429,112.729,154335
002594.SZ,2024-07-01,80.701,81.235,78.118,79.551,129273
300750.SZ,2024-07-01,164.118,164.208,156.098,160.998,269957
510300.SH,2024-07-01,3.276,3.296,3.256,3.29,8536040
600036.SH,2024-07-01,28.202,28.412,27.962,28.372,472239
600276.SH,2024-07-01,37.851,37.871,37.201,37.671,238909
600519.SH,2024-07-01,1365.417,1369.527,1324.537,1336.917,32161
600900.SH,2024-07-01,26.157,26.887,26.157,26.717,723519
601318.SH,2024-07-01,33.719,33.979,32.949,33.929,474198
601857.SH,2024-07-01,9.35,9.6,9.3,9.49,1743307
601899.SH,2024-07-01,16.38,16.7,16.34,16.64,1490496
688981.SH,2024-07-01,46.18,46.42,44.93,45.81,21802059
000651.SZ,2024-07-02,30.478,30.568,29.728,29.938,398884
000858.SZ,2024-07-02,112.129,117.109,111.929,115.989,247479
002594.SZ,2024-07-02,79.575,79.851,78.301,78.608,102627
300750.SZ,2024-07-02,158.778,161.888,157.038,161.008,144156
510300.SH,2024-07-02,3.283,3.3,3.278,3.285,5992049
600036.SH,2024-07-02,28.392,29.262,28.372,29.092,868771
600276.SH,2024-07-02,37.631,37.651,36.641,36.871,310847
600519.SH,2024-07-02,1329.537,1394.537,1329.537,1387.237,51853
600900.SH,2024-07-02,26.707,26.797,26.477,26.717,582890
601318.SH,2024-07-02,33.719,35.059,33.709,34.479,568857
601857.SH,2024-07-02,9.59,9.81,9.48,9.72,1771949
601899.SH,2024-07-02,16.68,16.68,16.24,16.44,957199
688981.SH,2024-07-02,45.7,46.05,45.31,45.46,19222955
000651.SZ,2024-07-03,29.908,30.138,29.698,29.808,244245
000858.SZ,2024-07-03,115.989,117.129,114.529,115.429,124277
002594.SZ,2024-07-03,78.605,79.078,77.285,78.318,96574
300750.SZ,2024-07-03,161.928,167.428,161.238,164.428,162053
510300.SH,2024-07-03,3.283,3.292,3.269,3.279,7914240
600036.SH,2024-07-03,29.022,29.102,28.322,28.472,691373
600276.SH,2024-07-03,37.001,39.001,36.731,38.071,552759
600519.SH,2024-07-03,1395.537,1409.547,1384.557,1396.537,31573
600900.SH,2024-07-03,26.647,26.757,26.237,26.537,732520
601318.SH,2024-07-03,34.489,34.739,34.219,34.579,295748
601857.SH,2024-07-03,9.71,9.8,9.53,9.63,1384818
601899.SH,2024-07-03,16.44,16.63,16.31,16.49,1039345
688981.SH,2024-07-03,45.55,46.74,45.01,46.26,27884944
000651.SZ,2024-07-04,29.828,30.378,29.498,29.698,370594
000858.SZ,2024-07-04,115.429,116.829,114.459,115.019,100495
002594.SZ,2024-07-04,78.951,80.515,78.785,78.828,99196
300750.SZ,2024-07-04,165.318,167.918,164.128,164.528,118346
510300.SH,2024-07-04,3.282,3.298,3.262,3.264,15599237
600036.SH,2024-07-04,28.552,29.052,28.492,28.722,696919
600276.SH,2024-07-04,38.071,38.851,37.731,37.851,289257
600519.SH,2024-07-04,1401.537,1408.537,1377.667,1382.277,24380
600900.SH,2024-07-04,26.457,26.787,26.437,26.627,661930
601318.SH,2024-07-04,34.569,34.869,34.269,34.289,324851
601857.SH,2024-07-04,9.64,9.78,9.64,9.7,1203807
601899.SH,2024-07-04,16.83,17.19,16.77,16.77,1762921
688981.SH,2024-07-04,46.1,46.87,46.03,46.16,21478638
000651.SZ,2024-07-05,29.688,29.918,28.878,29.378,390273
000858.SZ,2024-07-05,115.019,116.399,112.569,113.379,139413
002594.SZ,2024-07-05,78.341,78.785,76.911,77.961,95665
300750.SZ,2024-07-05,165.928,167.418,161.428,162.548,135247
510300.SH,2024-07-05,3.259,3.267,3.217,3.247,16363845
600036.SH,2024-07-05,28.722,28.842,27.672,27.892,967783
600276.SH,2024-07-05,37.861,39.701,37.501,39.431,493653
600519.SH,2024-07-05,1375.537,1389.717,1346.537,1349.537,38829
600900.SH,2024-07-05,26.807,26.807,26.087,26.557,1007631
601318.SH,2024-07-05,34.259,34.569,33.289,33.429,526718
601857.SH,2024-07-05,9.69,9.76,9.4,9.6,1650690
601899.SH,2024-07-05,16.77,17.26,16.71,17.24,1887476
688981.SH,2024-07-05,46.02,46.67,45.21,46.64,22988422
000651.SZ,2024-07-08,29.348,29.678,29.108,29.628,272603
000858.SZ,2024-07-08,113.409,113.629,109.649,110.339,207455
002594.SZ,2024-07-08,77.885,80.025,77.678,78.948,105375
300750.SZ,2024-07-08,160.938,163.298,159.938,160.838,108064
510300.SH,2024-07-08,3.24,3.247,3.215,3.223,9426255
600036.SH,2024-07-08,27.862,28.242,27.722,28.002,545730
600276.SH,2024-07-08,38.601,39.501,37.841,38.611,499868
600519.SH,2024-07-08,1339.537,1354.307,1315.677,1316.537,39527
600900.SH,2024-07-08,26.457,27.287,26.437,27.157,1008971
601318.SH,2024-07-08,33.209,33.669,32.989,33.149,339548
601857.SH,2024-07-08,9.5,9.81,9.47,9.73,1390778
601899.SH,2024-07-08,17.29,17.48,17.04,17.05,1491977
688981.SH,2024-07-08,46.55,47.3,46.35,46.7,23854412
000651.SZ,2024-07-09,29.658,30.138,29.408,30.058,301847
000858.SZ,2024-07-09,110.339,112.629,109.609,111.499,195404
002594.SZ,2024-07-09,79.018,81.788,77.788,81.485,140763
300750.SZ,2024-07-09,160.228,162.228,158.018,160.698,164439
510300.SH,2024-07-09,3.218,3.273,3.207,3.26,10688956
600036.SH,2024-07-09,28.002,28.562,27.732,28.482,621037
600276.SH,2024-07-09,38.521,38.881,37.411,38.391,401063
600519.SH,2024-07-09,1316.537,1351.427,1306.637,1334.567,33621
600900.SH,2024-07-09,27.147,27.567,27.047,27.547,857246
601318.SH,2024-07-09,33.139,33.899,32.769,33.829,381403
601857.SH,2024-07-09,9.72,9.75,9.59,9.7,1128519
601899.SH,2024-07-09,17.2,17.46,17.15,17.42,1649307
688981.SH,2024-07-09,46.55,48.56,46.55,48.16,36070397
000651.SZ,2024-07-10,30.058,30.228,29.338,29.558,295701
000858.SZ,2024-07-10,110.929,112.889,110.609,110.969,154572
002594.SZ,2024-07-10,81.448,82.795,81.118,81.451,109283
300750.SZ,2024-07-10,159.938,165.018,157.978,157.978,177729
510300.SH,2024-07-10,3.253,3.271,3.249,3.252,5792821
600036.SH,2024-07-10,28.482,29.012,28.462,28.692,726314
600276.SH,2024-07-10,38.401,39.191,38.281,38.811,202323
600519.SH,2024-07-10,1335.787,1362.417,1331.537,1334.127,23763
600900.SH,2024-07-10,27.517,27.657,27.107,27.337,765968
601318.SH,2024-07-10,33.379,34.239,33.379,34.169,361273
601857.SH,2024-07-10,9.68,9.72,9.37,9.39,1567584
601899.SH,2024-07-10,17.33,17.58,16.88,16.98,1508430
688981.SH,2024-07-10,47.88,48.3,47.7,47.99,19577257
000651.SZ,2024-07-11,29.858,30.458,29.698,30.358,333476
000858.SZ,2024-07-11,111.929,115.929,111.599,114.909,257796
002594.SZ,2024-07-11,82.285,82.705,81.178,81.638,100359
300750.SZ,2024-07-11,159.928,163.908,158.418,161.938,208111
510300.SH,2024-07-11,3.279,3.308,3.266,3.298,10524378
600036.SH,2024-07-11,29.064,29.114,28.774,28.884,732389
600276.SH,2024-07-11,39.191,40.541,38.701,40.001,379802
600519.SH,2024-07-11,1346.507,1365.537,1336.747,1358.627,29020
600900.SH,2024-07-11,27.367,27.437,26.937,27.427,747140
601318.SH,2024-07-11,34.579,34.799,34.219,34.249,375570
601857.SH,2024-07-11,9.41,9.53,9.31,9.52,1397590
601899.SH,2024-07-11,17.1,17.56,16.9,17.47,1558078
688981.SH,2024-07-11,48.47,49.22,48.11,48.27,29990758
000651.SZ,2024-07-12,30.178,30.728,30.058,30.548,336148
000858.SZ,2024-07-12,115.779,116.889,114.749,116.499,189387
002594.SZ,2024-07-12,81.791,85.285,81.248,84.825,188863
300750.SZ,2024-07-12,162.778,166.698,161.928,164.728,195505
510300.SH,2024-07-12,3.3,3.313,3.294,3.308,8723694
600036.SH,2024-07-12,28.994,30.064,28.994,29.984,944904
600276.SH,2024-07-12,40.44,41.1,40.08,40.87,315010
600519.SH,2024-07-12,1369.547,1382.937,1361.987,1375.357,23386
600900.SH,2024-07-12,27.397,27.537,27.037,27.117,681127
601318.SH,2024-07-12,34.309,35.169,34.309,34.989,495697
601857.SH,2024-07-12,9.49,9.64,9.33,9.39,1359351
601899.SH,2024-07-12,17.57,17.6,16.96,17.08,1390551
688981.SH,2024-07-12,47.9,48.83,47.42,48.64,22072814
000651.SZ,2024-07-15,30.538,30.668,30.088,30.308,211502
000858.SZ,2024-07-15,116.099,118.459,115.679,116.599,119738
002594.SZ,2024-07-15,84.718,85.551,84.155,84.521,98716
300750.SZ,2024-07-15,163.228,164.878,162.038,163.048,114697
510300.SH,2024-07-15,3.3,3.32,3.297,3.315,12550082
600036.SH,2024-07-15,29.984,30.034,29.704,29.764,474604
600276.SH,2024-07-15,40.6,40.89,40.06,40.38,207110
600519.SH,2024-07-15,1366.537,1384.537,1366.537,1371.437,19176
600900.SH,2024-07-15,27.027,27.737,26.897,27.667,787955
601318.SH,2024-07-15,34.909,35.289,34.789,34.839,354848
601857.SH,2024-07-15,9.3,9.56,9.2,9.53,1534145
601899.SH,2024-07-15,17.1,17.55,17.03,17.42,1269890
688981.SH,2024-07-15,48.68,49.36,48.65,48.94,20087697
000651.SZ,2024-07-16,30.328,30.428,29.808,30.158,252866
000858.SZ,2024-07-16,115.829,117.199,114.899,116.579,154689
002594.SZ,2024-07-16,84.155,84.685,82.735,83.615,117588
300750.SZ,2024-07-16,162.428,165.428,162.228,164.228,151487
510300.SH,2024-07-16,3.309,3.344,3.306,3.34,16125087
600036.SH,2024-07-16,29.744,29.874,29.444,29.774,455793
600276.SH,2024-07-16,40.25,40.66,40.02,40.55,226268
600519.SH,2024-07-16,1372.537,1378.537,1361.587,1372.537,20316
600900.SH,2024-07-16,27.737,28.107,27.487,28.037,689249
601318.SH,2024-07-16,34.309,34.419,32.989,33.499,939985
601857.SH,2024-07-16,9.5,9.62,9.42,9.57,1114836
601899.SH,2024-07-16,17.38,17.84,17.38,17.81,1345955
688981.SH,2024-07-16,48.7,49.28,47.93,49.2,30553937
000651.SZ,2024-07-17,29.978,30.218,29.478,30.088,323609
000858.SZ,2024-07-17,116.099,120.089,115.469,119.859,228842
002594.SZ,2024-07-17,83.618,84.458,82.825,83.788,105192
300750.SZ,2024-07-17,162.928,167.588,160.868,165.818,185901
510300.SH,2024-07-17,3.338,3.359,3.329,3.345,22565644
600036.SH,2024-07-17,29.684,30.174,29.634,30.054,577954
600276.SH,2024-07-17,40.18,41.75,40.1,41.34,356832
600519.SH,2024-07-17,1372.637,1399.537,1366.557,1397.937,34311
600900.SH,2024-07-17,27.987,28.187,27.797,28.037,740569
601318.SH,2024-07-17,33.559,34.729,33.559,34.599,778406
601857.SH,2024-07-17,9.52,9.56,9.11,9.15,2139500
601899.SH,2024-07-17,18.1,18.14,16.97,17.07,2171674
688981.SH,2024-07-17,49.08,49.1,48.36,48.36,23186559
000651.SZ,2024-07-18,29.908,31.088,29.788,31.038,424681
000858.SZ,2024-07-18,119.139,122.099,119.129,120.199,185917
002594.SZ,2024-07-18,83.251,84.918,83.121,84.428,95322
300750.SZ,2024-07-18,164.928,174.028,164.608,173.278,319944
510300.SH,2024-07-18,3.33,3.368,3.321,3.366,19611815
600036.SH,2024-07-18,30.054,30.234,29.744,30.074,598627
600276.SH,2024-07-18,41.4,42.02,41.3,41.75,307122
600519.SH,2024-07-18,1396.037,1411.537,1389.067,1394.047,28870
600900.SH,2024-07-18,27.987,28.677,27.957,28.597,999956
601318.SH,2024-07-18,34.499,34.949,34.269,34.679,513624
601857.SH,2024-07-18,9.18,9.28,9.07,9.26,1486272
601899.SH,2024-07-18,16.84,17.09,16.57,17.05,1491777
688981.SH,2024-07-18,47.33,49.1,47.06,48.75,29143685
000651.SZ,2024-07-19,30.948,30.978,30.478,30.928,254267
000858.SZ,2024-07-19,119.779,122.589,118.879,122.519,190244
002594.SZ,2024-07-19,84.118,85.951,83.865,85.305,136214
300750.SZ,2024-07-19,171.278,175.018,171.128,174.368,208476
510300.SH,2024-07-19,3.354,3.395,3.341,3.389,31696626
600036.SH,2024-07-19,29.984,30.284,29.574,30.234,810072
600276.SH,2024-07-19,41.68,42.08,41.53,41.83,277511
600519.SH,2024-07-19,1387.347,1425.717,1380.547,1422.157,38943
600900.SH,2024-07-19,28.557,28.777,28.337,28.637,1124175
601318.SH,2024-07-19,34.679,35.459,34.509,35.339,610775
601857.SH,2024-07-19,9.16,9.17,8.94,9.03,1876459
601899.SH,2024-07-19,16.4,16.65,15.71,16.54,2386172
688981.SH,2024-07-19,48.5,51.35,48.34,51.2,60862371
000651.SZ,2024-07-22,30.878,31.078,30.388,30.538,242172
000858.SZ,2024-07-22,122.499,123.049,120.099,120.319,156429
002594.SZ,2024-07-22,85.318,87.318,85.318,85.821,100750
300750.SZ,2024-07-22,176.118,179.108,172.328,174.448,171683
510300.SH,2024-07-22,3.384,3.387,3.34,3.36,17163073
600036.SH,2024-07-22,30.154,30.154,29.074,29.324,808206
600276.SH,2024-07-22,41.82,42.7,41.45,42.37,325703
600519.SH,2024-07-22,1421.567,1426.517,1388.187,1395.537,28543
600900.SH,2024-07-22,28.637,28.657,27.757,28.437,974276
601318.SH,2024-07-22,35.409,35.529,34.949,35.309,440562
601857.SH,2024-07-22,8.92,8.92,8.54,8.69,2576414
601899.SH,2024-07-22,16.35,16.44,15.81,16.2,1929751
688981.SH,2024-07-22,50.9,51.45,50.65,50.98,30557978
000651.SZ,2024-07-23,30.508,30.588,29.778,29.778,234763
000858.SZ,2024-07-23,120.109,120.609,115.899,115.899,197564
002594.SZ,2024-07-23,85.615,85.755,81.618,81.695,167410
300750.SZ,2024-07-23,173.938,174.628,171.128,171.128,119031
510300.SH,2024-07-23,3.355,3.36,3.287,3.29,9195337
600036.SH,2024-07-23,29.324,29.694,29.214,29.324,538755
600276.SH,2024-07-23,42.33,42.42,40.95,41.01,366897
600519.SH,2024-07-23,1395.537,1397.537,1351.537,1351.537,30944
600900.SH,2024-07-23,28.457,28.857,28.337,28.727,901448
601318.SH,2024-07-23,35.269,35.539,35.089,35.099,459790
601857.SH,2024-07-23,8.64,8.69,8.56,8.57,1444746
601899.SH,2024-07-23,16.18,16.32,15.1,15.12,2354732
688981.SH,2024-07-23,51.0,51.35,49.18,49.28,33454365
000651.SZ,2024-07-24,29.748,29.778,28.678,28.838,370313
000858.SZ,2024-07-24,115.679,116.799,114.599,115.159,143650
002594.SZ,2024-07-24,81.695,82.335,80.115,80.615,118640
300750.SZ,2024-07-24,170.928,174.018,170.318,171.248,144681
510300.SH,2024-07-24,3.284,3.298,3.255,3.268,14910835
600036.SH,2024-07-24,29.434,29.564,29.014,29.164,482453
600276.SH,2024-07-24,40.89,41.66,40.8,41.0,200352
600519.SH,2024-07-24,1346.737,1360.237,1331.537,1336.557,24123
600900.SH,2024-07-24,28.727,29.247,28.597,29.097,882811
601318.SH,2024-07-24,35.109,35.339,34.659,34.869,386095
601857.SH,2024-07-24,8.56,8.7,8.48,8.62,1718396
601899.SH,2024-07-24,15.05,15.35,15.0,15.13,1368096
688981.SH,2024-07-24,49.34,49.89,48.7,48.85,24558222
000651.SZ,2024-07-25,28.758,29.248,28.418,29.068,265089
000858.SZ,2024-07-25,114.199,115.759,114.199,114.879,118141
002594.SZ,2024-07-25,80.608,82.131,79.785,80.748,101104
300750.SZ,2024-07-25,171.048,175.658,169.988,172.658,205959
510300.SH,2024-07-25,3.253,3.265,3.23,3.248,20455525
600036.SH,2024-07-25,29.204,29.304,28.354,28.814,762079
600276.SH,2024-07-25,40.82,41.48,40.3,41.06,219080
600519.SH,2024-07-25,1336.557,1344.537,1316.547,1327.027,28347
600900.SH,2024-07-25,29.127,29.337,28.427,28.887,977369
601318.SH,2024-07-25,34.799,35.129,34.539,34.879,440474
601857.SH,2024-07-25,8.61,8.61,8.19,8.22,2261720
601899.SH,2024-07-25,14.68,14.84,13.98,14.03,2882152
688981.SH,2024-07-25,48.6,49.53,48.11,48.7,20679953
000651.SZ,2024-07-26,30.668,31.608,30.578,31.508,938741
000858.SZ,2024-07-26,115.099,116.479,114.199,115.299,114215
002594.SZ,2024-07-26,81.608,83.161,81.001,82.268,124842
300750.SZ,2024-07-26,174.928,178.228,172.978,174.278,233477
510300.SH,2024-07-26,3.249,3.272,3.241,3.263,13579703
600036.SH,2024-07-26,28.784,29.024,28.094,28.354,601462
600276.SH,2024-07-26,41.06,41.18,40.19,40.67,221158
600519.SH,2024-07-26,1327.027,1334.257,1307.437,1318.727,32354
600900.SH,2024-07-26,28.767,28.767,27.787,28.207,1149553
601318.SH,2024-07-26,34.944,35.494,34.544,34.884,510378
601857.SH,2024-07-26,8.19,8.28,8.08,8.16,1659726
601899.SH,2024-07-26,14.15,14.69,14.11,14.45,1753896
688981.SH,2024-07-26,48.68,49.76,48.6,49.75,18069479
000651.SZ,2024-07-29,31.748,32.028,31.178,31.508,354714
000858.SZ,2024-07-29,115.099,115.799,113.199,113.199,139364
002594.SZ,2024-07-29,82.627,82.651,80.511,81.351,78859
300750.SZ,2024-07-29,171.928,171.928,164.928,169.458,213624
510300.SH,2024-07-29,3.259,3.261,3.242,3.243,5949376
600036.SH,2024-07-29,28.364,28.634,28.184,28.434,413475
600276.SH,2024-07-29,40.62,40.96,39.99,40.09,234789
600519.SH,2024-07-29,1311.537,1318.527,1294.537,1294.557,30869
600900.SH,2024-07-29,28.017,28.457,27.567,28.257,751623
601318.SH,2024-07-29,34.874,35.424,34.804,35.114,305650
601857.SH,2024-07-29,8.09,8.22,8.01,8.2,1309562
601899.SH,2024-07-29,14.6,14.88,14.36,14.71,1439936
688981.SH,2024-07-29,49.59,49.98,46.53,46.7,36994124
000651.SZ,2024-07-30,31.378,31.398,30.338,30.668,374062
000858.SZ,2024-07-30,112.099,113.399,110.579,112.389,207253
002594.SZ,2024-07-30,80.847,80.917,78.857,79.621,110393
300750.SZ,2024-07-30,168.148,170.258,168.148,169.818,127252
510300.SH,2024-07-30,3.235,3.235,3.206,3.22,15250861
600036.SH,2024-07-30,28.384,28.574,28.134,28.404,390782
600276.SH,2024-07-30,40.1,40.26,39.22,39.6,242615
600519.SH,2024-07-30,1282.517,1286.807,1257.837,1276.527,51779
600900.SH,2024-07-30,28.227,28.517,27.937,28.167,606823
601318.SH,2024-07-30,35.074,35.244,34.854,35.124,296922
601857.SH,2024-07-30,8.12,8.12,7.84,7.84,2183524
601899.SH,2024-07-30,14.57,14.61,14.33,14.51,1253231
688981.SH,2024-07-30,46.68,47.88,46.6,47.6,22118392
000651.SZ,2024-07-31,30.538,31.888,30.368,31.698,435185
000858.SZ,2024-07-31,111.779,117.279,111.759,115.959,260579
002594.SZ,2024-07-31,79.187,80.991,79.174,80.667,87490
300750.SZ,2024-07-31,166.928,171.808,166.928,171.238,198969
510300.SH,2024-07-31,3.22,3.299,3.216,3.297,15389083
600036.SH,2024-07-31,28.404,28.984,28.234,28.714,595370
600276.SH,2024-07-31,39.59,41.96,39.3,41.81,395724
600519.SH,2024-07-31,1269.637,1323.807,1269.637,1317.817,43272
600900.SH,2024-07-31,28.107,28.127,27.537,27.917,944332
601318.SH,2024-07-31,35.134,36.394,35.044,36.354,580878
601857.SH,2024-07-31,7.81,8.05,7.8,8.03,2009305
601899.SH,2024-07-31,14.59,15.26,14.57,15.18,1901638
688981.SH,2024-07-31,47.51,49.2,47.5,49.1,20714313
000651.SZ,2024-08-01,31.498,32.648,31.498,32.298,426966
000858.SZ,2024-08-01,115.969,116.049,112.979,113.099,174739
002594.SZ,2024-08-01,80.984,81.231,78.317,79.717,103635
300750.SZ,2024-08-01,169.928,170.928,165.028,165.228,230127
510300.SH,2024-08-01,3.291,3.304,3.27,3.272,7965404
600036.SH,2024-08-01,28.714,28.834,28.254,28.694,409139
600276.SH,2024-08-01,41.79,42.1,41.35,41.55,174313
600519.SH,2024-08-01,1314.537,1316.537,1281.237,1282.697,32038
600900.SH,2024-08-01,27.707,28.397,27.657,28.177,684859
601318.SH,2024-08-01,36.214,36.644,36.054,36.304,325140
601857.SH,2024-08-01,8.13,8.23,8.01,8.09,1600745
601899.SH,2024-08-01,15.48,15.68,15.08,15.23,1496890
688981.SH,2024-08-01,48.99,49.79,48.9,49.11,16189340
000651.SZ,2024-08-02,32.168,32.708,31.768,32.328,305269
000858.SZ,2024-08-02,112.099,113.619,111.979,112.799,99502
002594.SZ,2024-08-02,78.981,79.071,76.517,76.577,145671
300750.SZ,2024-08-02,163.928,164.928,161.668,162.018,154937
510300.SH,2024-08-02,3.249,3.272,3.23,3.236,12997733
600036.SH,2024-08-02,28.404,28.584,28.214,28.264,386130
600276.SH,2024-08-02,41.49,42.58,41.4,41.77,255820
600519.SH,2024-08-02,1270.137,1293.507,1270.137,1281.987,21928
600900.SH,2024-08-02,28.057,28.377,27.857,28.297,577750
601318.SH,2024-08-02,36.024,36.204,35.494,35.614,331373
601857.SH,2024-08-02,7.93,7.97,7.84,7.92,1346720
601899.SH,2024-08-02,14.91,14.91,14.3,14.56,2143937
688981.SH,2024-08-02,48.61,49.22,48.1,48.42,19364443
000651.SZ,2024-08-05,32.278,33.468,32.228,32.788,614862
000858.SZ,2024-08-05,112.799,117.099,112.699,115.099,241892
002594.SZ,2024-08-05,75.264,77.207,74.987,75.377,105268
300750.SZ,2024-08-05,159.938,165.118,159.928,161.928,193477
510300.SH,2024-08-05,3.22,3.263,3.196,3.197,20183109
600036.SH,2024-08-05,28.184,28.504,28.034,28.084,584420
600276.SH,2024-08-05,41.77,43.18,41.71,42.25,323588
600519.SH,2024-08-05,1285.417,1322.537,1282.057,1306.547,37736
600900.SH,2024-08-05,28.147,28.257,27.907,27.957,631031
601318.SH,2024-08-05,35.494,36.334,35.484,35.794,430509
601857.SH,2024-08-05,7.71,7.81,7.45,7.48,2933268
601899.SH,2024-08-05,14.17,14.63,14.06,14.23,1791191
688981.SH,2024-08-05,47.95,48.48,47.0,47.29,23308540
000651.SZ,2024-08-06,32.788,33.168,31.968,32.358,356468
000858.SZ,2024-08-06,115.619,117.099,114.479,114.999,153473
002594.SZ,2024-08-06,76.317,76.524,73.644,74.631,129102
300750.SZ,2024-08-06,163.338,164.318,158.638,159.878,157687
510300.SH,2024-08-06,3.217,3.227,3.17,3.197,12936275
600036.SH,2024-08-06,28.344,28.374,27.494,27.684,514389
600276.SH,2024-08-06,42.23,42.78,42.08,42.51,217715
600519.SH,2024-08-06,1318.537,1320.537,1290.547,1301.237,27444
600900.SH,2024-08-06,27.957,28.147,27.357,27.517,936574
601318.SH,2024-08-06,36.164,36.274,34.434,34.694,634343
601857.SH,2024-08-06,7.54,7.63,7.48,7.55,1358304
601899.SH,2024-08-06,14.3,14.38,13.76,13.95,1753033
688981.SH,2024-08-06,47.7,47.96,46.3,47.27,17710337
000651.SZ,2024-08-07,32.258,32.378,31.738,32.148,261813
000858.SZ,2024-08-07,115.099,116.679,114.399,116.099,132591
002594.SZ,2024-08-07,74.664,75.317,73.807,74.634,82022
300750.SZ,2024-08-07,159.878,161.158,158.598,158.598,127540
510300.SH,2024-08-07,3.19,3.214,3.18,3.19,6125438
600036.SH,2024-08-07,27.714,27.884,27.534,27.564,390732
600276.SH,2024-08-07,42.48,42.49,41.71,41.75,177293
600519.SH,2024-08-07,1302.037,1318.527,1294.837,1312.037,20622
600900.SH,2024-08-07,27.427,28.107,27.427,27.807,676411
601318.SH,2024-08-07,34.714,34.904,34.474,34.494,299781
601857.SH,2024-08-07,7.5,7.78,7.44,7.65,1577568
601899.SH,2024-08-07,13.85,14.26,13.8,14.08,1166018
688981.SH,2024-08-07,47.4,47.56,47.1,47.22,8737759
000651.SZ,2024-08-08,32.138,32.428,31.938,32.158,226216
000858.SZ,2024-08-08,115.579,118.769,115.049,117.449,200131
002594.SZ,2024-08-08,74.251,74.251,72.817,73.801,85357
300750.SZ,2024-08-08,157.938,158.528,155.048,157.328,146590
510300.SH,2024-08-08,3.185,3.218,3.172,3.194,8541072
600036.SH,2024-08-08,27.594,27.964,27.364,27.914,394600
600276.SH,2024-08-08,41.71,42.49,41.71,42.18,164887
600519.SH,2024-08-08,1307.537,1344.717,1305.537,1327.227,25131
600900.SH,2024-08-08,27.807,28.067,27.677,27.837,467605
601318.SH,2024-08-08,34.544,34.944,34.204,34.614,236432
601857.SH,2024-08-08,7.71,7.78,7.6,7.61,992500
601899.SH,2024-08-08,13.94,13.95,13.63,13.81,1171024
688981.SH,2024-08-08,47.01,47.9,46.76,47.48,12573162
000651.SZ,2024-08-09,32.158,32.398,31.898,31.978,189369
000858.SZ,2024-08-09,118.599,119.099,116.839,117.179,158468
002594.SZ,2024-08-09,74.337,76.944,74.331,75.524,119852
300750.SZ,2024-08-09,158.528,159.798,154.928,154.928,154130
510300.SH,2024-08-09,3.205,3.219,3.181,3.182,6040536
600036.SH,2024-08-09,27.954,28.564,27.794,28.314,482748
600276.SH,2024-08-09,42.3,42.9,42.01,42.02,155984
600519.SH,2024-08-09,1356.567,1365.537,1333.337,1333.337,30138
600900.SH,2024-08-09,27.767,27.847,27.427,27.597,596901
601318.SH,2024-08-09,34.784,35.034,34.404,34.404,261785
601857.SH,2024-08-09,7.64,7.84,7.62,7.8,1599886
601899.SH,2024-08-09,14.08,14.36,14.01,14.04,1401626
688981.SH,2024-08-09,49.5,49.81,48.47,48.49,27180510
000651.SZ,2024-08-12,31.788,32.428,31.748,32.008,174851
000858.SZ,2024-08-12,116.599,117.589,116.219,116.809,73108
002594.SZ,2024-08-12,75.654,76.147,74.817,75.117,53779
300750.SZ,2024-08-12,155.498,156.048,151.728,153.928,174156
510300.SH,2024-08-12,3.18,3.191,3.172,3.178,5102200
600036.SH,2024-08-12,28.284,28.324,27.914,28.104,318943
600276.SH,2024-08-12,41.82,43.56,41.81,43.23,332835
600519.SH,2024-08-12,1326.537,1339.537,1323.117,1332.637,13632
600900.SH,2024-08-12,27.617,27.767,27.177,27.237,510891
601318.SH,2024-08-12,34.324,34.524,34.104,34.414,152199
601857.SH,2024-08-12,7.79,7.86,7.73,7.77,909479
601899.SH,2024-08-12,14.0,14.19,13.94,14.06,636356
688981.SH,2024-08-12,48.35,48.98,48.0,48.78,14457335
000651.SZ,2024-08-13,32.058,32.128,31.408,31.908,194762
000858.SZ,2024-08-13,116.689,117.059,114.219,114.699,124517
002594.SZ,2024-08-13,75.104,75.114,73.651,74.561,60437
300750.SZ,2024-08-13,153.818,159.888,153.308,158.708,193893
510300.SH,2024-08-13,3.18,3.187,3.161,3.183,6958063
600036.SH,2024-08-13,28.084,28.214,27.744,27.924,282378
600276.SH,2024-08-13,43.2,43.2,42.0,42.27,227236
600519.SH,2024-08-13,1329.537,1331.537,1308.547,1319.547,16308
600900.SH,2024-08-13,27.337,27.437,27.117,27.317,461630
601318.SH,2024-08-13,34.414,34.604,34.304,34.574,166506
601857.SH,2024-08-13,7.85,7.94,7.75,7.85,1261015
601899.SH,2024-08-13,14.36,14.43,14.0,14.24,1412879
688981.SH,2024-08-13,48.8,49.2,48.74,49.2,14211885
000651.SZ,2024-08-14,31.908,31.998,31.498,31.798,129686
000858.SZ,2024-08-14,114.599,114.689,112.989,113.429,94947
002594.SZ,2024-08-14,74.517,74.517,73.384,73.851,56330
300750.SZ,2024-08-14,157.918,159.378,156.648,157.138,99663
510300.SH,2024-08-14,3.184,3.184,3.158,3.159,5610998
600036.SH,2024-08-14,27.884,28.124,27.794,27.844,282446
600276.SH,2024-08-14,42.55,42.58,41.69,42.1,141847
600519.SH,2024-08-14,1319.547,1321.437,1308.557,1309.837,13414
600900.SH,2024-08-14,27.347,27.907,27.087,27.607,678626
601318.SH,2024-08-14,34.604,34.734,34.284,34.284,206504
601857.SH,2024-08-14,7.77,7.85,7.72,7.84,780732
601899.SH,2024-08-14,14.25,14.32,14.05,14.1,665068
688981.SH,2024-08-14,49.3,49.46,48.8,48.95,13024239
000651.SZ,2024-08-15,31.738,32.518,31.528,32.198,260145
000858.SZ,2024-08-15,113.119,115.249,112.959,114.049,111623
002594.SZ,2024-08-15,73.841,75.817,73.277,75.481,88545
300750.SZ,2024-08-15,156.928,159.528,156.218,158.328,144812
510300.SH,2024-08-15,3.154,3.212,3.15,3.197,19046381
600036.SH,2024-08-15,27.834,28.904,27.634,28.744,739790
600276.SH,2024-08-15,41.98,43.25,41.92,42.52,214247
600519.SH,2024-08-15,1301.567,1332.527,1300.487,1323.427,23039
600900.SH,2024-08-15,27.597,28.027,27.457,27.857,598896
601318.SH,2024-08-15,34.304,35.464,34.014,35.114,534167
601857.SH,2024-08-15,7.81,7.97,7.77,7.92,1139332
601899.SH,2024-08-15,13.98,14.33,13.91,14.28,914645
688981.SH,2024-08-15,48.61,49.75,48.56,49.68,18511967
000651.SZ,2024-08-16,32.328,32.828,32.128,32.698,235086
000858.SZ,2024-08-16,113.599,114.469,112.679,114.109,97267
002594.SZ,2024-08-16,75.687,77.757,75.151,76.687,102219
300750.SZ,2024-08-16,158.328,160.928,157.808,158.548,111506
510300.SH,2024-08-16,3.193,3.211,3.187,3.199,16407617
600036.SH,2024-08-16,28.734,29.234,28.704,29.134,418503
600276.SH,2024-08-16,42.2,42.81,41.9,42.72,156943
600519.SH,2024-08-16,1323.327,1332.457,1313.547,1327.737,16455
600900.SH,2024-08-16,27.877,27.937,27.587,27.677,509499
601318.SH,2024-08-16,35.114,35.544,35.044,35.404,269574
601857.SH,2024-08-16,7.94,8.11,7.93,8.07,1268546
601899.SH,2024-08-16,14.48,14.88,14.48,14.57,1508291
688981.SH,2024-08-16,49.63,49.73,49.07,49.46,11840255
000651.SZ,2024-08-19,32.498,33.068,32.088,32.418,249513
000858.SZ,2024-08-19,114.099,116.099,112.999,113.049,138759
002594.SZ,2024-08-19,76.734,77.977,76.654,76.791,70182
300750.SZ,2024-08-19,158.278,162.868,158.078,160.528,140358
510300.SH,2024-08-19,3.198,3.233,3.196,3.208,7478253
600036.SH,2024-08-19,29.234,29.484,29.014,29.404,422843
600276.SH,2024-08-19,42.81,43.2,41.37,41.71,239673
600519.SH,2024-08-19,1328.537,1355.417,1321.537,1321.977,20433
600900.SH,2024-08-19,27.647,27.917,27.627,27.787,427982
601318.SH,2024-08-19,35.404,35.964,35.384,35.864,287912
601857.SH,2024-08-19,8.04,8.18,7.99,8.13,1056188
601899.SH,2024-08-19,14.76,15.19,14.7,14.92,1364561
688981.SH,2024-08-19,49.49,49.98,49.14,49.46,10659070
000651.SZ,2024-08-20,32.418,32.738,31.988,32.638,236226
000858.SZ,2024-08-20,113.049,113.099,111.759,112.249,109852
002594.SZ,2024-08-20,76.984,77.427,76.127,77.144,62484
300750.SZ,2024-08-20,159.928,160.928,158.588,159.798,84370
510300.SH,2024-08-20,3.213,3.215,3.177,3.192,15944748
600036.SH,2024-08-20,29.434,29.584,29.144,29.464,423729
600276.SH,2024-08-20,41.7,41.98,41.4,41.85,153987
600519.SH,2024-08-20,1326.437,1326.467,1310.537,1319.257,18591
600900.SH,2024-08-20,27.817,27.897,27.487,27.707,461304
601318.SH,2024-08-20,35.944,35.964,35.494,35.714,293763
601857.SH,2024-08-20,8.1,8.15,7.87,7.95,1405325
601899.SH,2024-08-20,15.02,15.02,14.59,14.75,890530
688981.SH,2024-08-20,49.46,49.59,48.47,48.75,14270864
000651.SZ,2024-08-21,32.478,32.858,32.188,32.508,187463
000858.SZ,2024-08-21,111.899,112.239,111.199,111.299,97108
002594.SZ,2024-08-21,76.537,79.361,75.651,78.651,111043
300750.SZ,2024-08-21,158.928,160.338,156.928,158.938,111474
510300.SH,2024-08-21,3.18,3.195,3.163,3.177,10553698
600036.SH,2024-08-21,29.284,29.414,28.804,29.224,378101
600276.SH,2024-08-21,41.79,42.4,41.64,41.91,162313
600519.SH,2024-08-21,1316.537,1324.517,1312.227,1314.117,15092
600900.SH,2024-08-21,27.717,27.847,27.287,27.807,471910
601318.SH,2024-08-21,35.774,35.874,35.204,35.764,236174
601857.SH,2024-08-21,7.9,7.99,7.86,7.99,845655
601899.SH,2024-08-21,14.76,14.95,14.63,14.86,822393
688981.SH,2024-08-21,48.75,48.98,47.76,47.78,14246889
000651.SZ,2024-08-22,32.678,33.068,32.468,32.938,324861
000858.SZ,2024-08-22,111.309,111.489,109.059,110.089,185285
002594.SZ,2024-08-22,78.651,79.241,78.191,78.491,62488
300750.SZ,2024-08-22,159.908,164.898,159.228,163.728,199011
510300.SH,2024-08-22,3.179,3.184,3.16,3.168,12504794
600036.SH,2024-08-22,29.264,29.534,29.164,29.284,382864
600276.SH,2024-08-22,42.81,43.87,42.23,43.53,537348
600519.SH,2024-08-22,1312.537,1316.537,1296.547,1306.587,19527
600900.SH,2024-08-22,27.757,28.357,27.747,28.297,779380
601318.SH,2024-08-22,35.754,36.044,35.434,35.504,304977
601857.SH,2024-08-22,7.94,8.0,7.87,7.96,878913
601899.SH,2024-08-22,14.86,14.9,14.65,14.87,746208
688981.SH,2024-08-22,47.6,47.85,46.03,46.54,23463783
000651.SZ,2024-08-23,32.948,33.858,32.798,33.718,457705
000858.SZ,2024-08-23,109.699,111.199,109.619,110.209,88988
002594.SZ,2024-08-23,78.251,78.751,77.701,78.097,49786
300750.SZ,2024-08-23,161.928,167.448,161.928,166.728,184152
510300.SH,2024-08-23,3.16,3.194,3.16,3.182,8203428
600036.SH,2024-08-23,29.254,29.834,29.054,29.684,465587
600276.SH,2024-08-23,43.28,43.55,42.68,43.22,277509
600519.SH,2024-08-23,1304.537,1320.037,1302.657,1311.527,15320
600900.SH,2024-08-23,28.327,28.377,27.857,27.967,546112
601318.SH,2024-08-23,35.834,37.254,35.724,37.144,994234
601857.SH,2024-08-23,7.98,8.15,7.92,7.99,959815
601899.SH,2024-08-23,14.67,14.79,14.6,14.76,750786
688981.SH,2024-08-23,46.5,47.2,46.12,47.13,13026643
000651.SZ,2024-08-26,33.858,33.978,33.358,33.748,347870
000858.SZ,2024-08-26,110.079,110.969,107.139,107.219,204010
002594.SZ,2024-08-26,78.151,79.317,77.554,78.121,56513
300750.SZ,2024-08-26,166.828,169.488,165.928,168.848,148387
510300.SH,2024-08-26,3.184,3.196,3.167,3.183,14006799
600036.SH,2024-08-26,29.684,29.824,29.454,29.754,351175
600276.SH,2024-08-26,43.21,43.4,42.4,42.92,245225
600519.SH,2024-08-26,1313.537,1320.397,1299.687,1308.537,15628
600900.SH,2024-08-26,27.967,28.107,27.537,27.877,496396
601318.SH,2024-08-26,37.254,37.434,36.844,37.144,475806
601857.SH,2024-08-26,8.07,8.15,7.98,8.11,1137326
601899.SH,2024-08-26,15.01,15.08,14.65,14.91,1461883
688981.SH,2024-08-26,47.12,47.45,46.88,47.35,8983580
000651.SZ,2024-08-27,33.708,33.708,33.308,33.448,314714
000858.SZ,2024-08-27,106.799,107.299,104.649,106.799,156609
002594.SZ,2024-08-27,77.487,78.744,77.151,78.584,50926
300750.SZ,2024-08-27,167.448,169.418,166.428,168.428,99770
510300.SH,2024-08-27,3.176,3.179,3.156,3.166,12142201
600036.SH,2024-08-27,29.754,29.924,29.514,29.684,387209
600276.SH,2024-08-27,42.87,43.58,42.71,43.2,226268
600519.SH,2024-08-27,1308.537,1309.537,1297.647,1300.607,13657
600900.SH,2024-08-27,27.817,27.957,27.637,27.857,350605
601318.SH,2024-08-27,37.074,37.344,36.754,36.944,339647
601857.SH,2024-08-27,8.17,8.41,8.11,8.38,2174500
601899.SH,2024-08-27,14.85,14.95,14.55,14.77,899167
688981.SH,2024-08-27,47.3,47.35,46.54,46.72,11060111
000651.SZ,2024-08-28,33.462,33.512,32.372,32.812,405557
000858.SZ,2024-08-28,106.099,106.099,102.019,103.099,247292
002594.SZ,2024-08-28,78.407,78.411,75.917,77.267,89041
300750.SZ,2024-08-28,167.728,168.618,166.208,167.748,106390
510300.SH,2024-08-28,3.159,3.166,3.134,3.146,19955803
600036.SH,2024-08-28,29.814,29.964,29.424,29.664,415232
600276.SH,2024-08-28,43.2,43.68,42.75,43.1,206227
600519.SH,2024-08-28,1300.607,1302.537,1271.537,1285.537,31664
600900.SH,2024-08-28,27.847,28.157,27.757,27.877,496902
601318.SH,2024-08-28,37.034,37.174,36.724,36.984,348395
601857.SH,2024-08-28,8.31,8.41,8.18,8.24,1360484
601899.SH,2024-08-28,14.8,14.94,14.33,14.52,1302750
688981.SH,2024-08-28,46.8,47.66,46.69,47.36,9252275
000651.SZ,2024-08-29,32.802,33.462,32.792,32.822,277056
000858.SZ,2024-08-29,104.599,109.389,104.229,107.879,300256
002594.SZ,2024-08-29,76.094,77.151,75.417,76.601,79385
300750.SZ,2024-08-29,164.098,167.918,164.098,165.728,156702
510300.SH,2024-08-29,3.138,3.151,3.129,3.136,15082477
600036.SH,2024-08-29,29.574,29.754,28.884,28.914,516388
600276.SH,2024-08-29,43.08,44.15,42.9,43.92,305230
600519.SH,2024-08-29,1276.537,1314.537,1276.537,1309.837,27472
600900.SH,2024-08-29,27.897,27.927,27.317,27.417,676036
601318.SH,2024-08-29,36.974,37.354,36.254,36.414,476945
601857.SH,2024-08-29,8.2,8.22,7.9,7.96,1458573
601899.SH,2024-08-29,14.45,14.69,14.31,14.63,807699
688981.SH,2024-08-29,47.15,47.62,46.99,47.26,10616556
000651.SZ,2024-08-30,32.672,34.392,32.372,33.712,470828
000858.SZ,2024-08-30,107.099,113.759,105.879,112.129,337798
002594.SZ,2024-08-30,77.644,82.247,77.404,81.457,193028
300750.SZ,2024-08-30,165.728,170.888,165.728,169.268,254292
510300.SH,2024-08-30,3.131,3.212,3.131,3.181,17858998
600036.SH,2024-08-30,28.784,29.094,28.104,28.134,1112230
600276.SH,2024-08-30,44.04,44.1,43.53,43.73,313280
600519.SH,2024-08-30,1309.537,1354.607,1301.537,1339.727,38739
600900.SH,2024-08-30,27.307,27.637,26.767,27.437,898493
601318.SH,2024-08-30,36.504,38.324,36.504,37.824,1100006
601857.SH,2024-08-30,7.96,8.1,7.86,7.99,1549532
601899.SH,2024-08-30,14.59,14.87,14.36,14.7,1442523
688981.SH,2024-08-30,46.85,48.48,46.71,48.24,21516765
000651.SZ,2024-09-02,33.812,34.592,33.622,34.062,432074
000858.SZ,2024-09-02,111.099,111.409,108.099,108.099,177555
002594.SZ,2024-09-02,80.991,81.791,78.651,78.684,101135
300750.SZ,2024-09-02,169.368,170.518,165.928,166.118,129852
510300.SH,2024-09-02,3.17,3.172,3.119,3.121,11333065
600036.SH,2024-09-02,27.984,28.364,27.824,27.914,558021
600276.SH,2024-09-02,43.61,43.97,42.62,43.5,258008
600519.SH,2024-09-02,1326.537,1334.537,1291.537,1291.537,34135
600900.SH,2024-09-02,27.087,27.867,27.077,27.767,733296
601318.SH,2024-09-02,37.674,37.964,37.244,37.244,513171
601857.SH,2024-09-02,7.91,8.13,7.76,8.07,1452108
601899.SH,2024-09-02,14.56,14.57,14.01,14.31,1299694
688981.SH,2024-09-02,48.04,48.2,46.71,46.78,15262960
000651.SZ,2024-09-03,34.022,34.842,34.022,34.642,297735
000858.SZ,2024-09-03,108.179,110.569,108.099,109.419,127984
002594.SZ,2024-09-03,78.451,80.801,78.451,80.677,101820
300750.SZ,2024-09-03,165.228,171.628,164.948,170.578,181969
510300.SH,2024-09-03,3.119,3.141,3.117,3.133,12935523
600036.SH,2024-09-03,27.994,28.064,27.384,27.604,505752
600276.SH,2024-09-03,43.48,44.8,43.32,44.18,316480
600519.SH,2024-09-03,1294.537,1311.517,1289.557,1306.537,17888
600900.SH,2024-09-03,27.707,27.847,27.107,27.167,667108
601318.SH,2024-09-03,37.404,37.414,36.874,37.004,368220
601857.SH,2024-09-03,8.04,8.1,7.73,7.77,1647423
601899.SH,2024-09-03,14.2,14.39,14.07,14.19,687861
688981.SH,2024-09-03,46.67,47.18,45.65,46.26,17009497
000651.SZ,2024-09-04,34.532,34.912,34.242,34.542,251925
000858.SZ,2024-09-04,108.429,109.899,108.129,108.209,84692
002594.SZ,2024-09-04,80.151,82.284,80.131,81.757,100606
300750.SZ,2024-09-04,170.248,173.928,169.778,172.078,165645
510300.SH,2024-09-04,3.12,3.132,3.11,3.112,6803058
600036.SH,2024-09-04,27.514,27.914,27.334,27.344,380526
600276.SH,2024-09-04,43.98,44.75,43.77,44.11,212577
600519.SH,2024-09-04,1298.537,1315.727,1296.277,1296.537,14211
600900.SH,2024-09-04,27.167,27.397,26.967,27.207,401535
601318.SH,2024-09-04,37.014,37.434,36.244,36.434,409949
601857.SH,2024-09-04,7.55,7.55,7.23,7.31,2342153
601899.SH,2024-09-04,13.75,13.8,13.26,13.38,2364363
688981.SH,2024-09-04,45.79,46.26,45.51,45.53,12154206
000651.SZ,2024-09-05,34.542,34.892,33.962,34.352,233588
000858.SZ,2024-09-05,108.199,108.979,107.599,108.649,82795
002594.SZ,2024-09-05,81.651,83.517,81.517,82.601,100126
300750.SZ,2024-09-05,172.078,174.478,170.728,171.728,123182
510300.SH,2024-09-05,3.115,3.129,3.109,3.119,16005558
600036.SH,2024-09-05,27.344,27.424,26.884,27.184,542063
600276.SH,2024-09-05,44.26,44.78,44.02,44.6,198639
600519.SH,2024-09-05,1297.037,1303.537,1293.537,1301.417,14503
600900.SH,2024-09-05,27.217,27.337,26.977,27.177,374874
601318.SH,2024-09-05,36.424,37.304,36.404,37.214,466511
601857.SH,2024-09-05,7.27,7.34,7.11,7.19,1653425
601899.SH,2024-09-05,13.45,13.67,13.23,13.38,1088422
688981.SH,2024-09-05,45.6,46.1,45.52,45.97,9670392
000651.SZ,2024-09-06,34.342,34.542,33.952,33.972,167399
000858.SZ,2024-09-06,108.599,108.599,106.599,106.629,77722
002594.SZ,2024-09-06,82.604,83.351,82.124,82.184,78142
300750.SZ,2024-09-06,171.048,173.428,170.328,170.878,75255
510300.SH,2024-09-06,3.124,3.134,3.089,3.091,7933157
600036.SH,2024-09-06,27.234,27.724,27.184,27.234,383182
600276.SH,2024-09-06,44.75,44.75,44.0,44.0,141476
600519.SH,2024-09-06,1301.537,1302.537,1294.537,1294.537,10321
600900.SH,2024-09-06,27.157,27.537,27.127,27.157,400538
601318.SH,2024-09-06,37.214,37.774,36.954,37.044,390258
601857.SH,2024-09-06,7.17,7.27,7.1,7.1,1110479
601899.SH,2024-09-06,13.54,13.71,13.4,13.46,981026
688981.SH,2024-09-06,46.02,46.08,45.08,45.08,10370876
000651.SZ,2024-09-09,33.962,33.962,32.842,32.912,305816
000858.SZ,2024-09-09,105.999,106.589,104.619,105.319,111587
002594.SZ,2024-09-09,81.477,82.971,81.177,81.644,70851
300750.SZ,2024-09-09,170.038,173.588,168.398,170.078,134754
510300.SH,2024-09-09,3.081,3.085,3.039,3.05,10188971
600036.SH,2024-09-09,26.964,26.974,26.024,26.224,871073
600276.SH,2024-09-09,44.0,45.02,43.9,44.15,256017
600519.SH,2024-09-09,1276.547,1290.247,1266.617,1271.537,28638
600900.SH,2024-09-09,27.287,27.487,27.117,27.407,633732
601318.SH,2024-09-09,36.874,37.044,36.344,36.474,401725
601857.SH,2024-09-09,7.05,7.06,6.77,6.88,1830158
601899.SH,2024-09-09,13.17,13.17,12.64,12.85,2328687
688981.SH,2024-09-09,44.81,45.45,44.63,44.87,9151976
000651.SZ,2024-09-10,32.912,33.292,32.832,33.012,169145
000858.SZ,2024-09-10,105.319,107.359,104.999,105.529,106050
002594.SZ,2024-09-10,81.651,82.584,81.191,81.534,61248
300750.SZ,2024-09-10,170.428,170.428,165.978,166.088,154244
510300.SH,2024-09-10,3.052,3.064,3.028,3.05,8666554
600036.SH,2024-09-10,26.234,26.414,25.924,26.174,476024
600276.SH,2024-09-10,44.0,44.3,43.31,44.08,199183
600519.SH,2024-09-10,1266.557,1289.537,1266.557,1274.537,19803
600900.SH,2024-09-10,27.367,27.547,27.007,27.207,580050
601318.SH,2024-09-10,36.544,36.844,36.084,36.454,293656
601857.SH,2024-09-10,6.91,7.01,6.88,6.96,1255347
601899.SH,2024-09-10,12.97,13.05,12.77,12.92,1095015
688981.SH,2024-09-10,44.88,45.09,43.95,44.84,12435144
000651.SZ,2024-09-11,32.872,33.592,32.572,33.102,234141
000858.SZ,2024-09-11,104.899,106.169,104.099,105.109,76591
002594.SZ,2024-09-11,81.651,85.184,81.464,84.351,155361
300750.SZ,2024-09-11,167.328,172.708,166.088,171.488,211971
510300.SH,2024-09-11,3.042,3.056,3.03,3.043,7808902
600036.SH,2024-09-11,26.124,26.184,25.914,26.064,415794
600276.SH,2024-09-11,43.9,45.15,43.71,45.03,291578
600519.SH,2024-09-11,1272.137,1282.417,1261.537,1276.537,20996
600900.SH,2024-09-11,27.207,27.207,25.707,25.857,1439497
601318.SH,2024-09-11,36.434,36.714,36.164,36.314,274074
601857.SH,2024-09-11,6.78,6.83,6.61,6.81,2023977
601899.SH,2024-09-11,12.85,12.95,12.66,12.9,1407423
688981.SH,2024-09-11,44.5,44.7,42.9,43.33,21176827
000651.SZ,2024-09-12,33.032,33.252,32.292,32.672,288480
000858.SZ,2024-09-12,105.099,105.479,102.459,102.459,169848
002594.SZ,2024-09-12,84.551,84.984,83.984,83.987,77251
300750.SZ,2024-09-12,172.928,177.088,171.638,174.278,207100
510300.SH,2024-09-12,3.048,3.061,3.03,3.032,6423793
600036.SH,2024-09-12,26.084,26.484,25.924,26.214,410267
600276.SH,2024-09-12,44.83,45.38,44.35,44.57,186578
600519.SH,2024-09-12,1276.537,1281.537,1231.447,1231.597,47948
600900.SH,2024-09-12,25.757,26.117,25.687,25.917,662191
601318.SH,2024-09-12,36.524,36.564,35.614,36.394,410839
601857.SH,2024-09-12,6.79,6.93,6.75,6.9,1331868
601899.SH,2024-09-12,12.94,13.09,12.77,12.9,1271389
688981.SH,2024-09-12,43.3,43.89,42.95,42.98,13516519
000651.SZ,2024-09-13,32.682,33.582,32.622,33.252,263329
000858.SZ,2024-09-13,102.399,102.399,98.299,98.299,311531
002594.SZ,2024-09-13,84.051,84.317,83.267,83.314,56992
300750.SZ,2024-09-13,173.808,173.808,168.428,168.428,172873
510300.SH,2024-09-13,3.034,3.046,3.016,3.017,8504681
600036.SH,2024-09-13,26.264,26.884,25.984,26.584,495974
600276.SH,2024-09-13,44.55,44.9,44.0,44.37,195097
600519.SH,2024-09-13,1227.537,1228.537,1193.837,1200.667,56005
600900.SH,2024-09-13,25.917,26.557,25.877,26.357,809732
601318.SH,2024-09-13,36.354,37.194,36.294,36.684,344396
601857.SH,2024-09-13,6.94,7.04,6.94,6.96,1297172
601899.SH,2024-09-13,13.29,13.61,13.22,13.38,2228887
688981.SH,2024-09-13,43.2,43.26,42.4,42.4,14155491
000651.SZ,2024-09-18,33.282,34.582,33.202,34.532,351814
000858.SZ,2024-09-18,97.349,98.669,96.309,96.789,177639
002594.SZ,2024-09-18,83.324,84.761,83.017,84.461,66820
300750.SZ,2024-09-18,168.528,172.358,168.218,171.328,113779
510300.SH,2024-09-18,3.016,3.04,3.004,3.027,12254391
600036.SH,2024-09-18,26.594,27.184,26.594,27.094,418540
600276.SH,2024-09-18,44.49,45.19,44.38,44.72,175079
600519.SH,2024-09-18,1196.537,1196.547,1163.197,1163.437,46185
600900.SH,2024-09-18,26.307,26.797,26.277,26.377,526236
601318.SH,2024-09-18,36.794,37.584,36.724,37.494,432638
601857.SH,2024-09-18,6.97,7.16,6.97,7.12,1174422
601899.SH,2024-09-18,13.68,13.92,13.55,13.74,1687917
688981.SH,2024-09-18,42.68,43.47,42.5,43.17,15417352
000651.SZ,2024-09-19,34.012,34.722,33.622,34.662,325759
000858.SZ,2024-09-19,96.829,101.959,95.429,99.999,318181
002594.SZ,2024-09-19,84.654,84.777,82.751,83.437,91043
300750.SZ,2024-09-19,171.928,173.148,168.528,171.828,157694
510300.SH,2024-09-19,3.032,3.075,3.005,3.054,16348870
600036.SH,2024-09-19,27.184,27.214,26.614,26.804,451191
600276.SH,2024-09-19,44.73,44.93,44.0,44.6,224012
600519.SH,2024-09-19,1158.537,1189.417,1142.367,1157.537,59988
600900.SH,2024-09-19,26.427,26.487,25.897,26.387,697997
601318.SH,2024-09-19,37.514,37.894,37.114,37.824,466500
601857.SH,2024-09-19,7.18,7.18,6.98,7.13,1153688
601899.SH,2024-09-19,13.81,14.16,13.47,14.1,1829002
688981.SH,2024-09-19,43.28,44.14,43.0,43.74,14436532
000651.SZ,2024-09-20,34.712,35.212,34.532,35.082,318398
000858.SZ,2024-09-20,99.229,99.949,97.699,99.379,196681
002594.SZ,2024-09-20,83.444,84.584,82.611,83.684,89898
300750.SZ,2024-09-20,171.828,172.828,168.608,170.528,155027
510300.SH,2024-09-20,3.047,3.068,3.028,3.063,23065620
600036.SH,2024-09-20,26.804,27.094,26.644,26.924,487418
600276.SH,2024-09-20,44.5,44.5,41.92,42.31,669156
600519.SH,2024-09-20,1158.037,1170.437,1146.567,1160.457,39982
600900.SH,2024-09-20,26.237,26.377,25.897,26.207,822952
601318.SH,2024-09-20,37.774,38.084,37.534,37.944,532924
601857.SH,2024-09-20,7.17,7.29,7.11,7.19,1334881
601899.SH,2024-09-20,14.19,14.58,14.01,14.58,1927330
688981.SH,2024-09-20,43.72,43.99,43.28,43.86,10373382
000651.SZ,2024-09-23,35.082,35.642,34.952,35.442,266905
000858.SZ,2024-09-23,100.009,102.889,99.499,101.389,203712
002594.SZ,2024-09-23,83.634,83.971,81.247,81.651,107583
300750.SZ,2024-09-23,171.588,174.358,170.428,173.128,157925
510300.SH,2024-09-23,3.058,3.089,3.052,3.072,8973165
600036.SH,2024-09-23,26.834,27.474,26.824,27.374,344609
600276.SH,2024-09-23,42.48,43.08,42.12,42.31,284754
600519.SH,2024-09-23,1164.537,1190.037,1157.197,1158.077,45550
600900.SH,2024-09-23,26.207,26.487,26.037,26.257,479050
601318.SH,2024-09-23,37.924,38.194,37.654,37.884,295240
601857.SH,2024-09-23,7.19,7.37,7.14,7.29,965866
601899.SH,2024-09-23,14.58,14.7,14.38,14.52,1367372
688981.SH,2024-09-23,43.98,44.05,43.37,43.43,9443665
000651.SZ,2024-09-24,35.862,35.862,34.612,35.492,526593
000858.SZ,2024-09-24,103.999,109.499,102.609,109.459,473469
002594.SZ,2024-09-24,82.651,83.484,80.571,83.081,156495
300750.SZ,2024-09-24,176.888,183.098,173.818,182.448,354517
510300.SH,2024-09-24,3.103,3.218,3.082,3.216,39185162
600036.SH,2024-09-24,27.664,29.124,27.654,29.114,1361218
600276.SH,2024-09-24,42.98,43.32,41.84,43.26,433281
600519.SH,2024-09-24,1181.627,1269.537,1161.627,1269.137,100413
600900.SH,2024-09-24,26.487,26.937,26.127,26.817,1064787
601318.SH,2024-09-24,38.394,40.294,38.264,40.294,1208992
601857.SH,2024-09-24,7.39,7.65,7.32,7.64,1839363
601899.SH,2024-09-24,14.8,15.34,14.72,15.21,2512266
688981.SH,2024-09-24,43.73,44.79,43.37,44.77,21415927
000651.SZ,2024-09-25,36.002,37.092,35.962,36.492,647684
000858.SZ,2024-09-25,112.699,114.719,110.979,111.199,417189
002594.SZ,2024-09-25,84.317,88.204,84.204,85.917,205710
300750.SZ,2024-09-25,192.318,192.328,187.518,188.028,420101
510300.SH,2024-09-25,3.278,3.333,3.256,3.263,32373469
600036.SH,2024-09-25,29.834,30.474,29.684,30.134,1856243
600276.SH,2024-09-25,43.61,44.25,43.29,43.44,433825
600519.SH,2024-09-25,1296.587,1323.537,1293.247,1295.537,73954
600900.SH,2024-09-25,26.977,27.697,26.887,26.987,1181762
601318.SH,2024-09-25,41.394,41.994,41.044,41.154,1382985
601857.SH,2024-09-25,7.79,7.94,7.65,7.68,2124735
601899.SH,2024-09-25,15.62,16.02,15.6,15.62,2837248
688981.SH,2024-09-25,45.05,46.0,44.82,44.9,24758346
000651.SZ,2024-09-26,36.712,38.412,36.462,38.392,601930
000858.SZ,2024-09-26,111.199,123.409,111.009,123.409,664534
002594.SZ,2024-09-26,86.317,88.217,85.684,88.187,149066
300750.SZ,2024-09-26,188.628,192.258,183.858,190.438,354893
510300.SH,2024-09-26,3.257,3.432,3.256,3.429,44429621
600036.SH,2024-09-26,30.144,31.364,29.894,31.364,1745330
600276.SH,2024-09-26,43.74,46.1,43.31,46.06,476933
600519.SH,2024-09-26,1296.497,1426.407,1292.537,1425.537,97278
600900.SH,2024-09-26,27.097,27.187,26.767,27.187,1143163
601318.SH,2024-09-26,41.384,44.234,40.994,44.214,1637653
601857.SH,2024-09-26,7.58,7.73,7.53,7.67,2957530
601899.SH,2024-09-26,15.8,16.09,15.4,16.07,2245649
688981.SH,2024-09-26,45.0,46.49,44.77,46.36,26017272
000651.SZ,2024-09-27,39.132,39.512,37.562,38.412,912502
000858.SZ,2024-09-27,130.899,136.839,127.629,136.839,864577
002594.SZ,2024-09-27,89.317,95.647,88.817,92.981,309922
300750.SZ,2024-09-27,196.928,216.608,196.598,211.738,701813
510300.SH,2024-09-27,3.489,3.722,3.459,3.658,25594612
600036.SH,2024-09-27,32.094,32.484,30.894,31.614,745458
600276.SH,2024-09-27,46.98,48.5,46.55,48.28,380621
600519.SH,2024-09-27,1496.537,1525.737,1461.897,1525.737,87922
600900.SH,2024-09-27,27.287,27.287,26.117,27.047,1887037
601318.SH,2024-09-27,45.694,45.954,44.494,45.694,1394877
601857.SH,2024-09-27,7.67,7.68,7.56,7.66,1794094
601899.SH,2024-09-27,16.55,16.75,15.97,16.21,1740928
688981.SH,2024-09-27,47.0,50.0,47.0,49.99,29887423
000651.SZ,2024-09-30,39.522,42.132,39.512,41.952,1386869
000858.SZ,2024-09-30,145.119,151.609,141.799,151.609,986201
002594.SZ,2024-09-30,94.984,101.011,94.984,100.754,388805
300750.SZ,2024-09-30,217.948,239.928,216.928,236.818,913611
510300.SH,2024-09-30,3.796,4.029,3.665,4.022,63702341
600036.SH,2024-09-30,32.334,33.984,31.904,33.594,2561013
600276.SH,2024-09-30,49.8,52.34,49.6,51.9,1018482
600519.SH,2024-09-30,1588.537,1656.417,1548.537,1644.537,157293
600900.SH,2024-09-30,26.887,28.557,26.667,28.107,3960785
601318.SH,2024-09-30,48.274,50.884,48.194,50.884,2621254
601857.SH,2024-09-30,7.81,8.45,7.81,8.3,5409262
601899.SH,2024-09-30,16.58,17.44,15.82,16.84,6719726
688981.SH,2024-09-30,53.0,59.99,53.0,59.99,109263571
000651.SZ,2024-10-08,46.742,46.742,43.222,45.512,1294674
000858.SZ,2024-10-08,167.859,167.859,144.649,153.149,1306806
002594.SZ,2024-10-08,110.997,110.997,100.754,107.444,443439
300750.SZ,2024-10-08,280.928,286.428,252.588,283.928,1376465
510300.SH,2024-10-08,4.445,4.445,3.997,4.201,86298224
600036.SH,2024-10-08,37.354,37.354,34.804,35.984,2973039
600276.SH,2024-10-08,57.13,57.13,53.0,55.61,1192595
600519.SH,2024-10-08,1806.537,1806.537,1576.717,1619.537,194709
600900.SH,2024-10-08,30.067,30.337,26.937,27.277,4623565
601318.SH,2024-10-08,56.594,56.594,52.894,55.524,3961043
601857.SH,2024-10-08,9.2,9.2,8.18,8.62,6429853
601899.SH,2024-10-08,18.34,18.57,16.21,16.66,7066172
688981.SH,2024-10-08,71.99,71.99,70.0,71.99,97665202
000651.SZ,2024-10-09,44.462,44.462,40.862,41.942,1105212
000858.SZ,2024-10-09,149.099,149.099,136.759,136.779,815469
002594.SZ,2024-10-09,103.317,105.221,98.484,100.214,325919
300750.SZ,2024-10-09,264.828,264.918,239.928,239.928,1086916
510300.SH,2024-10-09,4.074,4.074,3.794,3.811,54091966
600036.SH,2024-10-09,35.684,35.704,32.994,32.994,1855932
600276.SH,2024-10-09,54.6,54.6,51.16,51.28,900591
600519.SH,2024-10-09,1596.537,1596.537,1486.537,1491.687,120197
600900.SH,2024-10-09,27.037,27.447,26.277,26.607,2669254
601318.SH,2024-10-09,53.794,53.794,49.444,49.494,2855096
601857.SH,2024-10-09,8.38,8.41,7.73,7.73,4449018
601899.SH,2024-10-09,16.4,16.47,15.6,15.63,3957164
688981.SH,2024-10-09,72.19,86.39,70.5,83.89,347531503
000651.SZ,2024-10-10,42.182,44.442,42.182,43.662,735228
000858.SZ,2024-10-10,136.769,144.629,136.769,141.079,600601
002594.SZ,2024-10-10,101.651,105.651,101.644,103.614,250167
300750.SZ,2024-10-10,239.928,250.918,235.088,242.928,608338
510300.SH,2024-10-10,3.859,3.974,3.788,3.875,37790001
600036.SH,2024-10-10,33.384,35.484,33.384,34.714,1433298
600276.SH,2024-10-10,51.28,53.42,51.28,52.17,585281
600519.SH,2024-10-10,1518.797,1564.617,1487.537,1536.537,74603
600900.SH,2024-10-10,26.657,27.887,26.647,27.237,2624284
601318.SH,2024-10-10,50.424,54.384,50.104,52.294,2226730
601857.SH,2024-10-10,7.75,8.29,7.75,8.02,3934856
601899.SH,2024-10-10,15.7,16.68,15.55,16.05,3017848
688981.SH,2024-10-10,85.1,86.35,70.01,75.02,210401638
000651.SZ,2024-10-11,43.672,43.882,42.232,42.602,427100
000858.SZ,2024-10-11,139.099,142.419,137.099,138.749,285158
002594.SZ,2024-10-11,102.991,102.991,96.987,98.334,186418
300750.SZ,2024-10-11,240.428,240.428,222.858,226.718,476402
510300.SH,2024-10-11,3.846,3.849,3.712,3.766,40900777
600036.SH,2024-10-11,34.714,35.204,34.014,34.414,903476
600276.SH,2024-10-11,51.73,52.17,49.28,49.8,495422
600519.SH,2024-10-11,1511.937,1536.497,1486.537,1501.527,41915
600900.SH,2024-10-11,27.257,27.807,27.057,27.267,1425896
601318.SH,2024-10-11,51.594,53.654,50.824,51.334,1312124
601857.SH,2024-10-11,8.13,8.17,7.91,7.98,2514852
601899.SH,2024-10-11,16.3,16.49,15.78,15.94,2045173
688981.SH,2024-10-11,71.03,73.7,68.8,69.48,136273205
000651.SZ,2024-10-14,42.672,44.392,42.672,43.852,538686
000858.SZ,2024-10-14,140.099,140.099,135.109,138.859,334966
002594.SZ,2024-10-14,98.647,101.644,98.384,100.651,172365
300750.SZ,2024-10-14,234.918,237.728,229.868,234.648,467599
510300.SH,2024-10-14,3.776,3.849,3.735,3.829,31049317
600036.SH,2024-10-14,34.994,35.784,34.674,35.314,1292938
600276.SH,2024-10-14,50.1,51.27,49.66,50.99,395841
600519.SH,2024-10-14,1509.537,1517.167,1477.707,1498.527,44812
600900.SH,2024-10-14,27.277,27.607,27.157,27.407,1447014
601318.SH,2024-10-14,52.184,53.034,51.344,52.464,1177738
601857.SH,2024-10-14,7.98,8.12,7.9,8.03,2214551
601899.SH,2024-10-14,16.06,16.47,15.78,16.37,2098953
688981.SH,2024-10-14,69.48,76.5,67.77,75.6,136415689
000651.SZ,2024-10-15,43.792,44.002,42.542,42.582,356013
000858.SZ,2024-10-15,139.099,139.199,133.099,133.099,329702
002594.SZ,2024-10-15,100.151,101.111,97.651,97.651,122149
300750.SZ,2024-10-15,234.738,235.768,226.058,226.148,327653
510300.SH,2024-10-15,3.803,3.835,3.716,3.72,26138707
600036.SH,2024-10-15,35.154,35.974,34.484,34.484,955977
600276.SH,2024-10-15,50.99,52.22,50.15,50.2,363264
600519.SH,2024-10-15,1495.537,1497.527,1449.547,1450.787,43571
600900.SH,2024-10-15,27.357,27.447,26.937,26.937,1171128
601318.SH,2024-10-15,52.374,53.074,50.884,50.984,1027900
601857.SH,2024-10-15,7.86,7.89,7.7,7.71,2255167
601899.SH,2024-10-15,16.2,16.21,15.83,15.83,1673263
688981.SH,2024-10-15,74.99,81.53,73.48,74.18,140402142
000651.SZ,2024-10-16,41.992,42.072,40.892,41.482,454361
000858.SZ,2024-10-16,131.099,133.389,129.179,130.749,312272
002594.SZ,2024-10-16,95.984,96.977,93.984,94.914,150322
300750.SZ,2024-10-16,223.748,223.748,218.258,218.778,335860
510300.SH,2024-10-16,3.68,3.749,3.671,3.695,21611196
600036.SH,2024-10-16,34.134,35.484,34.114,35.484,1012548
600276.SH,2024-10-16,49.49,50.28,48.61,48.78,397388
600519.SH,2024-10-16,1437.417,1446.337,1406.537,1419.037,46664
600900.SH,2024-10-16,26.857,27.377,26.667,26.767,1272300
601318.SH,2024-10-16,50.574,51.624,50.404,51.174,855016
601857.SH,2024-10-16,7.68,7.78,7.6,7.7,1669120
601899.SH,2024-10-16,15.78,16.24,15.72,16.15,1390672
688981.SH,2024-10-16,71.14,76.76,70.88,74.09,85429352
000651.SZ,2024-10-17,41.692,42.282,40.582,40.622,386123
000858.SZ,2024-10-17,131.599,132.019,126.989,127.049,282508
002594.SZ,2024-10-17,95.821,97.601,94.691,94.791,102457
300750.SZ,2024-10-17,218.928,223.808,215.788,216.428,261647
510300.SH,2024-10-17,3.719,3.749,3.651,3.652,29354356
600036.SH,2024-10-17,35.514,35.774,34.474,34.474,848922
600276.SH,2024-10-17,48.9,50.13,48.82,48.82,342963
600519.SH,2024-10-17,1433.537,1434.197,1389.947,1391.137,39460
600900.SH,2024-10-17,26.787,26.847,26.357,26.357,1120938
601318.SH,2024-10-17,51.694,52.594,50.764,50.794,783575
601857.SH,2024-10-17,7.69,7.87,7.63,7.63,1798041
601899.SH,2024-10-17,16.18,16.31,15.82,15.84,1324174
688981.SH,2024-10-17,77.0,77.64,74.02,75.12,88209878
000651.SZ,2024-10-18,40.502,41.992,40.252,41.312,470059
000858.SZ,2024-10-18,126.109,134.659,125.459,132.099,441443
002594.SZ,2024-10-18,94.801,100.384,94.344,98.417,191092
300750.SZ,2024-10-18,214.928,243.808,214.528,234.818,680138
510300.SH,2024-10-18,3.647,3.907,3.635,3.805,36209179
600036.SH,2024-10-18,34.494,35.414,34.194,35.034,928194
600276.SH,2024-10-18,48.6,51.11,48.36,50.08,536726
600519.SH,2024-10-18,1389.537,1464.377,1375.497,1437.537,68619
600900.SH,2024-10-18,26.377,26.727,26.087,26.487,1491816
601318.SH,2024-10-18,50.795,53.065,49.465,51.895,1494662
601857.SH,2024-10-18,7.67,7.88,7.63,7.82,2402183
601899.SH,2024-10-18,16.05,16.58,16.01,16.33,2199173
688981.SH,2024-10-18,75.8,90.14,74.44,90.14,209387553
000651.SZ,2024-10-21,41.312,41.382,40.252,41.012,474467
000858.SZ,2024-10-21,133.089,134.599,130.199,132.109,295765
002594.SZ,2024-10-21,99.317,101.184,98.617,100.467,157816
300750.SZ,2024-10-21,243.928,247.458,236.678,238.288,584558
510300.SH,2024-10-21,3.806,3.849,3.769,3.805,25293364
600036.SH,2024-10-21,35.134,35.134,34.484,34.834,717539
600276.SH,2024-10-21,50.2,50.67,48.93,50.16,471852
600519.SH,2024-10-21,1437.747,1446.507,1417.747,1425.337,42008
600900.SH,2024-10-21,26.417,26.417,25.907,26.017,1396284
601318.SH,2024-10-21,52.115,52.185,50.895,51.615,875313
601857.SH,2024-10-21,7.78,7.87,7.69,7.74,2292546
601899.SH,2024-10-21,16.78,17.28,16.6,16.92,2717426
688981.SH,2024-10-21,94.0,107.76,91.9,97.48,279429314
000651.SZ,2024-10-22,40.992,42.452,40.812,41.792,422341
000858.SZ,2024-10-22,131.899,135.549,131.309,134.539,304663
002594.SZ,2024-10-22,99.984,101.691,99.317,99.901,103733
300750.SZ,2024-10-22,238.928,239.488,232.188,235.478,278760
510300.SH,2024-10-22,3.791,3.835,3.79,3.829,16669245
600036.SH,2024-10-22,34.824,35.584,34.734,35.154,600526
600276.SH,2024-10-22,49.81,51.39,49.81,50.36,401077
600519.SH,2024-10-22,1423.097,1456.717,1420.737,1439.537,36269
600900.SH,2024-10-22,26.017,26.417,25.887,26.137,1040632
601318.SH,2024-10-22,51.515,52.915,51.295,51.775,846011
601857.SH,2024-10-22,7.74,7.79,7.71,7.74,1670435
601899.SH,2024-10-22,16.83,17.0,16.58,16.75,1701244
688981.SH,2024-10-22,94.99,99.04,92.89,96.04,185913485
000651.SZ,2024-10-23,41.892,42.442,41.592,41.942,326939
000858.SZ,2024-10-23,134.569,138.629,133.099,137.629,358138
002594.SZ,2024-10-23,99.901,102.251,99.211,101.277,126695
300750.SZ,2024-10-23,232.738,239.868,231.788,234.228,321541
510300.SH,2024-10-23,3.829,3.886,3.81,3.844,22666292
600036.SH,2024-10-23,35.044,35.924,35.004,35.644,627100
600276.SH,2024-10-23,50.43,50.78,49.74,50.29,370597
600519.SH,2024-10-23,1440.647,1473.487,1428.537,1464.037,40088
600900.SH,2024-10-23,26.137,26.387,26.057,26.117,902801
601318.SH,2024-10-23,51.915,54.015,51.615,53.025,1191927
601857.SH,2024-10-23,7.78,7.81,7.71,7.76,1955565
601899.SH,2024-10-23,16.8,16.87,16.38,16.55,1588838
688981.SH,2024-10-23,93.04,95.5,91.54,92.31,138395627
000651.SZ,2024-10-24,41.672,41.942,41.222,41.392,194601
000858.SZ,2024-10-24,135.899,137.599,135.209,135.559,186420
002594.SZ,2024-10-24,101.277,101.641,99.177,99.544,96885
300750.SZ,2024-10-24,234.698,236.428,229.928,231.088,214658
510300.SH,2024-10-24,3.827,3.831,3.782,3.8,15982487
600036.SH,2024-10-24,35.534,35.664,35.124,35.294,336312
600276.SH,2024-10-24,50.2,50.2,47.42,48.27,901547
600519.SH,2024-10-24,1457.537,1471.537,1441.547,1448.737,23923
600900.SH,2024-10-24,26.117,26.187,25.807,26.057,783862
601318.SH,2024-10-24,52.615,53.195,52.345,52.815,512730
601857.SH,2024-10-24,7.74,7.75,7.66,7.73,978373
601899.SH,2024-10-24,16.3,16.3,16.02,16.19,1531407
688981.SH,2024-10-24,91.45,96.47,91.17,94.56,112506040
000651.SZ,2024-10-25,41.312,41.392,40.812,41.002,261745
000858.SZ,2024-10-25,134.559,138.969,134.559,137.209,198055
002594.SZ,2024-10-25,99.651,102.251,99.651,101.031,139820
300750.SZ,2024-10-25,237.268,249.928,231.228,243.808,578986
510300.SH,2024-10-25,3.801,3.867,3.792,3.829,16852658
600036.SH,2024-10-25,35.234,35.474,35.044,35.084,447931
600276.SH,2024-10-25,48.2,48.2,46.32,47.6,943149
600519.SH,2024-10-25,1443.537,1471.327,1442.547,1455.387,27745
600900.SH,2024-10-25,26.057,26.137,25.467,25.597,1507185
601318.SH,2024-10-25,52.725,53.195,52.275,52.415,539445
601857.SH,2024-10-25,7.69,7.73,7.66,7.67,1218970
601899.SH,2024-10-25,16.12,16.14,15.84,15.93,1512537
688981.SH,2024-10-25,94.56,98.66,92.52,93.7,110646384
000651.SZ,2024-10-28,41.002,41.342,40.382,40.772,279107
000858.SZ,2024-10-28,138.109,143.099,135.769,143.069,438110
002594.SZ,2024-10-28,101.317,101.317,98.901,100.017,109324
300750.SZ,2024-10-28,241.058,243.538,237.928,241.168,276019
510300.SH,2024-10-28,3.824,3.836,3.789,3.835,13963081
600036.SH,2024-10-28,34.994,35.084,34.264,34.504,664641
600276.SH,2024-10-28,47.63,48.5,47.57,48.19,571141
600519.SH,2024-10-28,1456.537,1461.537,1418.767,1461.537,39121
600900.SH,2024-10-28,25.597,25.597,25.217,25.597,1177849
601318.SH,2024-10-28,52.495,52.775,51.795,52.215,578810
601857.SH,2024-10-28,7.61,7.65,7.46,7.65,2260085
601899.SH,2024-10-28,15.9,15.93,15.66,15.9,1228178
688981.SH,2024-10-28,93.0,93.98,92.0,93.1,72566797
000651.SZ,2024-10-29,40.822,41.352,40.522,40.602,282159
000858.SZ,2024-10-29,143.069,145.979,139.499,139.899,303158
002594.SZ,2024-10-29,101.317,101.744,99.584,100.117,118546
300750.SZ,2024-10-29,241.168,242.638,236.168,236.708,269948
510300.SH,2024-10-29,3.839,3.868,3.792,3.802,17946282
600036.SH,2024-10-29,34.584,35.084,34.394,34.584,514682
600276.SH,2024-10-29,48.22,48.51,47.7,47.78,397700
600519.SH,2024-10-29,1456.537,1476.537,1426.537,1428.157,41166
600900.SH,2024-10-29,25.597,26.087,25.407,25.767,1311884
601318.SH,2024-10-29,52.215,53.175,52.155,52.345,620100
601857.SH,2024-10-29,7.57,7.61,7.48,7.48,1590376
601899.SH,2024-10-29,15.97,16.22,15.88,15.92,1570672
688981.SH,2024-10-29,92.78,96.55,92.29,92.3,113267083
000651.SZ,2024-10-30,40.602,41.042,39.422,39.792,408391
000858.SZ,2024-10-30,138.099,140.409,136.399,137.899,211870
002594.SZ,2024-10-30,99.317,100.821,98.817,100.167,108448
300750.SZ,2024-10-30,234.928,237.228,229.428,232.958,271344
510300.SH,2024-10-30,3.79,3.8,3.734,3.76,18128591
600036.SH,2024-10-30,34.494,34.884,33.594,33.864,703408
600276.SH,2024-10-30,47.78,48.08,46.56,46.8,475485
600519.SH,2024-10-30,1421.537,1447.727,1419.947,1428.537,32006
600900.SH,2024-10-30,25.777,25.947,25.507,25.767,1012599
601318.SH,2024-10-30,52.205,52.625,50.395,50.685,907479
601857.SH,2024-10-30,7.48,7.53,7.36,7.39,1584254
601899.SH,2024-10-30,16.05,16.25,15.7,15.83,1583135
688981.SH,2024-10-30,91.79,92.78,84.85,85.82,160870949
000651.SZ,2024-10-31,38.512,38.712,37.092,37.512,1049915
000858.SZ,2024-10-31,136.099,138.299,134.509,135.929,269441
002594.SZ,2024-10-31,98.987,99.314,95.984,96.047,240852
300750.SZ,2024-10-31,231.918,235.428,228.928,230.908,255003
510300.SH,2024-10-31,3.758,3.796,3.727,3.76,17636493
600036.SH,2024-10-31,33.784,33.974,32.894,33.344,850393
600276.SH,2024-10-31,46.81,47.0,46.16,46.2,456722
600519.SH,2024-10-31,1428.687,1436.537,1416.537,1424.327,29957
600900.SH,2024-10-31,26.037,26.067,25.477,25.637,1219031
601318.SH,2024-10-31,50.675,51.515,50.115,50.635,757630
601857.SH,2024-10-31,7.41,7.44,7.34,7.38,1283102
601899.SH,2024-10-31,15.76,15.78,15.36,15.52,1837667
688981.SH,2024-10-31,85.48,88.94,83.7,86.93,116611336
000651.SZ,2024-11-01,37.512,37.962,37.212,37.532,542050
000858.SZ,2024-11-01,134.819,139.899,134.819,137.019,227192
002594.SZ,2024-11-01,96.051,96.851,95.017,95.087,143041
300750.SZ,2024-11-01,231.458,234.748,230.108,231.128,259158
510300.SH,2024-11-01,3.753,3.807,3.75,3.768,18177560
600036.SH,2024-11-01,33.424,34.284,33.364,33.994,703102
600276.SH,2024-11-01,46.32,48.1,46.32,47.16,619959
600519.SH,2024-11-01,1417.537,1441.667,1417.337,1430.287,32284
600900.SH,2024-11-01,25.567,26.057,25.447,26.037,1213608
601318.SH,2024-11-01,50.865,51.715,50.715,50.865,650139
601857.SH,2024-11-01,7.41,7.66,7.39,7.58,2805247
601899.SH,2024-11-01,15.42,16.2,15.34,15.95,2514288
688981.SH,2024-11-01,85.19,88.25,84.81,84.81,88351026
000651.SZ,2024-11-04,37.612,37.672,36.872,37.312,545477
000858.SZ,2024-11-04,137.599,138.309,135.179,137.699,205052
002594.SZ,2024-11-04,96.984,101.291,96.854,100.644,217319
300750.SZ,2024-11-04,228.928,239.228,228.928,236.128,242472
510300.SH,2024-11-04,3.771,3.823,3.76,3.821,12493144
600036.SH,2024-11-04,34.084,34.734,33.394,34.734,646612
600276.SH,2024-11-04,47.7,47.99,46.86,47.59,406592
600519.SH,2024-11-04,1441.467,1446.537,1424.597,1444.737,29093
600900.SH,2024-11-04,26.037,26.047,25.667,25.957,906010
601318.SH,2024-11-04,50.885,51.685,50.645,51.685,530740
601857.SH,2024-11-04,7.59,7.62,7.41,7.48,1949855
601899.SH,2024-11-04,16.06,16.12,15.67,16.05,1508560
688981.SH,2024-11-04,84.63,87.19,84.18,86.81,57658272
000651.SZ,2024-11-05,37.312,37.982,36.832,37.912,631994
000858.SZ,2024-11-05,137.099,142.089,135.899,141.899,320318
002594.SZ,2024-11-05,99.671,101.131,98.484,100.817,167820
300750.SZ,2024-11-05,235.508,247.748,234.058,246.318,484821
510300.SH,2024-11-05,3.813,3.928,3.799,3.926,27630144
600036.SH,2024-11-05,34.414,35.084,34.384,35.064,628745
600276.SH,2024-11-05,47.22,48.44,47.1,48.28,514370
600519.SH,2024-11-05,1436.537,1474.237,1432.547,1473.527,45640
600900.SH,2024-11-05,25.867,25.997,25.777,25.917,1309388
601318.SH,2024-11-05,51.535,53.595,50.995,53.465,1201144
601857.SH,2024-11-05,7.48,7.57,7.42,7.56,2036945
601899.SH,2024-11-05,15.96,16.42,15.85,16.4,1855231
688981.SH,2024-11-05,87.48,96.0,87.01,95.8,145383344
000651.SZ,2024-11-06,37.812,37.822,36.682,36.852,799865
000858.SZ,2024-11-06,141.859,142.099,138.249,140.349,302066
002594.SZ,2024-11-06,100.984,101.567,97.651,98.437,184861
300750.SZ,2024-11-06,243.918,254.428,238.428,241.428,452393
510300.SH,2024-11-06,3.926,3.969,3.874,3.9,21734248
600036.SH,2024-11-06,34.984,35.064,34.134,34.544,648336
600276.SH,2024-11-06,48.31,49.28,47.85,48.35,537558
600519.SH,2024-11-06,1471.537,1485.527,1457.757,1467.537,37631
600900.SH,2024-11-06,25.887,25.957,25.517,25.557,1380887
601318.SH,2024-11-06,53.605,53.765,51.665,52.205,1262518
601857.SH,2024-11-06,7.51,7.68,7.5,7.54,2373457
601899.SH,2024-11-06,16.35,16.4,15.86,16.01,1933285
688981.SH,2024-11-06,97.0,99.97,93.33,96.04,141798577
000651.SZ,2024-11-07,36.672,38.272,36.542,38.272,799968
000858.SZ,2024-11-07,139.139,152.119,138.929,151.339,671872
002594.SZ,2024-11-07,96.661,98.944,96.317,98.911,150676
300750.SZ,2024-11-07,242.928,247.728,238.808,247.728,335710
510300.SH,2024-11-07,3.869,4.039,3.865,4.037,27887189
600036.SH,2024-11-07,34.404,35.564,34.364,35.554,743472
600276.SH,2024-11-07,48.2,49.6,48.01,49.6,584066
600519.SH,2024-11-07,1458.997,1550.037,1458.837,1545.677,74739
600900.SH,2024-11-07,25.457,25.907,25.447,25.887,1330334
601318.SH,2024-11-07,51.715,55.715,51.615,55.555,1864263
601857.SH,2024-11-07,7.5,7.63,7.44,7.63,2446811
601899.SH,2024-11-07,15.42,15.8,15.2,15.79,2808754
688981.SH,2024-11-07,94.2,105.0,94.01,101.89,126253030
000651.SZ,2024-11-08,38.612,39.132,37.812,38.262,813827
000858.SZ,2024-11-08,153.099,153.699,145.099,145.569,567474
002594.SZ,2024-11-08,100.691,100.824,97.317,97.617,166716
300750.SZ,2024-11-08,254.588,256.928,242.028,242.428,402941
510300.SH,2024-11-08,4.071,4.079,3.967,3.983,28080232
600036.SH,2024-11-08,35.664,35.834,34.734,34.784,745368
600276.SH,2024-11-08,49.7,50.1,48.75,49.1,652314
600519.SH,2024-11-08,1557.427,1563.647,1497.547,1506.507,60771
600900.SH,2024-11-08,25.897,26.017,25.587,25.677,1190235
601318.SH,2024-11-08,55.915,56.205,53.725,53.835,1322990
601857.SH,2024-11-08,7.63,7.67,7.5,7.53,2061592
601899.SH,2024-11-08,16.05,16.29,15.72,15.79,2259978
688981.SH,2024-11-08,107.3,109.5,100.0,100.3,160957144
000651.SZ,2024-11-11,37.932,37.952,37.182,37.762,566057
000858.SZ,2024-11-11,142.449,143.949,140.299,143.919,366012
002594.SZ,2024-11-11,96.651,98.141,95.851,98.081,180859
300750.SZ,2024-11-11,237.278,253.918,235.938,252.428,491539
510300.SH,2024-11-11,3.941,4.008,3.919,4.004,23043651
600036.SH,2024-11-11,34.284,34.684,33.874,34.314,703146
600276.SH,2024-11-11,48.59,49.27,47.9,49.03,586792
600519.SH,2024-11-11,1486.537,1506.487,1463.727,1494.547,43854
600900.SH,2024-11-11,25.517,25.687,25.417,25.537,939962
601318.SH,2024-11-11,52.845,53.235,52.235,53.115,917160
601857.SH,2024-11-11,7.48,7.48,7.3,7.37,2487678
601899.SH,2024-11-11,15.5,15.51,14.78,15.21,3427065
688981.SH,2024-11-11,104.6,108.3,100.62,104.98,138069018
000651.SZ,2024-11-12,37.762,38.962,37.542,37.712,660718
000858.SZ,2024-11-12,143.919,148.099,142.749,143.399,351347
002594.SZ,2024-11-12,98.367,101.651,98.087,98.587,246557
300750.SZ,2024-11-12,263.208,270.128,255.908,257.948,744030
510300.SH,2024-11-12,3.999,4.057,3.934,3.958,23041668
600036.SH,2024-11-12,34.174,34.824,33.494,33.574,893289
600276.SH,2024-11-12,49.03,50.38,48.65,48.89,767357
600519.SH,2024-11-12,1485.537,1519.537,1470.487,1473.737,49223
600900.SH,2024-11-12,25.537,25.687,25.007,25.027,2017467
601318.SH,2024-11-12,53.115,53.685,51.595,51.725,962893
601857.SH,2024-11-12,7.31,7.44,7.27,7.28,2130889
601899.SH,2024-11-12,14.8,15.15,14.5,14.68,2856314
688981.SH,2024-11-12,102.6,104.87,100.0,101.11,108866759
000651.SZ,2024-11-13,37.582,38.232,37.512,37.932,453492
000858.SZ,2024-11-13,142.099,144.429,141.759,143.039,194334
002594.SZ,2024-11-13,97.651,98.761,96.751,98.507,145116
300750.SZ,2024-11-13,253.928,273.128,251.698,266.928,557737
510300.SH,2024-11-13,3.939,3.995,3.935,3.984,15727943
600036.SH,2024-11-13,33.574,33.964,33.494,33.804,485304
600276.SH,2024-11-13,48.76,49.86,48.66,48.95,409141
600519.SH,2024-11-13,1464.537,1483.197,1457.817,1475.037,29125
600900.SH,2024-11-13,24.937,25.547,24.837,25.447,1551882
601318.SH,2024-11-13,51.415,52.215,51.335,51.905,618245
601857.SH,2024-11-13,7.27,7.44,7.25,7.35,2233181
601899.SH,2024-11-13,14.63,14.87,14.6,14.7,1439939
688981.SH,2024-11-13,99.9,100.9,97.88,99.14,80759477
000651.SZ,2024-11-14,37.612,38.452,37.302,37.732,459934
000858.SZ,2024-11-14,142.209,144.979,141.249,142.589,217928
002594.SZ,2024-11-14,98.317,98.417,96.317,96.567,124583
300750.SZ,2024-11-14,267.928,269.918,259.588,259.928,426572
510300.SH,2024-11-14,3.977,3.992,3.906,3.913,14438853
600036.SH,2024-11-14,33.644,34.464,33.514,34.044,676440
600276.SH,2024-11-14,48.87,49.3,48.03,48.05,389092
600519.SH,2024-11-14,1466.537,1490.987,1462.187,1470.337,29248
600900.SH,2024-11-14,25.407,25.747,25.287,25.477,986466
601318.SH,2024-11-14,51.905,52.805,51.615,51.715,663232
601857.SH,2024-11-14,7.31,7.43,7.3,7.31,1850581
601899.SH,2024-11-14,14.6,14.64,14.28,14.31,1947269
688981.SH,2024-11-14,99.13,102.0,96.61,96.87,76194102
000651.SZ,2024-11-15,37.662,37.872,36.902,37.132,424108
000858.SZ,2024-11-15,142.579,143.229,139.649,140.389,255443
002594.SZ,2024-11-15,96.581,96.914,94.324,94.984,153236
300750.SZ,2024-11-15,254.428,259.928,250.488,250.488,351983
510300.SH,2024-11-15,3.903,3.923,3.839,3.844,16769935
600036.SH,2024-11-15,34.064,34.554,33.794,33.804,699277
600276.SH,2024-11-15,47.87,48.3,47.3,47.3,330870
600519.SH,2024-11-15,1465.537,1480.337,1449.537,1455.537,33761
600900.SH,2024-11-15,25.427,25.547,25.157,25.157,935809
601318.SH,2024-11-15,51.615,52.195,50.515,50.515,780597
601857.SH,2024-11-15,7.31,7.38,7.26,7.31,1853547
601899.SH,2024-11-15,14.3,14.8,14.22,14.32,1863567
688981.SH,2024-11-15,96.87,98.7,94.9,94.91,71066743
000651.SZ,2024-11-18,37.172,37.512,36.712,36.882,340397
000858.SZ,2024-11-18,140.379,142.459,138.099,138.429,209861
002594.SZ,2024-11-18,94.987,95.967,93.871,94.544,116206
300750.SZ,2024-11-18,250.488,255.878,245.928,247.848,306500
510300.SH,2024-11-18,3.86,3.907,3.802,3.827,16100926
600036.SH,2024-11-18,34.034,34.644,33.784,33.884,763448
600276.SH,2024-11-18,47.31,47.66,46.6,46.8,303536
600519.SH,2024-11-18,1458.537,1472.527,1451.537,1455.537,27092
600900.SH,2024-11-18,25.217,25.597,25.147,25.477,1190518
601318.SH,2024-11-18,50.815,51.875,50.095,50.475,684296
601857.SH,2024-11-18,7.32,7.51,7.31,7.43,2782130
601899.SH,2024-11-18,14.46,14.69,14.29,14.41,1760794
688981.SH,2024-11-18,95.7,97.5,91.37,92.3,82897403
000651.SZ,2024-11-19,36.882,37.072,36.522,36.942,291528
000858.SZ,2024-11-19,138.659,139.739,134.399,137.549,233413
002594.SZ,2024-11-19,94.544,95.477,92.324,94.314,131947
300750.SZ,2024-11-19,246.948,256.928,242.928,253.648,348129
510300.SH,2024-11-19,3.829,3.85,3.77,3.847,16705449
600036.SH,2024-11-19,33.894,34.164,33.434,33.704,521249
600276.SH,2024-11-19,46.84,47.4,46.44,47.03,260305
600519.SH,2024-11-19,1461.537,1465.907,1421.537,1438.457,33266
600900.SH,2024-11-19,25.457,25.557,25.227,25.427,956803
601318.SH,2024-11-19,50.715,50.835,49.815,50.325,528193
601857.SH,2024-11-19,7.47,7.48,7.34,7.41,1697556
601899.SH,2024-11-19,14.7,15.13,14.7,14.91,2600999
688981.SH,2024-11-19,92.1,95.39,90.22,94.9,83159684
000651.SZ,2024-11-20,36.862,36.862,36.572,36.742,295771
000858.SZ,2024-11-20,137.549,139.489,136.299,138.699,149815
002594.SZ,2024-11-20,94.321,95.117,93.484,94.471,106017
300750.SZ,2024-11-20,251.878,254.828,249.528,252.478,227088
510300.SH,2024-11-20,3.835,3.874,3.827,3.857,15485304
600036.SH,2024-11-20,33.784,33.834,33.384,33.464,451291
600276.SH,2024-11-20,47.04,50.39,47.04,50.06,1095674
600519.SH,2024-11-20,1439.537,1450.507,1427.837,1441.347,21345
600900.SH,2024-11-20,25.427,25.807,25.267,25.677,998049
601318.SH,2024-11-20,50.335,50.515,49.915,50.175,469971
601857.SH,2024-11-20,7.38,7.43,7.34,7.41,1175677
601899.SH,2024-11-20,14.99,15.0,14.64,14.73,1460526
688981.SH,2024-11-20,94.0,94.57,92.6,93.28,58507495
000651.SZ,2024-11-21,36.672,36.702,36.012,36.322,396281
000858.SZ,2024-11-21,138.099,139.199,137.259,138.599,114461
002594.SZ,2024-11-21,94.474,94.481,92.984,93.651,95533
300750.SZ,2024-11-21,250.588,256.358,248.588,253.188,205508
510300.SH,2024-11-21,3.849,3.871,3.837,3.862,10454707
600036.SH,2024-11-21,33.464,33.644,33.254,33.414,350336
600276.SH,2024-11-21,49.91,50.57,49.35,49.79,488475
600519.SH,2024-11-21,1440.407,1445.527,1428.537,1441.667,18262
600900.SH,2024-11-21,25.617,25.757,25.597,25.727,678485
601318.SH,2024-11-21,50.205,50.385,49.835,50.205,410245
601857.SH,2024-11-21,7.39,7.44,7.36,7.39,1034576
601899.SH,2024-11-21,14.74,14.93,14.67,14.86,1353774
688981.SH,2024-11-21,93.0,94.9,92.5,93.5,56197106
000651.SZ,2024-11-22,36.272,36.672,35.262,35.312,508145
000858.SZ,2024-11-22,138.499,139.109,133.749,133.989,189425
002594.SZ,2024-11-22,93.484,93.604,90.984,91.147,125142
300750.SZ,2024-11-22,252.858,253.928,243.808,244.028,225551
510300.SH,2024-11-22,3.86,3.863,3.735,3.742,17571913
600036.SH,2024-11-22,33.414,33.534,32.344,32.434,690491
600276.SH,2024-11-22,49.79,50.23,47.8,47.87,501548
600519.SH,2024-11-22,1437.687,1444.307,1404.357,1404.357,33436
600900.SH,2024-11-22,25.727,25.837,25.317,25.317,971291
601318.SH,2024-11-22,50.185,50.185,47.715,47.745,1006808
601857.SH,2024-11-22,7.41,7.47,7.29,7.29,1664004
601899.SH,2024-11-22,14.88,14.9,14.46,14.46,1252431
688981.SH,2024-11-22,94.7,95.5,88.55,88.77,79240108
000651.SZ,2024-11-25,35.312,35.782,34.812,34.982,423571
000858.SZ,2024-11-25,134.989,136.279,131.799,132.899,191690
002594.SZ,2024-11-25,92.651,94.771,91.947,92.651,174533
300750.SZ,2024-11-25,247.988,251.488,246.108,249.028,262391
510300.SH,2024-11-25,3.744,3.761,3.683,3.72,13590858
600036.SH,2024-11-25,32.684,32.844,32.104,32.204,534095
600276.SH,2024-11-25,48.2,49.09,47.36,47.36,436129
600519.SH,2024-11-25,1407.537,1428.537,1393.207,1395.107,33186
600900.SH,2024-11-25,25.447,25.647,25.087,25.187,1014088
601318.SH,2024-11-25,47.715,47.965,46.855,47.285,702698
601857.SH,2024-11-25,7.33,7.43,7.28,7.31,1515802
601899.SH,2024-11-25,14.58,14.74,14.17,14.25,1197932
688981.SH,2024-11-25,88.76,88.77,84.52,86.16,76905909
000651.SZ,2024-11-26,34.852,35.432,34.522,35.192,394506
000858.SZ,2024-11-26,132.599,135.699,131.599,133.899,175358
002594.SZ,2024-11-26,91.651,93.651,90.944,91.987,95206
300750.SZ,2024-11-26,246.498,248.898,240.588,241.648,273604
510300.SH,2024-11-26,3.703,3.745,3.702,3.712,7847079
600036.SH,2024-11-26,32.014,32.564,31.824,32.374,459421
600276.SH,2024-11-26,47.46,49.16,47.4,48.28,399756
600519.SH,2024-11-26,1395.107,1415.417,1385.417,1405.537,25745
600900.SH,2024-11-26,25.157,25.247,24.967,25.057,883064
601318.SH,2024-11-26,47.215,47.985,47.085,47.765,407618
601857.SH,2024-11-26,7.25,7.31,7.12,7.3,1313713
601899.SH,2024-11-26,14.1,14.38,14.07,14.24,914522
688981.SH,2024-11-26,85.97,86.66,85.03,85.1,35363542
000651.SZ,2024-11-27,35.302,36.102,35.172,36.102,432240
000858.SZ,2024-11-27,133.869,136.989,132.679,136.149,200250
002594.SZ,2024-11-27,91.411,91.984,90.651,91.984,110003
300750.SZ,2024-11-27,239.628,245.828,236.398,244.828,274007
510300.SH,2024-11-27,3.705,3.781,3.69,3.776,14519874
600036.SH,2024-11-27,32.374,32.664,32.094,32.584,392077
600276.SH,2024-11-27,48.22,49.8,48.18,49.59,574544
600519.SH,2024-11-27,1405.537,1418.687,1401.537,1415.587,25934
600900.SH,2024-11-27,25.037,25.507,25.037,25.447,1024693
601318.SH,2024-11-27,47.775,48.315,47.505,48.265,444464
601857.SH,2024-11-27,7.26,7.32,7.22,7.31,960155
601899.SH,2024-11-27,14.25,14.38,14.03,14.38,1101829
688981.SH,2024-11-27,84.65,89.04,83.13,88.0,77430532
000651.SZ,2024-11-28,36.072,36.202,35.512,35.612,263825
000858.SZ,2024-11-28,134.099,136.049,132.899,133.099,190454
002594.SZ,2024-11-28,92.051,92.171,89.317,89.844,158589
300750.SZ,2024-11-28,244.128,244.458,238.428,239.628,223556
510300.SH,2024-11-28,3.773,3.778,3.737,3.747,10724073
600036.SH,2024-11-28,32.584,32.834,32.164,32.454,451939
600276.SH,2024-11-28,49.55,50.35,48.92,49.3,367210
600519.SH,2024-11-28,1418.537,1421.527,1398.537,1414.537,23952
600900.SH,2024-11-28,25.427,25.537,25.227,25.487,691606
601318.SH,2024-11-28,48.285,48.705,47.545,47.885,425502
601857.SH,2024-11-28,7.3,7.34,7.27,7.31,756555
601899.SH,2024-11-28,14.35,14.42,14.16,14.23,871587
688981.SH,2024-11-28,88.2,90.3,86.83,87.08,61110137
000651.SZ,2024-11-29,35.622,36.222,35.522,36.092,346381
000858.SZ,2024-11-29,134.119,138.789,133.499,135.869,287278
002594.SZ,2024-11-29,89.317,90.944,89.001,89.927,128005
300750.SZ,2024-11-29,236.158,252.918,236.158,246.168,313663
510300.SH,2024-11-29,3.749,3.836,3.746,3.79,15297716
600036.SH,2024-11-29,32.574,32.984,32.294,32.324,664380
600276.SH,2024-11-29,49.71,50.9,49.4,50.29,693041
600519.SH,2024-11-29,1413.537,1451.537,1409.747,1422.277,36088
600900.SH,2024-11-29,25.497,25.757,25.357,25.377,1090264
601318.SH,2024-11-29,47.865,49.135,47.755,47.965,563571
601857.SH,2024-11-29,7.32,7.39,7.31,7.32,1291504
601899.SH,2024-11-29,14.3,14.64,14.13,14.4,1412604
688981.SH,2024-11-29,86.83,93.45,85.64,90.1,87940358
000651.SZ,2024-12-02,36.092,36.162,35.412,36.052,391868
000858.SZ,2024-12-02,136.229,137.529,134.659,136.499,179764
002594.SZ,2024-12-02,90.521,92.984,89.677,92.451,151357
300750.SZ,2024-12-02,243.568,248.478,242.138,247.118,206475
510300.SH,2024-12-02,3.786,3.832,3.776,3.82,9816348
600036.SH,2024-12-02,32.434,32.664,32.184,32.494,424652
600276.SH,2024-12-02,50.2,50.39,49.62,50.05,419765
600519.SH,2024-12-02,1422.537,1426.527,1411.637,1421.537,26820
600900.SH,2024-12-02,25.447,25.767,25.357,25.667,886299
601318.SH,2024-12-02,47.915,48.945,47.895,48.725,449606
601857.SH,2024-12-02,7.34,7.35,7.27,7.3,1300252
601899.SH,2024-12-02,14.42,14.47,14.2,14.26,1683597
688981.SH,2024-12-02,89.9,90.69,88.01,89.49,64010784
000651.SZ,2024-12-03,35.932,36.412,35.862,36.362,348412
000858.SZ,2024-12-03,136.799,136.869,135.299,136.089,140143
002594.SZ,2024-12-03,93.251,93.611,91.844,92.534,91450
300750.SZ,2024-12-03,245.928,247.918,243.928,246.768,173108
510300.SH,2024-12-03,3.819,3.841,3.794,3.824,15244237
600036.SH,2024-12-03,32.634,33.204,32.364,33.104,721986
600276.SH,2024-12-03,49.95,50.01,49.13,49.23,396197
600519.SH,2024-12-03,1420.537,1425.437,1412.617,1423.277,24807
600900.SH,2024-12-03,25.677,26.157,25.597,26.007,1343476
601318.SH,2024-12-03,48.565,49.325,48.265,49.145,470058
601857.SH,2024-12-03,7.29,7.38,7.26,7.38,1599734
601899.SH,2024-12-03,14.29,14.33,13.98,14.31,1495721
688981.SH,2024-12-03,89.67,90.35,86.03,87.23,58676009
000651.SZ,2024-12-04,36.392,37.402,36.082,36.642,536984
000858.SZ,2024-12-04,135.999,136.039,133.869,134.829,148434
002594.SZ,2024-12-04,92.097,92.761,91.251,91.644,85013
300750.SZ,2024-12-04,244.928,246.928,242.428,243.898,161814
510300.SH,2024-12-04,3.819,3.83,3.792,3.803,10069479
600036.SH,2024-12-04,33.074,33.074,32.514,32.794,620511
600276.SH,2024-12-04,49.25,49.58,48.85,49.0,258260
600519.SH,2024-12-04,1416.607,1420.197,1406.537,1416.537,23924
600900.SH,2024-12-04,26.007,26.587,25.867,26.507,1372257
601318.SH,2024-12-04,48.895,49.055,48.425,48.645,381887
601857.SH,2024-12-04,7.38,7.73,7.38,7.72,4325550
601899.SH,2024-12-04,14.38,14.64,14.34,14.5,1808366
688981.SH,2024-12-04,90.53,91.0,87.25,87.67,68106713
000651.SZ,2024-12-05,36.662,37.062,36.242,36.332,304191
000858.SZ,2024-12-05,134.099,134.759,133.609,134.129,103210
002594.SZ,2024-12-05,90.714,91.144,89.754,90.071,90268
300750.SZ,2024-12-05,242.918,243.878,239.938,240.928,160216
510300.SH,2024-12-05,3.795,3.811,3.783,3.796,7595229
600036.SH,2024-12-05,32.644,33.344,32.594,32.894,568949
600276.SH,2024-12-05,49.02,49.05,48.05,48.55,298108
600519.SH,2024-12-05,1407.397,1414.397,1406.537,1407.537,16141
600900.SH,2024-12-05,26.457,26.737,26.257,26.357,980354
601318.SH,2024-12-05,48.405,48.765,48.205,48.395,295889
601857.SH,2024-12-05,7.6,7.66,7.54,7.57,1827162
601899.SH,2024-12-05,14.43,14.45,14.12,14.18,1412371
688981.SH,2024-12-05,86.2,88.26,86.14,87.0,39595741
000651.SZ,2024-12-06,36.312,36.672,36.122,36.282,384860
000858.SZ,2024-12-06,133.759,137.099,133.759,135.539,187546
002594.SZ,2024-12-06,90.207,92.311,89.654,91.744,124698
300750.SZ,2024-12-06,240.928,254.828,239.928,251.478,330381
510300.SH,2024-12-06,3.796,3.874,3.795,3.846,17762294
600036.SH,2024-12-06,32.994,33.804,32.994,33.684,877236
600276.SH,2024-12-06,48.55,49.4,48.44,49.13,342291
600519.SH,2024-12-06,1409.537,1435.437,1404.607,1417.547,32040
600900.SH,2024-12-06,26.377,26.597,26.207,26.237,909354
601318.SH,2024-12-06,48.505,50.405,48.495,49.835,789837
601857.SH,2024-12-06,7.56,7.67,7.55,7.6,1598333
601899.SH,2024-12-06,14.12,14.44,14.11,14.39,1378733
688981.SH,2024-12-06,86.5,89.69,86.3,88.93,54044117
000651.SZ,2024-12-09,36.292,36.642,35.622,36.362,353740
000858.SZ,2024-12-09,135.549,136.509,134.249,134.859,145424
002594.SZ,2024-12-09,91.394,92.981,90.877,91.814,92153
300750.SZ,2024-12-09,251.918,254.588,249.338,252.978,224561
510300.SH,2024-12-09,3.843,3.869,3.819,3.843,12464187
600036.SH,2024-12-09,33.574,33.974,33.334,33.684,492995
600276.SH,2024-12-09,49.58,49.69,48.66,48.98,276614
600519.SH,2024-12-09,1418.557,1426.257,1409.737,1415.337,19800
600900.SH,2024-12-09,26.187,26.567,25.987,26.467,802873
601318.SH,2024-12-09,49.665,50.015,49.165,49.545,510463
601857.SH,2024-12-09,7.57,7.76,7.52,7.71,2126592
601899.SH,2024-12-09,14.44,14.75,14.37,14.58,1386205
688981.SH,2024-12-09,88.06,88.75,85.99,86.78,42411257
000651.SZ,2024-12-10,37.532,38.202,36.932,36.992,759261
000858.SZ,2024-12-10,142.099,143.979,137.999,138.199,463263
002594.SZ,2024-12-10,95.984,96.317,92.317,92.501,175929
300750.SZ,2024-12-10,266.208,266.428,254.258,255.498,329044
510300.SH,2024-12-10,3.968,3.987,3.862,3.874,24827953
600036.SH,2024-12-10,34.784,34.974,34.384,34.584,1038953
600276.SH,2024-12-10,49.85,49.85,47.21,47.73,1022100
600519.SH,2024-12-10,1466.537,1476.267,1441.717,1443.127,60312
600900.SH,2024-12-10,26.457,26.637,26.017,26.077,1678877
601318.SH,2024-12-10,51.615,51.895,50.215,50.335,1000984
601857.SH,2024-12-10,7.81,7.86,7.63,7.64,1914230
601899.SH,2024-12-10,15.08,15.25,14.7,14.76,1917173
688981.SH,2024-12-10,91.49,91.99,87.79,88.0,69668121
000651.SZ,2024-12-11,36.932,37.612,36.822,37.322,326087
000858.SZ,2024-12-11,137.119,140.599,137.119,138.499,199993
002594.SZ,2024-12-11,92.327,92.941,91.451,91.907,93360
300750.SZ,2024-12-11,258.888,264.428,251.448,252.028,194008
510300.SH,2024-12-11,3.867,3.883,3.854,3.864,12587160
600036.SH,2024-12-11,34.524,34.774,34.214,34.284,517709
600276.SH,2024-12-11,47.46,47.77,47.11,47.75,429449
600519.SH,2024-12-11,1436.537,1451.537,1427.517,1432.137,29671
600900.SH,2024-12-11,26.157,26.277,26.027,26.227,636184
601318.SH,2024-12-11,50.325,50.645,49.595,49.615,504784
601857.SH,2024-12-11,7.62,7.75,7.61,7.73,1503909
601899.SH,2024-12-11,14.86,15.08,14.76,14.82,1468595
688981.SH,2024-12-11,87.11,88.33,86.5,86.82,40065377
000651.SZ,2024-12-12,37.222,37.562,37.062,37.472,323960
000858.SZ,2024-12-12,138.539,141.099,137.569,140.919,253653
002594.SZ,2024-12-12,91.684,92.877,91.117,92.877,100134
300750.SZ,2024-12-12,250.828,260.308,250.128,258.638,223295
510300.SH,2024-12-12,3.866,3.911,3.855,3.906,13601804
600036.SH,2024-12-12,34.274,34.814,34.194,34.784,586889
600276.SH,2024-12-12,47.75,47.75,47.2,47.64,361609
600519.SH,2024-12-12,1428.557,1462.537,1425.537,1462.337,41937
600900.SH,2024-12-12,26.207,26.537,26.187,26.457,778750
601318.SH,2024-12-12,49.675,50.565,49.415,50.295,526336
601857.SH,2024-12-12,7.74,7.82,7.7,7.73,1392178
601899.SH,2024-12-12,14.82,14.98,14.79,14.94,1005045
688981.SH,2024-12-12,87.16,88.2,85.69,87.17,44489757
000651.SZ,2024-12-13,37.322,37.412,36.762,37.012,435002
000858.SZ,2024-12-13,139.449,139.779,137.099,137.139,284227
002594.SZ,2024-12-13,92.094,92.191,90.457,90.487,112359
300750.SZ,2024-12-13,254.808,256.928,250.928,251.958,283164
510300.SH,2024-12-13,3.881,3.881,3.801,3.809,23465697
600036.SH,2024-12-13,34.434,34.584,33.264,33.284,1117983
600276.SH,2024-12-13,47.4,47.51,46.16,46.19,650777
600519.SH,2024-12-13,1446.547,1451.527,1415.417,1415.537,49512
600900.SH,2024-12-13,26.497,26.937,26.397,26.777,1542858
601318.SH,2024-12-13,49.915,49.925,48.395,48.455,887096
601857.SH,2024-12-13,7.69,7.71,7.55,7.56,1627296
601899.SH,2024-12-13,14.7,14.7,14.27,14.27,1998112
688981.SH,2024-12-13,86.81,86.81,82.85,82.99,82003231
000651.SZ,2024-12-16,36.872,37.452,36.722,36.892,309204
000858.SZ,2024-12-16,137.129,137.139,133.119,133.689,264773
002594.SZ,2024-12-16,90.491,91.044,89.511,89.967,71490
300750.SZ,2024-12-16,251.148,254.428,248.978,252.128,162575
510300.SH,2024-12-16,3.807,3.81,3.775,3.785,9893231
600036.SH,2024-12-16,33.334,33.764,33.304,33.724,640316
600276.SH,2024-12-16,46.18,46.18,45.4,45.67,354079
600519.SH,2024-12-16,1417.537,1425.537,1407.247,1423.737,32537
600900.SH,2024-12-16,26.837,27.447,26.837,27.337,1434633
601318.SH,2024-12-16,48.425,48.705,47.645,47.835,658592
601857.SH,2024-12-16,7.54,7.77,7.53,7.73,2072055
601899.SH,2024-12-16,14.27,14.34,14.01,14.05,1283535
688981.SH,2024-12-16,82.3,83.2,81.21,81.5,47629570
000651.SZ,2024-12-17,36.872,37.542,36.772,37.012,334839
000858.SZ,2024-12-17,133.679,135.849,132.699,133.989,159493
002594.SZ,2024-12-17,89.957,93.537,89.644,92.584,175682
300750.SZ,2024-12-17,251.928,262.928,251.468,258.728,282146
510300.SH,2024-12-17,3.782,3.832,3.78,3.796,13646692
600036.SH,2024-12-17,33.524,34.144,33.524,33.834,603104
600276.SH,2024-12-17,45.65,46.57,45.5,46.1,315875
600519.SH,2024-12-17,1422.527,1465.537,1417.547,1454.537,54172
600900.SH,2024-12-17,27.387,27.607,27.247,27.327,1078044
601318.SH,2024-12-17,47.615,48.185,47.455,47.725,537694
601857.SH,2024-12-17,7.71,7.87,7.71,7.76,1625591
601899.SH,2024-12-17,14.05,14.29,13.97,14.15,1196822
688981.SH,2024-12-17,81.35,83.1,81.31,82.19,40662192
000651.SZ,2024-12-18,37.202,37.572,37.142,37.462,297198
000858.SZ,2024-12-18,134.099,135.379,133.659,134.299,120676
002594.SZ,2024-12-18,92.734,93.944,92.527,93.201,84106
300750.SZ,2024-12-18,259.238,259.658,255.238,256.338,150853
510300.SH,2024-12-18,3.809,3.828,3.804,3.813,10236096
600036.SH,2024-12-18,34.004,34.644,33.844,34.504,805855
600276.SH,2024-12-18,46.3,46.65,46.13,46.19,247140
600519.SH,2024-12-18,1454.507,1473.537,1443.637,1468.037,41162
600900.SH,2024-12-18,27.437,27.877,27.187,27.477,983966
601318.SH,2024-12-18,48.045,48.395,47.595,47.655,504461
601857.SH,2024-12-18,7.8,7.87,7.76,7.79,1324767
601899.SH,2024-12-18,14.1,14.33,14.1,14.19,753477
688981.SH,2024-12-18,82.82,83.95,82.09,83.4,48400022
000651.SZ,2024-12-19,37.312,38.002,37.182,37.662,434387
000858.SZ,2024-12-19,133.199,133.509,132.409,132.649,151982
002594.SZ,2024-12-19,92.254,93.964,91.651,93.451,86729
300750.SZ,2024-12-19,254.188,257.278,251.548,254.718,153460
510300.SH,2024-12-19,3.789,3.827,3.77,3.819,9903622
600036.SH,2024-12-19,34.364,34.514,33.984,34.004,611196
600276.SH,2024-12-19,45.78,46.26,45.48,46.14,217461
600519.SH,2024-12-19,1461.677,1464.467,1446.867,1447.547,24809
600900.SH,2024-12-19,27.317,27.717,27.267,27.317,910616
601318.SH,2024-12-19,47.315,47.655,47.065,47.605,405496
601857.SH,2024-12-19,7.74,7.83,7.68,7.7,1261274
601899.SH,2024-12-19,13.91,14.11,13.75,14.02,925547
688981.SH,2024-12-19,82.3,86.53,81.88,85.44,67399207
000651.SZ,2024-12-20,37.662,37.962,37.212,37.272,350966
000858.SZ,2024-12-20,132.799,133.569,131.819,132.309,172836
002594.SZ,2024-12-20,93.321,93.901,91.717,91.717,96707
300750.SZ,2024-12-20,254.718,255.728,245.248,247.638,277401
510300.SH,2024-12-20,3.813,3.834,3.801,3.807,12230620
600036.SH,2024-12-20,34.034,34.264,33.844,33.894,542150
600276.SH,2024-12-20,46.14,46.48,45.82,45.85,260733
600519.SH,2024-12-20,1451.549,1462.219,1440.439,1442.419,28158
600900.SH,2024-12-20,27.267,27.487,27.137,27.257,787252
601318.SH,2024-12-20,47.605,47.945,47.235,47.335,461965
601857.SH,2024-12-20,7.69,7.72,7.61,7.62,1060721
601899.SH,2024-12-20,13.98,14.03,13.72,13.72,1400627
688981.SH,2024-12-20,85.07,98.8,85.07,94.28,176770271
000651.SZ,2024-12-23,37.332,38.712,37.322,38.502,693206
000858.SZ,2024-12-23,131.419,133.039,131.349,131.549,142601
002594.SZ,2024-12-23,91.817,92.747,91.277,91.884,81516
300750.SZ,2024-12-23,247.638,253.808,247.638,248.428,206394
510300.SH,2024-12-23,3.806,3.842,3.804,3.811,14247022
600036.SH,2024-12-23,33.974,34.684,33.964,34.334,902692
600276.SH,2024-12-23,45.85,45.93,45.11,45.45,361927
600519.SH,2024-12-23,1443.419,1458.419,1437.419,1446.869,21603
600900.SH,2024-12-23,27.247,27.867,27.167,27.627,1086336
601318.SH,2024-12-23,47.335,48.195,47.335,47.815,555505
601857.SH,2024-12-23,7.66,7.9,7.65,7.86,2236033
601899.SH,2024-12-23,13.86,14.29,13.79,14.21,1884409
688981.SH,2024-12-23,93.69,99.2,93.6,95.18,145675567
000651.SZ,2024-12-24,38.532,40.122,38.532,39.592,700826
000858.SZ,2024-12-24,131.449,132.599,130.809,132.579,143330
002594.SZ,2024-12-24,91.614,94.487,91.361,94.457,142287
300750.SZ,2024-12-24,247.928,253.178,247.928,253.158,196154
510300.SH,2024-12-24,3.813,3.865,3.811,3.858,14563434
600036.SH,2024-12-24,34.334,35.274,34.304,35.204,993428
600276.SH,2024-12-24,45.45,46.26,45.38,45.93,293991
600519.SH,2024-12-24,1445.419,1464.419,1442.009,1459.239,22105
600900.SH,2024-12-24,27.527,27.907,27.417,27.867,927356
601318.SH,2024-12-24,47.795,48.545,47.715,48.495,495609
601857.SH,2024-12-24,7.82,8.1,7.78,8.06,2386243
601899.SH,2024-12-24,14.19,14.36,13.99,14.33,1167419
688981.SH,2024-12-24,95.99,97.34,92.99,96.86,91204508
000651.SZ,2024-12-25,39.762,40.002,39.222,39.452,400878
000858.SZ,2024-12-25,132.579,132.979,131.679,132.179,96140
002594.SZ,2024-12-25,94.561,95.437,93.551,93.624,83391
300750.SZ,2024-12-25,253.838,255.838,251.188,252.898,114138
510300.SH,2024-12-25,3.861,3.883,3.843,3.861,14181375
600036.SH,2024-12-25,35.214,35.544,34.974,35.384,755913
600276.SH,2024-12-25,46.16,46.6,45.93,46.22,315258
600519.SH,2024-12-25,1459.219,1459.219,1446.519,1450.419,17123
600900.SH,2024-12-25,27.877,27.987,27.727,27.847,685161
601318.SH,2024-12-25,48.525,49.025,48.285,48.615,417399
601857.SH,2024-12-25,8.04,8.33,8.03,8.3,2503521
601899.SH,2024-12-25,14.33,14.37,14.04,14.22,878541
688981.SH,2024-12-25,96.48,99.8,96.38,97.99,98532907
000651.SZ,2024-12-26,39.462,39.642,39.012,39.452,324527
000858.SZ,2024-12-26,132.219,132.329,130.949,131.589,104768
002594.SZ,2024-12-26,93.624,93.917,92.984,93.271,67605
300750.SZ,2024-12-26,252.128,252.128,245.928,246.178,224438
510300.SH,2024-12-26,3.861,3.868,3.845,3.862,9470234
600036.SH,2024-12-26,35.384,35.524,34.994,35.464,539252
600276.SH,2024-12-26,46.1,46.14,45.36,45.71,255828
600519.SH,2024-12-26,1454.419,1459.199,1443.419,1448.209,18287
600900.SH,2024-12-26,27.847,27.887,27.347,27.377,898846
601318.SH,2024-12-26,48.605,48.655,48.075,48.165,379222
601857.SH,2024-12-26,8.3,8.3,8.13,8.25,1845507
601899.SH,2024-12-26,14.23,14.43,14.16,14.32,875093
688981.SH,2024-12-26,98.0,98.88,96.15,96.73,71104586
000651.SZ,2024-12-27,39.452,39.632,38.622,39.072,379156
000858.SZ,2024-12-27,131.699,132.049,130.669,131.619,134451
002594.SZ,2024-12-27,93.917,94.167,92.651,93.744,78683
300750.SZ,2024-12-27,245.498,248.348,239.928,246.928,243519
510300.SH,2024-12-27,3.865,3.888,3.85,3.856,10869639
600036.SH,2024-12-27,35.464,35.624,34.764,35.324,700320
600276.SH,2024-12-27,45.8,45.96,45.5,45.7,212505
600519.SH,2024-12-27,1449.319,1456.419,1439.919,1449.389,20759
600900.SH,2024-12-27,27.357,27.687,27.227,27.667,854237
601318.SH,2024-12-27,48.165,48.465,47.425,47.985,537757
601857.SH,2024-12-27,8.26,8.35,8.09,8.2,1451990
601899.SH,2024-12-27,14.34,14.39,13.97,14.0,1236416
688981.SH,2024-12-27,96.78,102.37,96.49,97.51,114471630
000651.SZ,2024-12-30,39.072,39.972,39.072,39.582,388822
000858.SZ,2024-12-30,131.119,132.269,130.099,130.309,163672
002594.SZ,2024-12-30,94.051,94.817,92.761,93.314,82947
300750.SZ,2024-12-30,245.808,252.428,245.438,251.508,226314
510300.SH,2024-12-30,3.855,3.882,3.854,3.875,13119335
600036.SH,2024-12-30,35.324,35.784,35.234,35.604,678845
600276.SH,2024-12-30,45.89,46.36,45.65,45.74,256267
600519.SH,2024-12-30,1454.389,1464.379,1445.419,1445.419,25130
600900.SH,2024-12-30,27.667,27.887,27.397,27.467,778257
601318.SH,2024-12-30,47.935,48.615,47.925,48.615,533438
601857.SH,2024-12-30,8.2,8.36,8.19,8.28,1459250
601899.SH,2024-12-30,13.96,14.42,13.93,14.24,1524841
688981.SH,2024-12-30,96.6,100.53,96.0,99.29,90657304
000651.SZ,2024-12-31,39.612,39.962,39.242,39.462,424767
000858.SZ,2024-12-31,130.319,132.699,129.109,129.139,245219
002594.SZ,2024-12-31,93.317,93.817,92.317,92.537,77620
300750.SZ,2024-12-31,250.018,255.428,250.018,250.928,249340
510300.SH,2024-12-31,3.876,3.883,3.809,3.811,18436188
600036.SH,2024-12-31,35.544,35.884,35.284,35.284,643717
600276.SH,2024-12-31,45.73,46.17,45.45,45.5,388166
600519.SH,2024-12-31,1445.819,1465.419,1442.429,1444.419,39354
600900.SH,2024-12-31,27.457,27.827,27.417,27.607,965370
601318.SH,2024-12-31,48.505,48.735,47.365,47.365,677118
601857.SH,2024-12-31,8.3,8.33,8.2,8.22,1554074
601899.SH,2024-12-31,14.13,14.16,13.82,13.82,1422365
688981.SH,2024-12-31,99.0,99.58,94.59,94.62,87823797
000651.SZ,2025-01-02,40.492,41.492,40.012,40.352,952532
000858.SZ,2025-01-02,129.099,129.099,125.399,126.089,255647
002594.SZ,2025-01-02,92.651,92.677,88.124,88.684,168784
300750.SZ,2025-01-02,251.178,251.228,241.928,243.708,233546
510300.SH,2025-01-02,3.809,3.81,3.67,3.698,21729803
600036.SH,2025-01-02,35.334,35.484,34.324,34.494,642001
600276.SH,2025-01-02,45.48,45.7,44.3,44.55,348132
600519.SH,2025-01-02,1444.419,1444.909,1400.419,1408.419,50029
600900.SH,2025-01-02,27.567,27.787,27.137,27.257,1041220
601318.SH,2025-01-02,47.415,47.445,45.105,45.425,948579
601857.SH,2025-01-02,8.19,8.29,8.01,8.05,1849814
601899.SH,2025-01-02,13.9,14.18,13.7,13.88,1990531
688981.SH,2025-01-02,93.81,95.09,88.5,89.96,84971056
000651.SZ,2025-01-03,40.392,41.332,39.612,39.752,527086
000858.SZ,2025-01-03,126.179,127.059,123.849,124.499,168230
002594.SZ,2025-01-03,88.817,89.847,87.731,88.561,99365
300750.SZ,2025-01-03,243.708,247.928,242.138,242.558,185238
510300.SH,2025-01-03,3.698,3.71,3.642,3.658,15930226
600036.SH,2025-01-03,34.584,35.024,34.524,34.644,682583
600276.SH,2025-01-03,44.6,44.77,43.76,43.96,273873
600519.SH,2025-01-03,1414.919,1415.409,1387.429,1395.419,32628
600900.SH,2025-01-03,27.267,27.487,26.907,27.057,946323
601318.SH,2025-01-03,45.715,45.805,44.795,45.015,551352
601857.SH,2025-01-03,8.09,8.23,8.08,8.13,1789653
601899.SH,2025-01-03,14.0,14.62,13.97,14.27,3124885
688981.SH,2025-01-03,90.1,91.13,87.53,88.31,61288981
000651.SZ,2025-01-06,39.952,40.532,39.292,40.032,542128
000858.SZ,2025-01-06,120.999,123.059,119.479,119.929,279430
002594.SZ,2025-01-06,88.964,89.614,87.994,88.744,82447
300750.SZ,2025-01-06,242.928,244.928,237.928,241.678,172891
510300.SH,2025-01-06,3.654,3.662,3.617,3.642,12986739
600036.SH,2025-01-06,34.884,35.084,34.114,35.034,617159
600276.SH,2025-01-06,44.35,44.71,43.98,44.61,301481
600519.SH,2025-01-06,1373.419,1383.079,1353.219,1360.419,44255
600900.SH,2025-01-06,27.157,27.157,26.567,26.947,794674
601318.SH,2025-01-06,45.265,45.335,44.545,45.055,413490
601857.SH,2025-01-06,8.15,8.23,7.96,8.19,1704628
601899.SH,2025-01-06,14.38,14.56,14.03,14.19,2252832
688981.SH,2025-01-06,88.84,89.6,85.72,86.94,43831308
000651.SZ,2025-01-07,39.822,40.372,39.112,39.662,444061
000858.SZ,2025-01-07,120.299,120.759,118.699,119.949,190187
002594.SZ,2025-01-07,88.744,90.894,87.484,89.661,95722
300750.SZ,2025-01-07,227.928,236.928,226.008,234.378,401036
510300.SH,2025-01-07,3.634,3.671,3.625,3.669,9689740
600036.SH,2025-01-07,34.954,35.134,34.594,34.884,492752
600276.SH,2025-01-07,44.65,44.69,43.61,43.64,257422
600519.SH,2025-01-07,1365.079,1372.309,1359.419,1360.619,24221
600900.SH,2025-01-07,26.937,26.947,26.597,26.757,654960
601318.SH,2025-01-07,44.905,45.075,44.525,44.885,392787
601857.SH,2025-01-07,8.14,8.21,8.03,8.12,1222673
601899.SH,2025-01-07,14.25,14.75,14.1,14.72,2298933
688981.SH,2025-01-07,87.1,90.75,86.0,90.6,67214796
000651.SZ,2025-01-08,39.612,41.392,39.462,41.252,778213
000858.SZ,2025-01-08,119.959,120.839,117.119,118.799,192876
002594.SZ,2025-01-08,89.314,89.647,86.921,88.044,109082
300750.SZ,2025-01-08,230.918,233.238,228.248,230.268,271858
510300.SH,2025-01-08,3.659,3.688,3.604,3.663,14097968
600036.SH,2025-01-08,34.814,35.534,34.804,35.264,751481
600276.SH,2025-01-08,43.65,43.78,42.55,43.15,350327
600519.SH,2025-01-08,1360.419,1372.239,1347.079,1362.919,35258
600900.SH,2025-01-08,26.727,27.217,26.687,27.057,906309
601318.SH,2025-01-08,44.895,45.295,44.265,45.015,510383
601857.SH,2025-01-08,8.14,8.45,8.12,8.33,2275089
601899.SH,2025-01-08,14.72,14.87,14.44,14.55,1768437
688981.SH,2025-01-08,88.88,91.28,85.99,88.82,68790730
000651.SZ,2025-01-09,41.312,41.662,40.722,41.512,454126
000858.SZ,2025-01-09,119.009,121.449,117.249,119.679,159183
002594.SZ,2025-01-09,87.984,88.884,87.204,88.114,65613
300750.SZ,2025-01-09,226.278,235.178,226.088,232.258,169329
510300.SH,2025-01-09,3.652,3.669,3.646,3.655,8060658
600036.SH,2025-01-09,35.384,35.414,34.814,34.984,447083
600276.SH,2025-01-09,43.18,43.47,42.66,42.68,257768
600519.SH,2025-01-09,1369.409,1384.999,1353.399,1364.419,29706
600900.SH,2025-01-09,26.997,27.117,26.697,26.847,581771
601318.SH,2025-01-09,44.975,45.125,44.515,44.525,400821
601857.SH,2025-01-09,8.27,8.31,7.98,8.1,1536295
601899.SH,2025-01-09,14.61,14.73,14.42,14.62,1342998
688981.SH,2025-01-09,88.4,93.33,88.1,91.32,72416451
000651.SZ,2025-01-10,41.352,41.772,40.262,40.412,371613
000858.SZ,2025-01-10,119.599,119.929,117.699,117.699,135378
002594.SZ,2025-01-10,87.984,88.447,86.577,86.991,80548
300750.SZ,2025-01-10,231.428,234.878,229.608,230.928,147294
510300.SH,2025-01-10,3.654,3.664,3.611,3.612,8265725
600036.SH,2025-01-10,35.324,35.434,34.794,34.964,481425
600276.SH,2025-01-10,42.66,43.01,42.13,42.27,265752
600519.SH,2025-01-10,1367.519,1372.369,1356.419,1356.419,21872
600900.SH,2025-01-10,26.847,27.107,26.567,26.927,694910
601318.SH,2025-01-10,44.535,44.795,43.615,43.665,522704
601857.SH,2025-01-10,8.14,8.19,7.97,8.03,1434638
601899.SH,2025-01-10,14.79,15.04,14.57,14.85,1955517
688981.SH,2025-01-10,90.85,96.68,90.85,93.18,89988928
000651.SZ,2025-01-13,39.812,39.982,38.702,38.912,421112
000858.SZ,2025-01-13,116.419,118.599,116.059,118.299,121491
002594.SZ,2025-01-13,85.984,87.807,85.721,86.984,67214
300750.SZ,2025-01-13,228.428,234.928,226.928,231.838,180922
510300.SH,2025-01-13,3.59,3.615,3.582,3.597,9493947
600036.SH,2025-01-13,34.914,35.134,34.524,35.054,606323
600276.SH,2025-01-13,42.11,42.77,42.0,42.41,191129
600519.SH,2025-01-13,1345.419,1364.859,1342.429,1364.399,21083
600900.SH,2025-01-13,26.857,26.967,26.487,26.867,906278
601318.SH,2025-01-13,43.195,43.515,42.815,43.305,511393
601857.SH,2025-01-13,8.18,8.23,8.0,8.15,1781679
601899.SH,2025-01-13,14.84,15.36,14.73,15.1,2377232
688981.SH,2025-01-13,91.0,95.86,89.88,95.02,68025640
000651.SZ,2025-01-14,38.872,39.882,38.802,39.652,315822
000858.SZ,2025-01-14,118.399,122.399,117.999,122.119,228625
002594.SZ,2025-01-14,87.097,90.701,86.987,90.417,125790
300750.SZ,2025-01-14,232.638,241.928,230.138,241.128,202467
510300.SH,2025-01-14,3.604,3.707,3.598,3.695,16445462
600036.SH,2025-01-14,35.074,35.954,34.884,35.834,708012
600276.SH,2025-01-14,42.41,44.01,42.41,43.89,337755
600519.SH,2025-01-14,1365.369,1399.099,1362.419,1392.919,30957
600900.SH,2025-01-14,26.857,27.037,26.777,26.897,819857
601318.SH,2025-01-14,43.305,44.295,43.215,44.075,615774
601857.SH,2025-01-14,8.09,8.19,8.03,8.18,1588847
601899.SH,2025-01-14,14.99,15.18,14.75,15.11,1800898
688981.SH,2025-01-14,96.95,99.58,94.45,98.77,92888106
000651.SZ,2025-01-15,39.532,40.852,39.472,40.102,328817
000858.SZ,2025-01-15,122.399,122.779,121.319,121.869,128123
002594.SZ,2025-01-15,90.384,90.754,89.817,89.881,62336
300750.SZ,2025-01-15,241.128,241.328,234.598,235.798,150627
510300.SH,2025-01-15,3.685,3.693,3.666,3.672,7420496
600036.SH,2025-01-15,35.974,36.984,35.874,36.624,796701
600276.SH,2025-01-15,43.86,43.88,43.26,43.48,184965
600519.SH,2025-01-15,1387.419,1395.019,1380.429,1391.689,18399
600900.SH,2025-01-15,26.787,27.177,26.667,26.857,722793
601318.SH,2025-01-15,43.965,44.375,43.625,43.825,458029
601857.SH,2025-01-15,8.14,8.3,8.07,8.14,1414869
601899.SH,2025-01-15,15.05,15.1,14.23,14.48,3279464
688981.SH,2025-01-15,97.5,102.29,97.3,99.55,77659234
000651.SZ,2025-01-16,40.312,41.152,40.132,40.312,297938
000858.SZ,2025-01-16,122.499,123.399,120.159,120.579,163096
002594.SZ,2025-01-16,89.884,90.761,88.494,89.237,72572
300750.SZ,2025-01-16,236.928,239.528,233.188,234.858,161884
510300.SH,2025-01-16,3.685,3.722,3.65,3.674,11090052
600036.SH,2025-01-16,36.634,37.134,36.514,36.974,592594
600276.SH,2025-01-16,43.68,43.75,42.46,42.5,310158
600519.SH,2025-01-16,1394.419,1403.079,1362.419,1366.799,26342
600900.SH,2025-01-16,26.787,27.037,26.777,26.897,720602
601318.SH,2025-01-16,44.015,44.465,43.645,43.965,415761
601857.SH,2025-01-16,8.21,8.32,8.16,8.28,1534548
601899.SH,2025-01-16,14.73,15.0,14.73,14.87,2207643
688981.SH,2025-01-16,102.18,104.46,96.6,96.6,103477465
000651.SZ,2025-01-17,40.162,40.402,39.552,40.012,245895
000858.SZ,2025-01-17,121.099,122.979,120.649,121.399,152450
002594.SZ,2025-01-17,89.491,91.384,89.144,90.517,86142
300750.SZ,2025-01-17,233.428,238.428,233.008,236.428,111066
510300.SH,2025-01-17,3.664,3.711,3.657,3.687,8476993
600036.SH,2025-01-17,36.944,37.144,36.114,36.694,475901
600276.SH,2025-01-17,42.1,42.68,42.04,42.44,200612
600519.SH,2025-01-17,1366.809,1381.419,1366.799,1375.169,18309
600900.SH,2025-01-17,26.927,27.087,26.817,27.067,596372
601318.SH,2025-01-17,43.815,44.285,43.485,44.095,460747
601857.SH,2025-01-17,8.23,8.26,8.1,8.11,1502697
601899.SH,2025-01-17,15.01,15.11,14.82,14.97,1682692
688981.SH,2025-01-17,96.51,104.77,96.51,102.7,109403228
000651.SZ,2025-01-20,40.032,40.392,38.712,39.092,618773
000858.SZ,2025-01-20,121.979,124.589,121.829,123.399,194174
002594.SZ,2025-01-20,91.317,93.794,91.291,93.127,135797
300750.SZ,2025-01-20,241.428,252.538,241.238,250.448,342835
510300.SH,2025-01-20,3.71,3.738,3.697,3.706,9202943
600036.SH,2025-01-20,36.964,37.054,36.094,36.104,542575
600276.SH,2025-01-20,42.89,44.96,42.88,44.12,558603
600519.SH,2025-01-20,1381.419,1410.209,1380.419,1395.219,31410
600900.SH,2025-01-20,27.107,27.117,26.887,27.027,665424
601318.SH,2025-01-20,44.435,45.015,44.375,44.525,491736
601857.SH,2025-01-20,8.1,8.1,7.83,7.85,2354036
601899.SH,2025-01-20,14.95,15.09,14.77,14.99,1446115
688981.SH,2025-01-20,102.98,103.0,100.3,101.05,59667259
000651.SZ,2025-01-21,39.392,39.412,38.632,38.772,300011
000858.SZ,2025-01-21,123.949,124.099,121.899,122.489,132797
002594.SZ,2025-01-21,93.317,94.127,92.651,93.667,76441
300750.SZ,2025-01-21,253.428,253.688,248.148,249.108,138933
510300.SH,2025-01-21,3.726,3.73,3.694,3.711,7439264
600036.SH,2025-01-21,36.304,36.494,35.994,36.124,400685
600276.SH,2025-01-21,44.45,44.9,44.15,44.73,353980
600519.SH,2025-01-21,1401.419,1402.419,1385.419,1388.569,16856
600900.SH,2025-01-21,27.017,27.367,26.877,27.217,789413
601318.SH,2025-01-21,44.915,45.105,44.375,44.615,409951
601857.SH,2025-01-21,7.81,7.84,7.69,7.73,1522666
601899.SH,2025-01-21,15.0,15.09,14.84,14.95,1091089
688981.SH,2025-01-21,101.5,104.35,101.1,101.84,74435300
000651.SZ,2025-01-22,38.672,38.752,37.562,38.072,396856
000858.SZ,2025-01-22,122.049,122.099,119.229,119.449,174182
002594.SZ,2025-01-22,93.317,93.751,91.584,92.484,81057
300750.SZ,2025-01-22,246.928,249.828,239.138,242.928,250407
510300.SH,2025-01-22,3.705,3.705,3.657,3.675,10996807
600036.SH,2025-01-22,36.124,36.144,35.304,35.434,588912
600276.SH,2025-01-22,44.63,44.84,43.84,44.03,210751
600519.SH,2025-01-22,1383.689,1388.369,1358.419,1361.419,28294
600900.SH,2025-01-22,27.217,27.357,26.657,26.747,1073703
601318.SH,2025-01-22,44.435,44.635,43.565,43.665,530780
601857.SH,2025-01-22,7.69,7.72,7.48,7.51,1922712
601899.SH,2025-01-22,15.06,15.09,14.75,14.9,1283152
688981.SH,2025-01-22,101.3,103.22,99.5,100.24,61641241
000651.SZ,2025-01-23,38.262,38.832,38.112,38.282,375098
000858.SZ,2025-01-23,120.675,122.665,120.145,120.325,184489
002594.SZ,2025-01-23,93.311,93.317,90.651,90.687,96174
300750.SZ,2025-01-23,244.778,247.428,241.908,242.428,165537
510300.SH,2025-01-23,3.704,3.747,3.683,3.686,10385928
600036.SH,2025-01-23,35.654,36.214,35.504,35.814,606618
600276.SH,2025-01-23,44.15,44.42,43.37,43.56,286082
600519.SH,2025-01-23,1370.389,1388.419,1358.419,1363.419,27125
600900.SH,2025-01-23,26.777,26.867,26.337,26.557,1034684
601318.SH,2025-01-23,44.535,46.165,44.495,45.085,969105
601857.SH,2025-01-23,7.54,7.65,7.52,7.54,1523746
601899.SH,2025-01-23,14.89,15.06,14.56,14.58,1808043
688981.SH,2025-01-23,102.8,103.87,96.7,96.84,86850578
000651.SZ,2025-01-24,38.282,38.892,37.942,38.472,331517
000858.SZ,2025-01-24,119.475,120.255,118.165,119.395,189436
002594.SZ,2025-01-24,90.487,91.817,90.317,91.344,68144
300750.SZ,2025-01-24,242.163,250.933,242.163,246.773,224398
510300.SH,2025-01-24,3.678,3.732,3.672,3.718,11436475
600036.SH,2025-01-24,35.644,36.534,35.444,36.244,574652
600276.SH,2025-01-24,43.47,44.75,43.42,44.24,350461
600519.SH,2025-01-24,1362.419,1368.209,1350.729,1356.419,31360
600900.SH,2025-01-24,26.647,26.917,26.467,26.467,840006
601318.SH,2025-01-24,44.895,46.085,44.815,45.575,616779
601857.SH,2025-01-24,7.51,7.57,7.45,7.5,1491771
601899.SH,2025-01-24,14.71,14.82,14.51,14.72,1376563
688981.SH,2025-01-24,97.16,98.62,96.77,97.85,47198275
000651.SZ,2025-01-27,38.482,39.282,38.482,38.902,283540
000858.SZ,2025-01-27,119.675,120.225,118.775,118.875,126535
002594.SZ,2025-01-27,91.347,91.691,89.817,89.817,63408
300750.SZ,2025-01-27,246.783,249.123,243.153,243.153,171026
510300.SH,2025-01-27,3.725,3.734,3.693,3.696,13053850
600036.SH,2025-01-27,36.564,36.954,36.534,36.634,526060
600276.SH,2025-01-27,44.4,44.78,44.18,44.25,193068
600519.SH,2025-01-27,1357.419,1364.389,1347.439,1355.409,29356
600900.SH,2025-01-27,26.537,27.367,26.487,27.167,995244
601318.SH,2025-01-27,45.745,46.335,45.525,45.565,524547
601857.SH,2025-01-27,7.5,7.63,7.47,7.61,1553732
601899.SH,2025-01-27,14.7,15.01,14.64,14.94,1547943
688981.SH,2025-01-27,98.38,98.39,93.9,93.94,52844572
000651.SZ,2025-02-05,38.552,38.812,37.752,37.842,344665
000858.SZ,2025-02-05,119.225,119.555,116.185,116.685,186916
002594.SZ,2025-02-05,92.561,93.901,92.184,92.584,145351
300750.SZ,2025-02-05,246.153,248.153,237.203,238.273,240481
510300.SH,2025-02-05,3.719,3.723,3.668,3.676,7515497
600036.SH,2025-02-05,36.834,36.884,35.884,35.984,504789
600276.SH,2025-02-05,44.27,44.4,43.47,43.61,274407
600519.SH,2025-02-05,1360.419,1363.419,1322.629,1324.219,40757
600900.SH,2025-02-05,27.127,27.157,26.537,26.617,902861
601318.SH,2025-02-05,45.695,45.715,44.385,44.435,583072
601857.SH,2025-02-05,7.61,7.62,7.39,7.43,1525253
601899.SH,2025-02-05,15.29,15.43,15.01,15.17,2061406
688981.SH,2025-02-05,100.16,102.84,99.44,101.37,97756780
000651.SZ,2025-02-06,37.882,38.052,37.342,37.652,343097
000858.SZ,2025-02-06,116.475,118.065,116.365,117.575,138191
002594.SZ,2025-02-06,92.587,102.011,92.467,102.011,381459
300750.SZ,2025-02-06,237.153,239.643,235.353,239.253,248961
510300.SH,2025-02-06,3.673,3.726,3.67,3.721,13886365
600036.SH,2025-02-06,35.984,36.364,35.714,36.184,466088
600276.SH,2025-02-06,43.73,44.15,43.27,43.96,252177
600519.SH,2025-02-06,1320.429,1342.409,1320.429,1333.259,27356
600900.SH,2025-02-06,26.627,26.697,26.397,26.537,676097
601318.SH,2025-02-06,44.445,45.215,44.395,44.965,415037
601857.SH,2025-02-06,7.43,7.5,7.41,7.48,1075761
601899.SH,2025-02-06,15.28,15.28,14.81,15.01,2001627
688981.SH,2025-02-06,100.11,106.43,99.66,104.43,89396981
000651.SZ,2025-02-07,37.692,38.282,37.322,38.132,401399
000858.SZ,2025-02-07,117.675,120.555,116.795,119.305,232473
002594.SZ,2025-02-07,104.984,108.317,102.984,107.284,487075
300750.SZ,2025-02-07,243.153,248.713,237.773,247.433,344413
510300.SH,2025-02-07,3.722,3.803,3.715,3.777,19306314
600036.SH,2025-02-07,36.084,36.384,35.944,36.184,521066
600276.SH,2025-02-07,43.96,45.93,43.6,44.89,505422
600519.SH,2025-02-07,1334.099,1363.099,1323.829,1356.419,37242
600900.SH,2025-02-07,26.467,26.507,26.167,26.397,1091476
601318.SH,2025-02-07,44.895,46.155,44.555,45.595,725812
601857.SH,2025-02-07,7.46,7.55,7.42,7.54,1382160
601899.SH,2025-02-07,15.05,15.36,14.86,15.32,2165528
688981.SH,2025-02-07,104.42,105.27,100.08,102.53,93254065
000651.SZ,2025-02-10,38.132,38.252,37.662,37.892,305898
000858.SZ,2025-02-10,119.355,119.875,118.575,119.205,136546
002594.SZ,2025-02-10,107.287,108.984,105.511,108.361,272711
300750.SZ,2025-02-10,247.433,247.623,241.333,244.603,229267
510300.SH,2025-02-10,3.778,3.789,3.763,3.781,12672646
600036.SH,2025-02-10,36.184,36.904,35.944,36.584,581806
600276.SH,2025-02-10,45.1,45.1,44.27,44.48,378892
600519.SH,2025-02-10,1358.419,1360.419,1347.509,1351.929,20840
600900.SH,2025-02-10,26.317,26.427,26.167,26.177,969001
601318.SH,2025-02-10,45.605,46.075,45.515,45.615,431815
601857.SH,2025-02-10,7.53,7.56,7.48,7.51,1106241
601899.SH,2025-02-10,15.51,15.76,15.44,15.57,2212065
688981.SH,2025-02-10,102.8,104.52,101.01,103.85,66856305
000651.SZ,2025-02-11,37.982,38.152,37.462,37.672,291797
000858.SZ,2025-02-11,119.275,119.745,117.395,117.935,176002
002594.SZ,2025-02-11,111.417,111.751,106.987,108.284,280364
300750.SZ,2025-02-11,246.593,246.653,237.213,237.953,247920
510300.SH,2025-02-11,3.786,3.787,3.752,3.765,9990359
600036.SH,2025-02-11,36.734,37.024,36.624,36.964,457771
600276.SH,2025-02-11,44.6,44.7,43.65,43.79,310678
600519.SH,2025-02-11,1355.369,1356.379,1336.319,1338.419,23573
600900.SH,2025-02-11,26.247,26.247,25.967,26.167,901386
601318.SH,2025-02-11,45.915,45.955,45.085,45.235,381844
601857.SH,2025-02-11,7.53,7.63,7.51,7.57,1479382
601899.SH,2025-02-11,15.74,16.28,15.62,15.98,2925262
688981.SH,2025-02-11,103.6,103.7,100.36,100.86,54448990
000651.SZ,2025-02-12,37.662,37.892,37.342,37.772,270728
000858.SZ,2025-02-12,117.935,119.385,117.275,119.375,177353
002594.SZ,2025-02-12,107.484,113.964,105.867,113.334,279357
300750.SZ,2025-02-12,236.163,242.153,233.233,241.453,273822
510300.SH,2025-02-12,3.763,3.808,3.749,3.803,9789537
600036.SH,2025-02-12,36.944,37.644,36.544,37.604,603591
600276.SH,2025-02-12,43.8,44.15,43.62,44.04,251757
600519.SH,2025-02-12,1338.419,1365.419,1337.299,1363.419,25476
600900.SH,2025-02-12,26.117,26.297,26.037,26.257,714701
601318.SH,2025-02-12,45.235,45.835,44.895,45.795,446994
601857.SH,2025-02-12,7.58,7.58,7.51,7.56,1095270
601899.SH,2025-02-12,15.73,15.82,15.57,15.68,1582010
688981.SH,2025-02-12,101.5,104.44,99.41,104.32,97586005
000651.SZ,2025-02-13,37.712,38.062,37.572,37.832,338051
000858.SZ,2025-02-13,119.395,123.675,118.925,123.185,467626
002594.SZ,2025-02-13,112.051,113.767,111.484,112.084,199840
300750.SZ,2025-02-13,242.143,250.143,241.253,247.543,375350
510300.SH,2025-02-13,3.798,3.823,3.787,3.793,11758227
600036.SH,2025-02-13,37.634,37.934,37.324,37.694,462207
600276.SH,2025-02-13,43.9,44.66,43.66,44.24,378625
600519.SH,2025-02-13,1363.439,1395.669,1354.929,1385.479,43385
600900.SH,2025-02-13,26.187,26.497,26.097,26.437,940018
601318.SH,2025-02-13,45.635,46.495,45.525,45.735,590363
601857.SH,2025-02-13,7.49,7.55,7.47,7.51,1339344
601899.SH,2025-02-13,15.78,15.9,15.68,15.71,1272922
688981.SH,2025-02-13,104.77,104.96,100.89,101.11,69064629
000651.SZ,2025-02-14,37.712,38.282,37.712,38.002,281229
000858.SZ,2025-02-14,122.225,123.875,121.775,122.905,218107
002594.SZ,2025-02-14,112.157,118.184,112.157,117.001,243645
300750.SZ,2025-02-14,247.683,259.153,247.683,255.863,387800
510300.SH,2025-02-14,3.789,3.829,3.786,3.823,12924287
600036.SH,2025-02-14,37.674,38.014,37.504,38.014,498737
600276.SH,2025-02-14,44.22,45.37,44.16,45.1,522174
600519.SH,2025-02-14,1385.479,1397.419,1378.639,1395.419,27100
600900.SH,2025-02-14,26.437,26.767,26.317,26.477,928764
601318.SH,2025-02-14,45.705,46.575,45.515,46.415,599772
601857.SH,2025-02-14,7.51,7.52,7.36,7.39,2476827
601899.SH,2025-02-14,15.85,16.04,15.71,15.86,1155270
688981.SH,2025-02-14,99.96,100.87,98.16,99.08,56713536
000651.SZ,2025-02-17,37.822,38.002,37.292,37.682,371431
000858.SZ,2025-02-17,123.565,125.205,122.765,123.225,205078
002594.SZ,2025-02-17,117.001,117.917,113.151,114.484,232015
300750.SZ,2025-02-17,261.053,261.053,252.173,255.553,241830
510300.SH,2025-02-17,3.833,3.842,3.801,3.83,13341020
600036.SH,2025-02-17,37.974,37.974,37.344,37.704,536126
600276.SH,2025-02-17,45.4,45.91,44.55,44.86,557653
600519.SH,2025-02-17,1401.419,1415.399,1387.519,1392.039,32471
600900.SH,2025-02-17,26.327,26.437,25.887,26.437,1095807
601318.SH,2025-02-17,46.545,47.095,46.125,46.555,625710
601857.SH,2025-02-17,7.36,7.37,7.3,7.34,1784356
601899.SH,2025-02-17,15.41,15.41,15.11,15.2,2385440
688981.SH,2025-02-17,99.3,102.45,99.3,101.0,58094181
000651.SZ,2025-02-18,37.512,37.602,36.942,37.042,430422
000858.SZ,2025-02-18,123.155,124.065,121.035,121.875,185961
002594.SZ,2025-02-18,115.451,119.477,114.597,117.057,251797
300750.SZ,2025-02-18,259.113,261.653,255.153,256.923,238458
510300.SH,2025-02-18,3.824,3.847,3.785,3.801,12465911
600036.SH,2025-02-18,37.494,38.464,37.494,38.034,546665
600276.SH,2025-02-18,44.91,45.37,44.26,44.42,350219
600519.SH,2025-02-18,1390.419,1413.409,1382.499,1395.419,27800
600900.SH,2025-02-18,26.317,26.827,26.317,26.627,1083707
601318.SH,2025-02-18,46.385,46.895,45.915,46.025,650082
601857.SH,2025-02-18,7.33,7.42,7.28,7.35,2101961
601899.SH,2025-02-18,15.11,15.29,15.01,15.11,1449983
688981.SH,2025-02-18,101.01,101.27,98.17,98.28,50546212
000651.SZ,2025-02-19,37.052,37.102,35.772,35.952,950387
000858.SZ,2025-02-19,121.875,123.175,121.015,122.785,153642
002594.SZ,2025-02-19,116.157,118.317,115.984,117.817,161918
300750.SZ,2025-02-19,254.723,262.153,254.703,259.703,204455
510300.SH,2025-02-19,3.794,3.83,3.789,3.822,10190769
600036.SH,2025-02-19,37.984,38.134,37.744,37.964,374702
600276.SH,2025-02-19,44.34,44.78,43.8,44.31,367611
600519.SH,2025-02-19,1395.469,1414.859,1385.319,1411.419,32393
600900.SH,2025-02-19,26.527,26.677,26.297,26.337,832431
601318.SH,2025-02-19,45.905,46.545,45.735,46.165,464426
601857.SH,2025-02-19,7.35,7.35,7.24,7.26,2269006
601899.SH,2025-02-19,15.21,15.31,14.99,15.05,1566817
688981.SH,2025-02-19,97.95,102.58,97.91,101.94,70074653
000651.SZ,2025-02-20,35.862,35.992,35.342,35.862,624175
000858.SZ,2025-02-20,122.065,124.465,121.975,122.175,132530
002594.SZ,2025-02-20,119.477,120.871,117.717,119.244,156937
300750.SZ,2025-02-20,258.953,258.953,253.153,256.353,195890
510300.SH,2025-02-20,3.818,3.822,3.797,3.81,10186035
600036.SH,2025-02-20,37.984,38.074,37.664,37.834,407675
600276.SH,2025-02-20,44.35,46.58,44.35,46.1,854058
600519.SH,2025-02-20,1403.419,1412.389,1393.809,1394.419,23750
600900.SH,2025-02-20,26.267,26.387,26.127,26.307,696212
601318.SH,2025-02-20,45.945,46.025,45.375,45.495,515385
601857.SH,2025-02-20,7.26,7.32,7.23,7.29,1332230
601899.SH,2025-02-20,15.08,15.18,14.82,15.14,1300819
688981.SH,2025-02-20,101.0,101.4,98.88,99.21,56493994
000651.SZ,2025-02-21,35.852,35.852,34.852,35.372,819511
000858.SZ,2025-02-21,122.275,124.335,121.605,122.795,210017
002594.SZ,2025-02-21,120.317,127.151,120.061,125.984,239292
300750.SZ,2025-02-21,254.733,263.033,253.933,261.703,309519
510300.SH,2025-02-21,3.821,3.869,3.809,3.864,14372665
600036.SH,2025-02-21,37.944,37.974,37.204,37.384,595256
600276.SH,2025-02-21,46.3,48.08,46.13,47.88,975118
600519.SH,2025-02-21,1400.419,1417.149,1393.429,1408.629,36418
600900.SH,2025-02-21,26.307,26.307,25.977,26.067,1246882
601318.SH,2025-02-21,45.705,46.215,45.175,45.915,668761
601857.SH,2025-02-21,7.31,7.31,7.22,7.27,1375609
601899.SH,2025-02-21,15.18,15.26,14.83,14.89,2061611
688981.SH,2025-02-21,99.6,105.92,99.6,103.98,123386761
000651.SZ,2025-02-24,35.172,35.592,34.912,35.282,537526
000858.SZ,2025-02-24,122.575,125.165,122.035,123.575,244392
002594.SZ,2025-02-24,126.651,127.871,122.811,123.744,199407
300750.SZ,2025-02-24,259.163,260.853,254.313,257.653,277538
510300.SH,2025-02-24,3.859,3.878,3.83,3.851,15385782
600036.SH,2025-02-24,37.374,37.734,37.084,37.254,571107
600276.SH,2025-02-24,48.0,48.25,47.2,47.69,533081
600519.SH,2025-02-24,1408.419,1419.939,1394.419,1399.489,34744
600900.SH,2025-02-24,26.067,26.187,25.777,25.817,1294032
601318.SH,2025-02-24,45.915,47.195,45.765,46.715,835823
601857.SH,2025-02-24,7.22,7.24,7.16,7.18,1794476
601899.SH,2025-02-24,14.69,14.92,14.5,14.78,1735860
688981.SH,2025-02-24,103.0,106.86,102.0,103.4,74722539
000651.SZ,2025-02-25,35.192,35.202,34.412,34.512,666442
000858.SZ,2025-02-25,122.555,122.595,120.255,120.425,221901
002594.SZ,2025-02-25,121.651,124.984,121.254,122.481,161103
300750.SZ,2025-02-25,253.633,260.153,250.663,255.633,232094
510300.SH,2025-02-25,3.824,3.84,3.797,3.81,8924900
600036.SH,2025-02-25,37.134,37.424,36.894,37.014,507321
600276.SH,2025-02-25,47.24,47.85,46.77,46.97,354332
600519.SH,2025-02-25,1390.429,1393.809,1372.419,1374.419,28387
600900.SH,2025-02-25,25.847,25.917,25.467,25.597,973229
601318.SH,2025-02-25,46.215,46.815,45.565,45.695,642429
601857.SH,2025-02-25,7.18,7.23,7.08,7.09,1792672
601899.SH,2025-02-25,14.76,14.83,14.45,14.48,1558633
688981.SH,2025-02-25,100.88,103.94,100.11,101.28,71172236
000651.SZ,2025-02-26,34.512,35.072,34.512,34.932,489297
000858.SZ,2025-02-26,120.385,121.475,119.775,121.475,179243
002594.SZ,2025-02-26,122.481,123.584,119.984,122.351,138529
300750.SZ,2025-02-26,257.603,259.033,253.333,254.773,211731
510300.SH,2025-02-26,3.817,3.844,3.808,3.843,13456581
600036.SH,2025-02-26,37.114,37.684,37.034,37.464,476447
600276.SH,2025-02-26,47.2,47.34,46.55,47.15,328113
600519.SH,2025-02-26,1375.869,1385.379,1365.419,1380.429,26366
600900.SH,2025-02-26,25.567,25.967,25.537,25.897,889170
601318.SH,2025-02-26,45.815,46.495,45.745,46.335,536578
601857.SH,2025-02-26,7.05,7.13,7.03,7.07,1600731
601899.SH,2025-02-26,14.53,14.79,14.38,14.56,1575441
688981.SH,2025-02-26,102.86,105.5,100.06,104.0,88991060
000651.SZ,2025-02-27,34.962,35.622,34.952,35.442,737997
000858.SZ,2025-02-27,121.665,124.765,121.475,124.425,370795
002594.SZ,2025-02-27,125.651,126.314,121.987,123.484,168446
300750.SZ,2025-02-27,256.423,257.853,253.823,256.153,231851
510300.SH,2025-02-27,3.845,3.858,3.817,3.856,11285856
600036.SH,2025-02-27,37.584,38.384,37.264,38.364,622597
600276.SH,2025-02-27,47.0,47.96,46.79,47.51,369081
600519.SH,2025-02-27,1380.439,1410.319,1374.419,1405.979,49762
600900.SH,2025-02-27,25.907,25.987,25.577,25.787,991769
601318.SH,2025-02-27,46.495,46.515,45.835,46.335,547240
601857.SH,2025-02-27,7.06,7.16,7.01,7.16,2098980
601899.SH,2025-02-27,14.57,14.57,14.31,14.45,1363072
688981.SH,2025-02-27,103.13,105.21,100.44,102.44,69790787
000651.SZ,2025-02-28,35.392,35.882,34.822,34.862,613728
000858.SZ,2025-02-28,124.275,127.375,123.175,123.255,337202
002594.SZ,2025-02-28,122.017,123.241,117.987,118.924,239304
300750.SZ,2025-02-28,255.753,257.463,249.763,250.453,222655
510300.SH,2025-02-28,3.838,3.854,3.771,3.783,13293340
600036.SH,2025-02-28,38.364,38.644,38.034,38.034,705424
600276.SH,2025-02-28,47.31,47.7,45.41,45.56,491615
600519.SH,2025-02-28,1405.919,1448.799,1402.419,1421.209,56129
600900.SH,2025-02-28,25.747,26.007,25.617,25.647,1175018
601318.SH,2025-02-28,46.115,46.365,45.095,45.095,805268
601857.SH,2025-02-28,7.13,7.25,7.12,7.14,2016127
601899.SH,2025-02-28,14.31,14.37,14.05,14.05,1793746
688981.SH,2025-02-28,101.0,101.59,97.67,97.79,67840823
000651.SZ,2025-03-03,34.852,35.032,34.462,34.572,419939
000858.SZ,2025-03-03,123.255,127.275,122.025,122.515,210355
002594.SZ,2025-03-03,121.317,121.651,117.581,118.387,152078
300750.SZ,2025-03-03,251.153,265.453,248.393,259.683,387364
510300.SH,2025-03-03,3.784,3.816,3.755,3.77,11457686
600036.SH,2025-03-03,38.104,38.604,37.934,38.034,470149
600276.SH,2025-03-03,45.55,46.41,45.37,45.52,318946
600519.SH,2025-03-03,1423.019,1441.409,1401.919,1407.439,31596
600900.SH,2025-03-03,25.647,25.697,25.327,25.357,1127634
601318.SH,2025-03-03,45.265,45.535,44.775,45.045,423161
601857.SH,2025-03-03,7.18,7.22,7.08,7.11,1550703
601899.SH,2025-03-03,14.18,14.56,14.15,14.34,1461700
688981.SH,2025-03-03,96.99,98.1,95.18,96.0,49878742
000651.SZ,2025-03-04,35.962,36.462,35.592,35.702,1100128
000858.SZ,2025-03-04,121.735,122.035,120.385,121.425,149348
002594.SZ,2025-03-04,111.661,114.317,110.994,113.264,263453
300750.SZ,2025-03-04,256.153,257.153,248.883,249.153,268365
510300.SH,2025-03-04,3.749,3.773,3.741,3.766,10121848
600036.SH,2025-03-04,37.894,38.084,37.754,37.784,317245
600276.SH,2025-03-04,45.41,45.69,44.98,45.46,243337
600519.SH,2025-03-04,1405.419,1406.419,1385.629,1390.529,25211
600900.SH,2025-03-04,25.357,25.467,25.247,25.417,647252
601318.SH,2025-03-04,44.795,45.005,44.715,44.795,372432
601857.SH,2025-03-04,7.06,7.06,6.89,6.9,2474927
601899.SH,2025-03-04,14.39,14.76,14.3,14.63,1529355
688981.SH,2025-03-04,95.0,99.07,94.61,97.28,44469412
000651.SZ,2025-03-05,35.742,36.212,35.452,36.072,519028
000858.SZ,2025-03-05,121.425,121.675,119.295,120.285,199366
002594.SZ,2025-03-05,113.984,116.714,113.984,116.304,139069
300750.SZ,2025-03-05,249.153,250.043,244.653,247.143,208696
510300.SH,2025-03-05,3.769,3.788,3.757,3.783,11919016
600036.SH,2025-03-05,37.944,38.894,37.734,38.874,632037
600276.SH,2025-03-05,45.46,45.72,45.06,45.58,252670
600519.SH,2025-03-05,1392.419,1394.419,1380.519,1386.789,24605
600900.SH,2025-03-05,25.407,25.867,25.277,25.747,946605
601318.SH,2025-03-05,44.895,45.265,44.725,45.095,455072
601857.SH,2025-03-05,6.88,6.96,6.86,6.93,1404067
601899.SH,2025-03-05,14.63,14.79,14.51,14.71,1237582
688981.SH,2025-03-05,97.3,98.2,96.16,97.57,35097289
000651.SZ,2025-03-06,36.162,36.212,35.702,36.122,453774
000858.SZ,2025-03-06,121.005,123.475,120.325,123.355,235857
002594.SZ,2025-03-06,118.377,119.041,117.317,117.961,114601
300750.SZ,2025-03-06,248.403,251.683,247.153,250.463,250273
510300.SH,2025-03-06,3.804,3.851,3.8,3.838,13710079
600036.SH,2025-03-06,38.874,39.084,38.434,38.944,572053
600276.SH,2025-03-06,45.9,46.46,45.65,46.12,331389
600519.SH,2025-03-06,1394.419,1430.619,1392.499,1426.399,42168
600900.SH,2025-03-06,25.677,25.747,25.417,25.487,980759
601318.SH,2025-03-06,45.485,46.645,45.245,46.355,1045821
601857.SH,2025-03-06,6.87,6.94,6.84,6.93,1856582
601899.SH,2025-03-06,14.95,15.19,14.89,15.0,1782082
688981.SH,2025-03-06,98.85,100.3,98.37,98.66,56756728
000651.SZ,2025-03-07,36.002,36.232,35.752,35.872,314475
000858.SZ,2025-03-07,122.875,126.475,122.585,126.475,340073
002594.SZ,2025-03-07,117.951,118.651,116.731,117.117,87584
300750.SZ,2025-03-07,249.113,249.733,244.833,246.913,222871
510300.SH,2025-03-07,3.829,3.85,3.819,3.828,11559971
600036.SH,2025-03-07,38.884,39.784,38.834,39.554,605413
600276.SH,2025-03-07,46.0,46.0,45.12,45.28,336614
600519.SH,2025-03-07,1423.419,1448.779,1423.419,1441.419,37991
600900.SH,2025-03-07,25.477,25.637,25.397,25.527,683832
601318.SH,2025-03-07,46.315,46.555,46.035,46.215,481479
601857.SH,2025-03-07,6.91,7.02,6.9,6.97,1766140
601899.SH,2025-03-07,15.03,15.45,14.9,15.13,1932341
688981.SH,2025-03-07,97.6,98.55,96.52,96.88,39398650
000651.SZ,2025-03-10,35.872,36.262,35.562,36.262,365831
000858.SZ,2025-03-10,126.175,126.175,123.335,124.365,206353
002594.SZ,2025-03-10,116.951,117.447,114.651,115.317,99177
300750.SZ,2025-03-10,247.953,248.013,239.763,242.653,286751
510300.SH,2025-03-10,3.826,3.831,3.788,3.812,14427837
600036.SH,2025-03-10,39.474,39.564,38.804,39.054,508750
600276.SH,2025-03-10,45.42,45.76,44.6,45.09,343606
600519.SH,2025-03-10,1440.229,1447.299,1426.559,1443.319,31369
600900.SH,2025-03-10,25.537,25.547,25.297,25.367,883224
601318.SH,2025-03-10,46.225,46.375,45.495,45.965,611283
601857.SH,2025-03-10,6.96,7.01,6.91,6.94,1205263
601899.SH,2025-03-10,15.2,15.39,15.01,15.35,1631583
688981.SH,2025-03-10,96.39,97.29,95.01,95.66,38451869
000651.SZ,2025-03-11,35.912,36.522,35.872,36.362,348545
000858.SZ,2025-03-11,123.185,126.885,123.135,126.875,321036
002594.SZ,2025-03-11,113.317,115.574,113.277,115.111,95370
300750.SZ,2025-03-11,239.223,241.653,239.203,241.353,171351
510300.SH,2025-03-11,3.783,3.825,3.779,3.824,10029170
600036.SH,2025-03-11,38.754,39.624,38.694,39.494,565741
600276.SH,2025-03-11,44.65,45.09,44.55,44.94,291535
600519.SH,2025-03-11,1437.419,1469.099,1432.419,1469.099,39776
600900.SH,2025-03-11,25.307,25.557,25.297,25.457,910403
601318.SH,2025-03-11,45.425,46.215,45.315,46.215,529147
601857.SH,2025-03-11,6.89,6.98,6.88,6.98,1041782
601899.SH,2025-03-11,14.98,15.18,14.8,15.18,1800006
688981.SH,2025-03-11,94.0,96.32,93.8,96.12,30626303
000651.SZ,2025-03-12,36.372,36.412,35.942,36.132,329320
000858.SZ,2025-03-12,126.975,127.885,124.295,124.645,288018
002594.SZ,2025-03-12,116.467,118.277,115.317,115.317,129511
300750.SZ,2025-03-12,242.163,242.773,237.643,240.653,199147
510300.SH,2025-03-12,3.827,3.839,3.807,3.814,6092317
600036.SH,2025-03-12,39.484,39.844,39.234,39.524,418258
600276.SH,2025-03-12,44.98,45.39,44.55,44.6,339551
600519.SH,2025-03-12,1467.379,1470.099,1446.769,1462.999,29604
600900.SH,2025-03-12,25.427,25.457,25.277,25.387,785238
601318.SH,2025-03-12,46.215,46.315,45.725,45.865,470578
601857.SH,2025-03-12,6.98,7.01,6.93,6.95,946387
601899.SH,2025-03-12,15.25,15.42,14.98,15.39,1623982
688981.SH,2025-03-12,96.5,97.05,95.71,95.9,28639010
000651.SZ,2025-03-13,36.112,36.932,36.032,36.542,507058
000858.SZ,2025-03-13,124.645,125.995,123.925,124.065,167923
002594.SZ,2025-03-13,115.607,117.437,115.361,116.484,102211
300750.SZ,2025-03-13,240.153,245.353,239.153,239.373,168852
510300.SH,2025-03-13,3.813,3.822,3.782,3.794,6410438
600036.SH,2025-03-13,39.584,40.364,39.484,39.824,585539
600276.SH,2025-03-13,44.65,44.88,44.37,44.63,243349
600519.SH,2025-03-13,1464.419,1475.919,1451.299,1458.189,25724
600900.SH,2025-03-13,25.367,25.617,25.357,25.517,874097
601318.SH,2025-03-13,45.865,46.265,45.645,45.855,411448
601857.SH,2025-03-13,7.0,7.11,6.98,7.1,2243720
601899.SH,2025-03-13,15.58,15.78,15.44,15.66,2097682
688981.SH,2025-03-13,95.39,96.08,92.1,92.98,44201076
000651.SZ,2025-03-14,36.552,37.412,36.552,37.212,516622
000858.SZ,2025-03-14,124.675,133.655,124.675,132.475,765516
002594.SZ,2025-03-14,117.317,124.044,116.857,123.631,224697
300750.SZ,2025-03-14,239.153,251.003,238.803,248.153,351089
510300.SH,2025-03-14,3.801,3.902,3.799,3.895,19037183
600036.SH,2025-03-14,39.984,41.454,39.924,41.144,911275
600276.SH,2025-03-14,44.72,46.47,44.48,46.14,573207
600519.SH,2025-03-14,1468.079,1548.429,1461.419,1548.429,92913
600900.SH,2025-03-14,25.557,25.817,25.497,25.717,1114140
601318.SH,2025-03-14,46.045,48.605,45.925,48.185,1502449
601857.SH,2025-03-14,7.07,7.13,7.07,7.12,1748715
601899.SH,2025-03-14,16.09,16.33,15.88,16.18,2989816
688981.SH,2025-03-14,92.98,95.61,92.5,94.81,40137622
000651.SZ,2025-03-17,37.312,37.582,37.092,37.312,355248
000858.SZ,2025-03-17,134.075,134.635,131.055,131.515,387730
002594.SZ,2025-03-17,125.757,125.984,123.637,125.067,133069
300750.SZ,2025-03-17,249.253,251.623,241.893,242.153,335155
510300.SH,2025-03-17,3.907,3.912,3.877,3.883,11330420
600036.SH,2025-03-17,41.304,41.484,40.964,41.024,654210
600276.SH,2025-03-17,46.92,46.95,45.98,46.08,277431
600519.SH,2025-03-17,1577.419,1578.409,1547.299,1558.279,54689
600900.SH,2025-03-17,25.777,25.957,25.617,25.637,763522
601318.SH,2025-03-17,48.185,48.335,47.815,48.095,605172
601857.SH,2025-03-17,7.16,7.22,7.15,7.2,1483619
601899.SH,2025-03-17,16.19,16.4,15.81,15.91,2367763
688981.SH,2025-03-17,94.89,94.91,93.16,93.37,31205181
000651.SZ,2025-03-18,37.472,38.172,37.232,37.782,431629
000858.SZ,2025-03-18,131.895,132.225,130.395,131.225,186735
002594.SZ,2025-03-18,127.834,128.317,124.987,126.507,173339
300750.SZ,2025-03-18,244.153,246.933,241.653,243.153,225767
510300.SH,2025-03-18,3.897,3.904,3.88,3.892,8114043
600036.SH,2025-03-18,41.274,41.364,40.804,41.124,428220
600276.SH,2025-03-18,46.48,47.08,46.02,46.1,308309
600519.SH,2025-03-18,1565.459,1572.419,1542.119,1544.419,31613
600900.SH,2025-03-18,25.637,25.687,25.437,25.467,777193
601318.SH,2025-03-18,48.415,48.905,48.355,48.475,587740
601857.SH,2025-03-18,7.21,7.22,7.14,7.18,955415
601899.SH,2025-03-18,16.1,16.65,16.06,16.46,2552060
688981.SH,2025-03-18,93.99,95.8,93.9,94.1,29866634
000651.SZ,2025-03-19,37.862,37.912,37.342,37.622,293419
000858.SZ,2025-03-19,131.225,132.465,130.035,130.595,168157
002594.SZ,2025-03-19,126.494,131.317,125.831,130.674,188352
300750.SZ,2025-03-19,243.353,253.123,242.933,251.543,369541
510300.SH,2025-03-19,3.887,3.91,3.873,3.898,8798313
600036.SH,2025-03-19,41.264,42.084,41.084,42.004,670706
600276.SH,2025-03-19,46.12,47.72,45.9,46.89,485162
600519.SH,2025-03-19,1544.709,1568.419,1543.419,1556.129,27390
600900.SH,2025-03-19,25.507,25.967,25.427,25.897,1318599
601318.SH,2025-03-19,48.395,49.015,48.285,48.785,509874
601857.SH,2025-03-19,7.14,7.2,7.14,7.16,783274
601899.SH,2025-03-19,16.48,16.75,16.39,16.75,1892852
688981.SH,2025-03-19,93.9,94.57,93.5,93.75,23319047
000651.SZ,2025-03-20,37.582,37.672,36.702,36.722,439162
000858.SZ,2025-03-20,130.555,130.675,127.535,127.665,228722
002594.SZ,2025-03-20,131.651,132.784,130.314,131.647,159413
300750.SZ,2025-03-20,251.543,252.653,247.173,248.303,144247
510300.SH,2025-03-20,3.898,3.898,3.857,3.865,8751426
600036.SH,2025-03-20,41.904,41.904,40.764,41.224,678656
600276.SH,2025-03-20,46.8,47.07,46.08,46.23,325188
600519.SH,2025-03-20,1556.129,1558.019,1515.489,1524.419,36737
600900.SH,2025-03-20,25.967,26.027,25.807,25.907,601942
601318.SH,2025-03-20,48.765,48.775,46.945,47.205,1140723
601857.SH,2025-03-20,7.16,7.25,7.16,7.23,1304213
601899.SH,2025-03-20,17.0,17.13,16.71,16.87,2325790
688981.SH,2025-03-20,93.8,94.29,93.0,93.27,27204001
000651.SZ,2025-03-21,36.802,37.872,36.802,37.752,708548
000858.SZ,2025-03-21,127.375,129.175,125.865,126.275,197130
002594.SZ,2025-03-21,129.321,129.421,121.651,122.317,282107
300750.SZ,2025-03-21,248.833,250.683,241.823,242.153,194320
510300.SH,2025-03-21,3.852,3.868,3.789,3.799,10149157
600036.SH,2025-03-21,41.104,41.324,40.504,40.684,675412
600276.SH,2025-03-21,46.0,46.23,44.43,44.45,541538
600519.SH,2025-03-21,1519.419,1532.619,1489.249,1494.169,33614
600900.SH,2025-03-21,25.937,26.027,25.637,25.667,741877
601318.SH,2025-03-21,47.115,47.375,46.395,46.465,795715
601857.SH,2025-03-21,7.26,7.37,7.22,7.24,2092425
601899.SH,2025-03-21,16.7,16.76,16.1,16.27,2514754
688981.SH,2025-03-21,92.98,92.98,90.9,91.2,36539914
000651.SZ,2025-03-24,38.482,39.302,38.182,38.992,848866
000858.SZ,2025-03-24,125.735,126.605,124.705,125.985,180489
002594.SZ,2025-03-24,123.984,124.484,120.937,123.437,147894
300750.SZ,2025-03-24,243.853,245.133,242.433,244.313,167302
510300.SH,2025-03-24,3.798,3.82,3.793,3.816,7912221
600036.SH,2025-03-24,40.534,41.174,40.534,41.034,449576
600276.SH,2025-03-24,44.46,44.64,43.8,43.95,327076
600519.SH,2025-03-24,1490.419,1510.079,1482.799,1503.419,25566
600900.SH,2025-03-24,25.687,26.067,25.637,25.967,991625
601318.SH,2025-03-24,46.535,46.995,46.535,46.845,508657
601857.SH,2025-03-24,7.24,7.28,7.18,7.27,1263746
601899.SH,2025-03-24,16.36,17.05,16.18,16.75,2696252
688981.SH,2025-03-24,91.5,91.68,89.81,91.45,29654478
000651.SZ,2025-03-25,38.972,39.612,38.912,39.172,536152
000858.SZ,2025-03-25,126.275,126.375,124.275,125.235,175671
002594.SZ,2025-03-25,124.311,124.851,121.311,121.514,123085
300750.SZ,2025-03-25,243.863,246.153,241.443,245.633,127858
510300.SH,2025-03-25,3.817,3.828,3.806,3.818,6115316
600036.SH,2025-03-25,40.984,41.484,40.934,41.074,356872
600276.SH,2025-03-25,44.07,44.62,43.83,44.47,229105
600519.SH,2025-03-25,1508.419,1513.219,1487.079,1495.919,17674
600900.SH,2025-03-25,25.977,26.267,25.827,26.197,772560
601318.SH,2025-03-25,46.865,46.925,46.535,46.675,344402
601857.SH,2025-03-25,7.27,7.36,7.25,7.36,1167963
601899.SH,2025-03-25,16.75,17.12,16.63,17.1,2266251
688981.SH,2025-03-25,91.45,91.45,89.25,89.87,28338161
000651.SZ,2025-03-26,39.012,39.372,38.562,38.962,368421
000858.SZ,2025-03-26,125.215,125.555,124.565,125.025,108826
002594.SZ,2025-03-26,121.514,124.651,120.984,123.654,120205
300750.SZ,2025-03-26,245.553,248.853,242.853,243.073,129046
510300.SH,2025-03-26,3.814,3.829,3.799,3.802,7742554
600036.SH,2025-03-26,40.484,40.574,38.594,38.644,1578326
600276.SH,2025-03-26,45.8,46.54,45.67,45.83,611036
600519.SH,2025-03-26,1493.189,1502.999,1491.419,1496.419,14324
600900.SH,2025-03-26,26.197,26.257,25.877,26.097,690883
601318.SH,2025-03-26,46.695,46.805,46.435,46.435,403995
601857.SH,2025-03-26,7.36,7.43,7.34,7.39,1046474
601899.SH,2025-03-26,17.4,17.66,16.8,16.9,3229224
688981.SH,2025-03-26,90.2,91.2,89.82,90.0,19490835
000651.SZ,2025-03-27,39.002,39.432,38.812,39.202,297439
000858.SZ,2025-03-27,124.755,126.445,124.175,125.575,140866
002594.SZ,2025-03-27,123.684,128.744,123.681,127.151,144394
300750.SZ,2025-03-27,242.343,248.953,240.403,245.033,141792
510300.SH,2025-03-27,3.8,3.839,3.784,3.816,8015252
600036.SH,2025-03-27,38.734,39.724,38.724,39.244,827951
600276.SH,2025-03-27,45.68,48.02,45.2,47.99,868632
600519.SH,2025-03-27,1496.419,1518.669,1493.799,1509.419,17956
600900.SH,2025-03-27,26.017,26.127,25.887,26.037,572991
601318.SH,2025-03-27,46.425,47.165,46.245,46.775,432169
601857.SH,2025-03-27,7.39,7.47,7.38,7.46,1258087
601899.SH,2025-03-27,16.6,16.83,16.3,16.56,2255314
688981.SH,2025-03-27,90.0,93.78,89.37,92.47,45729726
000651.SZ,2025-03-28,39.202,39.552,38.982,39.292,312834
000858.SZ,2025-03-28,125.755,125.925,124.075,124.905,120996
002594.SZ,2025-03-28,127.151,128.584,125.484,125.817,114940
300750.SZ,2025-03-28,242.263,245.033,241.953,242.953,112421
510300.SH,2025-03-28,3.816,3.818,3.789,3.797,7043048
600036.SH,2025-03-28,39.284,39.434,39.044,39.204,386184
600276.SH,2025-03-28,47.99,49.13,47.99,48.21,772998
600519.SH,2025-03-28,1511.349,1513.419,1496.419,1505.629,16228
600900.SH,2025-03-28,26.027,26.167,25.907,26.117,572223
601318.SH,2025-03-28,46.915,47.085,46.565,46.675,353664
601857.SH,2025-03-28,7.44,7.45,7.35,7.36,1294322
601899.SH,2025-03-28,16.75,17.04,16.51,16.86,1863644
688981.SH,2025-03-28,91.54,92.48,90.35,90.4,27440878
000651.SZ,2025-03-31,39.362,40.242,39.212,39.472,438529
000858.SZ,2025-03-31,124.885,125.055,123.025,123.025,144855
002594.SZ,2025-03-31,124.984,126.077,122.984,123.284,115784
300750.SZ,2025-03-31,242.213,244.133,238.273,239.093,194634
510300.SH,2025-03-31,3.793,3.813,3.758,3.773,9021729
600036.SH,2025-03-31,39.194,39.764,38.594,39.274,539569
600276.SH,2025-03-31,48.58,49.68,48.45,48.8,783166
600519.SH,2025-03-31,1501.399,1507.379,1480.479,1481.419,21085
600900.SH,2025-03-31,26.187,26.377,26.017,26.077,904841
601318.SH,2025-03-31,46.615,46.965,46.105,46.345,468390
601857.SH,2025-03-31,7.38,7.52,7.35,7.5,2032178
601899.SH,2025-03-31,16.77,17.01,16.68,16.82,1606776
688981.SH,2025-03-31,90.39,91.7,88.36,89.33,26820455
000651.SZ,2025-04-01,39.342,39.512,38.812,39.142,357329
000858.SZ,2025-04-01,123.105,123.925,122.815,123.465,121705
002594.SZ,2025-04-01,124.241,124.274,119.771,120.151,154072
300750.SZ,2025-04-01,239.093,240.653,234.733,235.213,194162
510300.SH,2025-04-01,3.777,3.792,3.768,3.771,6150155
600036.SH,2025-04-01,39.264,39.274,38.734,38.854,389360
600276.SH,2025-04-01,48.8,52.1,48.51,51.4,1359063
600519.SH,2025-04-01,1484.419,1490.309,1472.629,1476.439,18556
600900.SH,2025-04-01,26.117,26.207,25.927,26.167,579886
601318.SH,2025-04-01,46.315,46.575,46.125,46.335,394321
601857.SH,2025-04-01,7.53,7.58,7.48,7.53,1367110
601899.SH,2025-04-01,16.9,17.03,16.5,16.63,1534227
688981.SH,2025-04-01,89.5,89.75,86.19,86.5,41191328
000651.SZ,2025-04-02,39.142,40.012,39.012,39.182,316120
000858.SZ,2025-04-02,123.545,124.225,122.735,122.825,101025
002594.SZ,2025-04-02,119.984,120.207,117.944,118.484,117100
300750.SZ,2025-04-02,236.353,238.613,233.713,235.293,137321
510300.SH,2025-04-02,3.772,3.785,3.76,3.768,6291176
600036.SH,2025-04-02,38.854,39.134,38.664,38.714,331202
600276.SH,2025-04-02,50.92,51.36,50.26,50.45,631879
600519.SH,2025-04-02,1478.419,1488.219,1465.919,1469.439,21674
600900.SH,2025-04-02,26.167,26.227,25.977,26.097,553530
601318.SH,2025-04-02,46.295,46.675,46.245,46.575,283274
601857.SH,2025-04-02,7.53,7.55,7.43,7.45,1030759
601899.SH,2025-04-02,16.46,16.55,16.14,16.2,1580990
688981.SH,2025-04-02,86.38,87.45,85.72,86.85,24056690
000651.SZ,2025-04-03,38.762,39.412,38.562,39.362,401416
000858.SZ,2025-04-03,121.225,125.155,121.065,123.675,165623
002594.SZ,2025-04-03,116.817,118.827,116.404,117.487,101023
300750.SZ,2025-04-03,231.153,233.853,228.703,229.233,232816
510300.SH,2025-04-03,3.737,3.769,3.732,3.748,11143308
600036.SH,2025-04-03,38.004,38.834,38.004,38.634,464166
600276.SH,2025-04-03,50.01,51.2,50.01,50.64,517858
600519.SH,2025-04-03,1450.419,1506.419,1449.429,1489.299,35481
600900.SH,2025-04-03,25.977,26.707,25.977,26.667,1437982
601318.SH,2025-04-03,46.105,46.715,46.095,46.195,373348
601857.SH,2025-04-03,7.32,7.45,7.3,7.42,1195079
601899.SH,2025-04-03,16.05,16.18,15.57,15.81,2164268
688981.SH,2025-04-03,85.97,89.2,85.9,88.09,30277366
000651.SZ,2025-04-07,37.212,38.692,36.212,37.312,927198
000858.SZ,2025-04-07,120.175,122.125,115.475,118.455,463093
002594.SZ,2025-04-07,109.431,110.884,105.571,105.571,273498
300750.SZ,2025-04-07,212.243,216.153,195.263,201.373,723646
510300.SH,2025-04-07,3.589,3.629,3.393,3.484,65609880
600036.SH,2025-04-07,36.924,37.984,35.374,36.814,1815633
600276.SH,2025-04-07,48.4,49.45,46.36,48.3,1155033
600519.SH,2025-04-07,1440.429,1457.269,1382.419,1420.419,101953
600900.SH,2025-04-07,26.307,27.127,26.037,26.597,3258722
601318.SH,2025-04-07,44.015,44.485,41.715,43.275,1727558
601857.SH,2025-04-07,6.82,6.94,6.61,6.62,3955675
601899.SH,2025-04-07,14.1,14.55,14.1,14.11,4880359
688981.SH,2025-04-07,84.5,86.88,77.8,84.0,85368449
000651.SZ,2025-04-08,37.292,38.702,36.922,38.632,755973
000858.SZ,2025-04-08,118.455,122.915,118.455,122.435,331857
002594.SZ,2025-04-08,105.571,110.277,104.317,107.487,274644
300750.SZ,2025-04-08,206.103,211.153,202.553,205.203,476594
510300.SH,2025-04-08,3.487,3.528,3.46,3.519,58535333
600036.SH,2025-04-08,36.764,37.184,36.424,37.134,1610477
600276.SH,2025-04-08,48.4,48.89,46.86,48.3,987646
600519.SH,2025-04-08,1433.419,1465.419,1415.419,1465.419,73876
600900.SH,2025-04-08,26.527,27.447,26.267,27.317,2341190
601318.SH,2025-04-08,43.265,43.975,42.815,43.975,1117530
601857.SH,2025-04-08,6.69,7.03,6.61,6.98,3366438
601899.SH,2025-04-08,14.24,14.65,13.91,14.65,3733607
688981.SH,2025-04-08,84.0,85.88,83.0,85.0,53816947
000651.SZ,2025-04-09,38.182,39.212,37.842,38.882,551325
000858.SZ,2025-04-09,121.175,124.515,121.025,123.925,296999
002594.SZ,2025-04-09,104.917,107.651,102.871,106.517,211939
300750.SZ,2025-04-09,199.073,204.903,196.243,197.543,536023
510300.SH,2025-04-09,3.484,3.563,3.467,3.555,16982014
600036.SH,2025-04-09,36.584,37.004,36.284,36.444,973969
600276.SH,2025-04-09,47.33,47.82,45.46,47.82,975200
600519.SH,2025-04-09,1445.439,1477.219,1440.969,1461.459,55630
600900.SH,2025-04-09,27.317,27.867,27.027,27.837,2198018
601318.SH,2025-04-09,43.515,43.965,43.075,43.645,737907
601857.SH,2025-04-09,6.88,6.88,6.68,6.82,3461384
601899.SH,2025-04-09,14.24,14.62,13.89,14.62,4467127
688981.SH,2025-04-09,84.03,91.58,83.17,90.18,74601350
000651.SZ,2025-04-10,38.722,38.962,38.262,38.822,436562
000858.SZ,2025-04-10,123.975,125.165,122.175,124.825,233106
002594.SZ,2025-04-10,109.817,114.004,109.651,110.451,210896
300750.SZ,2025-04-10,207.153,208.943,201.613,204.133,372741
510300.SH,2025-04-10,3.606,3.636,3.587,3.618,14296317
600036.SH,2025-04-10,36.974,37.434,36.534,37.084,743789
600276.SH,2025-04-10,48.57,48.69,47.46,48.1,731713
600519.SH,2025-04-10,1471.409,1475.419,1448.419,1469.419,38620
600900.SH,2025-04-10,27.727,27.757,27.117,27.437,1385625
601318.SH,2025-04-10,44.075,44.515,43.925,44.195,657915
601857.SH,2025-04-10,6.92,6.95,6.8,6.86,2508698
601899.SH,2025-04-10,15.25,15.55,15.07,15.45,3591395
688981.SH,2025-04-10,92.02,92.18,89.82,90.95,52228661
000651.SZ,2025-04-11,38.612,39.132,38.142,39.112,304089
000858.SZ,2025-04-11,123.875,125.145,122.255,123.275,174293
002594.SZ,2025-04-11,110.651,117.501,110.451,116.644,189945
300750.SZ,2025-04-11,202.153,211.703,200.853,210.153,302991
510300.SH,2025-04-11,3.599,3.64,3.589,3.629,8619842
600036.SH,2025-04-11,37.094,37.674,36.794,37.494,583057
600276.SH,2025-04-11,47.76,48.28,47.4,47.98,425798
600519.SH,2025-04-11,1500.389,1500.389,1465.419,1489.399,32634
600900.SH,2025-04-11,27.547,27.547,27.267,27.467,873321
601318.SH,2025-04-11,44.195,44.255,43.695,44.065,450121
601857.SH,2025-04-11,6.84,6.86,6.77,6.84,1474061
601899.SH,2025-04-11,15.85,16.01,15.68,15.85,2718368
688981.SH,2025-04-11,90.86,95.48,90.2,92.9,71343411
000651.SZ,2025-04-14,39.112,39.162,37.612,37.902,669546
000858.SZ,2025-04-14,123.175,124.345,122.685,122.715,125781
002594.SZ,2025-04-14,119.384,119.551,116.851,117.984,142069
300750.SZ,2025-04-14,213.303,214.153,208.833,210.153,206965
510300.SH,2025-04-14,3.648,3.654,3.631,3.637,9415710
600036.SH,2025-04-14,37.664,37.894,37.394,37.464,482160
600276.SH,2025-04-14,47.98,49.6,47.7,48.47,571834
600519.SH,2025-04-14,1481.389,1486.419,1471.949,1472.409,21711
600900.SH,2025-04-14,27.277,27.517,27.087,27.417,826375
601318.SH,2025-04-14,44.315,44.565,44.155,44.195,387484
601857.SH,2025-04-14,6.84,6.98,6.83,6.97,1697706
601899.SH,2025-04-14,16.09,16.7,15.81,16.33,3336006
688981.SH,2025-04-14,93.5,93.54,91.69,92.0,37611854
000651.SZ,2025-04-15,37.902,38.982,37.572,38.872,517243
000858.SZ,2025-04-15,122.675,123.125,121.755,123.025,114825
002594.SZ,2025-04-15,119.851,119.984,117.427,118.307,116516
300750.SZ,2025-04-15,212.153,216.603,211.273,214.303,266865
510300.SH,2025-04-15,3.633,3.646,3.614,3.64,9817935
600036.SH,2025-04-15,37.474,38.274,37.434,38.084,614564
600276.SH,2025-04-15,48.2,48.53,47.52,47.87,326289
600519.SH,2025-04-15,1472.419,1485.419,1465.419,1478.419,21489
600900.SH,2025-04-15,27.347,27.617,27.257,27.537,783080
601318.SH,2025-04-15,44.195,44.685,43.975,44.545,407762
601857.SH,2025-04-15,6.96,7.04,6.94,7.03,1336538
601899.SH,2025-04-15,16.34,16.4,15.98,16.35,1905538
688981.SH,2025-04-15,91.8,91.8,89.68,90.39,27852312
000651.SZ,2025-04-16,38.692,39.382,38.492,39.292,340481
000858.SZ,2025-04-16,122.475,124.225,121.355,123.975,166680
002594.SZ,2025-04-16,117.191,117.317,114.351,115.701,131828
300750.SZ,2025-04-16,213.153,213.333,207.703,211.043,216551
510300.SH,2025-04-16,3.63,3.658,3.6,3.649,21771337
600036.SH,2025-04-16,37.964,38.564,37.804,38.234,576294
600276.SH,2025-04-16,48.0,48.5,46.96,48.5,455344
600519.SH,2025-04-16,1472.419,1496.419,1457.419,1479.589,31156
600900.SH,2025-04-16,27.517,27.677,27.317,27.667,1007602
601318.SH,2025-04-16,44.435,44.885,44.115,44.595,467924
601857.SH,2025-04-16,7.01,7.28,6.98,7.26,2156864
601899.SH,2025-04-16,16.6,16.68,16.12,16.44,2074565
688981.SH,2025-04-16,91.0,92.0,89.87,92.0,27925129
000651.SZ,2025-04-17,39.142,39.142,38.632,38.992,202413
000858.SZ,2025-04-17,123.005,124.665,122.675,124.205,152923
002594.SZ,2025-04-17,114.964,116.134,113.874,114.877,85289
300750.SZ,2025-04-17,209.153,213.483,208.373,212.153,157377
510300.SH,2025-04-17,3.631,3.66,3.63,3.652,13873406
600036.SH,2025-04-17,38.104,38.344,37.834,38.104,405793
600276.SH,2025-04-17,48.14,48.47,47.92,48.38,303900
600519.SH,2025-04-17,1474.419,1496.919,1470.409,1490.419,23846
600900.SH,2025-04-17,27.567,27.587,27.267,27.477,840853
601318.SH,2025-04-17,44.405,44.995,44.295,44.875,377043
601857.SH,2025-04-17,7.25,7.28,7.19,7.27,1022840
601899.SH,2025-04-17,16.83,17.0,16.36,16.52,3105317
688981.SH,2025-04-17,91.3,92.38,91.0,91.8,22896965
000651.SZ,2025-04-18,38.882,39.512,38.742,39.312,225438
000858.SZ,2025-04-18,123.685,124.245,122.885,123.425,89478
002594.SZ,2025-04-18,114.284,114.284,112.984,113.651,73860
300750.SZ,2025-04-18,211.363,212.653,209.813,211.613,115128
510300.SH,2025-04-18,3.646,3.668,3.636,3.662,13780507
600036.SH,2025-04-18,38.114,38.774,38.034,38.734,435001
600276.SH,2025-04-18,48.18,48.52,47.46,47.6,253302
600519.SH,2025-04-18,1486.419,1495.419,1476.419,1486.359,20298
600900.SH,2025-04-18,27.367,27.867,27.327,27.847,881174
601318.SH,2025-04-18,44.765,45.375,44.665,45.155,338811
601857.SH,2025-04-18,7.28,7.36,7.23,7.27,1071083
601899.SH,2025-04-18,16.35,16.47,16.05,16.32,1399177
688981.SH,2025-04-18,91.49,91.88,90.53,91.35,13848004
000651.SZ,2025-04-21,39.262,39.412,38.922,39.202,206954
000858.SZ,2025-04-21,123.265,123.675,121.815,122.015,144364
002594.SZ,2025-04-21,113.651,114.941,113.397,114.571,74953
300750.SZ,2025-04-21,211.613,221.153,210.333,217.513,220082
510300.SH,2025-04-21,3.654,3.675,3.646,3.664,7126315
600036.SH,2025-04-21,38.644,39.064,38.264,38.264,416466
600276.SH,2025-04-21,47.3,49.0,47.23,48.77,370680
600519.SH,2025-04-21,1485.919,1485.919,1471.419,1471.419,18057
600900.SH,2025-04-21,27.767,27.967,27.567,27.577,565837
601318.SH,2025-04-21,45.115,45.325,44.915,44.995,263784
601857.SH,2025-04-21,7.24,7.29,7.2,7.22,804014
601899.SH,2025-04-21,16.47,17.33,16.46,17.3,3174611
688981.SH,2025-04-21,91.34,91.75,90.13,90.51,23221503
000651.SZ,2025-04-22,39.182,40.002,39.042,39.562,216665
000858.SZ,2025-04-22,121.875,122.415,121.175,121.775,115855
002594.SZ,2025-04-22,114.571,117.294,113.911,116.597,112122
300750.SZ,2025-04-22,220.69,221.85,217.89,221.38,169354
510300.SH,2025-04-22,3.664,3.682,3.662,3.667,7520436
600036.SH,2025-04-22,38.294,38.524,37.994,37.994,433788
600276.SH,2025-04-22,48.64,50.9,48.64,50.57,617892
600519.SH,2025-04-22,1470.419,1476.719,1463.629,1469.219,18432
600900.SH,2025-04-22,27.587,28.087,27.497,27.597,768949
601318.SH,2025-04-22,44.915,45.505,44.835,45.285,355098
601857.SH,2025-04-22,7.2,7.33,7.19,7.29,1079581
601899.SH,2025-04-22,17.41,17.46,17.11,17.2,2533603
688981.SH,2025-04-22,90.5,90.88,89.75,90.01,21750489
000651.SZ,2025-04-23,39.712,39.762,39.162,39.302,221352
000858.SZ,2025-04-23,122.155,122.375,121.225,121.645,95944
002594.SZ,2025-04-23,123.984,124.317,120.727,122.314,247927
300750.SZ,2025-04-23,225.69,229.44,223.69,224.04,191980
510300.SH,2025-04-23,3.681,3.696,3.662,3.671,6155041
600036.SH,2025-04-23,38.284,38.284,37.754,37.974,467744
600276.SH,2025-04-23,50.56,51.05,50.22,50.69,385430
600519.SH,2025-04-23,1479.419,1479.639,1465.419,1472.419,18669
600900.SH,2025-04-23,27.547,27.647,27.347,27.467,616107
601318.SH,2025-04-23,45.475,45.665,45.175,45.415,298773
601857.SH,2025-04-23,7.34,7.35,7.26,7.28,745146
601899.SH,2025-04-23,16.75,16.98,16.43,16.49,2931501
688981.SH,2025-04-23,90.15,90.72,89.85,90.07,21184822
000651.SZ,2025-04-24,39.302,39.552,39.012,39.412,204351
000858.SZ,2025-04-24,121.475,121.875,120.685,120.735,131524
002594.SZ,2025-04-24,122.477,123.184,119.434,120.317,150892
300750.SZ,2025-04-24,225.19,229.35,222.94,227.56,181554
510300.SH,2025-04-24,3.671,3.692,3.66,3.671,4873615
600036.SH,2025-04-24,37.984,38.364,37.934,38.194,413652
600276.SH,2025-04-24,50.57,51.32,50.02,50.73,336077
600519.SH,2025-04-24,1472.419,1481.099,1469.399,1472.669,14872
600900.SH,2025-04-24,27.467,27.817,27.427,27.727,569273
601318.SH,2025-04-24,45.415,46.195,45.415,45.935,423839
601857.SH,2025-04-24,7.26,7.31,7.25,7.28,641255
601899.SH,2025-04-24,16.59,16.75,16.33,16.37,1145853
688981.SH,2025-04-24,90.15,90.2,88.5,89.1,20881488
000651.SZ,2025-04-25,39.322,39.542,39.102,39.232,233137
000858.SZ,2025-04-25,120.875,121.895,120.635,120.725,107183
002594.SZ,2025-04-25,121.651,123.417,121.017,121.927,133869
300750.SZ,2025-04-25,227.89,228.61,225.78,227.29,127620
510300.SH,2025-04-25,3.676,3.688,3.664,3.671,5771935
600036.SH,2025-04-25,38.274,38.534,38.024,38.064,424350
600276.SH,2025-04-25,51.28,51.6,49.57,49.87,524329
600519.SH,2025-04-25,1477.519,1481.619,1470.419,1470.419,14765
600900.SH,2025-04-25,27.747,27.997,27.567,27.787,544572
601318.SH,2025-04-25,45.955,46.305,45.935,46.045,368499
601857.SH,2025-04-25,7.3,7.32,7.23,7.24,764798
601899.SH,2025-04-25,16.5,16.67,16.28,16.35,1215259
688981.SH,2025-04-25,89.1,89.55,88.03,88.42,23006791
000651.SZ,2025-04-28,40.822,41.312,40.262,40.562,863704
000858.SZ,2025-04-28,121.785,123.335,121.575,122.525,185045
002594.SZ,2025-04-28,120.694,120.694,117.171,118.317,179783
300750.SZ,2025-04-28,228.94,228.95,223.89,225.54,143124
510300.SH,2025-04-28,3.672,3.675,3.653,3.665,6247090
600036.SH,2025-04-28,38.134,38.544,38.014,38.334,386973
600276.SH,2025-04-28,49.28,49.75,48.6,49.57,396210
600519.SH,2025-04-28,1472.419,1475.419,1467.019,1470.419,14660
600900.SH,2025-04-28,27.787,28.187,27.677,27.987,723471
601318.SH,2025-04-28,45.135,46.055,44.745,45.925,518666
601857.SH,2025-04-28,7.25,7.32,7.2,7.3,892857
601899.SH,2025-04-28,16.2,16.44,16.07,16.36,968788
688981.SH,2025-04-28,88.42,89.09,88.0,88.23,14446652
000651.SZ,2025-04-29,40.742,40.862,39.862,40.282,337779
000858.SZ,2025-04-29,121.825,122.275,120.965,121.225,124796
002594.SZ,2025-04-29,118.017,118.527,115.984,116.651,118983
300750.SZ,2025-04-29,224.69,225.49,221.41,222.72,167424
510300.SH,2025-04-29,3.663,3.669,3.651,3.658,4947350
600036.SH,2025-04-29,38.334,38.634,37.984,37.984,457699
600276.SH,2025-04-29,49.31,49.33,48.48,49.2,346670
600519.SH,2025-04-29,1470.419,1472.959,1452.439,1464.419,18922
600900.SH,2025-04-29,27.987,28.037,27.617,27.727,723059
601318.SH,2025-04-29,45.885,46.355,45.575,45.715,337540
601857.SH,2025-04-29,7.24,7.29,7.2,7.22,806642
601899.SH,2025-04-29,16.37,16.47,16.25,16.33,740563
688981.SH,2025-04-29,88.02,88.52,87.8,88.0,13110870
000651.SZ,2025-04-30,40.362,40.412,39.532,39.572,330523
000858.SZ,2025-04-30,121.285,121.975,120.345,120.375,146627
002594.SZ,2025-04-30,116.617,116.627,114.751,116.014,130479
300750.SZ,2025-04-30,223.74,225.07,222.19,222.19,156328
510300.SH,2025-04-30,3.659,3.675,3.653,3.655,5004537
600036.SH,2025-04-30,37.624,37.624,36.494,36.724,1172682
600276.SH,2025-04-30,49.05,50.96,48.9,50.7,429338
600519.SH,2025-04-30,1470.409,1487.079,1466.719,1467.419,25754
600900.SH,2025-04-30,27.817,27.837,27.587,27.767,553509
601318.SH,2025-04-30,45.815,46.265,45.395,45.425,377944
601857.SH,2025-04-30,7.23,7.31,7.22,7.27,893545
601899.SH,2025-04-30,16.25,16.28,16.06,16.16,849944
688981.SH,2025-04-30,88.23,89.41,88.01,89.05,20183053
000651.SZ,2025-05-06,39.902,40.072,39.322,39.482,391608
000858.SZ,2025-05-06,120.675,121.225,119.745,121.165,146349
002594.SZ,2025-05-06,118.317,119.084,116.957,118.304,148294
300750.SZ,2025-05-06,224.6,226.99,221.89,222.32,196877
510300.SH,2025-05-06,3.675,3.695,3.669,3.692,7178253
600036.SH,2025-05-06,36.884,37.394,36.494,37.354,666410
600276.SH,2025-05-06,51.7,51.78,50.33,50.6,385439
600519.SH,2025-05-06,1479.419,1479.419,1464.749,1470.619,18300
600900.SH,2025-05-06,27.917,27.917,27.397,27.447,830990
601318.SH,2025-05-06,45.715,45.865,45.265,45.515,391512
601857.SH,2025-05-06,7.25,7.26,7.17,7.24,1224981
601899.SH,2025-05-06,16.45,16.54,16.3,16.46,1413638
688981.SH,2025-05-06,89.4,90.35,89.25,89.9,23858710
000651.SZ,2025-05-07,39.992,40.362,39.812,40.112,406180
000858.SZ,2025-05-07,122.575,123.485,121.475,121.665,152470
002594.SZ,2025-05-07,119.984,120.211,117.697,118.051,108840
300750.SZ,2025-05-07,227.14,231.57,226.77,229.3,312810
510300.SH,2025-05-07,3.739,3.751,3.699,3.716,10470812
600036.SH,2025-05-07,37.774,38.214,37.294,38.004,712914
600276.SH,2025-05-07,51.7,51.85,50.61,51.11,397288
600519.SH,2025-05-07,1490.419,1490.419,1470.619,1475.419,27462
600900.SH,2025-05-07,27.547,27.647,27.327,27.617,808890
601318.SH,2025-05-07,46.135,46.345,45.745,45.895,420640
601857.SH,2025-05-07,7.38,7.39,7.27,7.38,1418988
601899.SH,2025-05-07,16.79,16.82,16.5,16.75,1724079
688981.SH,2025-05-07,91.46,91.66,89.73,90.5,26342039
000651.SZ,2025-05-08,40.202,40.662,40.122,40.532,267160
000858.SZ,2025-05-08,121.385,124.675,120.955,123.475,208023
002594.SZ,2025-05-08,117.157,118.977,116.884,118.077,83382
300750.SZ,2025-05-08,230.18,239.37,228.67,235.26,312856
510300.SH,2025-05-08,3.707,3.755,3.707,3.739,7820057
600036.SH,2025-05-08,37.994,39.404,37.984,38.784,833810
600276.SH,2025-05-08,50.82,51.33,50.63,51.16,290148
600519.SH,2025-05-08,1473.419,1513.199,1470.249,1498.609,33481
600900.SH,2025-05-08,27.547,27.747,27.487,27.577,469961
601318.SH,2025-05-08,45.725,47.065,45.615,46.675,671350
601857.SH,2025-05-08,7.33,7.42,7.32,7.33,745340
601899.SH,2025-05-08,16.6,16.76,16.46,16.46,1122953
688981.SH,2025-05-08,90.09,90.09,89.31,89.98,23245156
000651.SZ,2025-05-09,40.692,41.192,40.542,41.012,317424
000858.SZ,2025-05-09,123.475,123.775,122.685,123.255,110548
002594.SZ,2025-05-09,118.567,120.317,118.084,119.391,143726
300750.SZ,2025-05-09,236.76,240.46,235.34,238.96,236933
510300.SH,2025-05-09,3.735,3.739,3.721,3.734,6933748
600036.SH,2025-05-09,38.784,39.584,38.784,39.464,668155
600276.SH,2025-05-09,51.16,52.59,51.05,52.41,586037
600519.SH,2025-05-09,1499.409,1517.869,1495.469,1511.599,23672
600900.SH,2025-05-09,27.567,28.037,27.547,27.817,732928
601318.SH,2025-05-09,46.625,46.875,46.465,46.465,290709
601857.SH,2025-05-09,7.38,7.43,7.37,7.38,738469
601899.SH,2025-05-09,16.38,16.48,16.28,16.35,1064869
688981.SH,2025-05-09,87.0,87.82,85.72,85.83,58300971
000651.SZ,2025-05-12,41.192,41.312,40.792,40.912,335059
000858.SZ,2025-05-12,123.675,124.925,123.175,124.645,164560
002594.SZ,2025-05-12,119.984,121.744,118.511,121.744,161370
300750.SZ,2025-05-12,245.69,248.68,243.69,247.69,302315
510300.SH,2025-05-12,3.752,3.781,3.746,3.779,8365002
600036.SH,2025-05-12,39.434,40.384,39.094,39.784,848974
600276.SH,2025-05-12,51.6,51.6,49.8,50.29,843912
600519.SH,2025-05-12,1518.419,1539.349,1517.029,1524.919,24735
600900.SH,2025-05-12,27.727,27.957,27.577,27.807,572355
601318.SH,2025-05-12,46.945,47.465,46.715,47.315,577372
601857.SH,2025-05-12,7.43,7.45,7.37,7.42,704514
601899.SH,2025-05-12,16.2,16.47,16.11,16.41,1222140
688981.SH,2025-05-12,85.9,86.32,84.16,86.32,36837284
000651.SZ,2025-05-13,41.012,41.152,40.822,40.992,248680
000858.SZ,2025-05-13,125.335,125.335,124.105,124.665,120395
002594.SZ,2025-05-13,123.651,123.844,120.327,120.484,131771
300750.SZ,2025-05-13,252.69,252.69,245.71,249.46,204806
510300.SH,2025-05-13,3.8,3.801,3.777,3.783,7934009
600036.SH,2025-05-13,40.074,40.634,39.834,40.544,699124
600276.SH,2025-05-13,50.79,51.83,50.48,50.83,519132
600519.SH,2025-05-13,1529.339,1529.339,1505.529,1510.719,21258
600900.SH,2025-05-13,27.687,28.007,27.627,28.007,616986
601318.SH,2025-05-13,47.505,47.505,46.965,47.175,403920
601857.SH,2025-05-13,7.44,7.52,7.41,7.48,944139
601899.SH,2025-05-13,16.3,16.54,16.1,16.46,1163469
688981.SH,2025-05-13,87.2,87.3,85.38,85.52,24125902
000651.SZ,2025-05-14,41.012,41.232,40.652,40.912,331514
000858.SZ,2025-05-14,124.385,128.855,123.845,126.935,291490
002594.SZ,2025-05-14,120.484,122.684,119.437,122.684,135693
300750.SZ,2025-05-14,249.46,255.15,246.7,253.29,231463
510300.SH,2025-05-14,3.784,3.855,3.781,3.834,12147902
600036.SH,2025-05-14,40.534,41.284,40.304,40.794,712790
600276.SH,2025-05-14,50.62,52.85,50.61,52.5,626347
600519.SH,2025-05-14,1510.419,1565.419,1508.599,1555.409,39460
600900.SH,2025-05-14,27.997,28.367,27.937,28.347,747906
601318.SH,2025-05-14,47.165,49.895,47.055,49.405,1577230
601857.SH,2025-05-14,7.5,7.63,7.47,7.61,1278808
601899.SH,2025-05-14,16.46,16.61,16.44,16.6,1043413
688981.SH,2025-05-14,85.58,86.75,85.28,86.06,23189869
000651.SZ,2025-05-15,41.079,41.279,40.759,41.209,288515
000858.SZ,2025-05-15,126.685,127.265,125.285,125.345,144944
002594.SZ,2025-05-15,122.651,126.651,121.411,123.917,208801
300750.SZ,2025-05-15,253.31,253.56,250.29,250.87,141119
510300.SH,2025-05-15,3.827,3.83,3.793,3.8,8177224
600036.SH,2025-05-15,40.814,41.364,40.634,40.904,684600
600276.SH,2025-05-15,52.5,53.55,52.3,53.29,533615
600519.SH,2025-05-15,1555.219,1564.009,1544.549,1552.429,24733
600900.SH,2025-05-15,28.327,28.627,28.267,28.617,715433
601318.SH,2025-05-15,49.105,49.515,48.815,48.965,569303
601857.SH,2025-05-15,7.57,7.63,7.53,7.56,846618
601899.SH,2025-05-15,16.41,16.48,16.06,16.19,1393813
688981.SH,2025-05-15,85.8,85.98,84.35,84.42,21551907
000651.SZ,2025-05-16,41.219,41.319,40.459,40.589,310925
000858.SZ,2025-05-16,125.055,125.265,122.725,122.755,173543
002594.SZ,2025-05-16,123.327,128.647,122.844,128.041,229328
300750.SZ,2025-05-16,249.83,252.42,248.42,250.05,189001
510300.SH,2025-05-16,3.791,3.798,3.766,3.778,7302837
600036.SH,2025-05-16,40.734,40.964,40.014,40.254,619655
600276.SH,2025-05-16,53.09,53.6,52.5,53.45,382177
600519.SH,2025-05-16,1554.409,1557.409,1534.549,1534.549,22935
600900.SH,2025-05-16,28.567,28.767,28.227,28.367,637560
601318.SH,2025-05-16,48.765,49.155,48.095,48.105,466130
601857.SH,2025-05-16,7.53,7.57,7.41,7.43,1055129
601899.SH,2025-05-16,16.29,16.34,16.06,16.12,957100
688981.SH,2025-05-16,84.16,84.78,83.88,84.7,17039389
000651.SZ,2025-05-19,40.709,40.889,40.489,40.719,220715
000858.SZ,2025-05-19,120.875,121.775,120.555,120.975,237008
002594.SZ,2025-05-19,127.651,127.651,123.984,125.921,161373
300750.SZ,2025-05-19,251.19,251.23,247.96,250.69,169740
510300.SH,2025-05-19,3.773,3.777,3.754,3.772,5562981
600036.SH,2025-05-19,40.184,40.444,39.734,39.824,502817
600276.SH,2025-05-19,53.4,53.93,52.65,53.05,350191
600519.SH,2025-05-19,1516.419,1520.419,1494.299,1499.399,38063
600900.SH,2025-05-19,28.367,28.847,28.367,28.737,561942
601318.SH,2025-05-19,48.005,48.445,47.915,48.015,324266
601857.SH,2025-05-19,7.43,7.51,7.43,7.46,743488
601899.SH,2025-05-19,16.13,16.26,15.98,16.12,757588
688981.SH,2025-05-19,84.71,85.28,83.72,85.01,16412240
000651.SZ,2025-05-20,40.759,42.009,40.689,42.009,470337
000858.SZ,2025-05-20,120.675,121.305,120.545,120.805,159369
002594.SZ,2025-05-20,126.151,129.917,125.484,129.917,172100
300750.SZ,2025-05-20,255.13,256.19,245.89,253.69,346424
510300.SH,2025-05-20,3.773,3.805,3.769,3.792,5499875
600036.SH,2025-05-20,40.014,40.594,39.854,39.884,500535
600276.SH,2025-05-20,53.89,54.75,53.39,54.05,593357
600519.SH,2025-05-20,1500.419,1515.219,1495.519,1506.419,19522
600900.SH,2025-05-20,28.747,29.207,28.747,28.947,605876
601318.SH,2025-05-20,48.165,48.895,48.115,48.395,352669
601857.SH,2025-05-20,7.5,7.51,7.45,7.48,535847
601899.SH,2025-05-20,16.12,16.39,16.11,16.16,1027962
688981.SH,2025-05-20,85.4,85.82,85.0,85.04,15483762
000651.SZ,2025-05-21,41.909,42.279,41.759,41.879,211477
000858.SZ,2025-05-21,120.805,121.555,120.675,120.935,141693
002594.SZ,2025-05-21,129.631,132.984,128.654,131.651,199479
300750.SZ,2025-05-21,257.68,270.68,256.49,264.77,565245
510300.SH,2025-05-21,3.793,3.82,3.792,3.808,5606031
600036.SH,2025-05-21,39.934,40.354,39.824,39.884,499200
600276.SH,2025-05-21,53.88,56.1,53.63,55.54,612403
600519.SH,2025-05-21,1505.419,1516.359,1501.389,1501.389,19795
600900.SH,2025-05-21,29.007,29.217,28.967,29.067,535498
601318.SH,2025-05-21,48.415,49.115,48.415,48.565,333066
601857.SH,2025-05-21,7.51,7.58,7.51,7.55,806758
601899.SH,2025-05-21,16.39,17.21,16.38,17.19,2604615
688981.SH,2025-05-21,84.79,85.15,84.0,84.07,19840598
000651.SZ,2025-05-22,41.889,42.319,41.889,42.089,228984
000858.SZ,2025-05-22,120.945,121.145,120.515,120.765,96055
002594.SZ,2025-05-22,131.644,133.504,130.984,131.251,146363
300750.SZ,2025-05-22,268.49,268.63,258.96,261.06,276081
510300.SH,2025-05-22,3.807,3.816,3.792,3.806,4919320
600036.SH,2025-05-22,39.884,40.544,39.734,40.494,565656
600276.SH,2025-05-22,55.6,55.96,54.76,55.2,413146
600519.SH,2025-05-22,1501.409,1505.409,1490.519,1500.419,15090
600900.SH,2025-05-22,29.067,29.317,28.827,29.297,537264
601318.SH,2025-05-22,48.475,48.705,48.245,48.555,240658
601857.SH,2025-05-22,7.53,7.6,7.52,7.58,736094
601899.SH,2025-05-22,17.08,17.38,17.06,17.28,1335361
688981.SH,2025-05-22,84.0,84.68,83.71,83.81,13347362
000651.SZ,2025-05-23,42.019,42.439,41.459,41.569,327489
000858.SZ,2025-05-23,120.725,121.335,119.825,119.825,150380
002594.SZ,2025-05-23,131.317,137.311,131.027,133.317,235574
300750.SZ,2025-05-23,261.7,264.69,257.64,257.68,230004
510300.SH,2025-05-23,3.801,3.828,3.776,3.777,8450891
600036.SH,2025-05-23,40.494,40.664,39.884,40.034,541460
600276.SH,2025-05-23,55.7,55.8,54.1,54.3,541840
600519.SH,2025-05-23,1495.619,1508.319,1492.079,1493.019,21537
600900.SH,2025-05-23,29.257,29.327,28.657,28.757,854248
601318.SH,2025-05-23,48.525,49.175,47.885,47.945,430491
601857.SH,2025-05-23,7.58,7.6,7.46,7.46,836930
601899.SH,2025-05-23,17.24,17.4,17.14,17.29,1206872
688981.SH,2025-05-23,83.8,84.24,82.89,82.9,18562039
000651.SZ,2025-05-26,41.579,41.709,40.889,41.049,257221
000858.SZ,2025-05-26,119.645,119.825,117.565,118.085,273615
002594.SZ,2025-05-26,132.254,132.651,124.984,125.317,309551
300750.SZ,2025-05-26,255.69,257.07,243.59,246.59,330122
510300.SH,2025-05-26,3.771,3.782,3.745,3.756,7404857
600036.SH,2025-05-26,39.874,40.154,39.614,39.784,456100
600276.SH,2025-05-26,54.0,54.43,52.86,53.15,532284
600519.SH,2025-05-26,1490.419,1495.049,1465.419,1470.919,27087
600900.SH,2025-05-26,28.667,28.827,28.387,28.607,626512
601318.SH,2025-05-26,47.875,48.865,47.715,48.115,388130
601857.SH,2025-05-26,7.47,7.52,7.43,7.47,700119
601899.SH,2025-05-26,17.2,17.57,17.18,17.26,1126614
688981.SH,2025-05-26,83.42,84.68,83.41,84.02,22378126
000651.SZ,2025-05-27,41.059,41.509,41.059,41.189,178543
000858.SZ,2025-05-27,117.955,118.625,117.565,117.835,151268
002594.SZ,2025-05-27,123.611,125.317,121.277,122.454,230275
300750.SZ,2025-05-27,246.58,247.9,243.08,244.68,176680
510300.SH,2025-05-27,3.754,3.758,3.728,3.735,5782884
600036.SH,2025-05-27,39.784,40.134,39.654,39.724,363750
600276.SH,2025-05-27,53.02,53.89,52.93,53.22,360323
600519.SH,2025-05-27,1471.419,1479.019,1463.929,1464.319,17752
600900.SH,2025-05-27,28.567,28.857,28.487,28.527,567981
601318.SH,2025-05-27,48.115,48.575,48.015,48.115,255725
601857.SH,2025-05-27,7.46,7.51,7.44,7.45,547481
601899.SH,2025-05-27,17.23,17.35,16.38,16.58,1726856
688981.SH,2025-05-27,84.0,84.23,82.95,83.0,14405567
000651.SZ,2025-05-28,41.369,41.769,40.939,41.689,231387
000858.SZ,2025-05-28,117.975,118.805,117.175,118.595,181385
002594.SZ,2025-05-28,122.454,122.634,119.007,119.277,177754
300750.SZ,2025-05-28,246.3,248.96,244.01,244.29,154563
510300.SH,2025-05-28,3.736,3.745,3.727,3.731,5399202
600036.SH,2025-05-28,39.764,40.034,39.584,39.664,300355
600276.SH,2025-05-28,53.39,54.73,53.13,54.05,358050
600519.SH,2025-05-28,1464.409,1466.879,1453.419,1457.419,16266
600900.SH,2025-05-28,28.537,28.817,28.467,28.797,537809
601318.SH,2025-05-28,48.115,48.405,47.835,48.005,261698
601857.SH,2025-05-28,7.45,7.64,7.43,7.62,1460102
601899.SH,2025-05-28,16.5,16.8,16.4,16.68,991961
688981.SH,2025-05-28,83.14,83.24,82.0,82.01,15766722
000651.SZ,2025-05-29,41.609,41.799,41.009,41.069,352637
000858.SZ,2025-05-29,118.275,119.175,117.575,118.995,160347
002594.SZ,2025-05-29,118.181,120.317,116.677,118.694,192061
300750.SZ,2025-05-29,243.69,244.67,239.69,242.54,217883
510300.SH,2025-05-29,3.734,3.768,3.728,3.755,8910394
600036.SH,2025-05-29,39.684,39.934,39.434,39.454,492990
600276.SH,2025-05-29,53.95,54.39,53.66,53.9,354853
600519.SH,2025-05-29,1460.419,1475.419,1452.419,1460.419,21860
600900.SH,2025-05-29,28.747,28.817,28.377,28.557,669369
601318.SH,2025-05-29,48.015,48.545,47.805,48.235,348683
601857.SH,2025-05-29,7.63,7.69,7.58,7.59,803118
601899.SH,2025-05-29,16.53,16.75,16.48,16.52,904480
688981.SH,2025-05-29,82.05,83.49,81.9,83.44,19295585
000651.SZ,2025-05-30,41.079,41.549,40.869,41.429,318707
000858.SZ,2025-05-30,118.675,119.225,117.675,118.115,146828
002594.SZ,2025-05-30,117.324,117.917,115.417,115.751,190560
300750.SZ,2025-05-30,241.59,243.34,238.16,240.69,204337
510300.SH,2025-05-30,3.748,3.753,3.721,3.748,7370307
600036.SH,2025-05-30,39.534,39.864,39.334,39.414,571391
600276.SH,2025-05-30,54.09,55.46,54.05,54.54,471422
600519.SH,2025-05-30,1460.569,1465.419,1435.659,1442.419,31239
600900.SH,2025-05-30,28.587,28.757,28.467,28.467,644790
601318.SH,2025-05-30,48.085,48.405,47.565,47.995,417239
601857.SH,2025-05-30,7.58,7.65,7.54,7.57,974241
601899.SH,2025-05-30,16.64,16.77,16.36,16.43,933559
688981.SH,2025-05-30,83.01,83.1,81.94,82.09,14577233
000651.SZ,2025-06-03,41.239,41.349,39.809,39.989,733643
000858.SZ,2025-06-03,116.855,117.225,116.245,116.355,237483
002594.SZ,2025-06-03,115.401,117.647,114.651,116.984,181893
300750.SZ,2025-06-03,242.69,244.59,241.13,241.84,158412
510300.SH,2025-06-03,3.735,3.761,3.731,3.746,5967868
600036.SH,2025-06-03,39.484,40.414,39.484,39.954,503685
600276.SH,2025-06-03,54.54,55.58,54.05,54.68,434450
600519.SH,2025-06-03,1428.429,1439.419,1425.439,1429.419,28979
600900.SH,2025-06-03,28.547,28.617,28.117,28.417,783223
601318.SH,2025-06-03,47.925,48.825,47.715,48.565,453738
601857.SH,2025-06-03,7.61,7.66,7.56,7.58,770795
601899.SH,2025-06-03,16.77,16.98,16.66,16.76,1395224
688981.SH,2025-06-03,82.2,82.78,81.37,82.47,14113706
000651.SZ,2025-06-04,40.059,40.599,39.999,40.329,305373
000858.SZ,2025-06-04,116.355,116.895,115.775,116.225,193503
002594.SZ,2025-06-04,118.151,119.757,117.701,118.491,146904
300750.SZ,2025-06-04,243.19,244.29,241.39,241.74,130402
510300.SH,2025-06-04,3.748,3.774,3.747,3.763,4645434
600036.SH,2025-06-04,40.034,40.254,39.884,40.044,373417
600276.SH,2025-06-04,54.64,55.64,54.41,55.09,368593
600519.SH,2025-06-04,1430.919,1443.419,1429.639,1430.379,23008
600900.SH,2025-06-04,28.407,28.427,28.117,28.157,595582
601318.SH,2025-06-04,48.325,48.865,48.325,48.475,430897
601857.SH,2025-06-04,7.6,7.67,7.56,7.67,770618
601899.SH,2025-06-04,16.76,17.02,16.71,16.79,831663
688981.SH,2025-06-04,82.6,83.32,82.26,83.18,13713352
000651.SZ,2025-06-05,40.389,40.509,39.839,39.949,356489
000858.SZ,2025-06-05,116.225,117.175,115.865,116.705,202312
002594.SZ,2025-06-05,119.114,119.231,116.994,118.567,108613
300750.SZ,2025-06-05,242.05,243.13,238.96,242.19,135259
510300.SH,2025-06-05,3.767,3.783,3.756,3.773,5319657
600036.SH,2025-06-05,40.044,40.404,39.984,40.354,421317
600276.SH,2025-06-05,54.9,54.9,53.35,53.68,495273
600519.SH,2025-06-05,1434.419,1436.419,1422.619,1434.419,23214
600900.SH,2025-06-05,28.157,28.207,27.917,28.067,551350
601318.SH,2025-06-05,48.485,48.895,48.375,48.705,419100
601857.SH,2025-06-05,7.66,7.72,7.66,7.67,745061
601899.SH,2025-06-05,16.85,17.0,16.56,16.58,893387
688981.SH,2025-06-05,83.49,84.87,83.03,84.39,24759154
000651.SZ,2025-06-06,40.039,40.089,39.859,39.879,222152
000858.SZ,2025-06-06,116.645,117.525,116.375,116.765,118885
002594.SZ,2025-06-06,118.651,119.111,117.484,118.304,89698
300750.SZ,2025-06-06,242.69,244.02,239.19,239.57,165515
510300.SH,2025-06-06,3.776,3.788,3.767,3.775,4888808
600036.SH,2025-06-06,40.434,40.694,40.284,40.454,373499
600276.SH,2025-06-06,53.7,53.98,53.18,53.6,344534
600519.SH,2025-06-06,1434.219,1439.389,1423.419,1426.809,25023
600900.SH,2025-06-06,28.067,28.287,28.017,28.257,546937
601318.SH,2025-06-06,48.715,48.835,48.065,48.125,408553
601857.SH,2025-06-06,7.68,7.84,7.67,7.79,1058665
601899.SH,2025-06-06,16.69,16.95,16.62,16.84,1334650
688981.SH,2025-06-06,84.33,85.0,83.78,84.56,18634650
000651.SZ,2025-06-09,40.009,40.159,39.659,39.829,274460
000858.SZ,2025-06-09,116.765,116.875,116.285,116.635,198429
002594.SZ,2025-06-09,117.024,117.121,113.354,114.364,255091
300750.SZ,2025-06-09,239.57,241.57,236.19,236.27,185498
510300.SH,2025-06-09,3.778,3.799,3.773,3.784,5810982
600036.SH,2025-06-09,40.584,40.664,40.194,40.584,474774
600276.SH,2025-06-09,53.8,55.59,53.58,54.16,656906
600519.SH,2025-06-09,1425.439,1429.119,1406.099,1406.529,44959
600900.SH,2025-06-09,28.197,28.357,28.117,28.247,680594
601318.SH,2025-06-09,48.265,48.655,48.215,48.435,397887
601857.SH,2025-06-09,7.84,7.93,7.79,7.91,1157942
601899.SH,2025-06-09,16.67,16.84,16.33,16.67,1914916
688981.SH,2025-06-09,84.15,85.08,84.1,84.43,19227453
000651.SZ,2025-06-10,39.829,40.079,39.569,39.659,339236
000858.SZ,2025-06-10,116.475,116.775,115.955,116.065,171053
002594.SZ,2025-06-10,114.851,116.651,114.394,116.027,171786
300750.SZ,2025-06-10,235.69,237.55,232.91,233.83,139325
510300.SH,2025-06-10,3.786,3.794,3.747,3.761,7710518
600036.SH,2025-06-10,40.554,41.034,40.434,40.654,528349
600276.SH,2025-06-10,54.18,55.6,54.18,54.93,480735
600519.SH,2025-06-10,1406.419,1412.419,1395.219,1395.429,30492
600900.SH,2025-06-10,28.247,28.557,28.227,28.297,663488
601318.SH,2025-06-10,48.425,48.815,48.025,48.145,467079
601857.SH,2025-06-10,7.94,8.03,7.91,8.0,1467198
601899.SH,2025-06-10,16.6,17.08,16.6,16.97,1506083
688981.SH,2025-06-10,84.49,84.49,82.02,82.32,25443912
000651.SZ,2025-06-11,39.629,39.949,39.559,39.779,226642
000858.SZ,2025-06-11,116.075,116.875,115.875,116.375,145473
002594.SZ,2025-06-11,116.321,120.311,116.321,118.981,203107
300750.SZ,2025-06-11,236.78,243.13,235.49,241.19,279934
510300.SH,2025-06-11,3.763,3.813,3.763,3.793,11035095
600036.SH,2025-06-11,40.704,41.664,40.704,41.294,776761
600276.SH,2025-06-11,54.8,55.61,54.35,54.51,377736
600519.SH,2025-06-11,1397.219,1414.419,1396.519,1400.419,30893
600900.SH,2025-06-11,28.267,28.547,28.247,28.447,576656
601318.SH,2025-06-11,48.115,49.365,48.115,49.175,681830
601857.SH,2025-06-11,8.01,8.16,7.99,8.13,1253628
601899.SH,2025-06-11,16.97,17.41,16.93,17.36,1283688
688981.SH,2025-06-11,82.46,83.36,82.29,82.91,15435894
000651.SZ,2025-06-12,39.899,39.999,39.549,39.869,270084
000858.SZ,2025-06-12,116.175,116.225,114.055,114.175,380660
002594.SZ,2025-06-12,118.281,118.281,115.987,116.064,144047
300750.SZ,2025-06-12,242.69,243.19,239.46,240.5,175696
510300.SH,2025-06-12,3.787,3.802,3.769,3.795,6900872
600036.SH,2025-06-12,41.384,41.634,41.084,41.214,452391
600276.SH,2025-06-12,54.2,56.0,53.8,55.62,493188
600519.SH,2025-06-12,1400.419,1404.289,1374.519,1379.419,49904
600900.SH,2025-06-12,28.427,28.597,28.287,28.457,631839
601318.SH,2025-06-12,49.015,50.045,48.745,49.525,589999
601857.SH,2025-06-12,8.18,8.21,8.09,8.16,1325073
601899.SH,2025-06-12,17.42,18.19,17.33,18.16,2085630
688981.SH,2025-06-12,82.5,82.88,82.06,82.27,14536968
000651.SZ,2025-06-13,39.719,40.049,39.659,39.929,352205
000858.SZ,2025-06-13,113.565,113.575,110.695,110.795,366962
002594.SZ,2025-06-13,114.817,114.954,112.147,113.651,210240
300750.SZ,2025-06-13,238.79,241.1,237.06,238.89,174032
510300.SH,2025-06-13,3.787,3.791,3.756,3.769,6980168
600036.SH,2025-06-13,41.224,41.334,40.934,41.164,474081
600276.SH,2025-06-13,55.49,55.86,53.36,53.69,660238
600519.SH,2025-06-13,1364.829,1370.389,1345.479,1347.369,59113
600900.SH,2025-06-13,28.457,28.927,28.447,28.887,1044234
601318.SH,2025-06-13,49.545,49.615,48.995,49.195,480229
601857.SH,2025-06-13,8.3,8.42,8.17,8.27,1916199
601899.SH,2025-06-13,18.24,18.35,18.02,18.13,1878874
688981.SH,2025-06-13,82.0,83.1,81.71,82.79,22621715
000651.SZ,2025-06-16,39.929,40.159,39.589,39.609,304698
000858.SZ,2025-06-16,109.505,110.115,108.675,109.945,271489
002594.SZ,2025-06-16,113.647,113.997,111.917,113.127,102284
300750.SZ,2025-06-16,238.69,239.39,236.49,237.35,122176
510300.SH,2025-06-16,3.763,3.783,3.76,3.779,6493267
600036.SH,2025-06-16,41.064,41.794,40.934,41.764,414474
600276.SH,2025-06-16,53.21,53.88,52.9,53.56,392241
600519.SH,2025-06-16,1321.619,1345.459,1321.599,1342.709,42888
600900.SH,2025-06-16,28.817,28.887,28.567,28.727,516554
601318.SH,2025-06-16,49.045,49.295,48.775,49.035,496771
601857.SH,2025-06-16,8.31,8.36,8.17,8.3,1914127
601899.SH,2025-06-16,18.12,18.14,17.67,17.8,1330583
688981.SH,2025-06-16,82.3,83.07,82.28,82.96,12509643
000651.SZ,2025-06-17,39.619,39.729,39.349,39.459,256593
000858.SZ,2025-06-17,109.885,110.515,109.105,109.385,196502
002594.SZ,2025-06-17,112.984,113.784,112.451,112.897,70045
300750.SZ,2025-06-17,237.65,239.12,235.91,236.95,97650
510300.SH,2025-06-17,3.78,3.786,3.763,3.778,4828913
600036.SH,2025-06-17,41.864,42.034,41.694,41.964,474209
600276.SH,2025-06-17,53.8,54.01,51.4,51.64,695180
600519.SH,2025-06-17,1340.419,1347.419,1332.599,1347.419,27232
600900.SH,2025-06-17,28.717,28.967,28.327,28.937,788986
601318.SH,2025-06-17,49.015,49.225,48.655,48.945,506289
601857.SH,2025-06-17,8.25,8.46,8.24,8.46,1879555
601899.SH,2025-06-17,17.77,17.95,17.68,17.85,840917
688981.SH,2025-06-17,82.98,83.13,82.02,82.4,13764726
000651.SZ,2025-06-18,39.499,39.859,39.409,39.489,212106
000858.SZ,2025-06-18,110.365,111.115,109.545,110.005,200491
002594.SZ,2025-06-18,112.591,114.717,112.307,113.967,102897
300750.SZ,2025-06-18,237.67,240.27,236.26,236.26,104606
510300.SH,2025-06-18,3.78,3.787,3.759,3.781,4808034
600036.SH,2025-06-18,41.904,42.054,41.634,41.834,426429
600276.SH,2025-06-18,51.5,52.03,51.12,51.61,334095
600519.SH,2025-06-18,1360.419,1363.859,1341.429,1345.419,30761
600900.SH,2025-06-18,28.867,29.127,28.837,28.977,621721
601318.SH,2025-06-18,48.895,48.995,48.015,48.525,469364
601857.SH,2025-06-18,8.48,8.54,8.42,8.46,1352390
601899.SH,2025-06-18,17.84,17.96,17.56,17.76,931998
688981.SH,2025-06-18,82.23,82.67,81.66,82.01,14912111
000651.SZ,2025-06-19,39.469,39.549,39.049,39.089,275096
000858.SZ,2025-06-19,109.225,110.125,108.775,108.955,163572
002594.SZ,2025-06-19,112.994,113.414,111.767,111.817,100381
300750.SZ,2025-06-19,235.99,236.85,232.29,232.79,147985
510300.SH,2025-06-19,3.775,3.776,3.74,3.75,6007886
600036.SH,2025-06-19,41.824,42.044,41.354,41.614,513454
600276.SH,2025-06-19,51.64,52.19,51.11,51.38,373167
600519.SH,2025-06-19,1346.419,1354.089,1337.599,1346.419,24501
600900.SH,2025-06-19,29.067,29.107,28.847,28.987,559306
601318.SH,2025-06-19,48.405,48.515,47.835,47.915,401881
601857.SH,2025-06-19,8.46,8.54,8.32,8.53,2294334
601899.SH,2025-06-19,17.73,17.76,17.35,17.35,1016429
688981.SH,2025-06-19,82.0,82.88,81.51,81.65,17728970
000651.SZ,2025-06-20,39.089,39.669,39.039,39.649,248254
000858.SZ,2025-06-20,109.175,111.675,109.055,111.235,296814
002594.SZ,2025-06-20,111.661,112.641,111.584,111.734,73538
300750.SZ,2025-06-20,231.75,233.81,230.19,230.95,136883
510300.SH,2025-06-20,3.749,3.765,3.748,3.755,4230441
600036.SH,2025-06-20,41.714,42.164,41.534,41.974,448157
600276.SH,2025-06-20,51.55,52.13,51.43,51.56,240608
600519.SH,2025-06-20,1343.999,1361.559,1340.619,1349.079,34816
600900.SH,2025-06-20,28.987,29.097,28.647,28.667,561603
601318.SH,2025-06-20,47.905,49.575,47.905,49.455,847430
601857.SH,2025-06-20,8.48,8.52,8.38,8.44,1378425
601899.SH,2025-06-20,17.41,17.59,17.32,17.39,876538
688981.SH,2025-06-20,81.73,82.59,81.22,81.28,16691409
000651.SZ,2025-06-23,39.609,39.729,39.209,39.429,290724
000858.SZ,2025-06-23,110.575,110.765,109.465,109.955,173387
002594.SZ,2025-06-23,110.601,111.554,109.517,111.051,94593
300750.SZ,2025-06-23,229.99,231.29,228.72,230.3,127099
510300.SH,2025-06-23,3.746,3.779,3.739,3.768,7492447
600036.SH,2025-06-23,41.884,42.324,41.414,42.234,538931
600276.SH,2025-06-23,51.48,51.98,51.0,51.76,313281
600519.SH,2025-06-23,1340.419,1353.419,1325.599,1340.419,26723
600900.SH,2025-06-23,28.647,29.027,28.547,28.917,588009
601318.SH,2025-06-23,49.215,49.965,48.975,49.815,614705
601857.SH,2025-06-23,8.52,8.56,8.29,8.37,2268613
601899.SH,2025-06-23,17.43,17.6,17.26,17.49,985169
688981.SH,2025-06-23,81.03,85.3,80.9,84.25,45387149
000651.SZ,2025-06-24,39.499,40.009,39.499,39.909,298954
000858.SZ,2025-06-24,110.245,111.665,110.075,111.425,178958
002594.SZ,2025-06-24,112.061,113.717,112.061,112.777,144713
300750.SZ,2025-06-24,231.27,238.77,231.27,236.61,235011
510300.SH,2025-06-24,3.773,3.827,3.773,3.813,12245549
600036.SH,2025-06-24,42.294,42.984,42.164,42.734,655815
600276.SH,2025-06-24,51.89,52.3,51.53,51.95,451035
600519.SH,2025-06-24,1343.769,1372.099,1343.769,1357.619,36312
600900.SH,2025-06-24,28.877,29.077,28.797,28.847,788400
601318.SH,2025-06-24,49.925,51.685,49.915,51.505,1040798
601857.SH,2025-06-24,8.13,8.28,7.94,8.24,2170967
601899.SH,2025-06-24,17.41,17.93,17.38,17.52,1287024
688981.SH,2025-06-24,84.25,85.37,84.09,85.15,30936689
000651.SZ,2025-06-25,39.939,40.499,39.779,40.379,303185
000858.SZ,2025-06-25,111.675,111.895,110.555,111.855,178647
002594.SZ,2025-06-25,113.647,114.894,112.657,114.741,125738
300750.SZ,2025-06-25,237.19,246.57,236.69,245.59,315377
510300.SH,2025-06-25,3.816,3.88,3.812,3.878,17241161
600036.SH,2025-06-25,42.734,43.484,42.574,43.484,607680
600276.SH,2025-06-25,51.95,52.83,51.11,52.75,536482
600519.SH,2025-06-25,1359.529,1369.619,1340.929,1356.279,41050
600900.SH,2025-06-25,28.747,29.217,28.667,29.147,783707
601318.SH,2025-06-25,51.515,52.715,51.295,52.595,1046131
601857.SH,2025-06-25,8.25,8.28,8.14,8.22,1467849
601899.SH,2025-06-25,17.56,17.98,17.43,17.97,1225998
688981.SH,2025-06-25,85.0,88.53,85.0,88.39,55719038
000651.SZ,2025-06-26,40.529,40.799,40.379,40.509,252527
000858.SZ,2025-06-26,111.785,112.315,111.305,111.405,166373
002594.SZ,2025-06-26,113.087,113.087,110.594,110.797,204932
300750.SZ,2025-06-26,246.57,246.98,243.05,243.48,199145
510300.SH,2025-06-26,3.872,3.881,3.862,3.863,9379679
600036.SH,2025-06-26,43.474,43.864,43.034,43.864,590201
600276.SH,2025-06-26,52.4,52.75,51.7,51.88,392269
600519.SH,2025-06-26,1363.019,1376.019,1358.099,1368.019,34860
600900.SH,2025-06-26,29.147,29.457,29.127,29.377,705649
601318.SH,2025-06-26,52.505,52.795,52.185,52.295,500740
601857.SH,2025-06-26,8.22,8.31,8.2,8.27,1152639
601899.SH,2025-06-26,17.88,18.2,17.7,17.96,1273122
688981.SH,2025-06-26,88.39,89.98,87.2,87.28,38656454
000651.SZ,2025-06-27,40.579,40.929,40.139,40.229,323097
000858.SZ,2025-06-27,111.385,111.605,110.715,110.855,160216
002594.SZ,2025-06-27,109.651,110.557,109.464,109.731,138617
300750.SZ,2025-06-27,247.19,248.14,240.8,241.68,236201
510300.SH,2025-06-27,3.867,3.89,3.835,3.84,10696914
600036.SH,2025-06-27,43.834,43.854,42.024,42.204,954143
600276.SH,2025-06-27,51.71,51.87,51.47,51.75,287765
600519.SH,2025-06-27,1368.029,1371.019,1351.109,1351.109,38250
600900.SH,2025-06-27,29.427,29.427,28.467,28.487,1474530
601318.SH,2025-06-27,52.295,52.845,51.325,51.675,667632
601857.SH,2025-06-27,8.27,8.27,8.12,8.15,1208817
601899.SH,2025-06-27,18.18,19.04,18.18,18.76,2391482
688981.SH,2025-06-27,87.58,88.15,86.7,86.88,26165913
000651.SZ,2025-06-30,40.239,40.549,39.879,39.929,321622
000858.SZ,2025-06-30,110.855,111.255,109.955,110.575,223680
002594.SZ,2025-06-30,109.731,109.731,107.847,108.954,144003
300750.SZ,2025-06-30,242.19,244.19,240.39,242.91,176234
510300.SH,2025-06-30,3.838,3.862,3.833,3.859,10819590
600036.SH,2025-06-30,42.114,42.274,41.754,41.934,624614
600276.SH,2025-06-30,51.71,51.99,50.79,51.7,445355
600519.SH,2025-06-30,1351.519,1361.249,1350.019,1357.539,30457
600900.SH,2025-06-30,28.497,28.687,28.367,28.407,755185
601318.SH,2025-06-30,51.82,52.27,51.45,51.8,564782
601857.SH,2025-06-30,8.14,8.17,8.01,8.08,1124289
601899.SH,2025-06-30,18.76,18.81,18.38,18.48,1387270
688981.SH,2025-06-30,88.18,89.63,87.79,88.17,34352802
000651.SZ,2025-07-01,40.059,40.489,39.859,40.459,242454
000858.SZ,2025-07-01,110.665,110.665,109.955,110.305,122183
002594.SZ,2025-07-01,108.417,109.434,107.914,108.764,88518
300750.SZ,2025-07-01,243.19,243.43,240.57,242.19,95323
510300.SH,2025-07-01,3.857,3.869,3.846,3.865,6406861
600036.SH,2025-07-01,41.944,42.654,41.904,42.434,450613
600276.SH,2025-07-01,51.69,52.54,51.6,52.26,397725
600519.SH,2025-07-01,1357.019,1359.959,1351.329,1353.119,19878
600900.SH,2025-07-01,28.467,28.787,28.417,28.637,594763
601318.SH,2025-07-01,51.98,52.21,51.62,52.02,352746
601857.SH,2025-07-01,8.09,8.23,8.03,8.17,1010750
601899.SH,2025-07-01,18.67,18.9,18.36,18.88,1239334
688981.SH,2025-07-01,88.0,88.85,87.65,87.76,21688792
000651.SZ,2025-07-02,40.559,41.729,40.499,41.419,542096
000858.SZ,2025-07-02,110.305,111.575,110.185,110.855,154477
002594.SZ,2025-07-02,108.984,109.604,107.961,108.537,93270
300750.SZ,2025-07-02,242.19,242.7,239.88,241.14,115714
510300.SH,2025-07-02,3.862,3.876,3.852,3.869,5188835
600036.SH,2025-07-02,42.684,43.144,42.434,42.884,518563
600276.SH,2025-07-02,52.2,53.24,51.9,52.05,325712
600519.SH,2025-07-02,1357.519,1362.819,1348.019,1357.619,26218
600900.SH,2025-07-02,28.667,28.747,28.487,28.517,571835
601318.SH,2025-07-02,52.02,52.33,51.67,52.13,395629
601857.SH,2025-07-02,8.17,8.19,8.12,8.13,784195
601899.SH,2025-07-02,18.88,19.41,18.78,19.15,1703696
688981.SH,2025-07-02,87.5,87.73,85.81,86.1,22557267
000651.SZ,2025-07-03,41.609,41.679,41.259,41.539,217130
000858.SZ,2025-07-03,110.855,111.505,110.575,111.295,122430
002594.SZ,2025-07-03,108.644,110.067,108.541,109.837,123498
300750.SZ,2025-07-03,242.16,253.9,241.28,253.28,338037
510300.SH,2025-07-03,3.871,3.897,3.868,3.892,6863819
600036.SH,2025-07-03,42.884,42.934,42.324,42.594,556226
600276.SH,2025-07-03,52.06,52.38,51.61,52.27,293678
600519.SH,2025-07-03,1360.019,1370.709,1356.019,1363.619,24413
600900.SH,2025-07-03,28.527,28.547,28.117,28.357,936811
601318.SH,2025-07-03,52.22,52.52,51.98,52.12,325101
601857.SH,2025-07-03,8.16,8.17,8.07,8.08,800816
601899.SH,2025-07-03,19.35,19.47,19.06,19.27,1373809
688981.SH,2025-07-03,86.38,86.73,85.78,86.24,14615027
000651.SZ,2025-07-04,41.539,41.849,41.309,41.749,196170
000858.SZ,2025-07-04,110.965,112.425,110.865,112.065,170679
002594.SZ,2025-07-04,109.167,109.981,108.241,108.651,104104
300750.SZ,2025-07-04,255.7,260.67,251.67,256.49,272060
510300.SH,2025-07-04,3.888,3.942,3.881,3.909,10525621
600036.SH,2025-07-04,42.584,43.484,42.384,43.054,678948
600276.SH,2025-07-04,52.41,53.59,52.4,53.06,477923
600519.SH,2025-07-04,1363.719,1379.909,1358.029,1370.239,28767
600900.SH,2025-07-04,28.327,28.557,28.277,28.427,679228
601318.SH,2025-07-04,52.02,53.71,51.75,52.89,654544
601857.SH,2025-07-04,8.08,8.14,8.06,8.13,890424
601899.SH,2025-07-04,19.05,19.27,18.82,19.03,1358556
688981.SH,2025-07-04,86.0,87.2,84.86,85.8,25225745
000651.SZ,2025-07-07,41.909,41.949,41.389,41.499,189802
000858.SZ,2025-07-07,111.885,112.195,111.485,111.585,85811
002594.SZ,2025-07-07,108.051,108.481,107.797,107.847,88208
300750.SZ,2025-07-07,256.49,259.57,249.57,251.58,174665
510300.SH,2025-07-07,3.903,3.909,3.882,3.891,4022514
600036.SH,2025-07-07,43.054,43.284,42.684,43.184,567427
600276.SH,2025-07-07,53.18,53.39,52.36,52.45,286388
600519.SH,2025-07-07,1370.299,1371.519,1358.029,1358.719,23855
600900.SH,2025-07-07,28.507,28.547,28.337,28.527,508278
601318.SH,2025-07-07,52.91,53.12,52.38,52.75,321763
601857.SH,2025-07-07,8.13,8.13,7.98,8.06,876281
601899.SH,2025-07-07,18.94,19.0,18.69,18.78,834675
688981.SH,2025-07-07,85.69,86.86,85.37,85.48,13534928
000651.SZ,2025-07-08,41.499,41.929,41.389,41.609,256018
000858.SZ,2025-07-08,111.525,112.545,111.505,112.455,116631
002594.SZ,2025-07-08,107.317,108.244,106.891,107.277,116918
300750.SZ,2025-07-08,251.39,256.59,250.51,254.0,155923
510300.SH,2025-07-08,3.893,3.933,3.89,3.925,6122487
600036.SH,2025-07-08,43.264,43.654,43.084,43.604,637421
600276.SH,2025-07-08,52.49,53.49,52.3,53.2,359263
600519.SH,2025-07-08,1358.729,1368.019,1358.719,1364.129,18674
600900.SH,2025-07-08,28.537,28.537,28.177,28.187,1073286
601318.SH,2025-07-08,52.72,53.1,52.43,52.77,343460
601857.SH,2025-07-08,8.08,8.15,8.04,8.1,906763
601899.SH,2025-07-08,18.85,19.02,18.73,18.8,970734
688981.SH,2025-07-08,85.49,86.85,85.18,86.74,21766848
000651.SZ,2025-07-09,41.629,41.689,41.119,41.209,274919
000858.SZ,2025-07-09,112.505,114.525,112.165,113.275,203496
002594.SZ,2025-07-09,107.284,107.721,106.911,106.917,121633
300750.SZ,2025-07-09,252.89,265.15,252.79,261.49,293884
510300.SH,2025-07-09,3.925,3.946,3.917,3.922,6476608
600036.SH,2025-07-09,43.484,43.754,43.114,43.114,614566
600276.SH,2025-07-09,53.2,57.74,52.82,56.99,1158212
600519.SH,2025-07-09,1363.019,1377.989,1362.189,1366.899,27745
600900.SH,2025-07-09,28.217,28.367,28.117,28.247,670383
601318.SH,2025-07-09,52.77,53.1,52.2,52.22,395463
601857.SH,2025-07-09,8.12,8.26,8.11,8.11,1245673
601899.SH,2025-07-09,18.87,18.87,17.85,17.88,3338348
688981.SH,2025-07-09,86.65,86.86,85.52,85.85,18310200
000651.SZ,2025-07-10,41.209,41.529,40.959,41.349,209383
000858.SZ,2025-07-10,112.705,114.555,112.575,114.255,162716
002594.SZ,2025-07-10,106.921,107.014,104.601,105.394,210022
300750.SZ,2025-07-10,265.68,265.68,259.19,262.69,242393
510300.SH,2025-07-10,3.922,3.967,3.921,3.942,6323877
600036.SH,2025-07-10,43.084,44.534,43.084,44.224,1219784
600276.SH,2025-07-10,56.93,58.08,56.41,57.4,903716
600519.SH,2025-07-10,1366.989,1384.199,1358.419,1374.519,38725
600900.SH,2025-07-10,28.267,28.347,28.067,28.167,947643
601318.SH,2025-07-10,52.22,53.9,52.13,53.45,828882
601857.SH,2025-07-10,8.13,8.26,8.13,8.19,1219339
601899.SH,2025-07-10,17.9,18.03,17.79,17.82,1893273
688981.SH,2025-07-10,85.61,86.17,85.5,85.67,17563946
000651.SZ,2025-07-11,41.509,42.159,41.459,41.959,318348
000858.SZ,2025-07-11,114.245,116.655,113.895,115.975,287189
002594.SZ,2025-07-11,104.951,107.267,104.657,106.287,168270
300750.SZ,2025-07-11,262.19,264.69,260.79,262.19,213282
510300.SH,2025-07-11,3.943,4.007,3.942,3.956,12648551
600036.SH,2025-07-11,44.264,44.484,43.604,43.624,1184443
600276.SH,2025-07-11,57.31,57.92,56.68,56.7,658632
600519.SH,2025-07-11,1371.179,1406.019,1371.179,1375.019,57243
600900.SH,2025-07-11,28.187,28.857,28.137,28.667,1642155
601318.SH,2025-07-11,53.32,55.34,53.28,54.03,1076429
601857.SH,2025-07-11,8.19,8.35,8.18,8.18,2433816
601899.SH,2025-07-11,17.87,18.18,17.84,17.87,2181704
688981.SH,2025-07-11,85.7,89.34,85.4,88.16,46992238
000651.SZ,2025-07-14,42.149,42.689,42.029,42.259,305755
000858.SZ,2025-07-14,116.035,117.215,115.075,117.085,219140
002594.SZ,2025-07-14,106.287,106.287,104.171,104.481,172309
300750.SZ,2025-07-14,261.69,262.01,256.79,259.19,149789
510300.SH,2025-07-14,3.955,3.971,3.953,3.955,8205479
600036.SH,2025-07-14,43.634,44.074,43.424,43.554,648484
600276.SH,2025-07-14,56.55,57.85,56.36,57.01,473758
600519.SH,2025-07-14,1378.019,1382.999,1369.619,1371.619,27781
600900.SH,2025-07-14,28.687,29.057,28.667,28.877,771547
601318.SH,2025-07-14,54.01,54.56,53.89,53.89,449058
601857.SH,2025-07-14,8.22,8.45,8.22,8.41,2046116
601899.SH,2025-07-14,18.25,18.32,17.99,18.06,2305917
688981.SH,2025-07-14,88.3,88.49,87.47,87.52,18983136
000651.SZ,2025-07-15,42.379,43.099,42.159,42.959,397741
000858.SZ,2025-07-15,116.495,117.195,115.995,116.675,193328
002594.SZ,2025-07-15,104.384,106.651,104.317,106.001,162791
300750.SZ,2025-07-15,259.19,263.19,256.69,258.44,169526
510300.SH,2025-07-15,3.959,3.981,3.93,3.955,8074813
600036.SH,2025-07-15,43.754,43.904,42.784,43.204,666206
600276.SH,2025-07-15,57.05,57.33,56.32,57.02,436928
600519.SH,2025-07-15,1368.999,1370.949,1356.339,1359.019,35406
600900.SH,2025-07-15,28.877,28.947,28.617,28.747,562462
601318.SH,2025-07-15,54.07,54.28,53.3,53.42,441726
601857.SH,2025-07-15,8.39,8.49,8.35,8.46,1633159
601899.SH,2025-07-15,18.04,18.13,17.8,18.1,1531483
688981.SH,2025-07-15,87.15,87.95,86.61,87.89,20617316
000651.SZ,2025-07-16,43.099,43.099,42.349,42.489,279249
000858.SZ,2025-07-16,116.275,117.555,116.275,116.955,178699
002594.SZ,2025-07-16,106.004,106.954,106.004,106.224,110758
300750.SZ,2025-07-16,259.19,259.39,253.73,255.09,156265
510300.SH,2025-07-16,3.956,3.97,3.933,3.946,4791819
600036.SH,2025-07-16,43.244,43.524,42.864,43.094,468186
600276.SH,2025-07-16,57.45,58.7,56.84,57.02,398191
600519.SH,2025-07-16,1358.029,1365.509,1357.969,1359.049,21286
600900.SH,2025-07-16,28.867,28.927,28.597,28.607,386213
601318.SH,2025-07-16,53.49,53.56,52.53,53.15,481825
601857.SH,2025-07-16,8.46,8.59,8.44,8.51,1298164
601899.SH,2025-07-16,18.12,18.16,17.96,18.12,926884
688981.SH,2025-07-16,87.73,88.2,86.77,87.12,19670851
000651.SZ,2025-07-17,42.489,43.059,42.409,42.569,225690
000858.SZ,2025-07-17,116.955,117.785,116.545,117.495,172999
002594.SZ,2025-07-17,106.651,107.891,106.351,107.657,156891
300750.SZ,2025-07-17,256.06,258.44,255.05,256.19,145110
510300.SH,2025-07-17,3.946,3.98,3.945,3.979,5978225
600036.SH,2025-07-17,43.084,43.314,42.894,42.984,416895
600276.SH,2025-07-17,56.7,57.7,56.64,57.53,444146
600519.SH,2025-07-17,1361.999,1371.029,1360.899,1364.369,23106
600900.SH,2025-07-17,28.587,28.667,28.387,28.427,614655
601318.SH,2025-07-17,53.02,53.38,53.0,53.13,277123
601857.SH,2025-07-17,8.51,8.56,8.4,8.44,1280391
601899.SH,2025-07-17,18.11,18.17,17.96,18.05,1174559
688981.SH,2025-07-17,87.06,89.0,86.32,88.79,28792216
000651.SZ,2025-07-18,42.809,42.909,42.549,42.889,210739
000858.SZ,2025-07-18,117.724,119.494,116.704,118.624,210209
002594.SZ,2025-07-18,108.027,108.151,106.734,108.021,136866
300750.SZ,2025-07-18,259.39,263.14,256.49,261.89,221866
510300.SH,2025-07-18,3.985,4.013,3.982,4.009,7131296
600036.SH,2025-07-18,43.034,43.144,42.724,43.034,543431
600276.SH,2025-07-18,58.01,59.66,57.7,58.56,660986
600519.SH,2025-07-18,1368.019,1385.829,1364.399,1385.019,41823
600900.SH,2025-07-18,28.54,28.6,28.35,28.5,601702
601318.SH,2025-07-18,53.27,53.77,53.18,53.39,436240
601857.SH,2025-07-18,8.46,8.5,8.4,8.44,727547
601899.SH,2025-07-18,18.17,18.68,18.0,18.45,2229552
688981.SH,2025-07-18,88.75,89.13,87.93,88.51,21995993
000651.SZ,2025-07-21,42.899,43.089,42.399,42.559,269500
000858.SZ,2025-07-21,118.624,118.634,117.094,117.404,187784
002594.SZ,2025-07-21,107.647,109.691,107.404,109.691,153945
300750.SZ,2025-07-21,267.69,272.69,264.24,270.35,324863
510300.SH,2025-07-21,4.014,4.037,4.011,4.034,7674613
600036.SH,2025-07-21,43.034,43.214,42.814,42.834,566412
600276.SH,2025-07-21,58.3,58.6,57.48,57.8,509442
600519.SH,2025-07-21,1385.009,1394.819,1383.019,1391.019,26203
600900.SH,2025-07-21,28.7,28.86,28.42,28.51,778277
601318.SH,2025-07-21,53.47,54.07,53.22,53.51,466733
601857.SH,2025-07-21,8.43,8.5,8.4,8.46,848144
601899.SH,2025-07-21,18.54,18.81,18.48,18.77,1730230
688981.SH,2025-07-21,88.45,89.52,88.04,89.02,22271915
000651.SZ,2025-07-22,42.539,42.929,42.449,42.899,299742
000858.SZ,2025-07-22,117.404,120.734,117.404,120.374,303772
002594.SZ,2025-07-22,109.984,112.321,109.387,112.214,214164
300750.SZ,2025-07-22,270.69,280.69,269.87,277.35,333090
510300.SH,2025-07-22,4.036,4.08,4.019,4.078,10821091
600036.SH,2025-07-22,42.834,42.964,42.194,42.924,922319
600276.SH,2025-07-22,57.8,58.65,57.0,57.21,475570
600519.SH,2025-07-22,1392.019,1414.619,1388.699,1412.999,42119
600900.SH,2025-07-22,28.46,28.51,28.28,28.36,943940
601318.SH,2025-07-22,53.51,53.52,52.42,53.02,695203
601857.SH,2025-07-22,8.44,8.59,8.39,8.54,1459048
601899.SH,2025-07-22,18.9,19.36,18.79,19.23,2025790
688981.SH,2025-07-22,88.7,90.55,88.5,89.08,29742068
000651.SZ,2025-07-23,42.949,43.479,42.929,43.159,263583
000858.SZ,2025-07-23,120.544,121.724,119.974,120.044,229067
002594.SZ,2025-07-23,112.347,112.651,110.651,111.007,158907
300750.SZ,2025-07-23,278.85,281.44,277.28,277.71,200190
510300.SH,2025-07-23,4.081,4.111,4.065,4.076,9947315
600036.SH,2025-07-23,42.954,43.684,42.944,43.104,853249
600276.SH,2025-07-23,57.0,57.88,56.67,56.93,425295
600519.SH,2025-07-23,1417.019,1443.019,1416.969,1423.519,45045
600900.SH,2025-07-23,28.41,28.45,28.17,28.18,1073549
601318.SH,2025-07-23,53.16,54.7,53.13,54.32,869407
601857.SH,2025-07-23,8.52,8.59,8.45,8.47,1389100
601899.SH,2025-07-23,19.41,19.46,19.09,19.19,1812225
688981.SH,2025-07-23,88.9,90.19,88.3,89.39,31654941
000651.SZ,2025-07-24,43.189,43.249,42.639,42.799,316143
000858.SZ,2025-07-24,119.994,120.604,119.344,120.394,156012
002594.SZ,2025-07-24,111.011,113.831,110.861,112.557,189063
300750.SZ,2025-07-24,279.69,279.89,273.6,275.89,223891
510300.SH,2025-07-24,4.072,4.105,4.067,4.102,8852360
600036.SH,2025-07-24,43.194,43.344,42.784,42.864,826620
600276.SH,2025-07-24,57.24,57.78,56.75,57.3,465834
600519.SH,2025-07-24,1424.019,1447.019,1423.019,1439.519,38804
600900.SH,2025-07-24,28.19,28.19,27.8,27.94,1668828
601318.SH,2025-07-24,54.29,55.32,54.03,54.96,707737
601857.SH,2025-07-24,8.47,8.47,8.3,8.32,1845178
601899.SH,2025-07-24,18.98,19.25,18.81,19.1,1610269
688981.SH,2025-07-24,89.1,92.9,89.0,91.75,52232453
000651.SZ,2025-07-25,41.509,42.599,41.509,41.809,621993
000858.SZ,2025-07-25,120.394,120.444,118.314,118.384,184007
002594.SZ,2025-07-25,111.984,112.117,109.984,110.961,157041
300750.SZ,2025-07-25,275.89,275.89,272.44,273.49,134326
510300.SH,2025-07-25,4.102,4.102,4.07,4.08,8200860
600036.SH,2025-07-25,42.824,43.154,42.734,42.814,696264
600276.SH,2025-07-25,57.3,57.35,56.15,56.2,505394
600519.SH,2025-07-25,1439.419,1439.419,1401.019,1403.019,41911
600900.SH,2025-07-25,27.86,27.98,27.75,27.75,1008791
601318.SH,2025-07-25,54.62,54.87,54.14,54.4,508335
601857.SH,2025-07-25,8.33,8.41,8.18,8.2,1826029
601899.SH,2025-07-25,18.94,19.05,18.79,18.83,1252965
688981.SH,2025-07-25,91.74,93.68,90.99,93.47,44212479
000651.SZ,2025-07-28,41.949,42.109,41.599,41.639,382201
000858.SZ,2025-07-28,118.364,119.014,116.844,118.904,178511
002594.SZ,2025-07-28,110.961,111.351,110.161,110.651,117057
300750.SZ,2025-07-28,273.71,279.78,271.99,276.99,238973
510300.SH,2025-07-28,4.08,4.1,4.063,4.091,6027713
600036.SH,2025-07-28,42.784,43.144,42.394,42.424,635127
600276.SH,2025-07-28,59.9,61.84,59.46,61.84,1630096
600519.SH,2025-07-28,1401.019,1403.009,1384.319,1386.679,38586
600900.SH,2025-07-28,27.75,27.84,27.6,27.64,844451
601318.SH,2025-07-28,54.52,56.52,54.52,56.41,1221217
601857.SH,2025-07-28,8.2,8.2,8.06,8.09,1513013
601899.SH,2025-07-28,18.69,18.78,18.41,18.78,1437051
688981.SH,2025-07-28,93.64,93.69,91.96,92.18,34264005
000651.SZ,2025-07-29,41.659,41.789,41.019,41.129,427601
000858.SZ,2025-07-29,118.344,118.834,117.044,118.364,185151
002594.SZ,2025-07-29,111.652,112.142,109.412,111.062,387360
300750.SZ,2025-07-29,277.39,282.69,277.37,282.51,233946
510300.SH,2025-07-29,4.085,4.113,4.069,4.112,8059786
600036.SH,2025-07-29,42.424,42.784,42.124,42.124,785813
600276.SH,2025-07-29,62.8,65.23,61.93,63.6,1682769
600519.SH,2025-07-29,1387.619,1396.809,1383.029,1387.019,26304
600900.SH,2025-07-29,27.61,27.74,27.6,27.63,717720
601318.SH,2025-07-29,56.38,56.6,55.69,55.81,566092
601857.SH,2025-07-29,8.12,8.27,8.12,8.25,1639582
601899.SH,2025-07-29,18.58,18.72,18.49,18.57,1296870
688981.SH,2025-07-29,92.0,92.63,90.81,92.17,29414208
000651.SZ,2025-07-30,41.149,41.669,41.049,41.379,320217
000858.SZ,2025-07-30,118.404,119.994,118.124,119.364,224124
002594.SZ,2025-07-30,107.692,110.802,106.762,108.342,524834
300750.SZ,2025-07-30,282.89,282.89,267.05,267.78,415943
510300.SH,2025-07-30,4.104,4.142,4.084,4.109,9502522
600036.SH,2025-07-30,42.154,42.734,41.914,42.404,725461
600276.SH,2025-07-30,63.61,64.53,62.45,63.39,980849
600519.SH,2025-07-30,1392.019,1405.179,1385.019,1397.459,31868
600900.SH,2025-07-30,27.64,27.94,27.64,27.7,978280
601318.SH,2025-07-30,55.8,57.65,55.67,57.03,921993
601857.SH,2025-07-30,8.29,8.42,8.27,8.41,1482602
601899.SH,2025-07-30,18.58,18.96,18.57,18.8,1543618
688981.SH,2025-07-30,91.7,91.83,89.74,90.36,31001859
000651.SZ,2025-07-31,41.389,41.409,40.509,40.629,447717
000858.SZ,2025-07-31,118.864,118.944,115.694,115.994,304687
002594.SZ,2025-07-31,107.842,107.842,104.642,104.882,599499
300750.SZ,2025-07-31,271.49,272.67,255.31,255.31,447104
510300.SH,2025-07-31,4.098,4.098,4.019,4.032,11229126
600036.SH,2025-07-31,42.384,42.544,41.834,42.464,733195
600276.SH,2025-07-31,63.2,64.05,62.3,62.7,742039
600519.SH,2025-07-31,1391.019,1392.889,1366.019,1369.689,51798
600900.SH,2025-07-31,27.42,27.42,26.7,26.84,2579698
601318.SH,2025-07-31,56.73,56.82,54.7,55.01,827601
601857.SH,2025-07-31,8.41,8.43,8.26,8.4,1751251
601899.SH,2025-07-31,18.49,18.5,18.01,18.13,2087643
688981.SH,2025-07-31,90.32,92.75,89.46,89.5,46198852
000651.SZ,2025-08-01,40.729,41.059,40.639,40.899,234001
000858.SZ,2025-08-01,115.984,116.464,115.234,115.844,123226
002594.SZ,2025-08-01,104.592,105.882,104.002,105.442,362337
300750.SZ,2025-08-01,255.49,257.29,253.44,253.76,252500
510300.SH,2025-08-01,4.025,4.039,3.995,4.01,6115671
600036.SH,2025-08-01,42.484,42.954,42.334,42.404,594621
600276.SH,2025-08-01,62.63,63.38,60.56,61.11,734655
600519.SH,2025-08-01,1369.889,1373.979,1362.019,1365.019,29636
600900.SH,2025-08-01,26.79,27.05,26.68,26.99,981486
601318.SH,2025-08-01,55.0,55.38,54.4,54.52,488786
601857.SH,2025-08-01,8.33,8.37,8.03,8.04,2267664
601899.SH,2025-08-01,18.08,18.41,18.03,18.24,1219991
688981.SH,2025-08-01,89.2,90.33,88.02,88.29,27414033
000651.SZ,2025-08-04,40.889,41.259,40.759,41.129,210786
000858.SZ,2025-08-04,115.474,116.074,115.294,115.764,85933
002594.SZ,2025-08-04,103.642,104.782,102.212,104.522,412937
300750.SZ,2025-08-04,253.69,258.69,252.39,257.17,237682
510300.SH,2025-08-04,3.999,4.031,3.994,4.029,4355672
600036.SH,2025-08-04,42.294,42.954,42.294,42.884,498008
600276.SH,2025-08-04,60.4,61.85,59.8,61.8,689613
600519.SH,2025-08-04,1363.019,1367.819,1362.019,1367.019,18688
600900.SH,2025-08-04,26.9,27.17,26.8,27.14,823204
601318.SH,2025-08-04,54.42,54.66,54.17,54.53,360078
601857.SH,2025-08-04,7.97,8.04,7.93,8.0,1148588
601899.SH,2025-08-04,18.55,18.92,18.48,18.86,1738260
688981.SH,2025-08-04,87.95,90.63,87.88,90.07,28605760
000651.SZ,2025-08-05,41.159,41.799,40.939,41.729,277894
000858.SZ,2025-08-05,115.794,117.064,115.794,116.794,139446
002594.SZ,2025-08-05,104.522,104.852,103.422,104.502,338350
300750.SZ,2025-08-05,258.19,259.69,254.19,256.39,219760
510300.SH,2025-08-05,4.031,4.062,4.028,4.06,5480681
600036.SH,2025-08-05,42.764,43.384,42.624,43.234,555258
600276.SH,2025-08-05,61.91,62.26,61.36,62.1,541443
600519.SH,2025-08-05,1369.019,1377.959,1365.129,1375.759,25342
600900.SH,2025-08-05,27.14,27.18,26.96,27.1,787153
601318.SH,2025-08-05,54.62,55.73,54.52,55.46,482956
601857.SH,2025-08-05,8.0,8.17,7.98,8.12,1361736
601899.SH,2025-08-05,18.97,19.0,18.75,18.85,1138387
688981.SH,2025-08-05,89.85,90.58,89.58,90.0,19567940
000651.SZ,2025-08-06,41.829,41.989,41.619,41.909,255528
000858.SZ,2025-08-06,116.814,117.344,116.334,117.004,119684
002594.SZ,2025-08-06,104.502,104.642,103.542,103.992,305620
300750.SZ,2025-08-06,255.91,257.59,253.92,255.69,153233
510300.SH,2025-08-06,4.058,4.076,4.053,4.071,4089449
600036.SH,2025-08-06,43.274,43.714,43.094,43.104,430296
600276.SH,2025-08-06,61.99,62.35,61.18,61.38,572479
600519.SH,2025-08-06,1377.019,1377.019,1367.319,1371.899,23699
600900.SH,2025-08-06,27.09,27.12,26.87,26.97,1144935
601318.SH,2025-08-06,55.46,55.96,55.14,55.38,324469
601857.SH,2025-08-06,8.12,8.2,8.1,8.17,941101
601899.SH,2025-08-06,18.79,19.23,18.76,19.14,1428032
688981.SH,2025-08-06,89.86,91.0,89.53,90.78,26779787
000651.SZ,2025-08-07,41.809,42.159,41.679,42.009,264711
000858.SZ,2025-08-07,116.974,117.984,116.794,117.394,115703
002594.SZ,2025-08-07,103.912,106.072,103.802,104.972,428763
300750.SZ,2025-08-07,255.69,257.18,252.89,253.74,165481
510300.SH,2025-08-07,4.073,4.087,4.048,4.07,5339656
600036.SH,2025-08-07,43.104,43.584,42.944,43.134,440643
600276.SH,2025-08-07,61.05,61.9,60.5,60.61,504764
600519.SH,2025-08-07,1371.899,1375.719,1368.079,1370.369,28001
600900.SH,2025-08-07,26.94,27.18,26.84,27.06,1051957
601318.SH,2025-08-07,55.43,55.78,54.85,55.2,327972
601857.SH,2025-08-07,8.15,8.21,8.12,8.21,766134
601899.SH,2025-08-07,19.14,19.34,18.94,19.28,1317182
688981.SH,2025-08-07,90.7,91.7,89.75,90.59,31525994
000651.SZ,2025-08-08,42.049,42.619,41.909,42.449,280780
000858.SZ,2025-08-08,117.394,117.724,116.804,117.064,82426
002594.SZ,2025-08-08,104.642,104.672,103.552,103.572,326615
300750.SZ,2025-08-08,254.69,256.85,252.7,254.17,174282
510300.SH,2025-08-08,4.065,4.078,4.052,4.06,4230624
600036.SH,2025-08-08,43.184,43.264,42.514,42.514,456422
600276.SH,2025-08-08,60.5,60.93,59.8,60.79,362971
600519.SH,2025-08-08,1371.069,1374.519,1366.019,1368.989,18655
600900.SH,2025-08-08,27.06,27.08,26.86,26.86,824972
601318.SH,2025-08-08,55.2,55.22,54.54,54.86,397933
601857.SH,2025-08-08,8.18,8.35,8.16,8.3,983135
601899.SH,2025-08-08,19.34,19.68,19.28,19.52,1276510
688981.SH,2025-08-08,88.0,88.5,86.66,86.66,58473050
000651.SZ,2025-08-11,42.449,42.559,42.069,42.239,244309
000858.SZ,2025-08-11,116.994,119.194,116.954,118.784,182660
002594.SZ,2025-08-11,103.522,105.302,102.872,105.162,356698
300750.SZ,2025-08-11,254.17,256.84,253.19,254.35,213309
510300.SH,2025-08-11,4.06,4.095,4.06,4.079,6881519
600036.SH,2025-08-11,42.514,42.614,42.084,42.084,536724
600276.SH,2025-08-11,60.79,61.22,60.48,60.87,425752
600519.SH,2025-08-11,1371.519,1400.009,1371.019,1393.019,47159
600900.SH,2025-08-11,26.86,26.88,26.51,26.69,1243551
601318.SH,2025-08-11,55.09,55.46,54.79,54.79,431869
601857.SH,2025-08-11,8.28,8.32,8.11,8.12,1438294
601899.SH,2025-08-11,19.49,19.49,19.17,19.23,1409920
688981.SH,2025-08-11,86.69,87.18,86.22,86.96,27919314
000651.SZ,2025-08-12,42.309,43.309,42.199,42.889,450653
000858.SZ,2025-08-12,118.744,120.174,117.854,118.034,211374
002594.SZ,2025-08-12,105.042,106.072,104.342,105.312,312195
300750.SZ,2025-08-12,254.19,255.87,248.41,253.94,222407
510300.SH,2025-08-12,4.077,4.114,4.077,4.105,4824872
600036.SH,2025-08-12,42.114,42.464,41.984,41.984,562252
600276.SH,2025-08-12,61.12,61.25,60.06,60.65,391835
600519.SH,2025-08-12,1397.019,1413.089,1384.019,1385.059,42019
600900.SH,2025-08-12,26.69,26.88,26.64,26.76,743184
601318.SH,2025-08-12,54.79,55.39,54.79,55.07,426985
601857.SH,2025-08-12,8.13,8.39,8.13,8.3,1797309
601899.SH,2025-08-12,19.2,19.54,19.12,19.28,1173534
688981.SH,2025-08-12,86.95,90.1,86.42,88.52,55155240
000651.SZ,2025-08-13,43.009,43.129,42.649,42.739,272882
000858.SZ,2025-08-13,117.854,118.314,117.364,118.034,155823
002594.SZ,2025-08-13,105.932,107.292,105.482,106.472,459830
300750.SZ,2025-08-13,255.46,265.69,255.2,264.29,394668
510300.SH,2025-08-13,4.111,4.149,4.106,4.14,7588408
600036.SH,2025-08-13,42.124,42.234,41.474,41.524,876737
600276.SH,2025-08-13,60.65,63.31,60.65,62.41,815296
600519.SH,2025-08-13,1373.019,1381.699,1368.019,1368.069,65528
600900.SH,2025-08-13,26.77,26.85,26.61,26.63,934257
601318.SH,2025-08-13,55.24,55.72,54.78,54.93,728453
601857.SH,2025-08-13,8.28,8.34,8.23,8.24,1123968
601899.SH,2025-08-13,19.43,20.15,19.38,20.0,1858341
688981.SH,2025-08-13,88.01,89.23,88.0,88.66,38430442
000651.SZ,2025-08-14,42.799,43.249,42.709,42.709,302763
000858.SZ,2025-08-14,118.024,119.694,117.614,117.684,199063
002594.SZ,2025-08-14,107.012,107.142,105.432,106.012,419548
300750.SZ,2025-08-14,267.58,272.69,265.17,270.58,371708
510300.SH,2025-08-14,4.142,4.18,4.125,4.133,8879344
600036.SH,2025-08-14,41.534,41.924,41.484,41.764,676352
600276.SH,2025-08-14,62.65,63.4,62.16,62.62,571266
600519.SH,2025-08-14,1368.959,1395.529,1368.959,1375.009,48129
600900.SH,2025-08-14,26.62,26.89,26.6,26.66,1017588
601318.SH,2025-08-14,55.12,56.92,55.09,55.94,1022768
601857.SH,2025-08-14,8.24,8.3,8.18,8.18,868383
601899.SH,2025-08-14,20.01,20.51,19.95,20.15,1388152
688981.SH,2025-08-14,88.69,92.58,88.69,89.46,74149226
000651.SZ,2025-08-15,42.679,42.829,42.239,42.799,351231
000858.SZ,2025-08-15,117.384,118.144,116.744,117.944,193943
002594.SZ,2025-08-15,105.492,106.282,104.962,105.712,361353
300750.SZ,2025-08-15,269.07,272.99,266.79,271.36,241092
510300.SH,2025-08-15,4.119,4.179,4.117,4.172,10718339
600036.SH,2025-08-15,41.644,41.724,41.284,41.284,932957
600276.SH,2025-08-15,62.44,64.07,62.26,63.2,614933
600519.SH,2025-08-15,1374.029,1376.679,1368.239,1370.099,47582
600900.SH,2025-08-15,26.71,26.78,26.6,26.63,1072302
601318.SH,2025-08-15,55.92,56.77,55.32,56.12,892968
601857.SH,2025-08-15,8.2,8.22,8.1,8.16,1224483
601899.SH,2025-08-15,19.92,20.54,19.85,20.27,1709805
688981.SH,2025-08-15,89.0,93.3,88.48,91.84,69049946
000651.SZ,2025-08-18,42.799,43.259,42.519,42.659,370442
000858.SZ,2025-08-18,117.944,119.504,117.654,118.594,255301
002594.SZ,2025-08-18,105.302,109.132,105.302,108.012,619252
300750.SZ,2025-08-18,271.36,276.17,268.71,273.69,285288
510300.SH,2025-08-18,4.175,4.237,4.162,4.204,10092475
600036.SH,2025-08-18,41.084,41.654,40.874,41.494,926397
600276.SH,2025-08-18,63.2,63.75,62.61,62.88,728858
600519.SH,2025-08-18,1375.009,1384.659,1371.119,1376.519,47378
600900.SH,2025-08-18,26.64,26.72,26.55,26.64,1147362
601318.SH,2025-08-18,56.24,56.67,55.66,55.66,957263
601857.SH,2025-08-18,8.15,8.16,8.09,8.11,1553718
601899.SH,2025-08-18,20.28,20.35,19.78,19.78,2610953
688981.SH,2025-08-18,93.5,95.17,91.36,92.31,83342313
000651.SZ,2025-08-19,42.789,43.159,41.859,42.069,634121
000858.SZ,2025-08-19,118.614,120.594,118.614,119.254,327242
002594.SZ,2025-08-19,108.312,108.562,106.822,107.272,389735
300750.SZ,2025-08-19,273.69,274.69,266.91,268.49,244286
510300.SH,2025-08-19,4.203,4.224,4.174,4.182,7743324
600036.SH,2025-08-19,41.434,41.684,41.274,41.384,574119
600276.SH,2025-08-19,63.2,65.2,61.43,61.49,997700
600519.SH,2025-08-19,1381.519,1394.679,1380.019,1386.019,46372
600900.SH,2025-08-19,26.65,26.78,26.61,26.63,1146024
601318.SH,2025-08-19,56.09,56.5,54.4,54.52,954810
601857.SH,2025-08-19,8.11,8.14,8.04,8.05,1196716
601899.SH,2025-08-19,19.79,20.12,19.26,19.31,2352501
688981.SH,2025-08-19,91.67,92.48,89.35,89.35,74465214
000651.SZ,2025-08-20,41.809,42.199,41.589,42.189,469446
000858.SZ,2025-08-20,119.264,121.344,118.194,120.624,404310
002594.SZ,2025-08-20,106.822,107.902,105.652,107.892,385053
300750.SZ,2025-08-20,269.192,271.682,263.742,270.892,233535
510300.SH,2025-08-20,4.172,4.242,4.144,4.241,13784166
600036.SH,2025-08-20,41.284,41.614,41.134,41.434,547240
600276.SH,2025-08-20,61.46,62.77,60.91,62.65,650424
600519.SH,2025-08-20,1386.019,1400.819,1378.039,1398.019,45805
600900.SH,2025-08-20,26.6,26.74,26.46,26.69,1022259
601318.SH,2025-08-20,54.41,55.52,54.01,55.52,762725
601857.SH,2025-08-20,8.05,8.18,8.03,8.15,1343897
601899.SH,2025-08-20,19.31,19.55,19.17,19.54,1682986
688981.SH,2025-08-20,89.4,92.49,88.19,92.28,85874556
000651.SZ,2025-08-21,41.919,42.059,41.069,41.649,765658
000858.SZ,2025-08-21,120.644,120.974,119.704,120.294,231895
002594.SZ,2025-08-21,107.442,108.472,106.642,106.742,449464
300750.SZ,2025-08-21,270.962,273.492,269.692,270.692,182698
510300.SH,2025-08-21,4.245,4.271,4.235,4.255,9130025
600036.SH,2025-08-21,41.484,41.574,41.214,41.454,578540
600276.SH,2025-08-21,63.78,65.13,62.75,63.79,858629
600519.SH,2025-08-21,1401.469,1403.009,1391.669,1396.269,30891
600900.SH,2025-08-21,26.69,26.95,26.66,26.85,1179348
601318.SH,2025-08-21,55.52,56.28,55.23,55.94,574601
601857.SH,2025-08-21,8.13,8.31,8.12,8.28,1435735
601899.SH,2025-08-21,19.69,19.78,19.49,19.58,1286486
688981.SH,2025-08-21,92.3,94.11,90.8,91.05,60682605
000651.SZ,2025-08-22,41.989,42.199,41.539,42.119,816583
000858.SZ,2025-08-22,120.294,120.664,119.794,120.634,204850
002594.SZ,2025-08-22,106.752,110.612,106.752,110.302,763120
300750.SZ,2025-08-22,270.622,281.042,270.292,278.872,264219
510300.SH,2025-08-22,4.252,4.361,4.251,4.356,13602634
600036.SH,2025-08-22,41.454,41.464,41.024,41.244,794496
600276.SH,2025-08-22,64.51,65.0,63.63,64.78,637719
600519.SH,2025-08-22,1396.899,1412.019,1392.789,1411.969,44971
600900.SH,2025-08-22,26.88,26.92,26.7,26.87,1032104
601318.SH,2025-08-22,55.83,56.83,55.76,56.82,780974
601857.SH,2025-08-22,8.27,8.3,8.15,8.22,1279088
601899.SH,2025-08-22,19.63,19.74,19.43,19.64,1489955
688981.SH,2025-08-22,92.5,105.0,92.42,103.97,206194809
000651.SZ,2025-08-25,42.259,43.109,42.109,43.109,762382
000858.SZ,2025-08-25,121.024,124.934,121.024,124.774,479800
002594.SZ,2025-08-25,110.952,112.132,109.952,111.252,611628
300750.SZ,2025-08-25,281.692,285.572,278.472,281.972,312297
510300.SH,2025-08-25,4.378,4.449,4.374,4.442,14560918
600036.SH,2025-08-25,41.304,41.854,41.094,41.854,907390
600276.SH,2025-08-25,64.78,66.2,64.17,66.06,849234
600519.SH,2025-08-25,1418.029,1444.019,1414.019,1438.349,65325
600900.SH,2025-08-25,27.04,27.55,27.03,27.35,2185666
601318.SH,2025-08-25,56.92,57.37,56.43,57.32,670113
601857.SH,2025-08-25,8.25,8.31,8.21,8.3,1341611
601899.SH,2025-08-25,20.03,21.23,20.03,21.19,3063300
688981.SH,2025-08-25,106.0,109.24,101.1,103.17,176063698
000651.SZ,2025-08-26,43.009,43.239,42.729,43.049,508961
000858.SZ,2025-08-26,124.774,126.694,123.494,124.584,349794
002594.SZ,2025-08-26,111.392,114.332,110.352,113.392,692916
300750.SZ,2025-08-26,278.712,282.682,277.272,281.192,230245
510300.SH,2025-08-26,4.431,4.449,4.404,4.418,11142941
600036.SH,2025-08-26,41.874,42.004,41.404,41.504,755722
600276.SH,2025-08-26,66.0,66.0,64.8,65.1,575129
600519.SH,2025-08-26,1438.339,1442.249,1428.029,1429.629,39602
600900.SH,2025-08-26,27.35,27.4,27.21,27.31,1130612
601318.SH,2025-08-26,57.22,57.32,56.77,56.84,491986
601857.SH,2025-08-26,8.31,8.4,8.27,8.3,1139935
601899.SH,2025-08-26,21.17,21.53,20.94,21.37,1848831
688981.SH,2025-08-26,101.0,102.57,100.13,100.93,85607409
000651.SZ,2025-08-27,43.069,43.359,42.239,42.249,693532
000858.SZ,2025-08-27,124.344,124.344,121.444,121.464,346847
002594.SZ,2025-08-27,113.602,113.702,110.302,110.322,689747
300750.SZ,2025-08-27,280.692,281.232,269.882,269.992,382584
510300.SH,2025-08-27,4.418,4.462,4.35,4.352,14126904
600036.SH,2025-08-27,41.484,41.644,40.984,40.984,758141
600276.SH,2025-08-27,64.81,65.51,62.84,62.85,836169
600519.SH,2025-08-27,1429.899,1432.949,1396.019,1396.019,56006
600900.SH,2025-08-27,27.25,27.3,26.93,26.96,1275324
601318.SH,2025-08-27,56.7,56.77,55.01,55.01,1064558
601857.SH,2025-08-27,8.32,8.35,8.13,8.16,1937555
601899.SH,2025-08-27,21.47,22.28,21.3,21.51,2388910
688981.SH,2025-08-27,102.2,106.69,100.59,101.51,142262071
000651.SZ,2025-08-28,42.249,42.709,41.949,42.259,697028
000858.SZ,2025-08-28,121.454,122.044,118.844,120.314,345835
002594.SZ,2025-08-28,109.032,109.832,106.752,108.962,762522
300750.SZ,2025-08-28,267.752,270.682,264.412,269.102,304664
510300.SH,2025-08-28,4.346,4.438,4.329,4.436,12764157
600036.SH,2025-08-28,41.004,41.284,40.584,40.964,822426
600276.SH,2025-08-28,62.75,63.02,61.21,62.83,715902
600519.SH,2025-08-28,1395.989,1404.119,1386.789,1394.119,39282
600900.SH,2025-08-28,26.95,26.99,26.69,26.87,1092962
601318.SH,2025-08-28,55.07,55.44,54.63,55.16,636105
601857.SH,2025-08-28,8.18,8.21,8.08,8.17,1277404
601899.SH,2025-08-28,21.52,21.87,21.19,21.5,1733705
688981.SH,2025-08-28,102.0,119.22,101.99,119.22,242032511
000651.SZ,2025-08-29,40.383,40.383,39.113,39.603,2541970
000858.SZ,2025-08-29,121.024,124.644,120.964,124.374,435251
002594.SZ,2025-08-29,108.522,116.232,107.762,113.702,1144902
300750.SZ,2025-08-29,270.002,308.352,269.642,297.872,780139
510300.SH,2025-08-29,4.427,4.49,4.417,4.478,13550574
600036.SH,2025-08-29,40.964,41.974,40.874,40.874,1360879
600276.SH,2025-08-29,62.83,66.67,62.83,66.03,1023186
600519.SH,2025-08-29,1401.019,1430.599,1400.019,1428.019,62256
600900.SH,2025-08-29,26.9,27.16,26.85,27.09,1067298
601318.SH,2025-08-29,55.27,57.42,55.26,56.2,1080309
601857.SH,2025-08-29,8.2,8.37,8.19,8.25,1895083
601899.SH,2025-08-29,21.8,22.46,21.68,22.06,2504128
688981.SH,2025-08-29,114.0,116.0,112.26,114.76,163967037
000651.SZ,2025-09-01,39.593,39.593,38.353,38.413,1615705
000858.SZ,2025-09-01,124.844,124.944,122.364,123.714,316942
002594.SZ,2025-09-01,108.142,111.122,108.142,109.342,1329867
300750.SZ,2025-09-01,298.192,298.592,290.992,295.692,429964
510300.SH,2025-09-01,4.484,4.501,4.457,4.493,11939867
600036.SH,2025-09-01,40.604,40.624,39.864,39.964,1276333
600276.SH,2025-09-01,66.2,68.68,65.72,68.15,872181
600519.SH,2025-09-01,1430.219,1436.019,1413.719,1424.119,45123
600900.SH,2025-09-01,27.1,27.1,26.71,26.79,1246087
601318.SH,2025-09-01,56.11,56.11,54.65,54.83,948525
601857.SH,2025-09-01,8.25,8.31,8.13,8.24,1314852
601899.SH,2025-09-01,22.88,23.63,22.39,23.36,3763218
000651.SZ,2025-09-02,38.253,38.853,38.113,38.523,855871
000858.SZ,2025-09-02,123.254,125.964,122.954,123.404,349162
002594.SZ,2025-09-02,108.432,110.742,108.242,109.662,773224
300750.SZ,2025-09-02,295.722,302.792,290.722,294.562,371169
510300.SH,2025-09-02,4.49,4.52,4.427,4.467,10344122
600036.SH,2025-09-02,39.844,41.484,39.844,41.424,1452141
600276.SH,2025-09-02,69.6,70.57,67.6,68.67,1084490
600519.SH,2025-09-02,1426.679,1457.019,1426.019,1439.319,56688
600900.SH,2025-09-02,26.7,27.29,26.7,27.21,1751446
601318.SH,2025-09-02,54.82,55.12,54.54,54.98,649036
601857.SH,2025-09-02,8.29,8.64,8.27,8.61,3830301
601899.SH,2025-09-02,23.75,24.06,22.96,23.39,3438914
000651.SZ,2025-09-03,39.253,39.463,38.503,38.543,822526
000858.SZ,2025-09-03,123.844,126.344,121.234,121.464,302863
002594.SZ,2025-09-03,110.142,110.372,106.652,106.852,735223
300750.SZ,2025-09-03,295.192,303.342,294.722,300.692,508975
510300.SH,2025-09-03,4.469,4.486,4.397,4.426,9188625
600036.SH,2025-09-03,41.424,41.554,40.684,40.884,818406
600276.SH,2025-09-03,68.6,73.22,68.6,71.78,1129369
600519.SH,2025-09-03,1439.019,1451.519,1414.019,1428.569,45045
600900.SH,2025-09-03,27.25,27.4,26.83,26.96,1271331
601318.SH,2025-09-03,55.26,55.42,53.68,54.1,714746
601857.SH,2025-09-03,8.61,8.78,8.54,8.63,2405765
601899.SH,2025-09-03,24.08,24.49,23.37,23.92,3071908
000651.SZ,2025-09-04,38.503,38.553,38.003,38.193,703630
000858.SZ,2025-09-04,121.144,121.344,119.574,120.354,261873
002594.SZ,2025-09-04,106.232,106.732,103.352,103.642,815741
300750.SZ,2025-09-04,305.162,315.022,292.322,295.722,657548
510300.SH,2025-09-04,4.423,4.432,4.293,4.333,14208228
600036.SH,2025-09-04,40.794,41.304,40.124,41.034,935363
600276.SH,2025-09-04,71.07,71.38,67.3,68.45,1102894
600519.SH,2025-09-04,1420.019,1427.319,1408.489,1420.679,47747
600900.SH,2025-09-04,26.94,27.3,26.71,27.23,1758481
601318.SH,2025-09-04,54.09,54.29,53.38,53.82,727436
601857.SH,2025-09-04,8.54,8.66,8.21,8.52,3789479
601899.SH,2025-09-04,23.78,24.16,22.37,22.85,3877553
000651.SZ,2025-09-05,38.153,38.403,38.013,38.363,643465
000858.SZ,2025-09-05,120.244,121.864,119.644,121.654,201734
002594.SZ,2025-09-05,103.502,107.142,102.752,106.902,787524
300750.SZ,2025-09-05,291.592,316.802,291.512,316.802,708198
510300.SH,2025-09-05,4.327,4.44,4.319,4.431,10603325
600036.SH,2025-09-05,40.984,41.004,40.514,40.744,572328
600276.SH,2025-09-05,68.8,72.78,68.8,72.27,936479
600519.SH,2025-09-05,1419.019,1434.989,1412.019,1431.019,37388
600900.SH,2025-09-05,27.16,27.31,27.0,27.07,1069513
601318.SH,2025-09-05,53.82,54.38,53.35,54.22,558184
601857.SH,2025-09-05,8.43,8.51,8.38,8.43,1553733
601899.SH,2025-09-05,22.77,24.39,22.77,24.25,3452322
000651.SZ,2025-09-08,38.503,38.723,38.273,38.423,627318
000858.SZ,2025-09-08,121.544,123.994,121.104,123.934,305364
002594.SZ,2025-09-08,105.792,106.772,105.152,105.892,555923
300750.SZ,2025-09-08,325.692,329.342,315.192,317.062,588346
510300.SH,2025-09-08,4.431,4.45,4.401,4.432,10340220
600036.SH,2025-09-08,40.684,41.084,40.354,40.414,851682
600276.SH,2025-09-08,72.8,73.67,71.44,72.11,748209
600519.SH,2025-09-08,1431.019,1454.459,1425.519,1449.249,51383
600900.SH,2025-09-08,27.02,27.22,27.0,27.15,900740
601318.SH,2025-09-08,54.08,54.36,53.64,54.02,487733
601857.SH,2025-09-08,8.35,8.54,8.33,8.42,1821256
601899.SH,2025-09-08,24.68,24.78,23.4,23.62,3172579
000651.SZ,2025-09-09,38.443,38.673,38.263,38.343,666714
000858.SZ,2025-09-09,123.924,124.224,122.424,123.644,184406
002594.SZ,2025-09-09,105.642,106.842,104.912,105.132,381636
300750.SZ,2025-09-09,314.492,326.272,308.852,311.692,434024
510300.SH,2025-09-09,4.422,4.441,4.379,4.405,6803545
600036.SH,2025-09-09,40.404,40.864,40.384,40.814,589527
600276.SH,2025-09-09,71.97,73.84,70.28,70.89,767670
600519.SH,2025-09-09,1453.019,1457.969,1441.439,1453.019,35743
600900.SH,2025-09-09,27.16,27.2,26.96,27.01,761316
601318.SH,2025-09-09,54.08,54.61,53.87,54.32,518911
601857.SH,2025-09-09,8.42,8.5,8.29,8.32,1287228
601899.SH,2025-09-09,23.97,24.83,23.73,24.17,3533516
688981.SH,2025-09-09,102.0,108.65,101.2,102.99,157469570
000651.SZ,2025-09-10,38.323,38.373,38.113,38.163,491112
000858.SZ,2025-09-10,123.644,124.324,122.504,122.904,199645
002594.SZ,2025-09-10,105.162,106.092,104.662,104.842,322369
300750.SZ,2025-09-10,309.682,313.692,304.692,307.732,367527
510300.SH,2025-09-10,4.403,4.439,4.384,4.415,6086583
600036.SH,2025-09-10,40.784,41.134,40.544,40.984,471387
600276.SH,2025-09-10,70.64,71.57,69.88,70.12,468204
600519.SH,2025-09-10,1454.679,1477.969,1444.019,1470.029,49663
600900.SH,2025-09-10,27.01,27.09,26.9,27.01,598615
601318.SH,2025-09-10,54.09,54.48,53.94,54.19,308470
601857.SH,2025-09-10,8.36,8.4,8.28,8.29,1244332
601899.SH,2025-09-10,23.53,24.24,23.49,24.16,2243913
688981.SH,2025-09-10,103.0,105.96,102.13,103.91,103992570
000651.SZ,2025-09-11,38.173,38.393,38.013,38.373,528172
000858.SZ,2025-09-11,122.264,123.384,121.644,123.364,229973
002594.SZ,2025-09-11,104.892,106.242,104.532,106.232,537781
300750.SZ,2025-09-11,307.242,314.672,300.732,314.242,380345
510300.SH,2025-09-11,4.404,4.539,4.394,4.537,9783418
600036.SH,2025-09-11,41.114,41.314,40.764,41.284,650731
600276.SH,2025-09-11,66.38,68.27,63.8,68.09,1942359
600519.SH,2025-09-11,1470.029,1474.039,1456.519,1471.519,37239
600900.SH,2025-09-11,27.0,27.11,26.92,27.0,1053967
601318.SH,2025-09-11,54.22,55.01,53.92,55.01,595072
601857.SH,2025-09-11,8.3,8.32,8.19,8.26,1983960
601899.SH,2025-09-11,24.23,24.72,24.06,24.69,2504285
688981.SH,2025-09-11,102.62,112.8,99.98,110.28,146750166
000651.SZ,2025-09-12,38.383,38.453,38.023,38.053,660884
000858.SZ,2025-09-12,123.344,124.514,121.964,122.034,262704
002594.SZ,2025-09-12,106.242,107.222,105.542,105.552,455910
300750.SZ,2025-09-12,317.592,321.592,313.892,316.692,338713
510300.SH,2025-09-12,4.539,4.541,4.492,4.498,9158580
600036.SH,2025-09-12,41.364,41.454,40.404,40.524,823140
600276.SH,2025-09-12,68.08,69.31,67.66,68.81,831215
600519.SH,2025-09-12,1474.019,1486.039,1458.549,1464.019,33722
600900.SH,2025-09-12,27.0,27.15,26.9,26.93,929728
601318.SH,2025-09-12,55.3,55.52,53.82,54.0,735376
601857.SH,2025-09-12,8.24,8.26,8.2,8.22,1429111
601899.SH,2025-09-12,24.98,25.33,24.41,24.63,3262669
688981.SH,2025-09-12,109.28,112.49,108.01,108.42,115902204
000651.SZ,2025-09-15,38.043,38.053,37.683,37.943,492795
000858.SZ,2025-09-15,121.444,121.944,120.894,121.494,166569
002594.SZ,2025-09-15,105.642,110.492,105.642,108.342,974804
300750.SZ,2025-09-15,337.702,363.212,335.712,346.392,718410
510300.SH,2025-09-15,4.499,4.539,4.491,4.506,7211915
600036.SH,2025-09-15,40.464,40.774,40.094,40.204,699491
600276.SH,2025-09-15,68.65,69.49,68.06,68.9,611882
600519.SH,2025-09-15,1463.889,1465.499,1449.519,1463.119,25827
600900.SH,2025-09-15,26.9,26.91,26.76,26.8,725657
601318.SH,2025-09-15,53.97,54.31,53.41,53.65,546842
601857.SH,2025-09-15,8.23,8.33,8.2,8.3,1545689
601899.SH,2025-09-15,24.52,25.08,24.28,24.48,2408982
688981.SH,2025-09-15,110.55,112.55,107.5,108.66,94683618
000651.SZ,2025-09-16,37.893,37.893,37.503,37.503,555725
000858.SZ,2025-09-16,121.494,121.694,120.244,120.644,191087
002594.SZ,2025-09-16,108.642,108.642,106.862,107.442,533160
300750.SZ,2025-09-16,347.802,350.692,340.192,345.112,377445
510300.SH,2025-09-16,4.509,4.529,4.468,4.497,7889034
600036.SH,2025-09-16,40.304,40.414,39.644,39.734,859051
600276.SH,2025-09-16,68.9,69.14,68.14,68.95,434582
600519.SH,2025-09-16,1463.119,1469.009,1444.229,1447.999,32718
600900.SH,2025-09-16,26.79,26.8,26.65,26.73,575129
601318.SH,2025-09-16,53.67,53.77,52.82,52.94,685714
601857.SH,2025-09-16,8.29,8.3,8.16,8.17,1792777
601899.SH,2025-09-16,25.08,25.13,23.87,24.3,3128029
688981.SH,2025-09-16,109.0,111.86,108.09,109.78,86625924
000651.SZ,2025-09-17,37.463,37.833,37.373,37.793,525926
000858.SZ,2025-09-17,120.654,121.174,119.664,120.804,181336
002594.SZ,2025-09-17,107.842,111.642,107.842,110.632,981240
300750.SZ,2025-09-17,348.492,373.572,345.692,368.792,543771
510300.SH,2025-09-17,4.492,4.536,4.476,4.53,7154079
600036.SH,2025-09-17,39.744,40.174,39.684,39.744,572363
600276.SH,2025-09-17,69.1,70.6,69.1,69.93,586034
600519.SH,2025-09-17,1448.009,1458.299,1438.029,1441.019,30331
600900.SH,2025-09-17,26.72,26.83,26.67,26.7,614927
601318.SH,2025-09-17,52.98,53.29,52.77,52.89,684652
601857.SH,2025-09-17,8.23,8.31,8.16,8.21,1799903
601899.SH,2025-09-17,24.1,24.27,23.73,24.05,2092150
688981.SH,2025-09-17,110.8,120.8,109.8,117.39,152847561
000651.SZ,2025-09-18,37.703,37.873,37.083,37.213,580312
000858.SZ,2025-09-18,120.794,120.804,118.374,118.784,275478
002594.SZ,2025-09-18,110.632,112.442,108.202,109.352,934014
300750.SZ,2025-09-18,366.282,371.692,352.492,358.582,518897
510300.SH,2025-09-18,4.532,4.553,4.431,4.471,11873727
600036.SH,2025-09-18,39.764,39.824,38.784,38.814,1003522
600276.SH,2025-09-18,70.36,72.92,69.7,70.89,865639
600519.SH,2025-09-18,1440.019,1445.819,1411.519,1415.979,49721
600900.SH,2025-09-18,26.69,26.7,26.21,26.31,1448433
601318.SH,2025-09-18,52.96,52.99,51.43,51.6,1012074
601857.SH,2025-09-18,8.19,8.19,7.93,7.96,2451961
601899.SH,2025-09-18,23.66,24.02,23.09,23.4,2631922
688981.SH,2025-09-18,119.98,127.49,116.35,122.15,193156778
000651.SZ,2025-09-19,37.113,37.463,37.013,37.443,393409
000858.SZ,2025-09-19,118.774,119.444,117.644,118.924,196688
002594.SZ,2025-09-19,109.442,110.442,108.642,108.732,472977
300750.SZ,2025-09-19,356.692,367.402,353.412,360.182,339149
510300.SH,2025-09-19,4.467,4.51,4.464,4.481,7316138
600036.SH,2025-09-19,38.784,39.514,38.534,38.984,836563
600276.SH,2025-09-19,70.9,71.04,69.29,69.45,524392
600519.SH,2025-09-19,1416.009,1423.519,1405.029,1415.989,32637
600900.SH,2025-09-19,26.32,26.35,26.12,26.2,734670
601318.SH,2025-09-19,51.61,52.32,51.32,51.42,543321
601857.SH,2025-09-19,7.94,7.99,7.88,7.9,1231908
601899.SH,2025-09-19,23.4,24.13,23.4,24.0,2021763
688981.SH,2025-09-19,123.0,127.4,120.11,121.34,144910623
000651.SZ,2025-09-22,37.303,37.333,36.703,36.833,582027
000858.SZ,2025-09-22,118.444,118.544,117.024,117.344,196433
002594.SZ,2025-09-22,108.512,108.552,106.792,107.632,491559
300750.SZ,2025-09-22,362.192,364.412,354.472,361.742,285278
510300.SH,2025-09-22,4.481,4.498,4.459,4.496,6292766
600036.SH,2025-09-22,39.134,39.354,38.784,38.904,656110
600276.SH,2025-09-22,70.29,72.5,70.2,70.85,576542
600519.SH,2025-09-22,1413.109,1415.989,1398.029,1401.369,34947
600900.SH,2025-09-22,26.1,26.25,26.02,26.12,696831
601318.SH,2025-09-22,51.69,51.97,51.32,51.47,374438
601857.SH,2025-09-22,7.9,7.93,7.82,7.85,1215954
601899.SH,2025-09-22,24.48,24.54,23.83,24.35,1944233
688981.SH,2025-09-22,120.54,129.83,119.05,128.92,158828147
000651.SZ,2025-09-23,36.803,37.033,36.463,36.643,434244
000858.SZ,2025-09-23,116.854,118.104,116.404,117.034,172079
002594.SZ,2025-09-23,107.092,107.332,104.282,105.242,650963
300750.SZ,2025-09-23,359.692,368.652,351.692,359.842,348493
510300.SH,2025-09-23,4.504,4.533,4.435,4.499,10550001
600036.SH,2025-09-23,38.964,39.734,38.614,39.534,938851
600276.SH,2025-09-23,70.8,70.99,68.3,69.5,561330
600519.SH,2025-09-23,1398.519,1405.519,1388.019,1395.439,38663
600900.SH,2025-09-23,26.12,26.39,26.03,26.32,872473
601318.SH,2025-09-23,51.35,52.11,51.06,51.34,612961
601857.SH,2025-09-23,7.85,7.94,7.8,7.89,1408235
601899.SH,2025-09-23,24.58,25.36,24.23,24.8,2761082
688981.SH,2025-09-23,127.64,129.33,122.63,128.51,144127353
000651.SZ,2025-09-24,36.653,37.043,36.433,36.993,363780
000858.SZ,2025-09-24,117.034,117.694,116.644,117.214,130564
002594.SZ,2025-09-24,104.642,105.472,103.642,105.352,548162
300750.SZ,2025-09-24,362.692,371.692,357.752,371.622,383145
510300.SH,2025-09-24,4.474,4.541,4.473,4.54,10044859
600036.SH,2025-09-24,39.484,39.874,39.274,39.304,643900
600276.SH,2025-09-24,69.5,70.18,69.1,69.91,395302
600519.SH,2025-09-24,1382.089,1404.799,1382.089,1390.019,30744
600900.SH,2025-09-24,26.28,26.53,26.24,26.25,874413
601318.SH,2025-09-24,51.61,52.07,51.27,51.61,503174
601857.SH,2025-09-24,7.93,7.97,7.84,7.88,1398259
601899.SH,2025-09-24,24.8,24.91,24.47,24.91,1680028
688981.SH,2025-09-24,126.88,137.98,126.23,134.98,146094753
000651.SZ,2025-09-25,36.883,36.903,36.453,36.503,468991
000858.SZ,2025-09-25,117.244,117.504,116.354,116.364,194555
002594.SZ,2025-09-25,104.982,108.442,104.512,107.142,693482
300750.SZ,2025-09-25,368.292,394.282,368.162,384.542,466393
510300.SH,2025-09-25,4.54,4.595,4.534,4.572,7713362
600036.SH,2025-09-25,39.304,39.344,38.794,38.804,666949
600276.SH,2025-09-25,72.2,72.88,71.35,72.07,739039
600519.SH,2025-09-25,1390.849,1393.229,1384.019,1387.019,33870
600900.SH,2025-09-25,26.21,26.33,26.08,26.29,634293
601318.SH,2025-09-25,51.6,51.71,51.35,51.41,514296
601857.SH,2025-09-25,7.9,7.92,7.85,7.89,1011105
601899.SH,2025-09-25,25.88,26.62,25.67,26.25,3953227
688981.SH,2025-09-25,133.0,137.8,132.31,134.11,103258321
000651.SZ,2025-09-26,36.513,37.053,36.303,36.853,450108
000858.SZ,2025-09-26,116.364,116.514,114.864,115.014,261925
002594.SZ,2025-09-26,107.092,110.872,106.642,106.932,756612
300750.SZ,2025-09-26,383.712,391.682,371.692,372.092,362633
510300.SH,2025-09-26,4.554,4.576,4.527,4.528,7153059
600036.SH,2025-09-26,38.794,38.984,38.284,38.784,682767
600276.SH,2025-09-26,70.6,71.17,69.03,69.88,699045
600519.SH,2025-09-26,1389.199,1395.129,1376.029,1383.019,45121
600900.SH,2025-09-26,26.3,26.55,26.24,26.47,794087
601318.SH,2025-09-26,51.34,51.87,50.98,51.54,548622
601857.SH,2025-09-26,7.91,7.96,7.87,7.91,1090929
601899.SH,2025-09-26,26.08,27.34,25.89,26.38,2820572
688981.SH,2025-09-26,132.71,135.95,131.2,132.27,91244519
000651.SZ,2025-09-29,36.853,37.053,36.453,36.943,410191
000858.SZ,2025-09-29,115.104,117.414,114.634,116.764,256358
002594.SZ,2025-09-29,106.642,108.782,106.032,108.252,613984
300750.SZ,2025-09-29,378.032,391.582,377.702,389.062,389647
510300.SH,2025-09-29,4.525,4.632,4.517,4.605,11954365
600036.SH,2025-09-29,38.754,39.274,38.344,38.664,835551
600276.SH,2025-09-29,69.59,69.59,67.56,69.0,647991
600519.SH,2025-09-29,1387.399,1418.009,1383.019,1408.879,53684
600900.SH,2025-09-29,26.43,26.5,26.19,26.3,927031
601318.SH,2025-09-29,51.5,53.64,51.35,52.33,1035110
601857.SH,2025-09-29,7.93,7.97,7.83,7.92,1572105
601899.SH,2025-09-29,26.68,27.84,26.51,27.75,3997940
688981.SH,2025-09-29,131.0,136.02,129.16,136.02,102720723
000651.SZ,2025-09-30,36.963,37.003,36.663,36.723,395376
000858.SZ,2025-09-30,116.284,116.674,115.714,116.324,154571
002594.SZ,2025-09-30,107.832,109.622,107.402,108.852,567756
300750.SZ,2025-09-30,387.692,400.572,387.692,393.692,330313
510300.SH,2025-09-30,4.611,4.627,4.597,4.618,7403809
600036.SH,2025-09-30,38.634,38.774,38.394,38.394,700025
600276.SH,2025-09-30,68.8,71.38,68.6,71.35,579451
600519.SH,2025-09-30,1408.019,1408.779,1388.019,1392.009,39364
600900.SH,2025-09-30,26.35,26.36,26.21,26.25,618828
601318.SH,2025-09-30,52.12,52.52,51.32,51.43,767082
601857.SH,2025-09-30,7.88,7.91,7.8,7.81,1674631
601899.SH,2025-09-30,28.77,29.08,27.94,28.64,3858883
688981.SH,2025-09-30,138.5,142.0,136.6,140.13,98622900
000651.SZ,2025-10-09,36.733,37.383,36.403,37.383,638098
000858.SZ,2025-10-09,116.284,116.284,114.734,116.004,203757
002594.SZ,2025-10-09,108.312,112.122,107.712,110.242,1008722
300750.SZ,2025-10-09,391.672,416.052,391.432,401.582,412088
510300.SH,2025-10-09,4.631,4.713,4.627,4.693,8970906
600036.SH,2025-10-09,38.194,38.424,37.804,38.314,972320
600276.SH,2025-10-09,71.36,71.46,68.91,70.95,592793
600519.SH,2025-10-09,1384.019,1387.399,1368.019,1384.799,54918
600900.SH,2025-10-09,26.21,26.7,26.15,26.68,1132499
601318.SH,2025-10-09,51.36,51.6,50.57,51.36,824067
601857.SH,2025-10-09,7.82,8.04,7.79,8.03,2121467
601899.SH,2025-10-09,30.42,31.58,29.97,31.58,5093434
688981.SH,2025-10-09,144.0,153.0,137.0,138.91,166284110
000651.SZ,2025-10-10,37.183,37.843,37.033,37.413,609576
000858.SZ,2025-10-10,115.984,116.964,115.494,115.574,175360
002594.SZ,2025-10-10,110.192,110.192,107.222,107.432,590103
300750.SZ,2025-10-10,392.692,395.492,370.702,373.642,533118
510300.SH,2025-10-10,4.664,4.671,4.581,4.596,11746426
600036.SH,2025-10-10,38.284,38.634,38.114,38.164,955050
600276.SH,2025-10-10,70.18,70.68,67.65,68.0,706101
600519.SH,2025-10-10,1385.619,1387.959,1375.519,1378.019,36001
600900.SH,2025-10-10,26.65,26.79,26.51,26.73,712605
601318.SH,2025-10-10,51.05,52.29,51.05,51.86,641465
601857.SH,2025-10-10,7.98,8.11,7.95,8.03,1314079
601899.SH,2025-10-10,30.7,31.2,29.55,30.07,4660206
688981.SH,2025-10-10,134.87,134.94,127.17,127.95,161742076
000651.SZ,2025-10-13,36.803,37.603,36.593,37.453,565693
000858.SZ,2025-10-13,114.494,115.244,114.084,114.694,195835
002594.SZ,2025-10-13,104.642,105.622,103.742,105.332,744430
300750.SZ,2025-10-13,354.552,376.292,354.552,366.192,471510
510300.SH,2025-10-13,4.475,4.581,4.473,4.569,9658362
600036.SH,2025-10-13,37.744,38.284,37.684,38.094,1065936
600276.SH,2025-10-13,65.8,67.83,65.5,66.78,532287
600519.SH,2025-10-13,1363.719,1370.869,1363.139,1367.219,46069
600900.SH,2025-10-13,26.7,26.9,26.4,26.79,1174982
601318.SH,2025-10-13,50.83,51.65,50.83,51.42,609656
601857.SH,2025-10-13,7.89,8.04,7.84,7.98,2025834
601899.SH,2025-10-13,29.25,30.85,29.08,30.5,4175730
688981.SH,2025-10-13,126.0,136.48,126.0,136.47,140299486
000651.SZ,2025-10-14,37.453,37.793,37.103,37.583,557711
000858.SZ,2025-10-14,115.414,117.414,114.864,116.914,291656
002594.SZ,2025-10-14,106.322,109.002,105.262,105.632,767786
300750.SZ,2025-10-14,372.692,377.492,347.462,349.692,496399
510300.SH,2025-10-14,4.602,4.617,4.497,4.522,11619095
600036.SH,2025-10-14,38.074,39.474,37.814,39.244,1733827
600276.SH,2025-10-14,67.41,67.46,63.5,64.07,702947
600519.SH,2025-10-14,1378.009,1412.019,1378.009,1399.039,66672
600900.SH,2025-10-14,26.74,27.01,26.55,26.99,1366699
601318.SH,2025-10-14,51.9,53.0,51.84,52.8,1022940
601857.SH,2025-10-14,7.99,8.1,7.91,8.08,1826960
601899.SH,2025-10-14,31.6,31.85,28.35,28.7,5392361
688981.SH,2025-10-14,136.96,137.8,125.8,127.2,132100403
000651.SZ,2025-10-15,37.653,37.953,37.453,37.823,438870
000858.SZ,2025-10-15,116.184,117.494,115.904,116.914,194596
002594.SZ,2025-10-15,106.092,107.152,105.142,106.742,475791
300750.SZ,2025-10-15,350.192,361.402,346.452,360.992,369934
510300.SH,2025-10-15,4.525,4.592,4.504,4.583,9974013
600036.SH,2025-10-15,39.234,39.554,38.994,39.484,1062767
600276.SH,2025-10-15,64.0,66.22,63.48,66.2,511232
600519.SH,2025-10-15,1398.999,1411.019,1393.099,1410.019,42785
600900.SH,2025-10-15,26.98,27.15,26.77,26.93,926323
601318.SH,2025-10-15,52.8,54.29,52.62,54.13,837046
601857.SH,2025-10-15,8.08,8.11,7.98,8.04,1466844
601899.SH,2025-10-15,29.16,30.4,28.58,30.18,3656411
688981.SH,2025-10-15,127.18,129.73,124.6,129.56,80798726
000651.SZ,2025-10-16,37.823,37.943,37.603,37.773,397469
000858.SZ,2025-10-16,116.594,117.594,116.344,117.584,198478
002594.SZ,2025-10-16,106.642,108.942,106.152,106.602,523096
300750.SZ,2025-10-16,359.192,365.592,356.192,360.192,276295
510300.SH,2025-10-16,4.566,4.624,4.566,4.598,8124633
600036.SH,2025-10-16,39.484,39.974,39.114,39.914,1062488
600276.SH,2025-10-16,66.23,68.3,65.52,66.64,460378
600519.SH,2025-10-16,1409.939,1432.969,1406.899,1432.929,45730
600900.SH,2025-10-16,26.85,27.17,26.84,27.16,939735
601318.SH,2025-10-16,54.0,54.9,53.93,54.34,681478
601857.SH,2025-10-16,8.03,8.19,8.01,8.18,1769523
601899.SH,2025-10-16,30.19,30.57,29.26,29.67,2899010
688981.SH,2025-10-16,127.8,130.28,126.6,127.3,61231062
000651.SZ,2025-10-17,37.733,38.053,37.173,37.223,451804
000858.SZ,2025-10-17,116.844,117.804,115.904,115.914,180408
002594.SZ,2025-10-17,106.242,106.272,103.902,104.072,625725
300750.SZ,2025-10-17,359.192,366.692,348.682,349.832,319058
510300.SH,2025-10-17,4.592,4.601,4.489,4.501,8400582
600036.SH,2025-10-17,39.864,40.204,39.364,39.574,829827
600276.SH,2025-10-17,66.65,67.2,64.8,64.9,349507
600519.SH,2025-10-17,1431.119,1436.019,1402.049,1403.019,38086
600900.SH,2025-10-17,27.13,27.38,27.06,27.11,1147022
601318.SH,2025-10-17,54.32,54.8,53.49,53.6,677493
601857.SH,2025-10-17,8.16,8.25,8.11,8.16,1498353
601899.SH,2025-10-17,30.32,30.5,29.23,29.37,3044437
688981.SH,2025-10-17,126.85,127.32,120.87,121.98,82052898
000651.SZ,2025-10-20,37.363,37.783,37.233,37.773,394715
000858.SZ,2025-10-20,116.194,116.394,114.944,115.304,131645
002594.SZ,2025-10-20,104.862,105.272,103.722,104.162,355615
300750.SZ,2025-10-20,356.692,360.582,351.222,358.192,284324
510300.SH,2025-10-20,4.528,4.555,4.501,4.517,7644178
600036.SH,2025-10-20,39.594,39.774,39.084,39.404,649477
600276.SH,2025-10-20,65.79,66.31,64.63,64.93,326717
600519.SH,2025-10-20,1403.019,1417.519,1402.899,1405.949,25950
600900.SH,2025-10-20,27.12,27.15,26.75,27.05,914231
601318.SH,2025-10-20,54.65,54.89,53.77,54.22,526695
601857.SH,2025-10-20,8.15,8.38,8.15,8.37,2088175
601899.SH,2025-10-20,28.6,29.49,28.2,28.95,2973410
688981.SH,2025-10-20,124.1,125.18,121.69,122.63,57123935
000651.SZ,2025-10-21,37.773,37.863,37.453,37.693,354372
000858.SZ,2025-10-21,115.624,116.344,115.194,115.364,147294
002594.SZ,2025-10-21,104.332,104.712,103.882,104.402,299074
300750.SZ,2025-10-21,364.692,373.042,354.792,367.592,446329
510300.SH,2025-10-21,4.533,4.6,4.529,4.587,9598685
600036.SH,2025-10-21,39.474,40.084,39.474,39.964,759931
600276.SH,2025-10-21,65.3,66.38,64.94,65.8,369560
600519.SH,2025-10-21,1407.019,1417.959,1403.519,1410.279,25443
600900.SH,2025-10-21,27.0,27.1,26.85,26.91,801636
601318.SH,2025-10-21,54.25,55.24,54.25,54.4,762200
601857.SH,2025-10-21,8.37,8.53,8.33,8.51,2248426
601899.SH,2025-10-21,29.6,29.98,29.01,29.25,2616486
688981.SH,2025-10-21,123.8,127.85,122.61,127.19,78415088
000651.SZ,2025-10-22,37.583,37.813,37.523,37.573,307743
000858.SZ,2025-10-22,114.844,115.614,114.744,114.944,127827
002594.SZ,2025-10-22,103.742,103.962,103.012,103.422,357874
300750.SZ,2025-10-22,367.592,370.572,359.892,364.552,219459
510300.SH,2025-10-22,4.567,4.585,4.545,4.572,5544842
600036.SH,2025-10-22,39.964,40.184,39.714,39.934,551334
600276.SH,2025-10-22,66.05,66.59,64.81,65.06,398048
600519.SH,2025-10-22,1410.099,1413.749,1404.019,1406.719,18195
600900.SH,2025-10-22,26.89,27.08,26.85,27.04,619190
601318.SH,2025-10-22,54.32,54.82,54.25,54.53,379893
601857.SH,2025-10-22,8.5,8.66,8.48,8.65,1775769
601899.SH,2025-10-22,27.39,28.8,27.39,28.65,3153555
688981.SH,2025-10-22,125.42,129.27,123.81,126.81,65395411
000651.SZ,2025-10-23,37.553,37.643,37.213,37.533,331124
000858.SZ,2025-10-23,114.844,116.294,114.804,116.174,155718
002594.SZ,2025-10-23,102.942,103.372,101.642,103.332,378603
300750.SZ,2025-10-23,365.492,370.492,360.692,368.142,239981
510300.SH,2025-10-23,4.564,4.596,4.519,4.59,6993428
600036.SH,2025-10-23,39.934,40.474,39.764,40.224,713174
600276.SH,2025-10-23,64.81,65.23,63.82,64.94,342785
600519.SH,2025-10-23,1403.019,1416.819,1395.219,1415.999,29322
600900.SH,2025-10-23,27.04,27.27,27.04,27.23,785588
601318.SH,2025-10-23,54.54,55.19,54.41,55.07,503501
601857.SH,2025-10-23,8.67,8.93,8.67,8.93,2670713
601899.SH,2025-10-23,28.23,29.13,27.76,28.9,2465283
688981.SH,2025-10-23,125.18,128.5,124.01,128.3,63426402
000651.SZ,2025-10-24,37.533,37.753,37.443,37.503,292380
000858.SZ,2025-10-24,115.814,116.124,114.944,115.134,174322
002594.SZ,2025-10-24,103.622,104.012,103.252,103.402,305543
300750.SZ,2025-10-24,371.662,379.492,369.692,377.462,320416
510300.SH,2025-10-24,4.605,4.649,4.604,4.647,8653036
600036.SH,2025-10-24,40.334,40.434,39.834,39.934,698832
600276.SH,2025-10-24,65.06,66.16,64.81,65.3,372753
600519.SH,2025-10-24,1415.969,1426.899,1397.359,1398.019,38226
600900.SH,2025-10-24,27.21,27.29,27.08,27.19,770600
601318.SH,2025-10-24,55.41,55.76,55.02,55.15,558242
601857.SH,2025-10-24,8.91,8.92,8.75,8.81,1761636
601899.SH,2025-10-24,29.25,29.5,28.96,29.23,1869698
688981.SH,2025-10-24,130.3,134.8,128.9,134.06,102446621
000651.SZ,2025-10-27,37.533,38.143,37.513,37.973,616525
000858.SZ,2025-10-27,114.894,115.394,114.724,115.134,143943
002594.SZ,2025-10-27,103.642,104.612,103.522,103.652,345988
300750.SZ,2025-10-27,384.692,384.692,368.262,377.872,404510
510300.SH,2025-10-27,4.685,4.708,4.673,4.703,7585249
600036.SH,2025-10-27,39.884,39.954,39.404,39.574,988949
600276.SH,2025-10-27,66.35,67.65,66.31,66.81,508925
600519.SH,2025-10-27,1388.019,1400.509,1384.009,1388.429,37102
600900.SH,2025-10-27,27.14,27.56,27.02,27.3,1248426
601318.SH,2025-10-27,55.27,55.66,54.77,55.02,685004
601857.SH,2025-10-27,8.78,8.95,8.71,8.92,1684603
601899.SH,2025-10-27,29.32,30.5,29.32,30.2,2902466
688981.SH,2025-10-27,137.5,137.5,132.3,134.5,101264304
000651.SZ,2025-10-28,37.973,38.153,37.673,37.723,338061
000858.SZ,2025-10-28,115.134,115.534,114.854,114.944,140195
002594.SZ,2025-10-28,103.662,103.962,103.142,103.362,265416
300750.SZ,2025-10-28,377.852,385.492,374.712,378.172,287083
510300.SH,2025-10-28,4.692,4.727,4.669,4.679,7259491
600036.SH,2025-10-28,39.604,39.704,39.214,39.584,705951
600276.SH,2025-10-28,65.02,65.26,63.3,63.42,1082090
600519.SH,2025-10-28,1390.019,1399.219,1389.119,1393.019,27124
600900.SH,2025-10-28,27.26,27.54,27.26,27.46,732636
601318.SH,2025-10-28,55.06,55.5,54.89,55.03,491305
601857.SH,2025-10-28,8.92,8.95,8.83,8.87,1018451
601899.SH,2025-10-28,29.7,29.99,29.01,29.04,2642452
688981.SH,2025-10-28,133.0,135.8,132.0,132.69,69518945
000651.SZ,2025-10-29,37.723,37.723,37.523,37.693,287433
000858.SZ,2025-10-29,114.704,114.794,113.054,113.674,245083
002594.SZ,2025-10-29,103.372,104.822,102.642,104.162,397340
300750.SZ,2025-10-29,377.692,391.732,376.392,391.692,344740
510300.SH,2025-10-29,4.687,4.741,4.687,4.739,6792784
600036.SH,2025-10-29,39.514,39.514,38.674,38.754,910988
600276.SH,2025-10-29,63.4,64.28,62.51,63.82,562175
600519.SH,2025-10-29,1388.039,1394.569,1378.059,1379.919,33937
600900.SH,2025-10-29,27.46,27.46,27.26,27.29,740543
601318.SH,2025-10-29,55.87,56.97,55.76,56.22,1044432
601857.SH,2025-10-29,8.83,8.89,8.79,8.84,945222
601899.SH,2025-10-29,29.25,30.25,29.21,30.16,2116510
688981.SH,2025-10-29,132.0,134.53,130.31,133.0,68846074
000651.SZ,2025-10-30,37.613,37.793,37.413,37.473,439596
000858.SZ,2025-10-30,112.854,114.394,112.844,113.314,204330
002594.SZ,2025-10-30,103.642,104.502,103.142,103.252,358989
300750.SZ,2025-10-30,397.672,400.772,388.522,389.982,343061
510300.SH,2025-10-30,4.735,4.751,4.693,4.7,8164619
600036.SH,2025-10-30,38.784,39.344,38.714,39.184,1131538
600276.SH,2025-10-30,63.82,63.82,62.67,62.68,608740
600519.SH,2025-10-30,1369.829,1384.649,1369.829,1374.759,47456
600900.SH,2025-10-30,27.29,27.56,27.19,27.47,867174
601318.SH,2025-10-30,56.57,57.37,55.85,55.92,745713
601857.SH,2025-10-30,8.87,8.99,8.83,8.85,1117190
601899.SH,2025-10-30,29.98,30.8,29.82,30.31,2766723
688981.SH,2025-10-30,133.0,133.0,128.51,128.55,69286397
000651.SZ,2025-10-31,36.793,37.033,36.523,36.753,921556
000858.SZ,2025-10-31,110.244,114.484,110.244,113.834,421077
002594.SZ,2025-10-31,100.642,100.962,99.642,100.432,637053
300750.SZ,2025-10-31,389.692,398.492,379.892,380.462,340484
510300.SH,2025-10-31,4.696,4.703,4.632,4.633,14325686
600036.SH,2025-10-31,39.244,39.284,38.824,38.874,702607
600276.SH,2025-10-31,63.16,65.29,63.0,63.95,837064
600519.SH,2025-10-31,1370.019,1383.999,1368.129,1378.029,35694
600900.SH,2025-10-31,27.46,27.46,26.93,27.1,1184702
601318.SH,2025-10-31,56.26,56.26,55.07,55.1,572542
601857.SH,2025-10-31,8.91,8.93,8.82,8.9,1195035
601899.SH,2025-10-31,30.31,30.49,29.65,29.7,1749231
688981.SH,2025-10-31,128.03,128.7,124.18,124.18,69166889
000651.SZ,2025-11-03,36.653,36.843,36.203,36.523,613444
000858.SZ,2025-11-03,113.344,114.444,112.344,113.824,223270
002594.SZ,2025-11-03,100.432,100.632,98.142,99.242,551670
300750.SZ,2025-11-03,378.692,383.602,367.462,378.552,263682
510300.SH,2025-11-03,4.629,4.644,4.582,4.64,7759881
600036.SH,2025-11-03,39.124,39.954,39.044,39.774,921981
600276.SH,2025-11-03,64.76,64.79,62.62,63.2,460306
600519.SH,2025-11-03,1379.019,1396.019,1368.119,1383.019,34548
600900.SH,2025-11-03,27.11,27.35,27.11,27.31,613783
601318.SH,2025-11-03,55.54,55.97,55.13,55.58,411430
601857.SH,2025-11-03,8.94,9.32,8.91,9.31,2304430
601899.SH,2025-11-03,29.31,29.53,28.07,29.2,2361913
688981.SH,2025-11-03,122.0,122.6,117.55,120.21,74770927
000651.SZ,2025-11-04,36.503,36.923,36.413,36.713,398198
000858.SZ,2025-11-04,113.624,113.834,111.854,112.004,172734
002594.SZ,2025-11-04,98.642,99.182,97.352,97.442,435017
300750.SZ,2025-11-04,374.752,378.192,365.692,370.642,239391
510300.SH,2025-11-04,4.637,4.65,4.583,4.606,12015243
600036.SH,2025-11-04,39.824,41.094,39.794,40.994,1340036
600276.SH,2025-11-04,63.22,63.25,61.35,61.72,515610
600519.SH,2025-11-04,1383.119,1383.799,1371.799,1377.019,26566
600900.SH,2025-11-04,27.31,27.69,27.28,27.6,1049429
601318.SH,2025-11-04,55.62,56.4,55.47,56.21,518126
601857.SH,2025-11-04,9.29,9.45,9.25,9.32,1696332
601899.SH,2025-11-04,28.7,28.98,27.8,27.98,2680317
688981.SH,2025-11-04,121.0,122.66,119.0,119.88,47738417
000651.SZ,2025-11-05,36.553,36.883,36.453,36.723,281070
000858.SZ,2025-11-05,111.194,111.844,110.844,111.024,164630
002594.SZ,2025-11-05,96.302,96.302,94.372,95.442,587215
300750.SZ,2025-11-05,364.542,384.692,363.692,380.392,311425
510300.SH,2025-11-05,4.569,4.628,4.545,4.612,7633533
600036.SH,2025-11-05,41.084,41.454,40.734,40.784,731714
600276.SH,2025-11-05,61.1,62.29,61.02,61.76,334381
600519.SH,2025-11-05,1373.909,1379.009,1368.029,1368.099,34475
600900.SH,2025-11-05,27.63,27.69,27.4,27.42,685791
601318.SH,2025-11-05,55.67,56.11,55.19,55.59,402158
601857.SH,2025-11-05,9.25,9.32,9.17,9.28,1022523
601899.SH,2025-11-05,27.12,28.45,27.02,28.21,2154614
688981.SH,2025-11-05,116.9,121.1,116.5,119.78,48501600
000651.SZ,2025-11-06,36.713,37.053,36.653,36.993,347531
000858.SZ,2025-11-06,111.354,112.144,110.904,111.014,154673
002594.SZ,2025-11-06,95.222,97.392,95.042,97.162,402004
300750.SZ,2025-11-06,381.692,391.182,380.392,386.372,234475
510300.SH,2025-11-06,4.619,4.69,4.619,4.682,7326649
600036.SH,2025-11-06,40.634,40.874,40.294,40.324,871973
600276.SH,2025-11-06,61.75,62.3,61.27,62.22,252524
600519.SH,2025-11-06,1378.019,1389.469,1378.009,1383.149,38348
600900.SH,2025-11-06,27.39,27.6,27.36,27.5,673928
601318.SH,2025-11-06,55.62,56.55,55.61,56.17,547346
601857.SH,2025-11-06,9.24,9.42,9.19,9.34,1227834
601899.SH,2025-11-06,28.21,29.0,28.12,28.9,1789698
688981.SH,2025-11-06,121.9,125.99,121.05,124.85,73150765
000651.SZ,2025-11-07,36.953,37.083,36.883,37.023,244832
000858.SZ,2025-11-07,111.014,111.834,110.794,111.594,145436
002594.SZ,2025-11-07,96.642,97.792,96.472,96.842,322561
300750.SZ,2025-11-07,385.192,389.202,380.572,387.062,165549
510300.SH,2025-11-07,4.667,4.689,4.651,4.672,5392556
600036.SH,2025-11-07,40.384,40.704,40.264,40.494,593191
600276.SH,2025-11-07,61.8,62.29,61.3,61.38,270654
600519.SH,2025-11-07,1383.129,1387.799,1379.129,1381.349,18861
600900.SH,2025-11-07,27.51,27.64,27.43,27.52,551418
601318.SH,2025-11-07,56.05,56.42,55.93,56.16,371910
601857.SH,2025-11-07,9.35,9.5,9.34,9.46,1294428
601899.SH,2025-11-07,28.89,29.45,28.82,29.37,1497567
688981.SH,2025-11-07,122.93,124.18,122.05,122.11,38229214
000651.SZ,2025-11-10,37.103,37.883,37.093,37.863,640991
000858.SZ,2025-11-10,111.594,116.424,111.384,115.644,429065
002594.SZ,2025-11-10,96.992,99.992,96.992,99.032,554877
300750.SZ,2025-11-10,390.092,392.002,375.012,376.202,238960
510300.SH,2025-11-10,4.674,4.688,4.64,4.684,4483488
600036.SH,2025-11-10,40.434,40.864,40.264,40.704,532369
600276.SH,2025-11-10,61.37,61.73,60.76,61.63,396248
600519.SH,2025-11-10,1383.019,1411.709,1382.999,1410.319,49452
600900.SH,2025-11-10,27.52,27.59,27.39,27.53,493345
601318.SH,2025-11-10,56.12,56.67,55.71,56.57,529487
601857.SH,2025-11-10,9.46,9.63,9.43,9.62,1469871
601899.SH,2025-11-10,30.0,30.15,29.08,29.37,1885112
688981.SH,2025-11-10,122.13,122.95,118.76,120.01,39583271
000651.SZ,2025-11-11,37.903,38.093,37.753,37.923,468453
000858.SZ,2025-11-11,115.094,115.814,114.044,115.624,229268
002594.SZ,2025-11-11,99.142,99.422,97.782,98.352,319858
300750.SZ,2025-11-11,377.692,386.462,376.192,377.292,193032
510300.SH,2025-11-11,4.691,4.701,4.634,4.64,5651936
600036.SH,2025-11-11,40.674,41.024,40.504,40.944,544671
600276.SH,2025-11-11,61.75,62.0,60.8,60.86,275160
600519.SH,2025-11-11,1410.019,1410.199,1395.019,1407.009,26692
600900.SH,2025-11-11,27.53,27.72,27.47,27.62,625176
601318.SH,2025-11-11,56.57,56.77,56.08,56.47,362504
601857.SH,2025-11-11,9.6,9.62,9.43,9.52,1318530
601899.SH,2025-11-11,29.77,29.88,28.7,28.82,1664377
688981.SH,2025-11-11,120.6,121.47,117.53,117.73,34253008
000651.SZ,2025-11-12,37.933,38.353,37.933,38.153,580158
000858.SZ,2025-11-12,115.634,117.344,115.194,115.224,222544
002594.SZ,2025-11-12,98.442,98.632,97.182,97.412,260643
300750.SZ,2025-11-12,382.472,384.682,375.672,378.072,212998
510300.SH,2025-11-12,4.631,4.66,4.608,4.642,5236907
600036.SH,2025-11-12,41.104,41.344,40.914,40.914,587929
600276.SH,2025-11-12,60.89,62.66,60.89,61.9,514268
600519.SH,2025-11-12,1407.999,1426.379,1407.229,1413.169,32992
600900.SH,2025-11-12,27.7,27.88,27.61,27.61,629705
601318.SH,2025-11-12,56.57,58.06,56.57,57.3,1490246
601857.SH,2025-11-12,9.57,9.86,9.57,9.69,2058248
601899.SH,2025-11-12,28.82,29.26,28.35,28.69,1364288
688981.SH,2025-11-12,117.0,119.8,115.74,119.63,45701552
000651.SZ,2025-11-13,38.153,38.323,37.753,38.003,441638
000858.SZ,2025-11-13,114.844,116.114,114.474,116.044,160023
002594.SZ,2025-11-13,96.652,100.142,96.652,99.472,579990
300750.SZ,2025-11-13,376.742,412.992,376.742,407.292,562654
510300.SH,2025-11-13,4.634,4.692,4.629,4.689,6459561
600036.SH,2025-11-13,40.954,41.284,40.724,41.194,587980
600276.SH,2025-11-13,62.49,63.59,62.03,63.36,508318
600519.SH,2025-11-13,1410.139,1421.599,1406.019,1418.399,31179
600900.SH,2025-11-13,27.62,27.73,27.26,27.44,1012328
601318.SH,2025-11-13,57.56,58.65,57.56,58.15,890187
601857.SH,2025-11-13,9.53,9.69,9.52,9.67,1629633
601899.SH,2025-11-13,29.0,30.32,28.91,29.92,2809336
688981.SH,2025-11-13,118.99,123.33,117.8,123.1,54988853
000651.SZ,2025-11-14,37.873,38.133,37.613,37.623,351223
000858.SZ,2025-11-14,115.524,116.834,115.034,115.054,139244
002594.SZ,2025-11-14,98.642,100.142,97.972,98.012,342985
300750.SZ,2025-11-14,398.692,406.292,395.572,395.812,241721
510300.SH,2025-11-14,4.662,4.673,4.616,4.618,5936317
600036.SH,2025-11-14,41.224,41.574,41.164,41.234,518210
600276.SH,2025-11-14,63.25,63.7,62.56,62.7,319504
600519.SH,2025-11-14,1418.019,1426.969,1404.319,1404.619,27473
600900.SH,2025-11-14,27.44,27.71,27.34,27.34,747625
601318.SH,2025-11-14,58.12,59.54,57.92,57.92,752741
601857.SH,2025-11-14,9.67,9.77,9.56,9.57,1032510
601899.SH,2025-11-14,29.3,29.63,29.02,29.22,1661668
688981.SH,2025-11-14,123.0,125.5,117.89,118.18,77529352
000651.SZ,2025-11-17,37.623,37.623,37.063,37.193,366440
000858.SZ,2025-11-17,114.864,115.374,113.854,114.994,117388
002594.SZ,2025-11-17,97.442,98.232,96.892,97.722,207248
300750.SZ,2025-11-17,379.692,384.092,374.192,382.472,476855
510300.SH,2025-11-17,4.607,4.617,4.568,4.587,7524669
600036.SH,2025-11-17,41.084,41.184,40.484,40.634,610674
600276.SH,2025-11-17,62.69,62.85,61.21,61.6,315385
600519.SH,2025-11-17,1402.019,1421.019,1393.809,1419.019,34462
600900.SH,2025-11-17,27.37,27.43,27.03,27.16,725596
601318.SH,2025-11-17,57.96,58.27,56.73,57.1,560197
601857.SH,2025-11-17,9.57,9.72,9.41,9.62,1333107
601899.SH,2025-11-17,28.93,29.12,28.06,28.18,2159944
688981.SH,2025-11-17,116.82,119.29,116.51,117.63,42177341
000651.SZ,2025-11-18,37.193,37.463,37.053,37.113,265683
000858.SZ,2025-11-18,114.844,116.594,114.604,115.204,147669
002594.SZ,2025-11-18,97.182,97.492,95.662,96.132,304756
300750.SZ,2025-11-18,380.692,390.322,372.692,376.692,395658
510300.SH,2025-11-18,4.577,4.594,4.541,4.56,8568239
600036.SH,2025-11-18,40.544,40.894,40.424,40.864,517439
600276.SH,2025-11-18,61.41,62.65,61.32,61.58,219101
600519.SH,2025-11-18,1418.719,1434.089,1417.019,1424.019,34205
600900.SH,2025-11-18,27.16,27.34,27.08,27.15,590137
601318.SH,2025-11-18,56.94,57.42,56.75,56.89,445712
601857.SH,2025-11-18,9.63,9.7,9.55,9.62,1089064
601899.SH,2025-11-18,27.9,28.15,27.41,27.59,1733398
688981.SH,2025-11-18,117.5,120.18,117.13,117.96,47391508
000651.SZ,2025-11-19,37.103,37.293,37.003,37.163,218006
000858.SZ,2025-11-19,115.164,115.334,114.544,114.734,95150
002594.SZ,2025-11-19,96.042,96.302,94.652,94.812,348292
300750.SZ,2025-11-19,377.192,390.132,376.652,382.792,292667
510300.SH,2025-11-19,4.555,4.594,4.555,4.574,8569615
600036.SH,2025-11-19,40.864,41.484,40.784,41.204,511696
600276.SH,2025-11-19,61.3,61.58,60.82,60.91,211162
600519.SH,2025-11-19,1422.019,1427.549,1417.979,1419.029,22045
600900.SH,2025-11-19,27.15,27.33,27.11,27.23,481598
601318.SH,2025-11-19,57.07,58.39,56.98,57.64,705865
601857.SH,2025-11-19,9.62,10.07,9.58,10.02,2265611
601899.SH,2025-11-19,27.94,28.75,27.9,28.54,1921845
688981.SH,2025-11-19,117.99,118.49,115.51,116.28,41511956
000651.SZ,2025-11-20,37.183,37.643,37.063,37.353,332902
000858.SZ,2025-11-20,114.724,116.484,114.444,115.094,158258
002594.SZ,2025-11-20,94.812,95.142,93.142,93.252,391811
300750.SZ,2025-11-20,386.592,386.692,368.702,371.082,336743
510300.SH,2025-11-20,4.601,4.606,4.55,4.553,5619395
600036.SH,2025-11-20,41.204,41.774,41.034,41.214,585852
600276.SH,2025-11-20,61.03,61.45,60.34,60.43,253480
600519.SH,2025-11-20,1420.019,1427.919,1413.049,1415.129,24002
600900.SH,2025-11-20,27.18,27.32,27.05,27.14,576112
601318.SH,2025-11-20,57.87,58.42,57.3,57.47,394491
601857.SH,2025-11-20,9.91,10.19,9.86,9.87,1814892
601899.SH,2025-11-20,28.6,28.88,28.1,28.17,1331418
688981.SH,2025-11-20,117.99,118.29,116.46,116.78,34470285
000651.SZ,2025-11-21,37.183,37.723,36.973,37.253,550949
000858.SZ,2025-11-21,114.954,116.254,114.254,114.524,205072
002594.SZ,2025-11-21,92.132,94.032,91.342,92.342,451713
300750.SZ,2025-11-21,366.692,374.692,361.692,361.692,316313
510300.SH,2025-11-21,4.522,4.531,4.439,4.441,14964004
600036.SH,2025-11-21,41.224,41.534,40.744,40.984,791264
600276.SH,2025-11-21,60.13,60.9,59.11,59.3,447335
600519.SH,2025-11-21,1418.519,1428.019,1404.019,1414.619,42607
600900.SH,2025-11-21,27.17,27.27,27.07,27.16,919942
601318.SH,2025-11-21,57.27,57.37,56.15,56.18,685580
601857.SH,2025-11-21,9.86,9.96,9.75,9.78,2216950
601899.SH,2025-11-21,27.67,28.06,27.2,27.34,1887292
688981.SH,2025-11-21,113.86,116.08,113.0,113.0,46135862
000651.SZ,2025-11-24,37.263,37.423,37.013,37.113,355301
000858.SZ,2025-11-24,114.594,115.304,113.344,113.364,173011
002594.SZ,2025-11-24,92.742,94.052,91.842,93.572,327302
300750.SZ,2025-11-24,365.492,366.592,358.872,362.242,228458
510300.SH,2025-11-24,4.456,4.462,4.41,4.434,11557477
600036.SH,2025-11-24,41.084,41.194,40.494,40.614,678549
600276.SH,2025-11-24,59.84,60.9,59.76,60.46,343973
600519.SH,2025-11-24,1415.019,1419.019,1399.149,1400.019,33607
600900.SH,2025-11-24,27.18,27.2,26.92,27.19,971796
601318.SH,2025-11-24,56.43,56.47,55.62,55.67,534709
601857.SH,2025-11-24,9.78,9.83,9.46,9.53,2427952
601899.SH,2025-11-24,27.64,27.7,26.83,27.2,1708343
688981.SH,2025-11-24,112.99,113.5,108.18,111.51,55790863
000651.SZ,2025-11-25,37.163,37.203,36.723,37.073,413435
000858.SZ,2025-11-25,113.364,113.754,112.674,113.354,146609
002594.SZ,2025-11-25,93.642,95.022,93.342,93.552,277489
300750.SZ,2025-11-25,366.692,371.352,362.282,364.052,206332
510300.SH,2025-11-25,4.457,4.5,4.456,4.474,8959406
600036.SH,2025-11-25,40.644,41.284,40.424,41.234,666409
600276.SH,2025-11-25,60.9,61.41,60.33,60.68,265045
600519.SH,2025-11-25,1406.019,1406.019,1392.519,1392.669,28441
600900.SH,2025-11-25,27.19,27.2,26.83,27.03,929854
601318.SH,2025-11-25,55.95,57.09,55.5,56.74,487771
601857.SH,2025-11-25,9.52,9.58,9.42,9.55,1138486
601899.SH,2025-11-25,27.67,28.08,27.61,27.71,1474476
688981.SH,2025-11-25,112.5,113.96,111.37,111.68,40722382
000651.SZ,2025-11-26,37.073,37.383,37.023,37.333,319655
000858.SZ,2025-11-26,113.364,114.134,112.844,113.104,91698
002594.SZ,2025-11-26,94.392,95.082,94.092,94.732,306577
300750.SZ,2025-11-26,367.192,367.192,361.762,364.512,189107
510300.SH,2025-11-26,4.477,4.523,4.471,4.503,9140793
600036.SH,2025-11-26,41.324,41.614,40.954,41.234,451072
600276.SH,2025-11-26,61.3,62.6,60.83,62.16,439862
600519.SH,2025-11-26,1396.899,1401.509,1391.599,1397.169,20306
600900.SH,2025-11-26,27.03,27.12,26.9,26.94,662733
601318.SH,2025-11-26,56.93,57.49,56.59,57.05,434693
601857.SH,2025-11-26,9.55,9.63,9.41,9.47,1244595
601899.SH,2025-11-26,27.86,27.97,27.55,27.63,1590126
688981.SH,2025-11-26,110.7,113.9,110.61,112.71,41955357
000651.SZ,2025-11-27,37.253,37.483,37.043,37.333,295930
000858.SZ,2025-11-27,113.144,113.334,112.544,112.784,92157
002594.SZ,2025-11-27,94.242,94.802,93.862,93.932,202280
300750.SZ,2025-11-27,364.692,370.572,361.692,362.892,222003
510300.SH,2025-11-27,4.506,4.551,4.495,4.499,4793694
600036.SH,2025-11-27,41.164,41.374,40.584,41.174,621434
600276.SH,2025-11-27,62.4,62.76,61.74,61.89,257308
600519.SH,2025-11-27,1397.519,1398.019,1387.059,1395.319,22287
600900.SH,2025-11-27,26.93,27.14,26.78,27.09,768693
601318.SH,2025-11-27,56.77,57.0,55.97,56.61,505701
601857.SH,2025-11-27,9.47,9.63,9.34,9.6,1190050
601899.SH,2025-11-27,28.0,28.4,27.7,27.8,1636297
688981.SH,2025-11-27,113.8,116.8,112.56,112.71,52343112
000651.SZ,2025-11-28,37.283,37.393,37.113,37.363,204371
000858.SZ,2025-11-28,112.744,112.784,112.194,112.694,80296
002594.SZ,2025-11-28,94.242,94.872,93.842,94.812,219351
300750.SZ,2025-11-28,362.192,367.172,357.852,364.892,203403
510300.SH,2025-11-28,4.498,4.519,4.48,4.512,5192341
600036.SH,2025-11-28,41.084,41.104,40.804,40.934,494658
600276.SH,2025-11-28,62.16,62.16,61.41,61.88,202776
600519.SH,2025-11-28,1394.519,1403.519,1391.019,1398.519,23211
600900.SH,2025-11-28,27.01,27.07,26.95,26.98,590181
601318.SH,2025-11-28,56.48,56.56,55.78,56.26,433558
601857.SH,2025-11-28,9.58,9.64,9.47,9.5,746617
601899.SH,2025-11-28,27.99,28.29,27.6,27.78,1975435
688981.SH,2025-11-28,112.71,114.11,111.4,113.6,30866384
000651.SZ,2025-12-01,37.423,37.853,37.323,37.853,408828
000858.SZ,2025-12-01,112.644,113.464,111.944,112.494,120912
002594.SZ,2025-12-01,95.032,95.942,94.782,95.412,233713
300750.SZ,2025-12-01,366.452,374.662,365.722,374.662,267510
510300.SH,2025-12-01,4.523,4.565,4.516,4.564,5783014
600036.SH,2025-12-01,41.064,41.454,40.914,41.424,567919
600276.SH,2025-12-01,61.88,61.89,60.86,61.74,254831
600519.SH,2025-12-01,1399.019,1410.289,1390.019,1396.019,27333
600900.SH,2025-12-01,27.05,27.15,26.99,27.07,582524
601318.SH,2025-12-01,56.18,56.45,55.68,55.9,445804
601857.SH,2025-12-01,9.53,9.73,9.5,9.71,1148143
601899.SH,2025-12-01,28.7,29.87,28.6,29.26,3600530
688981.SH,2025-12-01,113.4,114.68,112.6,114.4,32764004
000651.SZ,2025-12-02,37.853,38.063,37.663,37.903,320498
000858.SZ,2025-12-02,112.444,112.614,111.344,111.414,124928
002594.SZ,2025-12-02,96.062,97.442,95.892,96.262,359217
300750.SZ,2025-12-02,375.192,376.672,369.092,371.772,163485
510300.SH,2025-12-02,4.563,4.563,4.528,4.543,3834449
600036.SH,2025-12-02,41.424,41.634,41.204,41.364,406735
600276.SH,2025-12-02,61.7,61.7,60.8,60.92,182306
600519.SH,2025-12-02,1396.019,1399.939,1383.039,1384.049,25047
600900.SH,2025-12-02,27.03,27.27,27.02,27.26,748780
601318.SH,2025-12-02,56.07,56.67,55.72,56.07,373837
601857.SH,2025-12-02,9.69,9.92,9.67,9.75,1105501
601899.SH,2025-12-02,29.1,29.18,28.65,28.94,1548725
688981.SH,2025-12-02,114.1,114.19,112.7,113.0,23777182
000651.SZ,2025-12-03,37.853,38.153,37.763,37.813,371873
000858.SZ,2025-12-03,111.564,111.894,110.344,110.444,165871
002594.SZ,2025-12-03,96.282,96.292,94.532,94.692,231573
300750.SZ,2025-12-03,371.782,375.062,366.692,367.772,139911
510300.SH,2025-12-03,4.542,4.561,4.512,4.522,3950348
600036.SH,2025-12-03,41.254,41.564,40.984,40.994,468960
600276.SH,2025-12-03,60.9,61.35,60.5,60.77,198530
600519.SH,2025-12-03,1383.829,1383.989,1376.019,1377.119,23573
600900.SH,2025-12-03,27.25,27.36,27.21,27.27,445600
601318.SH,2025-12-03,56.02,56.29,55.42,55.62,335494
601857.SH,2025-12-03,9.7,9.77,9.63,9.68,702358
601899.SH,2025-12-03,29.05,29.46,28.92,29.17,1911287
688981.SH,2025-12-03,112.8,113.69,111.13,111.62,24541359
000651.SZ,2025-12-04,37.783,38.173,37.703,37.943,264627
000858.SZ,2025-12-04,110.454,110.594,108.964,109.294,169292
002594.SZ,2025-12-04,94.562,94.932,93.842,94.882,166142
300750.SZ,2025-12-04,370.882,375.292,366.842,375.042,191658
510300.SH,2025-12-04,4.525,4.548,4.505,4.534,4026188
600036.SH,2025-12-04,41.034,41.404,40.994,41.204,361207
600276.SH,2025-12-04,60.81,61.29,60.77,61.05,180408
600519.SH,2025-12-04,1377.119,1380.519,1366.399,1371.999,29075
600900.SH,2025-12-04,27.3,27.32,27.17,27.24,379967
601318.SH,2025-12-04,55.62,55.82,55.48,55.82,217664
601857.SH,2025-12-04,9.71,9.88,9.7,9.76,841998
601899.SH,2025-12-04,30.04,30.58,29.73,29.89,2728596
688981.SH,2025-12-04,111.65,114.73,110.98,114.73,38755196
000651.SZ,2025-12-05,37.943,38.093,37.653,37.873,274382
000858.SZ,2025-12-05,109.314,110.214,109.054,109.804,117682
002594.SZ,2025-12-05,94.932,95.862,94.352,95.622,211618
300750.SZ,2025-12-05,378.892,381.002,373.692,380.782,232916
510300.SH,2025-12-05,4.533,4.587,4.52,4.575,6872031
600036.SH,2025-12-05,41.234,41.534,40.894,41.434,548906
600276.SH,2025-12-05,60.99,61.59,60.5,61.42,231176
600519.SH,2025-12-05,1371.999,1381.109,1367.519,1378.029,25402
600900.SH,2025-12-05,27.24,27.24,27.02,27.07,544976
601318.SH,2025-12-05,55.92,59.47,55.82,59.26,1377948
601857.SH,2025-12-05,9.73,9.8,9.6,9.65,868218
601899.SH,2025-12-05,29.79,30.69,29.67,30.52,2334711
688981.SH,2025-12-05,114.0,114.88,112.5,114.18,35265366
000651.SZ,2025-12-08,37.883,38.053,37.623,37.683,328105
000858.SZ,2025-12-08,109.694,109.974,107.944,108.114,276979
002594.SZ,2025-12-08,95.852,96.792,95.852,96.172,247805
300750.SZ,2025-12-08,382.122,387.072,377.192,384.192,216598
510300.SH,2025-12-08,4.588,4.631,4.586,4.609,8263438
600036.SH,2025-12-08,41.424,41.624,41.054,41.164,580039
600276.SH,2025-12-08,62.4,63.35,61.72,62.26,508618
600519.SH,2025-12-08,1377.219,1384.689,1366.019,1366.239,33603
600900.SH,2025-12-08,27.07,27.1,26.86,26.87,754265
601318.SH,2025-12-08,59.31,61.07,59.27,60.67,1029979
601857.SH,2025-12-08,9.67,9.69,9.5,9.6,990388
601899.SH,2025-12-08,30.6,30.8,30.14,30.7,2068024
688981.SH,2025-12-08,114.21,118.0,114.18,117.2,50835977
000651.SZ,2025-12-09,37.723,37.843,37.303,37.353,292293
000858.SZ,2025-12-09,107.844,107.924,105.344,105.724,304310
002594.SZ,2025-12-09,95.852,96.302,95.342,95.672,163227
300750.SZ,2025-12-09,383.192,383.952,377.692,379.282,186918
510300.SH,2025-12-09,4.604,4.616,4.571,4.585,7001055
600036.SH,2025-12-09,41.164,41.284,40.814,41.024,465939
600276.SH,2025-12-09,62.12,63.95,62.1,62.88,493593
600519.SH,2025-12-09,1366.249,1369.019,1348.069,1349.029,42634
600900.SH,2025-12-09,26.93,27.04,26.9,26.97,512302
601318.SH,2025-12-09,60.67,60.96,59.69,59.72,483731
601857.SH,2025-12-09,9.6,9.62,9.45,9.47,980174
601899.SH,2025-12-09,30.38,30.43,29.38,29.6,1990926
688981.SH,2025-12-09,115.58,117.9,115.51,116.32,37138445
000651.SZ,2025-12-10,37.303,37.513,37.153,37.373,258695
000858.SZ,2025-12-10,105.344,106.594,104.354,106.464,178696
002594.SZ,2025-12-10,95.242,96.292,94.542,96.112,198402
300750.SZ,2025-12-10,376.742,379.692,368.952,374.072,194334
510300.SH,2025-12-10,4.577,4.586,4.535,4.579,6207764
600036.SH,2025-12-10,41.064,41.064,39.534,39.684,1083157
600276.SH,2025-12-10,62.95,63.36,62.07,63.18,288960
600519.SH,2025-12-10,1348.019,1350.819,1331.199,1350.819,33133
600900.SH,2025-12-10,26.93,27.07,26.85,26.89,585390
601318.SH,2025-12-10,59.93,60.33,59.4,59.82,448822
601857.SH,2025-12-10,9.44,9.47,9.32,9.35,928152
601899.SH,2025-12-10,29.8,30.05,29.4,29.95,1170209
688981.SH,2025-12-10,115.58,116.59,113.44,116.31,31571473
000651.SZ,2025-12-11,37.513,38.083,37.483,37.653,455941
000858.SZ,2025-12-11,106.844,107.574,106.624,106.744,157884
002594.SZ,2025-12-11,96.622,96.762,95.492,95.872,250908
300750.SZ,2025-12-11,376.592,390.552,375.072,380.682,282154
510300.SH,2025-12-11,4.585,4.599,4.539,4.545,6199443
600036.SH,2025-12-11,39.844,40.034,39.394,39.664,846231
600276.SH,2025-12-11,63.36,63.74,62.91,63.2,247061
600519.SH,2025-12-11,1354.679,1360.009,1349.569,1360.009,22385
600900.SH,2025-12-11,26.92,26.94,26.75,26.86,695636
601318.SH,2025-12-11,60.07,60.63,59.44,59.8,477963
601857.SH,2025-12-11,9.38,9.5,9.26,9.41,1201029
601899.SH,2025-12-11,30.4,31.15,29.95,30.16,2407725
688981.SH,2025-12-11,116.53,117.14,113.5,113.61,30310896
000651.SZ,2025-12-12,37.723,37.953,37.583,37.753,487137
000858.SZ,2025-12-12,107.144,108.544,106.444,106.444,257022
002594.SZ,2025-12-12,95.842,97.342,95.292,96.642,554621
300750.SZ,2025-12-12,383.692,385.082,377.192,383.492,240020
510300.SH,2025-12-12,4.555,4.579,4.525,4.571,8671539
600036.SH,2025-12-12,39.734,39.814,39.464,39.724,717625
600276.SH,2025-12-12,63.08,63.08,62.06,63.08,315629
600519.SH,2025-12-12,1366.019,1373.019,1361.589,1368.669,37159
600900.SH,2025-12-12,26.85,27.05,26.81,27.04,898708
601318.SH,2025-12-12,59.83,61.36,59.68,61.18,1091760
601857.SH,2025-12-12,9.34,9.34,9.2,9.28,1450303
601899.SH,2025-12-12,30.87,31.0,30.55,30.9,2211743
688981.SH,2025-12-12,113.61,117.42,111.6,116.8,58499804
000651.SZ,2025-12-15,37.913,38.063,37.833,37.873,360059
000858.SZ,2025-12-15,107.144,108.104,106.894,107.294,215686
002594.SZ,2025-12-15,96.192,96.802,95.172,95.172,293301
300750.SZ,2025-12-15,383.192,386.662,376.902,377.192,182750
510300.SH,2025-12-15,4.551,4.589,4.427,4.544,6917855
600036.SH,2025-12-15,39.724,40.264,39.614,39.784,562666
600276.SH,2025-12-15,62.48,62.48,61.18,61.18,290072
600519.SH,2025-12-15,1387.609,1388.009,1373.589,1374.019,33359
600900.SH,2025-12-15,26.99,27.15,26.96,27.04,539466
601318.SH,2025-12-15,60.95,64.71,60.79,64.35,1546643
601857.SH,2025-12-15,9.28,9.33,9.21,9.25,879616
601899.SH,2025-12-15,30.46,31.08,30.26,30.61,1691352
688981.SH,2025-12-15,115.15,116.5,113.0,113.01,34241746
000651.SZ,2025-12-16,37.783,37.913,37.703,37.853,251553
000858.SZ,2025-12-16,106.844,107.934,106.504,107.844,145068
002594.SZ,2025-12-16,95.142,95.342,93.782,93.892,258768
300750.SZ,2025-12-16,377.692,380.772,369.722,370.102,191217
510300.SH,2025-12-16,4.537,4.544,4.478,4.497,7693550
600036.SH,2025-12-16,39.764,40.114,39.414,39.684,566176
600276.SH,2025-12-16,61.18,61.29,58.48,58.95,523785
600519.SH,2025-12-16,1374.219,1376.799,1363.019,1370.019,23964
600900.SH,2025-12-16,27.06,27.08,26.82,26.97,679077
601318.SH,2025-12-16,63.98,65.38,63.43,64.27,1056821
601857.SH,2025-12-16,9.22,9.38,9.08,9.31,1533622
601899.SH,2025-12-16,30.22,30.42,29.32,29.52,1583903
688981.SH,2025-12-16,112.5,113.35,110.27,110.7,32337953
000651.SZ,2025-12-17,37.843,38.203,37.643,38.103,424250
000858.SZ,2025-12-17,107.844,108.594,106.944,108.244,153140
002594.SZ,2025-12-17,94.142,95.342,93.322,94.852,272825
300750.SZ,2025-12-17,368.142,376.192,366.752,375.112,222574
510300.SH,2025-12-17,4.496,4.592,4.493,4.576,10856133
600036.SH,2025-12-17,39.584,39.834,39.214,39.504,631267
600276.SH,2025-12-17,59.15,60.6,58.81,60.1,330418
600519.SH,2025-12-17,1373.019,1387.959,1365.699,1381.119,31382
600900.SH,2025-12-17,26.93,27.0,26.84,26.92,592436
601318.SH,2025-12-17,64.32,65.9,63.92,65.32,962118
601857.SH,2025-12-17,9.28,9.39,9.18,9.26,1026261
601899.SH,2025-12-17,29.75,30.39,29.6,30.07,1769711
688981.SH,2025-12-17,110.82,113.9,110.13,113.29,34389272
000651.SZ,2025-12-18,38.103,38.103,37.833,37.963,247356
000858.SZ,2025-12-18,108.242,108.582,107.752,107.852,124629
002594.SZ,2025-12-18,94.032,94.242,93.142,93.172,252797
300750.SZ,2025-12-18,371.262,372.642,361.702,363.692,296393
510300.SH,2025-12-18,4.56,4.569,4.538,4.545,6780189
600036.SH,2025-12-18,39.524,40.404,39.384,40.354,768119
600276.SH,2025-12-18,59.85,60.37,59.75,59.8,179309
600519.SH,2025-12-18,1381.519,1386.899,1374.129,1379.019,17830
600900.SH,2025-12-18,26.92,27.09,26.89,27.08,464198
601318.SH,2025-12-18,65.15,65.85,64.86,65.77,563606
601857.SH,2025-12-18,9.32,9.53,9.28,9.46,1048268
601899.SH,2025-12-18,30.03,30.55,29.85,30.17,1380093
688981.SH,2025-12-18,112.8,115.72,112.75,112.8,31470029
000651.SZ,2025-12-19,37.993,38.153,37.863,38.143,307976
000858.SZ,2025-12-19,108.072,108.302,107.462,107.952,138187
002594.SZ,2025-12-19,93.642,94.912,93.372,93.872,272068
300750.SZ,2025-12-19,365.772,369.372,362.492,365.692,175599
510300.SH,2025-12-19,4.557,4.591,4.543,4.565,8317889
600036.SH,2025-12-19,40.354,40.464,39.894,39.974,573823
600276.SH,2025-12-19,59.87,61.18,59.71,60.65,288358
600519.SH,2025-12-19,1381.976,1384.426,1372.986,1381.976,26509
600900.SH,2025-12-19,27.03,27.08,26.82,26.85,799993
601318.SH,2025-12-19,65.42,66.05,64.87,66.02,638476
601857.SH,2025-12-19,9.41,9.5,9.3,9.4,1060865
601899.SH,2025-12-19,30.04,30.58,29.61,30.32,1656729
688981.SH,2025-12-19,113.2,115.48,113.0,113.63,27261250
000651.SZ,2025-12-22,38.143,38.163,37.853,37.883,345820
000858.SZ,2025-12-22,107.932,108.222,107.542,107.752,108465
002594.SZ,2025-12-22,94.342,95.002,93.892,94.012,206235
300750.SZ,2025-12-22,367.692,369.682,359.792,363.532,254935
510300.SH,2025-12-22,4.579,4.612,4.579,4.607,8371220
600036.SH,2025-12-22,40.064,40.114,39.694,39.754,524740
600276.SH,2025-12-22,60.61,61.3,60.13,60.73,236709
600519.SH,2025-12-22,1381.976,1386.116,1378.556,1380.236,20426
600900.SH,2025-12-22,26.84,26.86,26.5,26.54,1564034
601318.SH,2025-12-22,65.97,66.54,65.47,65.81,556942
601857.SH,2025-12-22,9.47,9.5,9.39,9.47,864092
601899.SH,2025-12-22,30.89,31.98,30.84,31.73,2445132
688981.SH,2025-12-22,114.6,121.44,114.6,120.45,81011369
000651.SZ,2025-12-23,37.873,38.153,37.773,37.903,330872
000858.SZ,2025-12-23,107.552,107.852,106.752,107.142,113540
002594.SZ,2025-12-23,94.142,95.142,94.142,94.452,236617
300750.SZ,2025-12-23,363.692,372.192,363.292,369.792,236041
510300.SH,2025-12-23,4.612,4.64,4.603,4.617,8083405
600036.SH,2025-12-23,39.724,40.024,39.644,39.894,606510
600276.SH,2025-12-23,60.65,62.36,60.64,61.6,329191
600519.SH,2025-12-23,1380.236,1384.906,1369.166,1379.836,24507
600900.SH,2025-12-23,26.5,26.74,26.48,26.72,709451
601318.SH,2025-12-23,65.83,67.51,65.62,66.76,765720
601857.SH,2025-12-23,9.5,9.73,9.5,9.64,1053801
601899.SH,2025-12-23,32.26,32.3,31.1,31.29,2702894
688981.SH,2025-12-23,120.5,121.58,119.02,119.9,48360142
000651.SZ,2025-12-24,37.813,37.923,37.653,37.763,286647
000858.SZ,2025-12-24,106.922,107.012,106.202,106.702,117905
002594.SZ,2025-12-24,94.442,94.442,93.692,94.062,192810
300750.SZ,2025-12-24,369.772,369.772,363.692,367.292,210884
510300.SH,2025-12-24,4.617,4.642,4.603,4.634,5334294
600036.SH,2025-12-24,39.914,39.974,39.534,39.814,536305
600276.SH,2025-12-24,61.47,61.8,60.88,61.03,250502
600519.SH,2025-12-24,1376.966,1378.336,1371.976,1372.876,25187
600900.SH,2025-12-24,26.71,26.71,26.55,26.64,499943
601318.SH,2025-12-24,66.44,66.65,65.62,66.3,511320
601857.SH,2025-12-24,9.62,9.65,9.48,9.6,840418
601899.SH,2025-12-24,31.74,31.85,31.19,31.51,1927107
688981.SH,2025-12-24,122.5,124.38,121.11,123.41,62956098
000651.SZ,2025-12-25,37.733,38.043,37.663,37.913,264079
000858.SZ,2025-12-25,106.702,108.122,106.622,108.022,125708
002594.SZ,2025-12-25,94.072,94.872,93.762,94.482,182202
300750.SZ,2025-12-25,365.902,365.902,360.812,364.702,203431
510300.SH,2025-12-25,4.627,4.654,4.621,4.643,4272443
600036.SH,2025-12-25,39.914,40.064,39.684,39.764,499214
600276.SH,2025-12-25,61.02,61.46,60.83,61.2,155182
600519.SH,2025-12-25,1376.976,1391.456,1373.356,1386.146,23386
600900.SH,2025-12-25,26.63,26.68,26.57,26.64,300806
601318.SH,2025-12-25,66.27,69.25,66.25,68.07,777898
601857.SH,2025-12-25,9.57,9.69,9.54,9.58,706753
601899.SH,2025-12-25,31.19,31.34,31.03,31.23,1274567
688981.SH,2025-12-25,123.0,125.99,122.66,123.08,47180958
000651.SZ,2025-12-26,37.883,37.943,37.713,37.763,259173
000858.SZ,2025-12-26,107.522,107.912,106.862,107.202,114759
002594.SZ,2025-12-26,94.922,101.092,94.892,99.652,1020959
300750.SZ,2025-12-26,364.652,369.692,361.792,366.122,257237
510300.SH,2025-12-26,4.643,4.678,4.632,4.661,8160801
600036.SH,2025-12-26,39.774,39.864,39.604,39.684,508810
600276.SH,2025-12-26,61.1,61.46,60.4,60.86,214308
600519.SH,2025-12-26,1386.146,1391.116,1381.976,1386.106,17803
600900.SH,2025-12-26,26.61,26.67,26.52,26.64,482593
601318.SH,2025-12-26,67.71,69.23,67.7,68.43,657017
601857.SH,2025-12-26,9.52,9.65,9.52,9.6,701094
601899.SH,2025-12-26,31.8,32.97,31.75,32.73,2861989
688981.SH,2025-12-26,122.58,124.79,121.16,122.1,40239799
000651.SZ,2025-12-29,37.763,38.123,37.643,37.723,392741
000858.SZ,2025-12-29,106.862,107.022,105.422,105.482,195453
002594.SZ,2025-12-29,100.142,100.942,99.242,99.852,519167
300750.SZ,2025-12-29,365.692,366.122,359.692,361.002,241241
510300.SH,2025-12-29,4.657,4.671,4.626,4.64,8529050
600036.SH,2025-12-29,39.644,39.914,39.404,39.854,682551
600276.SH,2025-12-29,60.86,61.07,60.21,60.31,285752
600519.SH,2025-12-29,1386.106,1386.106,1372.976,1373.976,26308
600900.SH,2025-12-29,26.64,26.64,26.5,26.52,689033
601318.SH,2025-12-29,68.27,68.93,67.06,67.15,655665
601857.SH,2025-12-29,9.59,9.85,9.56,9.81,1687833
601899.SH,2025-12-29,33.36,33.5,31.78,31.85,3575540
688981.SH,2025-12-29,123.0,125.65,122.02,122.5,50683161
000651.SZ,2025-12-30,37.663,37.763,37.373,37.533,383899
000858.SZ,2025-12-30,105.322,105.412,104.442,104.782,158470
002594.SZ,2025-12-30,98.902,99.792,98.382,99.392,318756
300750.SZ,2025-12-30,358.792,362.692,358.252,360.892,190308
510300.SH,2025-12-30,4.623,4.667,4.619,4.65,4772242
600036.SH,2025-12-30,39.884,40.464,39.764,40.264,834783
600276.SH,2025-12-30,60.2,60.4,59.7,59.98,253305
600519.SH,2025-12-30,1372.976,1373.876,1357.976,1361.696,33792
600900.SH,2025-12-30,26.5,26.5,26.32,26.32,724247
601318.SH,2025-12-30,67.02,67.5,65.66,66.07,1046674
601857.SH,2025-12-30,9.81,10.15,9.77,10.0,1726055
601899.SH,2025-12-30,30.75,32.68,30.73,32.62,2438024
688981.SH,2025-12-30,124.45,126.69,124.0,125.28,60495831
000651.SZ,2025-12-31,37.563,37.813,37.153,37.223,502973
000858.SZ,2025-12-31,104.612,104.672,103.032,103.362,208677
002594.SZ,2025-12-31,99.622,99.842,97.022,97.362,402859
300750.SZ,2025-12-31,361.482,363.692,358.842,358.952,160266
510300.SH,2025-12-31,4.654,4.666,4.619,4.63,6668292
600036.SH,2025-12-31,40.224,40.314,39.904,40.084,554142
600276.SH,2025-12-31,59.96,60.16,59.3,59.37,268279
600519.SH,2025-12-31,1361.976,1365.976,1349.146,1349.156,34766
600900.SH,2025-12-31,26.35,26.37,26.17,26.19,742930
601318.SH,2025-12-31,66.05,66.5,65.42,65.67,458069
601857.SH,2025-12-31,10.01,10.22,10.01,10.16,1705611
601899.SH,2025-12-31,32.68,34.56,32.59,33.67,3411882
688981.SH,2025-12-31,125.99,126.2,122.4,122.83,41158685
000651.SZ,2026-01-05,37.343,37.803,37.223,37.763,496729
000858.SZ,2026-01-05,103.322,105.612,103.122,105.322,222669
002594.SZ,2026-01-05,98.042,99.122,97.542,97.752,382625
300750.SZ,2026-01-05,361.692,369.692,359.882,369.192,336881
510300.SH,2026-01-05,4.66,4.725,4.657,4.721,10171325
600036.SH,2026-01-05,40.464,40.784,40.254,40.334,840830
600276.SH,2026-01-05,59.86,63.29,59.79,62.88,851170
600519.SH,2026-01-05,1356.976,1403.856,1356.976,1397.976,70949
600900.SH,2026-01-05,26.2,26.31,26.1,26.28,765691
601318.SH,2026-01-05,66.47,70.27,66.47,69.63,1228831
601857.SH,2026-01-05,10.16,10.16,9.65,9.82,3084016
601899.SH,2026-01-05,34.5,34.84,33.47,34.6,3103935
688981.SH,2026-01-05,126.84,130.17,126.2,129.95,91139404
000651.SZ,2026-01-06,37.773,37.863,37.653,37.823,395447
000858.SZ,2026-01-06,105.342,105.852,104.342,105.592,186232
002594.SZ,2026-01-06,97.862,100.142,97.762,99.632,521785
300750.SZ,2026-01-06,371.692,372.192,360.732,365.682,341477
510300.SH,2026-01-06,4.727,4.797,4.725,4.796,10523015
600036.SH,2026-01-06,40.434,40.774,40.074,40.714,923715
600276.SH,2026-01-06,63.16,63.28,62.2,62.86,463525
600519.SH,2026-01-06,1404.526,1408.946,1388.506,1399.986,39586
600900.SH,2026-01-06,26.3,26.44,26.24,26.44,738437
601318.SH,2026-01-06,69.67,72.15,69.67,71.59,1468516
601857.SH,2026-01-06,9.8,10.05,9.72,10.02,1883382
601899.SH,2026-01-06,35.2,36.9,35.15,36.8,3567272
688981.SH,2026-01-06,129.0,134.2,128.77,131.84,73069695
000651.SZ,2026-01-07,37.823,37.823,37.423,37.443,423632
000858.SZ,2026-01-07,105.602,105.762,104.822,104.942,123092
002594.SZ,2026-01-07,99.602,99.602,96.702,97.242,560849
300750.SZ,2026-01-07,364.642,367.172,360.182,362.702,262285
510300.SH,2026-01-07,4.797,4.804,4.753,4.778,9334026
600036.SH,2026-01-07,40.734,41.004,40.124,40.134,880560
600276.SH,2026-01-07,62.81,64.6,62.8,63.65,524652
600519.SH,2026-01-07,1404.856,1406.976,1392.176,1395.336,29684
600900.SH,2026-01-07,26.44,26.45,26.22,26.23,721702
601318.SH,2026-01-07,71.16,71.97,70.56,70.72,919695
601857.SH,2026-01-07,9.9,9.92,9.58,9.65,2318852
601899.SH,2026-01-07,36.8,36.9,35.58,35.92,3573036
688981.SH,2026-01-07,131.84,132.82,128.85,129.98,59804086
000651.SZ,2026-01-08,37.433,37.483,37.283,37.443,270930
000858.SZ,2026-01-08,104.802,104.802,104.082,104.322,129121
002594.SZ,2026-01-08,96.842,96.842,95.972,96.522,300655
300750.SZ,2026-01-08,359.692,365.022,358.692,360.902,269590
510300.SH,2026-01-08,4.765,4.771,4.72,4.74,6827198
600036.SH,2026-01-08,40.184,40.234,39.284,39.564,1115727
600276.SH,2026-01-08,64.8,64.85,62.83,63.4,447749
600519.SH,2026-01-08,1395.306,1395.336,1380.116,1384.276,29135
600900.SH,2026-01-08,26.23,26.3,26.19,26.26,470573
601318.SH,2026-01-08,70.64,70.67,66.93,67.65,1685392
601857.SH,2026-01-08,9.64,9.65,9.55,9.55,1214572
601899.SH,2026-01-08,35.4,36.21,34.99,35.5,2415585
688981.SH,2026-01-08,128.95,134.68,128.91,130.15,61691881
000651.SZ,2026-01-09,37.433,37.533,37.363,37.483,292909
000858.SZ,2026-01-09,104.472,105.972,104.302,104.562,160750
002594.SZ,2026-01-09,96.692,97.592,96.542,96.652,350341
300750.SZ,2026-01-09,360.862,369.322,358.702,360.922,314772
510300.SH,2026-01-09,4.734,4.78,4.721,4.762,11348553
600036.SH,2026-01-09,39.524,39.744,39.104,39.284,985471
600276.SH,2026-01-09,63.38,64.0,62.6,63.58,426358
600519.SH,2026-01-09,1388.976,1400.576,1387.986,1391.076,29848
600900.SH,2026-01-09,26.27,26.29,26.18,26.29,629035
601318.SH,2026-01-09,67.87,68.55,65.51,66.27,2063348
601857.SH,2026-01-09,9.73,9.79,9.48,9.62,2075921
601899.SH,2026-01-09,35.2,36.87,35.18,36.42,2805790
688981.SH,2026-01-09,129.15,130.01,127.77,128.88,51127488
000651.SZ,2026-01-12,37.473,37.583,37.263,37.533,393084
000858.SZ,2026-01-12,104.572,106.272,104.552,105.972,233356
002594.SZ,2026-01-12,96.652,97.642,95.942,97.112,425257
300750.SZ,2026-01-12,359.692,359.692,343.352,353.372,488307
510300.SH,2026-01-12,4.77,4.806,4.738,4.79,13330753
600036.SH,2026-01-12,39.284,39.414,38.984,39.104,1186641
600276.SH,2026-01-12,63.9,64.1,63.01,63.65,428770
600519.SH,2026-01-12,1391.076,1402.976,1389.076,1395.206,36083
600900.SH,2026-01-12,26.29,26.45,26.22,26.4,784356
601318.SH,2026-01-12,66.17,66.27,64.49,64.82,1851661
601857.SH,2026-01-12,9.6,9.67,9.53,9.61,1441895
601899.SH,2026-01-12,37.42,37.58,36.23,36.46,2964964
688981.SH,2026-01-12,128.52,129.62,126.68,127.66,56393564
000651.SZ,2026-01-13,37.603,37.653,37.253,37.333,461470
000858.SZ,2026-01-13,106.412,106.642,105.242,105.422,197374
002594.SZ,2026-01-13,98.642,99.242,96.522,96.832,498723
300750.SZ,2026-01-13,357.942,359.462,348.692,350.692,296709
510300.SH,2026-01-13,4.799,4.842,4.753,4.773,12717832
600036.SH,2026-01-13,39.184,39.364,39.014,39.114,1159365
600276.SH,2026-01-13,64.1,65.63,63.85,64.32,740340
600519.SH,2026-01-13,1398.766,1401.496,1380.966,1382.976,39169
600900.SH,2026-01-13,26.45,26.57,26.32,26.36,785385
601318.SH,2026-01-13,65.07,67.25,65.05,65.47,1502151
601857.SH,2026-01-13,9.63,9.92,9.63,9.83,2059373
601899.SH,2026-01-13,36.6,38.1,36.5,37.44,3107782
688981.SH,2026-01-13,127.49,128.15,122.86,123.63,65207280
000651.SZ,2026-01-14,37.313,37.393,37.163,37.203,454446
000858.SZ,2026-01-14,105.302,106.262,104.102,104.462,225609
002594.SZ,2026-01-14,96.452,97.382,95.152,95.742,514750
300750.SZ,2026-01-14,351.722,352.912,343.402,345.672,380834
510300.SH,2026-01-14,4.773,4.826,4.718,4.743,21367223
600036.SH,2026-01-14,39.114,39.154,38.044,38.054,1917744
600276.SH,2026-01-14,64.35,65.4,63.0,63.41,629255
600519.SH,2026-01-14,1382.976,1394.226,1368.156,1369.986,51758
600900.SH,2026-01-14,26.45,26.54,25.8,25.81,2927501
601318.SH,2026-01-14,65.62,66.2,64.09,64.27,1431109
601857.SH,2026-01-14,9.89,9.97,9.57,9.6,3489625
601899.SH,2026-01-14,37.81,39.05,37.56,37.7,4256502
688981.SH,2026-01-14,123.51,127.6,123.5,124.49,64968391
000651.SZ,2026-01-15,37.203,37.333,37.103,37.123,324847
000858.SZ,2026-01-15,104.122,104.642,103.442,103.512,162929
002594.SZ,2026-01-15,95.722,96.282,95.242,95.312,295635
300750.SZ,2026-01-15,344.442,349.972,343.492,345.442,323709
510300.SH,2026-01-15,4.726,4.771,4.72,4.752,52171489
600036.SH,2026-01-15,38.094,38.404,37.984,38.094,1217271
600276.SH,2026-01-15,62.98,63.63,62.5,62.97,467612
600519.SH,2026-01-15,1367.996,1374.806,1360.556,1360.866,40907
600900.SH,2026-01-15,25.98,26.01,25.77,25.82,1259274
601318.SH,2026-01-15,64.17,65.65,63.96,64.68,1066614
601857.SH,2026-01-15,9.59,9.88,9.55,9.72,1934497
601899.SH,2026-01-15,37.46,38.64,36.9,37.45,3860818
688981.SH,2026-01-15,123.49,125.5,122.33,124.44,55660423
000651.SZ,2026-01-16,37.223,37.483,37.223,37.353,459310
000858.SZ,2026-01-16,103.672,103.832,102.472,102.582,198710
002594.SZ,2026-01-16,96.342,97.082,95.242,95.502,384588
300750.SZ,2026-01-16,349.682,353.412,343.202,344.012,319818
510300.SH,2026-01-16,4.782,4.796,4.715,4.736,53201665
600036.SH,2026-01-16,38.487,38.497,37.647,37.717,1525245
600276.SH,2026-01-16,63.15,63.32,61.46,61.74,523786
600519.SH,2026-01-16,1366.976,1369.476,1351.976,1353.976,55121
600900.SH,2026-01-16,25.88,26.03,25.44,25.52,2388546
601318.SH,2026-01-16,64.87,65.21,63.07,63.6,1356100
601857.SH,2026-01-16,9.65,9.74,9.46,9.55,2006821
601899.SH,2026-01-16,37.52,38.31,36.26,36.67,3947778
688981.SH,2026-01-16,127.5,128.82,124.88,126.99,75651257
000651.SZ,2026-01-19,37.363,37.643,37.363,37.533,414366
000858.SZ,2026-01-19,102.412,102.802,101.762,101.972,182299
002594.SZ,2026-01-19,96.452,96.942,95.412,95.832,334927
300750.SZ,2026-01-19,343.162,347.032,337.022,340.592,338643
510300.SH,2026-01-19,4.737,4.769,4.718,4.738,29134399
600036.SH,2026-01-19,37.727,37.917,37.497,37.547,988703
600276.SH,2026-01-19,61.6,62.18,60.46,60.92,473891
600519.SH,2026-01-19,1353.876,1359.466,1346.976,1347.976,42286
600900.SH,2026-01-19,25.61,25.92,25.6,25.8,1047218
601318.SH,2026-01-19,63.55,64.22,63.18,63.57,838681
601857.SH,2026-01-19,9.47,9.68,9.47,9.57,1076571
601899.SH,2026-01-19,36.82,36.98,35.7,36.46,2532752
688981.SH,2026-01-19,127.05,128.5,125.12,125.29,47753702
000651.SZ,2026-01-20,37.543,38.353,37.463,38.283,906361
000858.SZ,2026-01-20,101.922,102.892,101.722,102.332,172817
002594.SZ,2026-01-20,95.862,95.902,94.322,94.382,389149
300750.SZ,2026-01-20,341.692,348.602,339.592,341.292,354406
510300.SH,2026-01-20,4.735,4.751,4.688,4.724,28867656
600036.SH,2026-01-20,37.567,38.127,37.507,37.727,1113873
600276.SH,2026-01-20,60.93,61.45,60.2,60.3,427755
600519.SH,2026-01-20,1351.476,1353.556,1344.026,1345.526,36484
600900.SH,2026-01-20,25.8,25.94,25.73,25.88,1050034
601318.SH,2026-01-20,63.62,65.04,63.38,63.87,988500
601857.SH,2026-01-20,9.57,9.72,9.57,9.67,1255945
601899.SH,2026-01-20,36.46,36.97,35.41,36.51,3074571
688981.SH,2026-01-20,125.0,125.5,121.81,122.18,50869359
000651.SZ,2026-01-21,38.303,38.343,37.653,37.773,662525
000858.SZ,2026-01-21,102.042,102.122,100.422,100.472,262283
002594.SZ,2026-01-21,93.652,94.582,93.642,93.742,308334
300750.SZ,2026-01-21,343.632,349.382,340.692,341.502,393936
510300.SH,2026-01-21,4.709,4.764,4.709,4.73,49039740
600036.SH,2026-01-21,37.917,37.937,37.177,37.237,1215000
600276.SH,2026-01-21,60.31,60.68,59.66,59.9,546035
600519.SH,2026-01-21,1345.536,1346.376,1321.976,1323.036,64516
600900.SH,2026-01-21,25.89,25.9,25.55,25.58,1163282
601318.SH,2026-01-21,63.91,64.45,62.92,63.12,935402
601857.SH,2026-01-21,9.71,9.81,9.66,9.75,1553955
601899.SH,2026-01-21,36.96,37.68,36.56,37.33,3891673
688981.SH,2026-01-21,120.93,128.89,120.58,127.19,97052521
000651.SZ,2026-01-22,37.793,38.053,37.583,37.853,471743
000858.SZ,2026-01-22,100.492,101.142,100.032,100.182,186915
002594.SZ,2026-01-22,94.362,94.772,93.532,93.762,291014
300750.SZ,2026-01-22,342.722,345.422,331.192,337.492,459948
510300.SH,2026-01-22,4.741,4.76,4.703,4.727,43163442
600036.SH,2026-01-22,37.267,37.577,36.797,36.847,1877546
600276.SH,2026-01-22,60.16,60.16,59.1,59.24,537068
600519.SH,2026-01-22,1323.986,1333.736,1309.456,1312.036,59011
600900.SH,2026-01-22,25.58,25.72,25.3,25.31,1807850
601318.SH,2026-01-22,63.4,63.85,61.79,62.07,1143922
601857.SH,2026-01-22,9.83,10.23,9.83,9.9,3005582
601899.SH,2026-01-22,36.7,37.08,36.28,36.86,2739499
688981.SH,2026-01-22,128.98,130.82,125.57,126.8,64809463
000651.SZ,2026-01-23,37.97,37.97,37.4,37.43,685535
000858.SZ,2026-01-23,100.222,101.132,100.122,100.412,214559
002594.SZ,2026-01-23,93.882,94.002,93.152,93.292,383303
300750.SZ,2026-01-23,339.702,341.692,334.942,338.692,339761
510300.SH,2026-01-23,4.732,4.742,4.687,4.704,67693781
600036.SH,2026-01-23,36.847,37.167,36.377,36.497,1892113
600276.SH,2026-01-23,59.53,60.07,58.56,58.79,808043
600519.SH,2026-01-23,1312.076,1319.976,1304.446,1308.976,61949
600900.SH,2026-01-23,25.36,25.42,24.96,25.0,2106915
601318.SH,2026-01-23,62.47,62.75,60.93,61.17,1407699
601857.SH,2026-01-23,9.92,10.0,9.56,9.58,2684017
601899.SH,2026-01-23,37.59,37.7,36.55,36.76,3862963
688981.SH,2026-01-23,126.8,127.37,124.03,124.96,49063104
000651.SZ,2026-01-26,37.43,37.58,37.02,37.07,628567
000858.SZ,2026-01-26,100.382,100.922,98.482,99.762,312961
002594.SZ,2026-01-26,93.292,93.302,92.142,92.272,375460
300750.SZ,2026-01-26,343.712,344.242,332.902,333.742,332914
510300.SH,2026-01-26,4.712,4.76,4.694,4.712,59398529
600036.SH,2026-01-26,36.497,37.297,36.307,37.017,2166794
600276.SH,2026-01-26,58.79,58.96,57.85,57.96,727329
600519.SH,2026-01-26,1312.486,1326.976,1297.096,1313.976,80166
600900.SH,2026-01-26,25.05,25.28,24.86,24.98,2028698
601318.SH,2026-01-26,61.27,63.52,61.04,61.41,2013846
601857.SH,2026-01-26,9.65,10.24,9.64,10.14,4385854
601899.SH,2026-01-26,37.94,39.68,37.93,38.7,6635144
688981.SH,2026-01-26,124.01,125.88,121.9,121.92,50256650
000651.SZ,2026-01-27,37.1,37.3,36.89,36.91,461231
000858.SZ,2026-01-27,99.542,99.752,98.442,98.442,225287
002594.SZ,2026-01-27,92.312,92.632,91.442,91.452,362981
300750.SZ,2026-01-27,336.582,336.592,325.712,331.092,322949
510300.SH,2026-01-27,4.712,4.742,4.679,4.71,43391350
600036.SH,2026-01-27,37.057,37.507,36.867,37.097,1572406
600276.SH,2026-01-27,58.19,58.29,56.94,57.0,637255
600519.SH,2026-01-27,1316.956,1325.676,1309.976,1314.986,48416
600900.SH,2026-01-27,24.98,25.14,24.86,24.93,1313815
601318.SH,2026-01-27,61.58,63.62,61.54,62.58,1508841
601857.SH,2026-01-27,10.14,10.44,10.06,10.19,2872682
601899.SH,2026-01-27,39.43,41.88,38.88,39.81,7284982
688981.SH,2026-01-27,122.0,125.74,119.22,124.05,65526157
000651.SZ,2026-01-28,36.91,36.91,36.28,36.33,722084
000858.SZ,2026-01-28,98.452,99.272,98.052,98.122,266767
002594.SZ,2026-01-28,91.442,93.142,89.652,92.982,715566
300750.SZ,2026-01-28,329.572,335.692,324.702,331.682,463082
510300.SH,2026-01-28,4.725,4.743,4.704,4.725,84977823
600036.SH,2026-01-28,37.117,37.437,36.697,36.797,2041667
600276.SH,2026-01-28,57.24,57.6,56.1,56.35,878750
600519.SH,2026-01-28,1315.016,1318.686,1293.986,1295.666,76218
600900.SH,2026-01-28,24.93,24.94,24.61,24.65,2326498
601318.SH,2026-01-28,63.14,63.32,61.7,62.02,1992854
601857.SH,2026-01-28,10.35,10.83,10.28,10.52,4947940
601899.SH,2026-01-28,40.6,41.78,39.8,41.5,6522833
688981.SH,2026-01-28,124.99,128.99,124.99,128.55,99458326
000651.SZ,2026-01-29,36.27,36.97,35.99,36.88,747272
000858.SZ,2026-01-29,98.122,108.192,97.922,108.192,986604
002594.SZ,2026-01-29,92.302,92.562,91.252,91.952,371825
300750.SZ,2026-01-29,332.192,336.852,329.852,333.582,338444
510300.SH,2026-01-29,4.724,4.779,4.704,4.768,35456647
600036.SH,2026-01-29,36.877,37.647,36.547,37.527,1999982
600276.SH,2026-01-29,56.15,58.17,55.88,57.91,1137825
600519.SH,2026-01-29,1306.976,1416.976,1301.036,1409.696,189534
600900.SH,2026-01-29,24.65,25.2,24.38,25.03,2616230
601318.SH,2026-01-29,62.3,65.3,61.8,65.27,2755713
601857.SH,2026-01-29,10.65,10.75,10.28,10.64,4224740
601899.SH,2026-01-29,42.99,44.14,40.51,42.65,7728672
688981.SH,2026-01-29,127.6,127.81,122.16,122.4,71564935
000651.SZ,2026-01-30,36.85,37.19,36.63,36.7,449104
000858.SZ,2026-01-30,108.192,108.202,102.422,102.422,668171
002594.SZ,2026-01-30,91.912,91.912,90.342,90.532,329176
300750.SZ,2026-01-30,340.092,345.452,335.792,341.692,486501
510300.SH,2026-01-30,4.736,4.758,4.642,4.711,16702748
600036.SH,2026-01-30,37.527,38.167,37.527,37.667,1660843
600276.SH,2026-01-30,57.8,59.59,57.56,57.96,852045
600519.SH,2026-01-30,1406.976,1406.976,1372.976,1372.976,94480
600900.SH,2026-01-30,25.04,25.57,25.04,25.36,2238492
601318.SH,2026-01-30,65.28,65.96,63.66,64.02,1603228
601857.SH,2026-01-30,10.68,10.9,10.49,10.77,4213905
601899.SH,2026-01-30,40.4,41.56,38.32,39.34,6703441
688981.SH,2026-01-30,121.33,124.94,120.07,122.97,52771906
000651.SZ,2026-02-02,36.6,37.08,36.5,36.54,367220
000858.SZ,2026-02-02,102.502,108.182,102.502,104.712,531977
002594.SZ,2026-02-02,87.642,88.732,86.612,86.692,646974
300750.SZ,2026-02-02,348.692,349.682,335.822,340.672,391917
510300.SH,2026-02-02,4.68,4.719,4.591,4.6,26511344
600036.SH,2026-02-02,37.877,38.297,37.407,37.447,1384979
600276.SH,2026-02-02,57.56,58.13,56.11,56.29,609580
600519.SH,2026-02-02,1396.976,1430.556,1383.596,1398.976,85724
600900.SH,2026-02-02,25.49,25.55,25.09,25.14,1242257
601318.SH,2026-02-02,63.62,65.6,63.0,63.29,1354549
601857.SH,2026-02-02,10.45,10.72,10.34,10.43,3236793
601899.SH,2026-02-02,36.07,37.93,35.47,35.81,7140436
688981.SH,2026-02-02,121.4,122.59,116.8,117.06,59669081
000651.SZ,2026-02-03,36.53,36.79,36.18,36.36,376331
000858.SZ,2026-02-03,104.502,106.202,104.022,104.702,331643
002594.SZ,2026-02-03,86.842,87.042,85.522,87.012,377827
300750.SZ,2026-02-03,340.692,344.492,335.192,339.602,265163
510300.SH,2026-02-03,4.64,4.668,4.585,4.664,10529446
600036.SH,2026-02-03,37.667,37.667,37.137,37.297,842792
600276.SH,2026-02-03,56.8,57.49,56.3,57.27,498835
600519.SH,2026-02-03,1416.976,1448.786,1415.006,1446.896,86321
600900.SH,2026-02-03,25.2,25.23,24.91,25.0,885438
601318.SH,2026-02-03,64.17,64.67,62.89,63.85,1033225
601857.SH,2026-02-03,10.4,10.43,10.08,10.22,2326550
601899.SH,2026-02-03,37.04,38.15,36.28,38.01,4766103
688981.SH,2026-02-03,118.69,118.84,113.46,116.03,56176952
000651.SZ,2026-02-04,36.26,36.88,36.18,36.88,379664
000858.SZ,2026-02-04,103.922,106.832,103.702,105.942,378917
002594.SZ,2026-02-04,86.632,88.972,86.092,88.782,376505
300750.SZ,2026-02-04,342.652,358.342,339.202,356.722,485317
510300.SH,2026-02-04,4.652,4.709,4.643,4.707,10525059
600036.SH,2026-02-04,37.297,38.017,37.257,38.007,1021316
600276.SH,2026-02-04,57.1,57.5,56.03,57.4,489243
600519.SH,2026-02-04,1456.976,1505.246,1445.976,1496.976,109123
600900.SH,2026-02-04,24.97,25.39,24.95,25.38,957052
601318.SH,2026-02-04,63.72,64.72,63.5,64.67,877403
601857.SH,2026-02-04,10.43,10.45,10.21,10.31,1815633
601899.SH,2026-02-04,38.7,39.19,37.88,38.36,3267366
688981.SH,2026-02-04,114.5,114.99,113.15,114.84,35139347
000651.SZ,2026-02-05,36.75,37.0,36.63,36.92,346115
000858.SZ,2026-02-05,105.322,107.972,105.082,106.312,372846
002594.SZ,2026-02-05,88.142,90.872,87.972,89.752,354240
300750.SZ,2026-02-05,357.462,358.442,347.712,354.632,284272
510300.SH,2026-02-05,4.68,4.695,4.645,4.679,9339829
600036.SH,2026-02-05,37.937,38.917,37.907,38.707,1218895
600276.SH,2026-02-05,57.3,58.27,57.1,57.96,517746
600519.SH,2026-02-05,1491.976,1536.976,1486.976,1526.976,91623
600900.SH,2026-02-05,25.42,25.69,25.35,25.6,1032448
601318.SH,2026-02-05,64.44,65.26,63.43,64.62,908191
601857.SH,2026-02-05,10.36,10.39,10.06,10.28,1622496
601899.SH,2026-02-05,37.33,37.7,35.77,36.65,3583731
688981.SH,2026-02-05,112.99,114.5,110.39,111.8,44644765
000651.SZ,2026-02-06,36.8,36.99,36.52,36.56,298606
000858.SZ,2026-02-06,106.322,107.152,104.232,104.422,276522
002594.SZ,2026-02-06,89.032,90.302,88.642,89.462,247088
300750.SZ,2026-02-06,351.012,364.572,349.702,360.802,393726
510300.SH,2026-02-06,4.643,4.691,4.61,4.649,8816737
600036.SH,2026-02-06,38.697,38.947,38.307,38.597,802980
600276.SH,2026-02-06,57.54,57.95,57.04,57.11,360904
600519.SH,2026-02-06,1526.976,1539.976,1477.856,1486.986,78965
600900.SH,2026-02-06,25.6,25.77,25.38,25.52,725627
601318.SH,2026-02-06,64.15,64.88,63.69,64.17,749275
601857.SH,2026-02-06,10.05,10.55,10.05,10.52,1985020
601899.SH,2026-02-06,34.75,37.02,34.7,36.39,3277748
688981.SH,2026-02-06,110.14,114.6,110.14,112.7,40822691
000651.SZ,2026-02-09,36.61,36.7,36.54,36.62,238335
000858.SZ,2026-02-09,104.222,105.112,103.892,104.782,208892
002594.SZ,2026-02-09,90.142,90.292,89.472,89.702,208180
300750.SZ,2026-02-09,362.192,364.192,354.292,360.512,274486
510300.SH,2026-02-09,4.695,4.73,4.686,4.727,7011195
600036.SH,2026-02-09,38.597,38.737,38.327,38.477,658949
600276.SH,2026-02-09,57.55,57.69,56.8,57.25,366117
600519.SH,2026-02-09,1489.976,1514.856,1485.466,1496.936,51168
600900.SH,2026-02-09,25.53,25.57,25.28,25.46,678291
601318.SH,2026-02-09,64.72,66.37,64.38,65.97,1021237
601857.SH,2026-02-09,10.44,10.53,10.4,10.5,1236788
601899.SH,2026-02-09,37.69,38.08,37.23,37.83,2639476
688981.SH,2026-02-09,114.8,115.07,113.7,114.93,32101810
000651.SZ,2026-02-10,36.62,36.83,36.54,36.8,232275
000858.SZ,2026-02-10,104.602,104.602,103.212,103.922,185040
002594.SZ,2026-02-10,89.642,91.212,89.482,90.452,267605
300750.SZ,2026-02-10,356.862,362.492,355.692,356.662,185635
510300.SH,2026-02-10,4.733,4.739,4.72,4.733,6804617
600036.SH,2026-02-10,38.487,38.557,38.307,38.337,495965
600276.SH,2026-02-10,57.26,58.84,56.85,58.2,648861
600519.SH,2026-02-10,1496.946,1496.946,1468.476,1476.776,39576
600900.SH,2026-02-10,25.46,25.6,25.37,25.57,559201
601318.SH,2026-02-10,65.98,66.07,65.07,65.46,548735
601857.SH,2026-02-10,10.54,10.67,10.48,10.51,1106629
601899.SH,2026-02-10,38.18,38.6,37.72,38.01,1996571
688981.SH,2026-02-10,115.2,116.9,114.85,116.2,34043651
000651.SZ,2026-02-11,36.78,36.86,36.69,36.72,182239
000858.SZ,2026-02-11,103.732,104.072,103.272,103.462,114996
002594.SZ,2026-02-11,90.522,92.592,90.522,91.922,396950
300750.SZ,2026-02-11,358.592,362.682,356.192,359.692,196535
510300.SH,2026-02-11,4.727,4.732,4.714,4.723,3720787
600036.SH,2026-02-11,38.357,38.447,38.197,38.397,528817
600276.SH,2026-02-11,58.2,59.75,58.15,58.7,573680
600519.SH,2026-02-11,1476.776,1485.976,1467.976,1476.306,30928
600900.SH,2026-02-11,25.58,25.59,25.41,25.48,533882
601318.SH,2026-02-11,65.52,65.95,64.33,64.77,618032
601857.SH,2026-02-11,10.52,10.63,10.39,10.6,1149357
601899.SH,2026-02-11,37.8,38.99,37.77,38.68,2228674
688981.SH,2026-02-11,114.0,116.14,113.5,115.01,34533673
000651.SZ,2026-02-12,36.64,36.7,36.39,36.43,271633
000858.SZ,2026-02-12,103.322,103.532,101.822,102.042,181730
002594.SZ,2026-02-12,91.932,91.992,90.722,90.802,230313
300750.SZ,2026-02-12,361.692,369.572,359.722,367.562,277546
510300.SH,2026-02-12,4.729,4.735,4.716,4.727,3980124
600036.SH,2026-02-12,38.397,38.417,37.727,37.987,777526
600276.SH,2026-02-12,58.4,59.29,58.3,58.54,348690
600519.SH,2026-02-12,1472.176,1474.796,1445.336,1458.576,46246
600900.SH,2026-02-12,25.48,25.51,25.26,25.33,737342
601318.SH,2026-02-12,64.87,64.95,63.62,63.81,646372
601857.SH,2026-02-12,10.64,10.87,10.57,10.79,1626432
601899.SH,2026-02-12,38.77,39.63,38.69,38.95,2355759
688981.SH,2026-02-12,115.55,117.18,115.11,116.58,33362254
000651.SZ,2026-02-13,36.43,36.52,36.26,36.37,197194
000858.SZ,2026-02-13,102.122,104.302,101.592,103.482,241240
002594.SZ,2026-02-13,89.692,90.732,89.522,89.912,217339
300750.SZ,2026-02-13,367.302,368.692,356.702,357.032,223145
510300.SH,2026-02-13,4.714,4.714,4.667,4.671,13673572
600036.SH,2026-02-13,37.947,38.087,37.627,37.707,705370
600276.SH,2026-02-13,58.56,58.85,57.93,58.03,343568
600519.SH,2026-02-13,1458.576,1479.776,1442.556,1457.276,41679
600900.SH,2026-02-13,25.34,25.39,25.16,25.21,715541
601318.SH,2026-02-13,63.42,63.62,62.33,62.56,840772
601857.SH,2026-02-13,10.55,10.55,10.2,10.29,2604602
601899.SH,2026-02-13,37.46,38.24,36.89,36.98,3380334
688981.SH,2026-02-13,116.23,117.98,115.56,116.93,34368740
000651.SZ,2026-02-24,36.6,36.65,36.38,36.43,252061
000858.SZ,2026-02-24,105.602,106.612,102.422,102.582,210144
002594.SZ,2026-02-24,91.622,91.632,90.252,90.512,206445
300750.SZ,2026-02-24,364.332,365.192,353.642,353.642,226951
510300.SH,2026-02-24,4.725,4.736,4.705,4.716,6242456
600036.SH,2026-02-24,38.197,38.407,37.817,37.937,754674
600276.SH,2026-02-24,58.11,58.28,57.52,57.81,338981
600519.SH,2026-02-24,1492.976,1496.376,1435.576,1438.776,41913
600900.SH,2026-02-24,25.34,25.37,25.19,25.26,730789
601318.SH,2026-02-24,63.04,63.52,61.64,61.77,800053
601857.SH,2026-02-24,10.65,11.0,10.65,10.84,3251988
601899.SH,2026-02-24,38.69,38.85,38.18,38.52,2467460
688981.SH,2026-02-24,118.03,118.18,115.62,115.82,27615568
000651.SZ,2026-02-25,36.48,36.78,36.42,36.49,338465
000858.SZ,2026-02-25,102.422,103.532,102.292,102.592,161529
002594.SZ,2026-02-25,90.532,92.432,90.532,91.092,324780
300750.SZ,2026-02-25,355.382,358.292,351.792,353.872,187166
510300.SH,2026-02-25,4.717,4.778,4.716,4.75,8734031
600036.SH,2026-02-25,37.897,38.147,37.717,37.777,723971
600276.SH,2026-02-25,57.78,58.0,57.38,57.66,421579
600519.SH,2026-02-25,1441.976,1481.636,1439.856,1463.636,36881
600900.SH,2026-02-25,25.29,25.41,25.16,25.18,956210
601318.SH,2026-02-25,61.97,63.01,61.97,62.32,683556
601857.SH,2026-02-25,10.89,11.04,10.68,10.74,2503621
601899.SH,2026-02-25,38.6,39.46,38.06,38.83,2897095
688981.SH,2026-02-25,117.0,117.5,115.85,116.13,27552856
000651.SZ,2026-02-26,35.5,35.94,35.5,35.59,843414
000858.SZ,2026-02-26,102.422,102.752,101.022,101.302,192325
002594.SZ,2026-02-26,91.042,91.042,89.252,89.492,291019
300750.SZ,2026-02-26,347.742,349.892,335.192,337.692,435414
510300.SH,2026-02-26,4.751,4.754,4.712,4.735,7663721
600036.SH,2026-02-26,37.797,38.017,37.497,37.697,593325
600276.SH,2026-02-26,57.66,57.9,56.4,56.52,508987
600519.SH,2026-02-26,1458.576,1461.466,1436.646,1438.186,32958
600900.SH,2026-02-26,25.19,25.3,25.14,25.25,619772
601318.SH,2026-02-26,62.77,62.8,60.56,60.77,1036146
601857.SH,2026-02-26,10.67,10.81,10.53,10.64,1352842
601899.SH,2026-02-26,39.09,39.16,38.14,38.57,1990664
688981.SH,2026-02-26,116.13,117.23,114.29,116.65,32702183
000651.SZ,2026-02-27,35.58,35.67,35.22,35.45,472218
000858.SZ,2026-02-27,101.302,101.972,101.302,101.472,119188
002594.SZ,2026-02-27,89.042,89.582,88.742,88.962,219341
300750.SZ,2026-02-27,338.812,340.632,333.702,333.702,254466
510300.SH,2026-02-27,4.72,4.732,4.7,4.725,6062453
600036.SH,2026-02-27,37.747,37.947,37.637,37.747,637035
600276.SH,2026-02-27,56.42,57.07,56.1,56.36,363641
600519.SH,2026-02-27,1438.966,1448.186,1426.996,1426.996,32160
600900.SH,2026-02-27,25.26,25.39,25.23,25.25,919038
601318.SH,2026-02-27,60.87,61.01,60.33,60.36,633012
601857.SH,2026-02-27,10.63,10.71,10.55,10.61,1613761
601899.SH,2026-02-27,38.4,39.25,38.21,38.75,2420602
688981.SH,2026-02-27,115.03,115.87,114.32,115.0,27930878
000651.SZ,2026-03-02,35.3,35.36,35.01,35.2,452751
000858.SZ,2026-03-02,100.422,102.022,99.762,100.642,204064
002594.SZ,2026-03-02,87.642,96.892,87.362,96.432,1435137
300750.SZ,2026-03-02,332.692,336.592,328.372,331.912,283513
510300.SH,2026-03-02,4.694,4.743,4.674,4.739,12423675
600036.SH,2026-03-02,37.597,37.867,37.417,37.667,685473
600276.SH,2026-03-02,55.38,55.88,54.0,54.34,742062
600519.SH,2026-03-02,1421.976,1428.976,1408.636,1412.086,35454
600900.SH,2026-03-02,25.33,25.86,25.33,25.78,1817729
601318.SH,2026-03-02,59.68,60.38,58.97,59.62,1010862
601857.SH,2026-03-02,11.55,11.7,11.08,11.7,8752375
601899.SH,2026-03-02,39.6,40.1,38.3,39.97,4775134
688981.SH,2026-03-02,112.88,114.2,112.3,112.53,34978475
000651.SZ,2026-03-03,35.19,35.45,35.01,35.09,457098
000858.SZ,2026-03-03,100.432,101.802,99.322,99.972,230595
002594.SZ,2026-03-03,96.032,96.632,93.632,94.852,865741
300750.SZ,2026-03-03,338.022,346.042,335.722,335.762,400075
510300.SH,2026-03-03,4.741,4.751,4.665,4.678,9665579
600036.SH,2026-03-03,37.657,38.547,37.557,38.177,1384656
600276.SH,2026-03-03,54.5,55.13,53.25,53.41,601399
600519.SH,2026-03-03,1412.076,1424.846,1394.106,1398.166,45891
600900.SH,2026-03-03,25.78,26.31,25.74,26.18,2145547
601318.SH,2026-03-03,59.72,60.99,59.2,59.84,1095535
601857.SH,2026-03-03,12.06,12.9,12.05,12.9,9174676
601899.SH,2026-03-03,39.55,39.55,37.86,38.06,4140938
688981.SH,2026-03-03,113.23,114.75,107.69,108.31,54098700
000651.SZ,2026-03-04,35.0,35.03,34.6,34.89,429859
000858.SZ,2026-03-04,99.422,99.432,98.172,98.442,183018
002594.SZ,2026-03-04,94.842,96.442,93.342,95.632,700969
300750.SZ,2026-03-04,332.792,333.712,325.892,330.592,250804
510300.SH,2026-03-04,4.64,4.65,4.587,4.61,8292240
600036.SH,2026-03-04,38.007,38.027,37.007,37.597,1151939
600276.SH,2026-03-04,53.02,53.7,52.47,52.78,471518
600519.SH,2026-03-04,1386.976,1394.976,1364.066,1373.156,48014
600900.SH,2026-03-04,26.01,26.4,25.73,26.3,1757354
601318.SH,2026-03-04,59.47,59.83,57.92,59.06,1008134
601857.SH,2026-03-04,13.44,13.44,11.59,12.99,10747173
601899.SH,2026-03-04,36.9,38.09,36.68,37.16,3125702
688981.SH,2026-03-04,107.32,109.7,106.12,106.69,32274958
000651.SZ,2026-03-05,34.93,35.12,34.93,35.04,241403
000858.SZ,2026-03-05,99.042,99.392,98.572,98.872,100521
002594.SZ,2026-03-05,96.442,96.462,93.532,94.112,552440
300750.SZ,2026-03-05,336.272,345.542,334.352,341.942,310061
510300.SH,2026-03-05,4.647,4.678,4.639,4.654,5684210
600036.SH,2026-03-05,37.657,38.237,37.627,38.147,783370
600276.SH,2026-03-05,53.21,54.64,52.9,53.52,484860
600519.SH,2026-03-05,1377.976,1384.936,1366.976,1371.016,30505
600900.SH,2026-03-05,26.19,26.45,26.05,26.29,1329149
601318.SH,2026-03-05,59.28,59.99,59.07,59.35,546365
601857.SH,2026-03-05,12.4,12.93,12.03,12.44,7067136
601899.SH,2026-03-05,37.66,37.68,36.4,36.87,2606599
688981.SH,2026-03-05,108.6,109.26,106.09,106.9,35353181
000651.SZ,2026-03-06,35.0,35.43,34.85,35.4,266635
000858.SZ,2026-03-06,98.762,99.912,98.472,99.822,112916
002594.SZ,2026-03-06,95.642,95.642,92.892,93.262,503540
300750.SZ,2026-03-06,340.692,348.712,336.352,346.462,209631
510300.SH,2026-03-06,4.64,4.682,4.624,4.667,5043759
600036.SH,2026-03-06,38.097,38.317,37.947,38.197,465957
600276.SH,2026-03-06,53.4,55.47,53.2,55.36,629119
600519.SH,2026-03-06,1366.976,1379.476,1359.976,1373.976,29154
600900.SH,2026-03-06,26.27,26.36,26.19,26.35,878369
601318.SH,2026-03-06,59.06,60.62,58.93,59.94,574633
601857.SH,2026-03-06,12.13,12.4,11.82,12.05,5103918
601899.SH,2026-03-06,36.21,36.68,35.44,36.3,2539470
688981.SH,2026-03-06,107.0,108.34,106.17,106.5,34048616
000651.SZ,2026-03-09,35.2,35.48,35.03,35.33,300943
000858.SZ,2026-03-09,98.742,100.022,98.692,98.942,177781
002594.SZ,2026-03-09,93.262,97.642,92.642,97.162,1093409
300750.SZ,2026-03-09,340.532,351.542,336.752,349.192,317976
510300.SH,2026-03-09,4.623,4.638,4.56,4.629,8380983
600036.SH,2026-03-09,37.897,38.177,37.747,37.787,766775
600276.SH,2026-03-09,54.58,54.98,53.85,54.74,426233
600519.SH,2026-03-09,1361.976,1376.876,1355.176,1368.976,37442
600900.SH,2026-03-09,26.37,26.84,26.3,26.41,2075028
601318.SH,2026-03-09,58.71,58.79,57.28,58.67,930368
601857.SH,2026-03-09,13.23,13.23,12.66,12.67,8174453
601899.SH,2026-03-09,35.13,35.87,34.06,35.6,3906290
688981.SH,2026-03-09,103.97,105.79,101.63,105.14,39355967
000651.SZ,2026-03-10,35.37,35.74,35.34,35.74,285654
000858.SZ,2026-03-10,99.302,99.812,99.182,99.472,111694
002594.SZ,2026-03-10,96.822,97.132,95.722,96.242,507462
300750.SZ,2026-03-10,366.692,371.462,358.192,367.992,507417
510300.SH,2026-03-10,4.642,4.689,4.641,4.683,5460125
600036.SH,2026-03-10,37.937,38.237,37.797,38.217,613717
600276.SH,2026-03-10,55.1,56.55,55.1,56.35,473605
600519.SH,2026-03-10,1376.876,1381.466,1369.976,1373.856,24626
600900.SH,2026-03-10,26.22,26.45,25.94,26.36,1192857
601318.SH,2026-03-10,59.13,59.65,58.99,59.36,462184
601857.SH,2026-03-10,11.93,12.05,11.53,11.74,5243629
601899.SH,2026-03-10,36.18,36.74,36.0,36.33,2013124
688981.SH,2026-03-10,106.9,107.75,105.7,107.28,31832190
000651.SZ,2026-03-11,35.75,35.87,35.54,35.8,276145
000858.SZ,2026-03-11,99.472,99.772,99.012,99.602,107801
002594.SZ,2026-03-11,96.392,99.982,95.312,98.862,903744
300750.SZ,2026-03-11,371.272,395.242,370.672,388.492,575987
510300.SH,2026-03-11,4.686,4.719,4.682,4.711,5937122
600036.SH,2026-03-11,38.297,38.497,37.947,38.497,689407
600276.SH,2026-03-11,56.25,56.35,55.4,55.63,321259
600519.SH,2026-03-11,1374.966,1377.966,1369.996,1371.976,24457
600900.SH,2026-03-11,26.36,26.52,26.16,26.51,897445
601318.SH,2026-03-11,59.36,60.18,59.07,59.82,517270
601857.SH,2026-03-11,11.53,11.91,11.4,11.88,4740546
601899.SH,2026-03-11,36.7,36.84,36.24,36.44,1481313
688981.SH,2026-03-11,107.23,108.8,107.0,107.1,27998297
000651.SZ,2026-03-12,35.7,35.92,35.58,35.88,239997
000858.SZ,2026-03-12,99.422,100.152,99.022,99.692,116614
002594.SZ,2026-03-12,98.872,100.332,98.342,98.742,502524
300750.SZ,2026-03-12,391.692,392.592,384.392,387.192,291504
510300.SH,2026-03-12,4.711,4.711,4.665,4.694,3433836
600036.SH,2026-03-12,38.447,38.577,38.327,38.497,527723
600276.SH,2026-03-12,55.6,55.84,55.03,55.1,266691
600519.SH,2026-03-12,1366.976,1375.926,1362.986,1363.976,27586
600900.SH,2026-03-12,26.53,26.71,26.37,26.71,1078962
601318.SH,2026-03-12,59.42,59.7,58.49,58.87,668542
601857.SH,2026-03-12,12.08,12.14,11.7,11.98,4035318
601899.SH,2026-03-12,35.99,36.36,35.55,35.95,1891130
688981.SH,2026-03-12,107.0,108.55,104.95,106.01,28881977
000651.SZ,2026-03-13,35.88,36.66,35.8,36.6,593264
000858.SZ,2026-03-13,99.482,101.082,99.272,100.372,153187
002594.SZ,2026-03-13,98.642,100.432,97.942,99.312,519765
300750.SZ,2026-03-13,385.572,395.682,385.492,388.692,355826
510300.SH,2026-03-13,4.672,4.716,4.67,4.677,3251129
600036.SH,2026-03-13,38.457,39.047,38.347,38.757,765277
600276.SH,2026-03-13,55.1,55.43,54.75,54.91,244164
600519.SH,2026-03-13,1364.456,1389.596,1363.976,1385.616,33608
600900.SH,2026-03-13,26.71,26.84,26.56,26.63,942776
601318.SH,2026-03-13,58.64,59.14,58.35,58.47,458041
601857.SH,2026-03-13,12.07,12.14,11.71,11.8,3448139
601899.SH,2026-03-13,35.4,36.14,34.8,34.97,2471205
688981.SH,2026-03-13,105.02,107.83,104.5,107.06,34163326
000651.SZ,2026-03-16,36.5,36.9,36.39,36.78,422740
000858.SZ,2026-03-16,100.222,102.732,100.122,101.962,203049
002594.SZ,2026-03-16,99.312,104.642,98.432,104.262,1087814
300750.SZ,2026-03-16,393.462,404.862,389.692,400.092,373521
510300.SH,2026-03-16,4.675,4.686,4.632,4.68,4038627
600036.SH,2026-03-16,38.767,39.037,38.637,38.907,610945
600276.SH,2026-03-16,55.01,55.85,54.32,55.39,307751
600519.SH,2026-03-16,1391.976,1437.976,1391.976,1432.156,60086
600900.SH,2026-03-16,26.63,26.71,26.45,26.57,872038
601318.SH,2026-03-16,58.47,58.63,57.37,57.75,818596
601857.SH,2026-03-16,11.84,12.01,11.71,11.74,2527809
601899.SH,2026-03-16,34.24,34.37,32.8,33.95,4207313
688981.SH,2026-03-16,106.31,110.32,105.5,108.6,42255497
000651.SZ,2026-03-17,36.9,37.2,36.83,36.94,438065
000858.SZ,2026-03-17,101.962,103.242,101.422,102.212,177702
002594.SZ,2026-03-17,104.272,106.302,102.352,102.512,841389
300750.SZ,2026-03-17,407.472,411.692,396.252,396.692,359807
510300.SH,2026-03-17,4.686,4.731,4.645,4.646,7233377
600036.SH,2026-03-17,38.887,39.357,38.827,39.117,656229
600276.SH,2026-03-17,55.49,57.24,55.18,56.1,504111
600519.SH,2026-03-17,1439.976,1470.046,1433.166,1456.976,49454
600900.SH,2026-03-17,26.53,26.78,26.49,26.7,850289
601318.SH,2026-03-17,57.86,60.07,57.85,59.11,901850
601857.SH,2026-03-17,11.62,11.87,11.55,11.77,2798838
601899.SH,2026-03-17,33.93,34.75,33.87,34.1,2253776
688981.SH,2026-03-17,108.54,108.58,105.99,106.02,29571804
000651.SZ,2026-03-18,36.94,37.05,36.71,37.02,353550
000858.SZ,2026-03-18,102.212,102.412,100.822,101.142,117209
002594.SZ,2026-03-18,102.462,102.462,99.692,101.332,617996
300750.SZ,2026-03-18,397.052,397.692,388.462,393.712,265300
510300.SH,2026-03-18,4.652,4.67,4.616,4.662,7702627
600036.SH,2026-03-18,39.127,39.317,38.787,38.917,705831
600276.SH,2026-03-18,56.06,56.88,55.82,56.68,393793
600519.SH,2026-03-18,1460.976,1468.476,1435.126,1440.776,35551
600900.SH,2026-03-18,26.69,26.86,26.45,26.5,800290
601318.SH,2026-03-18,59.14,59.59,58.77,59.16,490471
601857.SH,2026-03-18,11.62,11.68,11.36,11.61,2159857
601899.SH,2026-03-18,33.94,34.2,33.55,34.12,1990248
688981.SH,2026-03-18,105.78,106.88,105.25,106.6,26334592
000651.SZ,2026-03-19,36.8,36.98,36.44,36.56,312052
000858.SZ,2026-03-19,100.432,100.832,99.932,99.952,114373
002594.SZ,2026-03-19,100.632,103.522,100.112,101.952,531059
300750.SZ,2026-03-19,393.632,405.692,391.692,392.192,292866
510300.SH,2026-03-19,4.621,4.641,4.581,4.599,7722418
600036.SH,2026-03-19,38.877,39.037,38.697,38.767,650247
600276.SH,2026-03-19,55.97,56.83,55.71,55.82,343647
600519.SH,2026-03-19,1444.936,1444.976,1417.976,1424.846,30319
600900.SH,2026-03-19,26.48,26.69,26.41,26.47,1015258
601318.SH,2026-03-19,58.47,58.56,57.67,57.89,684722
601857.SH,2026-03-19,11.85,12.27,11.82,12.23,5434174
601899.SH,2026-03-19,32.45,33.1,31.32,31.52,5279354
688981.SH,2026-03-19,105.01,107.69,104.51,105.96,37865595
000651.SZ,2026-03-20,36.55,36.77,36.13,36.22,447600
000858.SZ,2026-03-20,99.952,100.602,99.322,99.822,102865
002594.SZ,2026-03-20,101.642,104.092,101.202,102.672,628783
300750.SZ,2026-03-20,396.772,413.772,391.822,404.692,537297
510300.SH,2026-03-20,4.598,4.635,4.573,4.576,7612736
600036.SH,2026-03-20,38.847,39.077,38.657,38.747,615803
600276.SH,2026-03-20,55.99,56.56,54.85,54.94,347395
600519.SH,2026-03-20,1424.936,1434.476,1410.976,1416.976,26132
600900.SH,2026-03-20,26.47,26.6,26.23,26.39,845555
601318.SH,2026-03-20,58.07,58.17,56.97,57.01,620767
601857.SH,2026-03-20,11.75,12.1,11.65,11.99,3064078
601899.SH,2026-03-20,31.4,32.05,30.63,30.85,3850343
688981.SH,2026-03-20,105.2,105.72,102.18,102.18,38129475
000651.SZ,2026-03-23,35.72,35.75,34.83,34.94,553679
000858.SZ,2026-03-23,98.822,99.202,97.462,97.652,205190
002594.SZ,2026-03-23,103.512,111.462,102.822,107.272,1782446
300750.SZ,2026-03-23,409.022,409.052,390.442,393.682,446141
510300.SH,2026-03-23,4.528,4.537,4.406,4.43,15234981
600036.SH,2026-03-23,38.577,38.697,37.547,37.677,957738
600276.SH,2026-03-23,53.98,54.15,52.21,52.58,487702
600519.SH,2026-03-23,1405.306,1406.976,1372.006,1380.046,47256
600900.SH,2026-03-23,26.28,26.47,25.87,25.95,1757271
601318.SH,2026-03-23,56.17,56.27,54.51,54.74,1253823
601857.SH,2026-03-23,12.0,12.21,11.57,12.09,4189739
601899.SH,2026-03-23,29.41,30.54,29.0,29.78,4933043
688981.SH,2026-03-23,100.01,101.99,97.4,98.04,50667126
000651.SZ,2026-03-24,35.15,35.69,35.02,35.6,333400
000858.SZ,2026-03-24,98.302,98.882,97.462,98.762,117508
002594.SZ,2026-03-24,108.042,108.042,104.572,106.282,921446
300750.SZ,2026-03-24,396.692,403.592,379.692,388.682,364105
510300.SH,2026-03-24,4.463,4.48,4.405,4.479,8504351
600036.SH,2026-03-24,37.797,38.317,37.727,38.247,616336
600276.SH,2026-03-24,53.07,53.54,52.61,53.44,348355
600519.SH,2026-03-24,1387.976,1389.566,1372.156,1379.306,28562
600900.SH,2026-03-24,26.11,26.34,25.93,26.31,910767
601318.SH,2026-03-24,55.27,55.61,54.77,55.39,681870
601857.SH,2026-03-24,11.75,11.85,11.58,11.74,3225913
601899.SH,2026-03-24,30.45,31.58,30.11,31.4,4572645
688981.SH,2026-03-24,98.9,99.37,97.25,99.25,33680326
000651.SZ,2026-03-25,35.68,36.15,35.55,36.13,261142
000858.SZ,2026-03-25,98.772,100.002,98.302,99.872,108590
002594.SZ,2026-03-25,106.362,107.302,104.922,106.242,662665
300750.SZ,2026-03-25,384.692,392.192,379.492,389.502,267528
510300.SH,2026-03-25,4.51,4.549,4.504,4.544,8677126
600036.SH,2026-03-25,38.327,38.397,37.937,38.257,653817
600276.SH,2026-03-25,53.8,54.66,53.64,53.9,411526
600519.SH,2026-03-25,1382.086,1389.846,1372.986,1382.246,26093
600900.SH,2026-03-25,26.36,26.48,26.13,26.42,860545
601318.SH,2026-03-25,55.77,56.63,55.69,56.06,562389
601857.SH,2026-03-25,11.37,11.48,11.14,11.45,2802176
601899.SH,2026-03-25,32.7,33.18,32.29,32.44,4106152
688981.SH,2026-03-25,99.67,100.94,99.28,99.99,32130643
000651.SZ,2026-03-26,36.16,36.35,35.9,35.94,192844
000858.SZ,2026-03-26,99.622,100.312,98.702,98.702,95924
002594.SZ,2026-03-26,106.262,107.322,102.342,102.782,828121
300750.SZ,2026-03-26,385.532,405.412,383.692,394.192,267637
510300.SH,2026-03-26,4.536,4.547,4.477,4.488,4742424
600036.SH,2026-03-26,38.147,38.687,38.137,38.557,616790
600276.SH,2026-03-26,53.08,53.9,51.34,51.43,649417
600519.SH,2026-03-26,1380.976,1385.876,1372.276,1373.156,23093
600900.SH,2026-03-26,26.4,26.66,26.31,26.52,845014
601318.SH,2026-03-26,56.05,56.05,53.8,54.07,1011896
601857.SH,2026-03-26,11.45,11.78,11.43,11.69,2738893
601899.SH,2026-03-26,32.3,32.44,31.03,31.29,3050473
688981.SH,2026-03-26,99.55,99.7,96.55,96.88,31319889
000651.SZ,2026-03-27,35.61,36.01,35.48,35.88,191947
000858.SZ,2026-03-27,97.922,100.302,97.832,100.072,102958
002594.SZ,2026-03-27,103.632,105.532,102.392,104.942,658455
300750.SZ,2026-03-27,397.812,410.022,393.422,407.872,302580
510300.SH,2026-03-27,4.45,4.53,4.445,4.508,5626908
600036.SH,2026-03-27,38.497,38.697,38.247,38.437,468007
600276.SH,2026-03-27,51.1,55.28,50.91,54.98,991196
600519.SH,2026-03-27,1371.976,1397.976,1368.636,1387.996,30087
600900.SH,2026-03-27,26.49,26.61,26.39,26.46,685517
601318.SH,2026-03-27,54.13,54.66,53.69,54.22,834379
601857.SH,2026-03-27,11.69,11.85,11.58,11.82,2183201
601899.SH,2026-03-27,30.7,31.92,30.7,31.67,2282467
688981.SH,2026-03-27,96.0,98.39,95.87,97.5,28087527
000651.SZ,2026-03-30,35.51,35.76,35.4,35.65,213032
000858.SZ,2026-03-30,99.412,101.322,99.222,100.882,124907
002594.SZ,2026-03-30,103.152,107.642,102.892,105.692,727557
300750.SZ,2026-03-30,404.692,410.542,397.292,404.692,253484
510300.SH,2026-03-30,4.462,4.505,4.453,4.5,5439943
600036.SH,2026-03-30,38.237,38.567,38.127,38.477,646054
600276.SH,2026-03-30,54.53,55.9,54.41,55.56,697271
600519.SH,2026-03-30,1378.976,1402.976,1374.496,1391.976,28685
600900.SH,2026-03-30,26.46,26.46,26.22,26.35,692781
601318.SH,2026-03-30,53.61,53.82,53.11,53.6,737544
601857.SH,2026-03-30,12.1,12.29,11.98,12.19,2888202
601899.SH,2026-03-30,31.4,32.0,31.08,31.98,2369010
688981.SH,2026-03-30,95.8,96.19,94.0,95.83,32887003
000651.SZ,2026-03-31,35.65,36.37,35.65,35.82,306434
000858.SZ,2026-03-31,102.422,103.222,100.692,100.692,178348
002594.SZ,2026-03-31,106.642,108.132,104.742,104.892,588659
300750.SZ,2026-03-31,404.692,408.642,393.272,393.392,249256
510300.SH,2026-03-31,4.501,4.529,4.462,4.463,5305656
600036.SH,2026-03-31,38.537,38.727,38.277,38.317,663097
600276.SH,2026-03-31,55.66,57.18,55.0,55.02,692924
600519.SH,2026-03-31,1439.976,1451.906,1420.386,1421.976,61691
600900.SH,2026-03-31,26.35,26.54,26.25,26.25,802589
601318.SH,2026-03-31,53.56,54.96,53.48,54.05,764114
601857.SH,2026-03-31,12.19,12.37,11.92,11.94,2342004
601899.SH,2026-03-31,32.18,32.7,31.8,31.92,2531059
688981.SH,2026-03-31,95.8,97.4,94.0,94.05,29383903
000651.SZ,2026-04-01,36.07,36.13,35.83,36.02,192769
000858.SZ,2026-04-01,101.392,102.602,100.812,101.812,122667
002594.SZ,2026-04-01,105.542,106.142,102.012,102.292,715198
300750.SZ,2026-04-01,401.422,401.562,387.692,397.402,231701
510300.SH,2026-04-01,4.52,4.542,4.501,4.534,5012281
600036.SH,2026-04-01,38.557,39.037,38.417,38.817,881526
600276.SH,2026-04-01,55.83,57.58,55.4,57.53,1005517
600519.SH,2026-04-01,1436.466,1441.966,1424.856,1431.416,29125
600900.SH,2026-04-01,26.33,26.33,26.05,26.09,906082
601318.SH,2026-04-01,54.85,55.56,54.81,55.45,684035
601857.SH,2026-04-01,11.76,12.19,11.76,11.82,2527357
601899.SH,2026-04-01,33.06,33.78,32.82,33.35,3237031
688981.SH,2026-04-01,96.4,96.7,94.81,96.33,32564808
000651.SZ,2026-04-02,36.0,36.01,35.7,35.85,196462
000858.SZ,2026-04-02,101.422,102.682,101.302,102.422,151783
002594.SZ,2026-04-02,102.132,103.122,100.142,101.292,604349
300750.SZ,2026-04-02,399.592,403.682,388.892,392.862,223056
510300.SH,2026-04-02,4.521,4.526,4.47,4.489,4663511
600036.SH,2026-04-02,38.857,38.917,38.577,38.757,534630
600276.SH,2026-04-02,57.54,58.15,56.81,57.17,765170
600519.SH,2026-04-02,1431.416,1436.856,1424.076,1431.856,21064
600900.SH,2026-04-02,26.11,26.23,25.97,26.22,739849
601318.SH,2026-04-02,55.27,55.27,54.43,54.53,459794
601857.SH,2026-04-02,11.95,12.14,11.9,12.1,2587901
601899.SH,2026-04-02,33.19,33.19,31.9,32.32,2589426
688981.SH,2026-04-02,95.5,95.79,92.51,93.2,29382832
000651.SZ,2026-04-03,35.81,35.91,35.38,35.47,172135
000858.SZ,2026-04-03,102.392,102.392,100.712,100.912,83089
002594.SZ,2026-04-03,101.442,101.942,98.642,98.652,491745
300750.SZ,2026-04-03,391.692,392.492,376.822,378.152,247515
510300.SH,2026-04-03,4.495,4.506,4.446,4.454,4261096
600036.SH,2026-04-03,38.757,38.817,38.357,38.397,464485
600276.SH,2026-04-03,56.78,56.79,55.9,56.18,454916
600519.SH,2026-04-03,1431.516,1441.936,1426.976,1431.976,20194
600900.SH,2026-04-03,26.21,26.21,25.87,25.91,656277
601318.SH,2026-04-03,54.85,55.04,54.51,54.52,343678
601857.SH,2026-04-03,12.1,12.17,11.89,12.08,1634103
601899.SH,2026-04-03,32.45,32.53,32.02,32.11,1419991
688981.SH,2026-04-03,93.41,93.94,91.76,91.78,21646163
000651.SZ,2026-04-07,35.48,35.51,35.07,35.33,208341
000858.SZ,2026-04-07,100.822,101.322,99.772,100.532,81548
002594.SZ,2026-04-07,99.142,99.412,97.092,97.622,379697
300750.SZ,2026-04-07,381.672,384.892,373.182,376.282,172576
510300.SH,2026-04-07,4.455,4.47,4.431,4.446,4285686
600036.SH,2026-04-07,38.387,38.597,37.957,37.987,528367
600276.SH,2026-04-07,56.31,56.65,54.8,55.92,401467
600519.SH,2026-04-07,1432.026,1441.976,1407.026,1411.996,24152
600900.SH,2026-04-07,25.92,25.96,25.61,25.69,726272
601318.SH,2026-04-07,54.57,54.82,53.68,53.96,503858
601857.SH,2026-04-07,12.05,12.43,11.9,12.31,1782161
601899.SH,2026-04-07,32.0,32.3,31.53,31.61,1506498
688981.SH,2026-04-07,91.5,96.99,91.2,95.62,45824231
000651.SZ,2026-04-08,35.64,35.86,35.6,35.8,285021
000858.SZ,2026-04-08,101.322,101.622,100.932,101.612,97740
002594.SZ,2026-04-08,98.142,100.922,97.752,100.862,562818
300750.SZ,2026-04-08,388.192,389.342,379.912,382.992,364184
510300.SH,2026-04-08,4.519,4.604,4.517,4.602,9968846
600036.SH,2026-04-08,38.497,38.637,38.187,38.617,669498
600276.SH,2026-04-08,56.81,57.44,55.71,57.25,734463
600519.SH,2026-04-08,1431.976,1441.056,1424.106,1436.996,33836
600900.SH,2026-04-08,25.73,25.79,25.6,25.79,806200
601318.SH,2026-04-08,55.27,56.92,55.27,56.72,1121527
601857.SH,2026-04-08,11.5,11.82,11.36,11.73,3574919
601899.SH,2026-04-08,33.2,33.96,33.2,33.82,4079541
688981.SH,2026-04-08,99.02,101.54,99.02,101.18,54469712
000651.SZ,2026-04-09,35.6,35.78,35.21,35.32,254752
000858.SZ,2026-04-09,100.802,101.112,99.922,100.022,98462
002594.SZ,2026-04-09,99.852,99.852,98.452,98.672,379063
300750.SZ,2026-04-09,385.792,385.972,378.352,381.682,259552
510300.SH,2026-04-09,4.573,4.586,4.56,4.572,7049553
600036.SH,2026-04-09,38.477,38.517,38.117,38.257,535854
600276.SH,2026-04-09,56.72,57.77,56.51,56.76,480755
600519.SH,2026-04-09,1436.996,1436.996,1419.476,1432.466,20705
600900.SH,2026-04-09,25.79,25.79,25.52,25.6,691285
601318.SH,2026-04-09,56.27,56.27,55.57,56.01,570201
601857.SH,2026-04-09,11.77,11.97,11.76,11.85,1871447
601899.SH,2026-04-09,33.19,33.39,32.94,33.1,2206590
688981.SH,2026-04-09,99.4,101.2,99.2,99.72,31071653
000651.SZ,2026-04-10,35.29,35.44,35.15,35.34,171312
000858.SZ,2026-04-10,100.032,100.372,99.422,99.492,122424
002594.SZ,2026-04-10,99.032,101.842,98.672,101.312,605731
300750.SZ,2026-04-10,385.692,410.692,384.372,407.692,507887
510300.SH,2026-04-10,4.588,4.664,4.588,4.642,9063873
600036.SH,2026-04-10,38.317,38.377,38.127,38.207,543202
600276.SH,2026-04-10,57.3,57.94,56.6,56.86,587795
600519.SH,2026-04-10,1431.116,1431.686,1413.076,1425.936,28866
600900.SH,2026-04-10,25.68,25.71,25.53,25.61,665589
601318.SH,2026-04-10,56.27,57.11,56.05,56.09,637912
601857.SH,2026-04-10,11.77,11.82,11.69,11.74,1574714
601899.SH,2026-04-10,33.43,33.78,32.9,32.95,2375710
688981.SH,2026-04-10,101.0,102.79,100.68,101.01,40630514
000651.SZ,2026-04-13,35.28,35.28,35.04,35.16,184075
000858.SZ,2026-04-13,99.062,99.872,98.502,99.842,122634
002594.SZ,2026-04-13,101.212,104.632,100.452,103.892,663136
300750.SZ,2026-04-13,409.692,425.022,407.692,418.822,412399
510300.SH,2026-04-13,4.629,4.66,4.623,4.652,3928926
600036.SH,2026-04-13,38.127,38.157,37.917,37.977,525145
600276.SH,2026-04-13,56.4,56.44,54.81,55.0,796044
600519.SH,2026-04-13,1415.976,1418.476,1404.976,1415.286,25214
600900.SH,2026-04-13,25.6,25.64,25.45,25.63,626264
601318.SH,2026-04-13,55.47,55.48,54.88,55.02,684544
601857.SH,2026-04-13,11.9,11.94,11.66,11.84,1811090
601899.SH,2026-04-13,32.58,33.0,32.51,32.86,1765321
688981.SH,2026-04-13,99.85,102.8,99.72,100.64,35188522
000651.SZ,2026-04-14,35.2,35.35,35.1,35.28,201059
000858.SZ,2026-04-14,99.842,100.822,99.302,100.522,120696
002594.SZ,2026-04-14,102.642,103.832,102.142,103.462,543343
300750.SZ,2026-04-14,413.192,424.182,406.092,422.482,442208
510300.SH,2026-04-14,4.679,4.712,4.663,4.712,4276571
600036.SH,2026-04-14,37.997,38.177,37.947,38.127,503999
600276.SH,2026-04-14,55.15,56.11,54.6,55.98,574457
600519.SH,2026-04-14,1414.576,1420.576,1406.976,1418.876,24233
600900.SH,2026-04-14,25.63,25.71,25.53,25.63,701166
601318.SH,2026-04-14,55.5,56.47,55.4,56.24,675142
601857.SH,2026-04-14,11.71,11.74,11.62,11.68,1416086
601899.SH,2026-04-14,33.69,34.15,33.55,34.0,2988457
688981.SH,2026-04-14,102.1,102.28,100.38,101.52,37091059
000651.SZ,2026-04-15,35.33,35.46,35.21,35.39,223352
000858.SZ,2026-04-15,100.322,101.412,100.102,100.972,115713
002594.SZ,2026-04-15,103.462,104.412,102.142,102.672,428719
300750.SZ,2026-04-15,430.572,431.152,418.762,422.692,373536
510300.SH,2026-04-15,4.732,4.746,4.684,4.694,6759806
600036.SH,2026-04-15,38.247,38.917,38.217,38.897,1052104
600276.SH,2026-04-15,57.74,58.25,56.84,57.53,1029480
600519.SH,2026-04-15,1416.956,1442.766,1413.976,1439.476,34553
600900.SH,2026-04-15,25.62,25.88,25.57,25.76,970566
601318.SH,2026-04-15,56.67,56.99,55.88,55.97,513713
601857.SH,2026-04-15,11.52,11.55,11.39,11.51,1643167
601899.SH,2026-04-15,34.95,35.2,34.01,34.11,2991792
688981.SH,2026-04-15,102.05,106.1,101.8,103.91,70483900
000651.SZ,2026-04-16,35.4,35.52,35.23,35.32,219375
000858.SZ,2026-04-16,100.922,101.422,100.642,100.862,90166
002594.SZ,2026-04-16,102.922,105.612,102.922,105.182,643661
300750.SZ,2026-04-16,432.692,451.692,424.712,445.672,635062
510300.SH,2026-04-16,4.704,4.747,4.7,4.746,8532344
600036.SH,2026-04-16,38.897,39.147,38.747,38.907,617258
600276.SH,2026-04-16,57.78,57.8,56.82,57.27,576718
600519.SH,2026-04-16,1439.426,1449.386,1431.976,1434.816,24513
600900.SH,2026-04-16,25.77,25.91,25.73,25.76,719586
601318.SH,2026-04-16,55.98,56.3,55.52,55.79,544368
601857.SH,2026-04-16,11.43,11.52,11.31,11.4,1536490
601899.SH,2026-04-16,34.2,34.59,34.2,34.5,2009412
688981.SH,2026-04-16,103.5,105.0,103.0,104.18,39372135
000651.SZ,2026-04-17,35.25,35.25,34.93,34.95,389504
000858.SZ,2026-04-17,98.922,99.672,98.622,99.282,167432
002594.SZ,2026-04-17,104.632,105.102,102.762,103.422,442048
300750.SZ,2026-04-17,447.652,449.332,432.702,435.892,365358
510300.SH,2026-04-17,4.737,4.75,4.722,4.739,7361501
600036.SH,2026-04-17,38.847,38.897,38.497,38.517,587925
600276.SH,2026-04-17,57.0,57.0,55.81,56.13,632524
600519.SH,2026-04-17,1371.976,1392.976,1371.846,1379.216,96825
600900.SH,2026-04-17,25.76,25.79,25.59,25.59,836067
601318.SH,2026-04-17,55.67,55.67,54.88,55.19,612324
601857.SH,2026-04-17,11.41,11.45,11.23,11.28,1329297
601899.SH,2026-04-17,34.2,34.3,33.7,33.93,2155828
688981.SH,2026-04-17,103.82,107.3,103.27,105.23,50375527
000651.SZ,2026-04-20,34.93,35.01,34.8,34.94,269786
000858.SZ,2026-04-20,99.242,99.372,98.472,98.772,116961
002594.SZ,2026-04-20,103.422,103.592,102.262,102.552,383677
300750.SZ,2026-04-20,424.692,429.592,417.702,424.192,529278
510300.SH,2026-04-20,4.735,4.777,4.728,4.765,7624578
600036.SH,2026-04-20,38.497,38.897,38.327,38.867,588776
600276.SH,2026-04-20,56.13,56.48,55.63,56.14,433049
600519.SH,2026-04-20,1374.976,1385.916,1371.976,1382.866,36451
600900.SH,2026-04-20,25.62,26.05,25.62,26.05,950418
601318.SH,2026-04-20,55.14,55.94,55.01,55.81,633437
601857.SH,2026-04-20,11.23,11.28,11.05,11.23,1457195
601899.SH,2026-04-20,34.06,34.49,33.9,34.02,2256403
688981.SH,2026-04-20,105.93,108.6,105.01,107.96,54770262
000651.SZ,2026-04-21,34.98,35.2,34.88,34.91,276517
000858.SZ,2026-04-21,98.722,99.242,98.422,98.602,108281
002594.SZ,2026-04-21,102.552,102.832,100.972,101.172,432258
300750.SZ,2026-04-21,426.692,441.822,416.792,439.292,577746
510300.SH,2026-04-21,4.764,4.786,4.73,4.776,6361081
600036.SH,2026-04-21,38.907,39.147,38.857,38.867,545949
600276.SH,2026-04-21,56.15,56.56,55.35,55.55,432751
600519.SH,2026-04-21,1382.976,1391.876,1381.976,1383.986,21754
600900.SH,2026-04-21,26.07,26.36,26.06,26.34,904432
601318.SH,2026-04-21,55.81,56.38,55.3,55.3,544020
601857.SH,2026-04-21,11.19,11.3,11.16,11.22,1139478
601899.SH,2026-04-21,34.18,34.88,33.7,34.86,3119791
688981.SH,2026-04-21,107.33,108.15,105.68,107.46,37258425
000651.SZ,2026-04-22,34.91,34.95,34.61,34.94,227739
000858.SZ,2026-04-22,98.422,98.502,97.882,98.062,144383
002594.SZ,2026-04-22,100.752,102.022,100.242,101.262,343733
300750.SZ,2026-04-22,439.608,446.568,431.728,434.948,460254
510300.SH,2026-04-22,4.76,4.813,4.756,4.811,10125926
600036.SH,2026-04-22,38.867,39.027,38.617,38.737,507595
600276.SH,2026-04-22,55.4,55.74,54.74,55.24,523563
600519.SH,2026-04-22,1386.976,1390.976,1376.956,1381.476,26916
600900.SH,2026-04-22,26.34,26.34,26.03,26.07,741609
601318.SH,2026-04-22,55.3,55.87,54.92,55.3,579570
601857.SH,2026-04-22,11.24,11.26,11.12,11.2,1229405
601899.SH,2026-04-22,34.87,35.06,34.44,34.73,3723920
688981.SH,2026-04-22,106.8,108.08,106.5,107.87,37521674
000651.SZ,2026-04-23,34.95,35.08,34.78,34.96,225089
000858.SZ,2026-04-23,98.062,99.722,97.982,98.602,174023
002594.SZ,2026-04-23,101.212,101.232,98.652,99.622,492164
300750.SZ,2026-04-23,442.098,442.198,433.598,437.498,354310
510300.SH,2026-04-23,4.82,4.834,4.772,4.801,10085181
600036.SH,2026-04-23,38.717,38.857,38.517,38.807,569489
600276.SH,2026-04-23,55.83,57.76,55.83,56.2,963938
600519.SH,2026-04-23,1379.976,1391.676,1377.076,1390.976,37701
600900.SH,2026-04-23,26.07,26.22,25.87,26.16,845908
601318.SH,2026-04-23,55.25,55.85,54.8,55.15,661174
601857.SH,2026-04-23,11.21,11.58,11.16,11.57,2564992
601899.SH,2026-04-23,34.76,34.76,33.34,33.6,3566449
688981.SH,2026-04-23,108.88,109.12,105.2,105.98,44149101
000651.SZ,2026-04-24,34.81,35.16,34.71,35.11,308383
000858.SZ,2026-04-24,98.072,99.342,97.722,98.692,134533
002594.SZ,2026-04-24,99.552,99.552,98.342,99.102,337739
300750.SZ,2026-04-24,440.598,447.048,436.598,443.498,395425
510300.SH,2026-04-24,4.785,4.798,4.75,4.782,7193226
600036.SH,2026-04-24,38.737,38.797,38.357,38.377,629414
600276.SH,2026-04-24,56.3,56.55,55.12,55.85,557798
600519.SH,2026-04-24,1385.076,1430.856,1385.076,1430.466,55455
600900.SH,2026-04-24,26.12,26.16,25.96,26.02,564464
601318.SH,2026-04-24,54.98,55.24,54.33,55.05,554002
601857.SH,2026-04-24,11.46,11.76,11.45,11.68,1945605
601899.SH,2026-04-24,33.22,33.62,32.73,33.51,2577934
688981.SH,2026-04-24,105.58,113.25,104.61,110.96,91070363
000651.SZ,2026-04-27,35.01,35.85,34.98,35.51,451724
000858.SZ,2026-04-27,97.922,97.952,97.472,97.622,191048
002594.SZ,2026-04-27,99.642,103.642,99.522,101.982,601670
300750.SZ,2026-04-27,443.228,447.358,432.398,433.478,330613
510300.SH,2026-04-27,4.786,4.81,4.773,4.782,9280360
600036.SH,2026-04-27,38.517,38.987,38.317,38.377,926168
600276.SH,2026-04-27,55.86,55.87,55.0,55.18,455530
600519.SH,2026-04-27,1391.976,1391.976,1374.176,1375.176,72798
600900.SH,2026-04-27,26.01,26.06,25.83,25.87,562599
601318.SH,2026-04-27,55.07,55.82,54.73,54.82,640671
601857.SH,2026-04-27,11.63,11.8,11.57,11.71,1821517
601899.SH,2026-04-27,33.2,33.45,32.68,32.76,2310885
688981.SH,2026-04-27,113.25,117.69,112.6,116.58,97029586
000651.SZ,2026-04-28,35.41,36.47,35.36,36.44,725043
000858.SZ,2026-04-28,97.502,97.712,97.322,97.622,123415
002594.SZ,2026-04-28,101.492,102.942,100.982,101.122,361550
300750.SZ,2026-04-28,424.788,431.898,421.598,426.268,350121
510300.SH,2026-04-28,4.766,4.79,4.757,4.77,8644202
600036.SH,2026-04-28,38.377,38.627,38.257,38.597,669305
600276.SH,2026-04-28,55.18,57.15,54.6,54.64,903120
600519.SH,2026-04-28,1373.976,1381.366,1372.086,1376.976,34004
600900.SH,2026-04-28,25.89,25.99,25.82,25.94,700608
601318.SH,2026-04-28,54.74,55.38,54.47,54.9,624602
601857.SH,2026-04-28,11.67,11.94,11.62,11.93,1816653
601899.SH,2026-04-28,32.53,32.66,32.08,32.15,2070092
688981.SH,2026-04-28,115.24,117.64,113.02,114.0,62500730
000651.SZ,2026-04-29,37.99,38.88,37.6,38.47,2007041
000858.SZ,2026-04-29,95.302,96.002,94.462,95.762,338635
002594.SZ,2026-04-29,101.112,105.282,100.642,105.042,1056558
300750.SZ,2026-04-29,430.598,443.748,426.598,443.598,376336
510300.SH,2026-04-29,4.755,4.828,4.755,4.821,12796798
600036.SH,2026-04-29,37.907,38.017,37.337,37.497,2533117
600276.SH,2026-04-29,54.63,54.88,54.0,54.79,591509
600519.SH,2026-04-29,1376.976,1381.726,1372.256,1373.146,34813
600900.SH,2026-04-29,25.92,26.01,25.81,25.98,855961
601318.SH,2026-04-29,54.89,56.86,54.86,56.7,1609315
601857.SH,2026-04-29,11.95,12.11,11.9,12.0,1729879
601899.SH,2026-04-29,31.75,33.4,31.71,33.34,3034995
688981.SH,2026-04-29,113.35,113.82,109.78,112.47,51488254
000651.SZ,2026-04-30,38.49,38.86,38.05,38.05,764382
000858.SZ,2026-04-30,95.162,95.372,94.422,94.502,248209
002594.SZ,2026-04-30,104.182,105.092,102.012,102.622,600979
300750.SZ,2026-04-30,445.098,448.098,434.598,434.598,298121
510300.SH,2026-04-30,4.83,4.841,4.808,4.824,16517864
600036.SH,2026-04-30,37.397,37.507,37.117,37.267,1169574
600276.SH,2026-04-30,54.84,54.84,53.61,53.68,712485
600519.SH,2026-04-30,1371.976,1373.146,1351.976,1356.766,52753
600900.SH,2026-04-30,26.3,26.63,26.15,26.53,1914637
601318.SH,2026-04-30,56.39,57.87,56.39,56.64,1063010
601857.SH,2026-04-30,12.0,12.09,11.88,11.97,1607274
601899.SH,2026-04-30,32.9,33.22,32.28,32.5,2403899
688981.SH,2026-04-30,113.31,119.88,113.3,118.73,101838285
000651.SZ,2026-05-06,38.0,38.15,37.51,37.95,617800
000858.SZ,2026-05-06,88.202,91.922,87.522,89.682,871599
002594.SZ,2026-05-06,101.342,101.532,99.842,100.392,670487
300750.SZ,2026-05-06,456.098,464.478,447.228,458.598,473727
510300.SH,2026-05-06,4.866,4.914,4.852,4.888,18677828
600036.SH,2026-05-06,37.287,37.347,36.817,36.997,1431771
600276.SH,2026-05-06,53.78,53.91,53.2,53.43,665748
600519.SH,2026-05-06,1337.076,1350.976,1332.026,1346.976,47806
600900.SH,2026-05-06,26.55,26.55,26.25,26.41,1237750
601318.SH,2026-05-06,56.65,57.11,56.32,56.63,905083
601857.SH,2026-05-06,11.74,11.75,11.58,11.64,1754401
601899.SH,2026-05-06,32.7,33.58,32.41,33.41,3990720
688981.SH,2026-05-06,122.0,128.12,121.74,123.1,129294051
000651.SZ,2026-05-07,37.9,38.27,37.75,37.89,437508
000858.SZ,2026-05-07,89.852,91.272,89.852,90.022,536278
002594.SZ,2026-05-07,100.692,100.902,99.652,100.102,468846
300750.SZ,2026-05-07,467.348,467.348,445.598,450.238,386213
510300.SH,2026-05-07,4.905,4.914,4.879,4.912,20946226
600036.SH,2026-05-07,37.047,37.157,36.937,36.947,790090
600276.SH,2026-05-07,53.68,54.23,53.2,53.48,623452
600519.SH,2026-05-07,1346.976,1359.976,1341.986,1343.026,40461
600900.SH,2026-05-07,26.39,26.41,26.11,26.26,973283
601318.SH,2026-05-07,56.87,58.38,56.87,57.31,1313748
601857.SH,2026-05-07,11.4,11.48,10.98,11.02,2697784
601899.SH,2026-05-07,34.04,34.37,33.32,33.66,3360414
688981.SH,2026-05-07,125.11,127.48,122.22,125.34,84277403
000651.SZ,2026-05-08,37.85,38.19,37.77,37.91,387756
000858.SZ,2026-05-08,90.022,90.222,89.082,89.552,259641
002594.SZ,2026-05-08,100.112,100.642,99.442,99.662,382158
300750.SZ,2026-05-08,447.598,454.098,434.798,435.598,366049
510300.SH,2026-05-08,4.89,4.902,4.862,4.886,12535649
600036.SH,2026-05-08,37.027,37.177,36.897,36.937,869539
600276.SH,2026-05-08,53.68,53.72,52.48,52.6,802415
600519.SH,2026-05-08,1343.636,1354.746,1341.976,1344.966,33369
600900.SH,2026-05-08,26.27,26.37,26.19,26.21,804423
601318.SH,2026-05-08,57.17,57.53,57.01,57.33,732049
601857.SH,2026-05-08,11.08,11.09,10.78,10.87,1799663
601899.SH,2026-05-08,33.22,34.2,33.04,34.0,3012482
688981.SH,2026-05-08,122.9,123.19,120.05,120.31,70861810
000651.SZ,2026-05-11,37.85,38.7,37.6,38.46,679354
000858.SZ,2026-05-11,89.452,89.712,88.792,89.232,269325
002594.SZ,2026-05-11,99.662,100.372,98.642,100.082,482810
300750.SZ,2026-05-11,438.598,449.108,433.698,444.708,341901
510300.SH,2026-05-11,4.911,4.98,4.9,4.966,21165218
600036.SH,2026-05-11,36.947,36.977,36.697,36.967,925489
600276.SH,2026-05-11,52.6,53.59,51.92,53.32,1023063
600519.SH,2026-05-11,1344.866,1344.866,1332.976,1333.306,57135
600900.SH,2026-05-11,26.26,26.41,26.16,26.22,1030953
601318.SH,2026-05-11,57.05,57.82,56.53,57.37,961991
601857.SH,2026-05-11,10.96,10.99,10.77,10.86,1740186
601899.SH,2026-05-11,33.75,33.92,33.05,33.47,3037097
688981.SH,2026-05-11,122.99,124.57,121.9,122.52,81485972
000651.SZ,2026-05-12,38.45,38.85,38.22,38.34,464725
000858.SZ,2026-05-12,89.222,89.352,87.922,87.982,372974
002594.SZ,2026-05-12,99.612,99.742,98.742,98.872,353441
300750.SZ,2026-05-12,445.188,445.448,427.888,429.848,341515
510300.SH,2026-05-12,4.975,4.987,4.944,4.963,10021705
600036.SH,2026-05-12,36.977,37.137,36.857,36.897,967299
600276.SH,2026-05-12,53.33,58.67,52.55,55.91,2465400
600519.SH,2026-05-12,1333.976,1335.556,1322.476,1326.526,50837
600900.SH,2026-05-12,26.22,26.38,26.12,26.25,1011762
601318.SH,2026-05-12,57.37,57.77,56.52,56.67,690007
601857.SH,2026-05-12,10.88,11.05,10.84,10.94,2164022
601899.SH,2026-05-12,34.16,34.53,33.7,33.78,4169460
688981.SH,2026-05-12,124.44,125.44,120.0,121.98,81773234
000651.SZ,2026-05-13,38.29,38.56,38.08,38.3,337820
000858.SZ,2026-05-13,87.992,88.252,86.162,86.572,467201
002594.SZ,2026-05-13,98.872,98.892,97.452,98.242,456194
300750.SZ,2026-05-13,429.608,435.178,425.678,432.648,316858
510300.SH,2026-05-13,4.94,5.023,4.939,5.017,12726150
600036.SH,2026-05-13,36.957,37.087,36.847,36.877,718304
600276.SH,2026-05-13,55.91,57.06,55.46,55.66,1327791
600519.SH,2026-05-13,1326.476,1330.576,1309.976,1316.066,56968
600900.SH,2026-05-13,26.29,26.5,26.18,26.21,1396919
601318.SH,2026-05-13,56.59,56.89,54.9,55.31,1034345
601857.SH,2026-05-13,11.02,11.05,10.79,10.87,1683272
601899.SH,2026-05-13,34.3,34.45,33.65,33.86,3224803
688981.SH,2026-05-13,119.0,122.5,116.04,121.86,95495148
000651.SZ,2026-05-14,38.25,38.59,38.12,38.22,373002
000858.SZ,2026-05-14,86.232,88.702,85.202,86.412,503148
002594.SZ,2026-05-14,98.642,99.642,98.092,98.372,339180
300750.SZ,2026-05-14,447.978,449.048,425.598,425.598,347046
510300.SH,2026-05-14,5.037,5.041,4.931,4.941,10281646
600036.SH,2026-05-14,36.807,37.017,36.727,36.807,867868
600276.SH,2026-05-14,55.6,56.54,54.08,54.12,917227
600519.SH,2026-05-14,1309.976,1341.036,1307.156,1314.146,55244
600900.SH,2026-05-14,26.19,26.29,26.06,26.15,1102942
601318.SH,2026-05-14,55.53,55.79,54.12,54.17,907187
601857.SH,2026-05-14,10.86,11.07,10.82,11.0,2022432
601899.SH,2026-05-14,33.69,33.96,32.7,32.72,2769481
688981.SH,2026-05-14,121.92,124.04,117.0,117.9,79065015
000651.SZ,2026-05-15,38.09,38.68,37.92,38.28,489796
000858.SZ,2026-05-15,85.422,85.502,84.042,84.292,361179
002594.SZ,2026-05-15,97.642,97.672,95.902,95.942,466217
300750.SZ,2026-05-15,426.678,430.098,419.598,422.198,297049
510300.SH,2026-05-15,4.935,4.954,4.852,4.878,10479024
600036.SH,2026-05-15,36.807,36.967,36.607,36.647,821738
600276.SH,2026-05-15,53.88,55.46,53.55,53.79,765989
600519.SH,2026-05-15,1307.126,1311.256,1299.086,1304.926,58184
600900.SH,2026-05-15,26.11,26.36,25.93,26.24,1187555
601318.SH,2026-05-15,54.25,54.41,52.56,52.77,1181904
601857.SH,2026-05-15,10.96,11.35,10.94,11.26,2336426
601899.SH,2026-05-15,32.19,32.2,30.7,31.04,4482822
688981.SH,2026-05-15,121.0,125.0,118.48,119.02,132810054
000651.SZ,2026-05-18,38.24,38.6,37.61,37.71,402091
000858.SZ,2026-05-18,84.072,84.072,82.622,82.992,393631
002594.SZ,2026-05-18,94.982,95.582,93.942,94.152,354613
300750.SZ,2026-05-18,419.178,421.498,412.598,415.828,284983
510300.SH,2026-05-18,4.855,4.885,4.819,4.852,5835764
600036.SH,2026-05-18,36.647,36.657,36.347,36.467,707684
600276.SH,2026-05-18,53.58,53.6,51.99,52.23,786609
600519.SH,2026-05-18,1307.976,1314.656,1291.586,1294.976,49661
600900.SH,2026-05-18,26.25,26.39,26.02,26.1,915898
601318.SH,2026-05-18,52.67,52.73,51.67,52.16,810415
601857.SH,2026-05-18,11.35,11.5,11.18,11.29,1549238
601899.SH,2026-05-18,30.1,30.57,29.91,30.5,2887987
688981.SH,2026-05-18,117.4,120.34,115.6,117.62,74896919
000651.SZ,2026-05-19,37.7,37.9,37.45,37.56,400946
000858.SZ,2026-05-19,83.222,84.672,82.832,83.202,304941
002594.SZ,2026-05-19,94.152,95.722,93.442,95.642,296184
300750.SZ,2026-05-19,414.458,418.498,405.398,416.518,260877
510300.SH,2026-05-19,4.843,4.874,4.789,4.869,9674999
600036.SH,2026-05-19,36.477,36.737,36.337,36.367,719910
600276.SH,2026-05-19,52.1,52.71,51.13,51.39,699095
600519.SH,2026-05-19,1293.876,1301.966,1289.976,1296.276,43255
600900.SH,2026-05-19,26.1,26.56,25.98,26.46,1725646
601318.SH,2026-05-19,52.28,52.48,51.39,51.75,839122
601857.SH,2026-05-19,11.22,11.34,11.13,11.31,1283852
601899.SH,2026-05-19,30.5,30.59,29.84,30.36,1808601
688981.SH,2026-05-19,116.16,118.88,112.68,118.82,84026978
000651.SZ,2026-05-20,37.56,37.72,37.16,37.51,342672
000858.SZ,2026-05-20,82.632,83.482,81.962,82.892,304617
002594.SZ,2026-05-20,94.942,95.132,92.942,93.002,415010
300750.SZ,2026-05-20,415.598,421.588,411.258,413.348,281190
510300.SH,2026-05-20,4.845,4.882,4.84,4.871,9597201
600036.SH,2026-05-20,36.367,36.437,36.167,36.167,693184
600276.SH,2026-05-20,51.31,51.76,50.18,50.75,827046
600519.SH,2026-05-20,1292.976,1304.966,1285.976,1286.976,47487
600900.SH,2026-05-20,26.46,26.49,26.08,26.11,1284344
601318.SH,2026-05-20,51.67,51.67,51.1,51.38,743889
601857.SH,2026-05-20,11.32,11.5,11.32,11.38,1230242
601899.SH,2026-05-20,29.73,29.84,29.12,29.59,3144897
688981.SH,2026-05-20,118.0,136.63,117.5,133.81,224880056
000651.SZ,2026-05-21,37.51,37.6,36.82,36.86,362240
000858.SZ,2026-05-21,82.932,84.622,82.652,82.772,326630
002594.SZ,2026-05-21,93.052,95.842,93.052,93.152,373950
300750.SZ,2026-05-21,418.468,426.218,410.018,410.228,338672
510300.SH,2026-05-21,4.897,4.954,4.801,4.808,12055773
600036.SH,2026-05-21,36.177,36.337,36.107,36.147,725200
600276.SH,2026-05-21,50.83,52.59,50.68,51.25,994025
600519.SH,2026-05-21,1284.956,1295.496,1282.976,1282.976,38868
600900.SH,2026-05-21,26.07,26.18,25.84,25.87,1166100
601318.SH,2026-05-21,51.72,52.6,50.95,51.03,1035931
601857.SH,2026-05-21,11.12,11.23,10.92,11.04,2095413
601899.SH,2026-05-21,30.11,30.45,29.13,29.19,2956155
688981.SH,2026-05-21,134.0,137.63,127.1,127.22,154677671
000651.SZ,2026-05-22,36.9,36.99,36.42,36.74,386700
000858.SZ,2026-05-22,83.002,83.022,81.452,81.452,260371
002594.SZ,2026-05-22,93.192,93.832,92.252,93.392,268592
300750.SZ,2026-05-22,413.298,415.098,408.598,409.758,277884
510300.SH,2026-05-22,4.828,4.868,4.807,4.862,13250518
600036.SH,2026-05-22,36.097,36.327,35.967,36.017,797617
600276.SH,2026-05-22,51.35,51.38,50.2,50.27,677620
600519.SH,2026-05-22,1282.926,1283.886,1262.096,1262.176,49157
600900.SH,2026-05-22,25.94,25.97,25.71,25.77,915888
601318.SH,2026-05-22,51.38,51.47,50.74,50.95,669699
601857.SH,2026-05-22,11.03,11.06,10.76,10.83,1457316
601899.SH,2026-05-22,29.36,30.34,29.08,30.16,2681039
688981.SH,2026-05-22,129.33,132.18,126.5,131.33,119947788
000651.SZ,2026-05-25,36.74,37.12,36.4,36.63,325133
000858.SZ,2026-05-25,81.052,82.412,80.442,81.562,292025
002594.SZ,2026-05-25,94.642,96.852,94.642,95.602,405995
300750.SZ,2026-05-25,409.878,413.098,398.598,401.478,381977
510300.SH,2026-05-25,4.88,4.938,4.872,4.937,16250559
600036.SH,2026-05-25,36.007,36.257,35.897,35.937,710668
600276.SH,2026-05-25,49.81,49.82,48.82,49.23,838355
600519.SH,2026-05-25,1258.976,1276.766,1248.976,1257.856,46353
600900.SH,2026-05-25,25.81,26.04,25.76,25.88,841544
601318.SH,2026-05-25,51.1,52.25,50.85,51.49,867977
601857.SH,2026-05-25,10.53,10.73,10.45,10.48,1536803
601899.SH,2026-05-25,30.84,31.2,30.29,30.55,2840462
688981.SH,2026-05-25,136.0,157.6,136.0,156.0,252180226
000651.SZ,2026-05-26,36.6,37.0,36.47,36.88,336834
000858.SZ,2026-05-26,81.162,82.012,80.302,80.782,277304
002594.SZ,2026-05-26,95.442,96.562,94.152,96.192,386524
300750.SZ,2026-05-26,404.788,407.368,398.958,401.098,350627
510300.SH,2026-05-26,4.912,4.975,4.91,4.972,9686752
600036.SH,2026-05-26,35.937,36.287,35.897,35.997,706203
600276.SH,2026-05-26,48.88,49.97,48.6,49.0,713746
600519.SH,2026-05-26,1257.326,1261.866,1241.986,1245.356,45932
600900.SH,2026-05-26,25.87,26.36,25.8,26.35,1626530
601318.SH,2026-05-26,51.42,52.37,51.16,51.54,910010
601857.SH,2026-05-26,10.48,10.74,10.46,10.71,1614188
601899.SH,2026-05-26,30.36,32.18,30.22,32.1,4437216
688981.SH,2026-05-26,150.73,154.44,145.5,149.18,179924241
000651.SZ,2026-05-27,36.8,37.08,36.24,36.61,384820
000858.SZ,2026-05-27,80.422,83.672,79.122,81.312,603801
002594.SZ,2026-05-27,95.642,96.912,94.302,94.862,362374
300750.SZ,2026-05-27,412.518,427.498,409.888,413.398,533729
510300.SH,2026-05-27,4.963,4.993,4.913,4.932,6405215
600036.SH,2026-05-27,36.007,36.187,35.777,35.997,845146
600276.SH,2026-05-27,48.88,51.3,48.45,50.37,961153
600519.SH,2026-05-27,1239.996,1290.976,1222.076,1274.976,82728
600900.SH,2026-05-27,26.27,26.54,26.22,26.45,1112715
601318.SH,2026-05-27,51.55,51.56,50.33,50.54,862011
601857.SH,2026-05-27,10.65,10.68,10.36,10.55,1808211
601899.SH,2026-05-27,31.78,32.09,30.73,30.82,2616966
688981.SH,2026-05-27,150.0,153.52,145.0,146.22,123498375
000651.SZ,2026-05-28,36.4,36.49,35.8,35.88,376929
000858.SZ,2026-05-28,79.982,80.252,78.722,78.912,362379
002594.SZ,2026-05-28,94.862,95.632,93.672,95.522,314590
300750.SZ,2026-05-28,418.598,419.178,404.798,414.278,327771
510300.SH,2026-05-28,4.917,4.948,4.866,4.932,4396498
600036.SH,2026-05-28,36.047,36.427,35.967,36.117,995791
600276.SH,2026-05-28,50.06,50.58,47.85,48.0,978697
600519.SH,2026-05-28,1261.976,1275.976,1242.976,1247.956,45890
600900.SH,2026-05-28,26.46,26.58,26.32,26.43,1146573
601318.SH,2026-05-28,50.53,50.67,49.42,49.74,875600
601857.SH,2026-05-28,10.51,10.71,10.48,10.55,1476741
601899.SH,2026-05-28,30.2,30.4,29.28,29.91,3109909
688981.SH,2026-05-28,146.0,159.05,146.0,153.7,160823175
000651.SZ,2026-05-29,36.0,37.38,36.0,37.17,694772
000858.SZ,2026-05-29,78.412,83.012,78.302,82.312,601101
002594.SZ,2026-05-29,98.542,99.142,95.772,95.822,606294
300750.SZ,2026-05-29,421.598,429.458,415.148,422.598,498119
510300.SH,2026-05-29,4.946,4.978,4.9,4.923,6566854
600036.SH,2026-05-29,36.097,37.037,35.927,37.007,1531384
600276.SH,2026-05-29,48.02,50.52,47.62,50.19,1300405
600519.SH,2026-05-29,1242.576,1300.976,1241.976,1297.976,76478
600900.SH,2026-05-29,26.41,26.97,26.29,26.96,2134371
601318.SH,2026-05-29,49.86,50.95,49.78,50.77,1000113
601857.SH,2026-05-29,10.55,10.69,10.41,10.62,1896970
601899.SH,2026-05-29,30.52,30.58,29.38,29.64,2610250
688981.SH,2026-05-29,150.92,152.38,138.49,139.91,153681264
000651.SZ,2026-06-01,36.9,37.29,36.63,37.09,486477
000858.SZ,2026-06-01,81.372,81.372,80.252,80.832,279987
002594.SZ,2026-06-01,95.822,95.862,93.242,93.292,445981
300750.SZ,2026-06-01,430.698,436.838,416.778,418.698,386005
510300.SH,2026-06-01,4.923,4.94,4.861,4.868,4990927
600036.SH,2026-06-01,36.997,37.197,36.797,37.197,961379
600276.SH,2026-06-01,50.32,51.2,49.0,49.17,946653
600519.SH,2026-06-01,1298.976,1298.976,1273.286,1281.576,43845
600900.SH,2026-06-01,26.95,27.08,26.76,26.98,1392781
601318.SH,2026-06-01,50.76,51.37,50.42,51.12,775307
601857.SH,2026-06-01,10.6,10.74,10.48,10.57,1968312
601899.SH,2026-06-01,29.42,29.9,29.32,29.39,1751622
688981.SH,2026-06-01,139.76,140.8,132.04,132.44,100884914
000651.SZ,2026-06-02,37.09,37.73,37.0,37.52,462828
000858.SZ,2026-06-02,80.802,81.402,79.842,80.132,238179
002594.SZ,2026-06-02,95.642,96.522,93.952,96.402,554964
300750.SZ,2026-06-02,423.598,436.348,421.598,432.488,387982
510300.SH,2026-06-02,4.867,4.956,4.856,4.936,6809437
600036.SH,2026-06-02,37.157,37.877,37.047,37.797,1256970
600276.SH,2026-06-02,48.82,49.1,47.9,48.4,611443
600519.SH,2026-06-02,1277.976,1298.336,1272.976,1279.196,36362
600900.SH,2026-06-02,27.03,27.36,26.83,27.17,1257574
601318.SH,2026-06-02,51.13,51.82,50.89,51.35,784941
601857.SH,2026-06-02,10.63,10.83,10.33,10.41,2353928
601899.SH,2026-06-02,29.56,30.94,29.32,30.78,3333214
688981.SH,2026-06-02,132.98,135.5,129.3,132.48,92368820
000651.SZ,2026-06-03,37.52,37.68,37.33,37.5,298355
000858.SZ,2026-06-03,80.022,80.392,79.042,79.772,211544
002594.SZ,2026-06-03,95.642,95.642,94.142,94.462,370434
300750.SZ,2026-06-03,435.598,435.598,418.698,425.018,385526
510300.SH,2026-06-03,4.938,5.016,4.928,4.965,7604619
600036.SH,2026-06-03,37.807,37.807,37.247,37.497,881275
600276.SH,2026-06-03,48.1,48.18,47.2,47.2,815364
600519.SH,2026-06-03,1275.976,1275.976,1247.976,1253.886,52477
600900.SH,2026-06-03,27.06,27.19,26.72,27.1,1143006
601318.SH,2026-06-03,51.33,51.47,50.77,50.97,625066
601857.SH,2026-06-03,10.45,10.62,10.19,10.6,2299809
601899.SH,2026-06-03,30.21,31.02,30.15,30.47,2529803
688981.SH,2026-06-03,132.0,138.75,131.85,134.0,99212745
000651.SZ,2026-06-04,37.5,37.86,36.8,36.88,390448
000858.SZ,2026-06-04,79.772,80.212,78.522,78.522,204211
002594.SZ,2026-06-04,93.242,94.032,92.742,93.082,318712
300750.SZ,2026-06-04,425.018,425.498,405.778,406.798,431155
510300.SH,2026-06-04,4.919,4.961,4.91,4.926,6097283
600036.SH,2026-06-04,37.397,37.647,36.987,37.097,738841
600276.SH,2026-06-04,47.0,47.88,46.51,46.63,639249
600519.SH,2026-06-04,1250.966,1260.966,1238.666,1239.976,33506
600900.SH,2026-06-04,27.04,27.17,26.82,26.93,874972
601318.SH,2026-06-04,50.88,51.35,50.31,50.5,576226
601857.SH,2026-06-04,10.44,10.51,10.3,10.4,1349655
601899.SH,2026-06-04,30.1,30.15,29.42,29.54,2062166
688981.SH,2026-06-04,131.0,137.57,130.0,134.88,77852688
000651.SZ,2026-06-05,36.7,37.27,36.42,36.46,367641
000858.SZ,2026-06-05,78.922,79.842,78.452,78.502,219364
002594.SZ,2026-06-05,93.162,93.642,91.942,92.652,339969
300750.SZ,2026-06-05,406.488,411.248,401.298,401.598,287389
510300.SH,2026-06-05,4.909,4.948,4.825,4.843,6182927
600036.SH,2026-06-05,37.177,37.697,37.107,37.577,778709
600276.SH,2026-06-05,47.48,48.72,47.0,47.08,930264
600519.SH,2026-06-05,1249.976,1254.976,1239.716,1244.836,31304
600900.SH,2026-06-05,26.93,27.31,26.72,26.82,1094136
601318.SH,2026-06-05,50.57,51.85,50.51,50.75,937165
601857.SH,2026-06-05,10.35,10.55,10.3,10.36,1371556
601899.SH,2026-06-05,29.5,30.05,28.73,28.83,2716213
688981.SH,2026-06-05,131.0,134.75,126.7,127.4,93457433
000651.SZ,2026-06-08,36.21,36.59,35.93,36.11,342635
000858.SZ,2026-06-08,78.432,79.112,76.982,77.382,275252
002594.SZ,2026-06-08,90.642,91.662,89.942,90.832,316844
300750.SZ,2026-06-08,394.398,401.278,389.298,391.618,286526
510300.SH,2026-06-08,4.79,4.808,4.705,4.739,9232724
600036.SH,2026-06-08,37.397,37.757,37.357,37.497,769478
600276.SH,2026-06-08,46.6,47.72,45.55,45.94,684211
600519.SH,2026-06-08,1243.976,1249.976,1231.976,1234.956,30828
600900.SH,2026-06-08,26.71,26.82,26.47,26.72,1180655
601318.SH,2026-06-08,50.33,51.23,50.17,50.65,720540
601857.SH,2026-06-08,10.34,10.74,10.26,10.7,2625498
601899.SH,2026-06-08,27.48,27.93,26.78,27.25,3775320
688981.SH,2026-06-08,120.0,124.28,120.0,121.92,78122559
000651.SZ,2026-06-09,36.02,36.08,35.59,35.88,397146
000858.SZ,2026-06-09,77.322,77.422,76.302,76.532,218412
002594.SZ,2026-06-09,90.862,91.562,89.672,91.532,281927
300750.SZ,2026-06-09,398.588,400.468,386.598,398.098,277351
510300.SH,2026-06-09,4.764,4.828,4.741,4.826,4361645
600036.SH,2026-06-09,37.497,37.637,37.397,37.487,664500
600276.SH,2026-06-09,46.34,46.6,45.26,46.38,621286
600519.SH,2026-06-09,1234.966,1234.976,1224.526,1227.976,27860
600900.SH,2026-06-09,26.72,26.91,26.6,26.84,882536
601318.SH,2026-06-09,50.45,51.32,50.42,51.2,710030
601857.SH,2026-06-09,10.47,10.61,10.05,10.09,2410790
601899.SH,2026-06-09,27.34,27.73,26.8,27.67,2513161
688981.SH,2026-06-09,123.5,128.03,120.89,127.3,76966277
000651.SZ,2026-06-10,35.86,36.39,35.62,36.2,347450
000858.SZ,2026-06-10,76.452,77.172,76.022,76.562,230726
002594.SZ,2026-06-10,90.642,90.642,89.742,89.952,241287
300750.SZ,2026-06-10,393.878,397.598,383.718,387.098,244357
510300.SH,2026-06-10,4.79,4.814,4.751,4.784,3931623
600036.SH,2026-06-10,37.447,38.077,37.377,37.897,935861
600276.SH,2026-06-10,46.1,47.38,45.91,47.01,621576
600519.SH,2026-06-10,1224.056,1253.976,1222.186,1247.856,39244
600900.SH,2026-06-10,26.81,27.03,26.64,26.9,887500
601318.SH,2026-06-10,51.27,52.5,51.12,52.24,903235
601857.SH,2026-06-10,10.09,10.09,9.89,9.99,1389160
601899.SH,2026-06-10,26.8,27.2,26.4,26.9,3044088
688981.SH,2026-06-10,125.0,131.18,124.5,125.34,66909414
000651.SZ,2026-06-11,36.13,36.65,35.99,36.5,384456
000858.SZ,2026-06-11,76.202,77.402,75.072,77.212,378196
002594.SZ,2026-06-11,89.742,90.442,88.522,89.442,315087
300750.SZ,2026-06-11,385.578,389.938,378.628,380.798,268654
510300.SH,2026-06-11,4.766,4.793,4.718,4.751,4160688
600036.SH,2026-06-11,37.927,38.087,37.567,37.727,594454
600276.SH,2026-06-11,46.7,47.2,46.22,46.98,473374
600519.SH,2026-06-11,1244.096,1254.856,1238.886,1250.976,25352
600900.SH,2026-06-11,26.9,27.16,26.81,27.1,991250
601318.SH,2026-06-11,52.24,52.99,51.37,51.66,647641
601857.SH,2026-06-11,10.13,10.2,9.96,10.12,1855876
601899.SH,2026-06-11,26.4,26.89,26.0,26.53,3231431
688981.SH,2026-06-11,124.0,129.08,123.01,127.4,62627599
000651.SZ,2026-06-12,36.35,36.63,36.1,36.53,461327
000858.SZ,2026-06-12,76.812,78.342,76.632,77.342,358344
002594.SZ,2026-06-12,89.542,91.422,88.892,91.242,385352
300750.SZ,2026-06-12,388.588,398.138,381.898,393.448,414208
510300.SH,2026-06-12,4.81,4.846,4.789,4.818,7808859
600036.SH,2026-06-12,37.587,38.347,37.337,38.337,1119834
600276.SH,2026-06-12,47.2,48.95,46.56,48.49,1002990
600519.SH,2026-06-12,1243.156,1266.976,1236.986,1263.886,50495
600900.SH,2026-06-12,26.98,27.5,26.88,27.49,1494245
601318.SH,2026-06-12,51.48,53.26,51.13,53.03,1102953
601857.SH,2026-06-12,9.9,10.31,9.9,10.13,2866761
601899.SH,2026-06-12,27.29,28.96,27.01,28.29,5098539
688981.SH,2026-06-12,131.64,134.87,124.37,124.88,81743729
000651.SZ,2026-06-15,36.53,36.54,35.65,35.86,659123
000858.SZ,2026-06-15,77.382,77.702,76.522,77.052,240611
002594.SZ,2026-06-15,91.252,91.542,90.042,90.462,312979
300750.SZ,2026-06-15,400.598,406.498,392.008,396.698,340749
510300.SH,2026-06-15,4.858,4.92,4.839,4.919,16233007
600036.SH,2026-06-15,38.207,38.367,37.727,37.947,977404
600276.SH,2026-06-15,48.44,48.8,47.62,47.88,669408
600519.SH,2026-06-15,1264.676,1264.676,1242.076,1243.076,41586
600900.SH,2026-06-15,27.45,27.45,26.6,26.78,2076612
601318.SH,2026-06-15,53.32,54.98,52.82,53.25,1010577
601857.SH,2026-06-15,10.02,10.1,9.83,9.88,2156630
601899.SH,2026-06-15,29.74,30.55,29.6,30.51,5714756
688981.SH,2026-06-15,128.59,131.0,124.89,130.52,72860409
000651.SZ,2026-06-16,35.82,35.82,35.27,35.29,471443
000858.SZ,2026-06-16,76.812,76.922,75.572,75.752,217566
002594.SZ,2026-06-16,89.992,90.142,89.142,89.282,336019
300750.SZ,2026-06-16,407.478,407.618,397.098,402.128,348393
510300.SH,2026-06-16,4.92,4.933,4.893,4.91,9085294
600036.SH,2026-06-16,37.807,37.887,37.407,37.567,789669
600276.SH,2026-06-16,47.6,48.09,47.14,47.35,502935
600519.SH,2026-06-16,1238.986,1239.856,1226.976,1227.646,34970
600900.SH,2026-06-16,26.62,26.66,26.35,26.4,1205993
601318.SH,2026-06-16,53.01,53.11,51.77,52.01,812508
601857.SH,2026-06-16,9.85,9.92,9.7,9.7,1660936
601899.SH,2026-06-16,30.2,30.3,29.4,29.49,2922715
688981.SH,2026-06-16,131.0,134.34,127.93,130.14,74558301
000651.SZ,2026-06-17,35.33,35.4,35.02,35.15,365021
000858.SZ,2026-06-17,75.722,76.122,74.672,74.912,222588
002594.SZ,2026-06-17,88.642,88.942,86.642,87.112,495267
300750.SZ,2026-06-17,398.598,401.898,394.178,397.598,250093
510300.SH,2026-06-17,4.898,4.96,4.894,4.958,13911870
600036.SH,2026-06-17,37.677,37.847,37.137,37.227,660452
600276.SH,2026-06-17,47.37,47.66,46.78,46.99,518239
600519.SH,2026-06-17,1229.976,1231.746,1210.536,1211.976,44803
600900.SH,2026-06-17,26.43,26.48,26.12,26.21,1034442
601318.SH,2026-06-17,52.26,52.36,51.52,51.78,653906
601857.SH,2026-06-17,9.66,9.68,9.48,9.52,1401834
601899.SH,2026-06-17,29.7,30.15,29.32,29.63,2229817
688981.SH,2026-06-17,127.91,134.88,126.68,134.7,96356212
000651.SZ,2026-06-18,35.1,35.29,34.64,34.72,551841
000858.SZ,2026-06-18,74.702,74.782,73.272,73.272,326843
002594.SZ,2026-06-18,86.642,88.972,85.722,87.772,435790
300750.SZ,2026-06-18,398.988,408.488,388.518,390.148,385481
510300.SH,2026-06-18,4.943,5.001,4.941,4.984,12933430
600036.SH,2026-06-18,37.147,37.197,36.257,36.257,1003461
600276.SH,2026-06-18,46.99,49.5,46.61,48.42,1185928
600519.SH,2026-06-18,1206.976,1210.846,1183.196,1186.976,57472
600900.SH,2026-06-18,26.14,26.19,25.86,25.87,1295945
601318.SH,2026-06-18,51.61,51.66,48.39,48.4,2178321
601857.SH,2026-06-18,9.54,9.55,9.31,9.33,1282272
601899.SH,2026-06-18,29.16,30.18,28.48,28.89,3620675
688981.SH,2026-06-18,136.11,144.63,132.88,140.7,124493714
000651.SZ,2026-06-22,34.73,35.36,34.27,34.99,509442
000858.SZ,2026-06-22,72.922,74.862,72.212,73.972,356276
002594.SZ,2026-06-22,86.642,87.542,84.242,87.232,637242
300750.SZ,2026-06-22,391.598,411.928,384.598,407.578,594648
510300.SH,2026-06-22,4.983,5.095,4.954,5.091,19131578
600036.SH,2026-06-22,36.007,36.897,35.947,36.647,1100768
600276.SH,2026-06-22,48.2,49.41,47.3,49.36,946321
600519.SH,2026-06-22,1186.286,1224.776,1176.976,1213.386,58251
600900.SH,2026-06-22,25.87,26.3,25.72,26.15,1497329
601318.SH,2026-06-22,48.41,51.31,47.68,51.0,1724972
601857.SH,2026-06-22,9.34,9.52,9.26,9.43,1514545
601899.SH,2026-06-22,28.45,29.7,27.75,29.64,3918476
688981.SH,2026-06-22,140.78,148.0,140.0,145.59,106096058
000651.SZ,2026-06-23,35.2,35.64,34.95,35.28,466967
000858.SZ,2026-06-23,73.572,75.742,71.792,72.182,466103
002594.SZ,2026-06-23,86.552,87.962,84.392,84.642,466217
300750.SZ,2026-06-23,409.598,412.638,389.328,391.108,373741
510300.SH,2026-06-23,5.079,5.095,4.915,4.942,26173354
600036.SH,2026-06-23,36.647,37.187,36.347,36.397,1008007
600276.SH,2026-06-23,49.18,50.92,48.8,48.98,1075827
600519.SH,2026-06-23,1210.976,1235.976,1188.976,1194.426,58004
600900.SH,2026-06-23,26.14,26.46,26.07,26.08,1185655
601318.SH,2026-06-23,50.48,51.45,49.13,49.42,1220116
601857.SH,2026-06-23,9.43,9.58,9.14,9.16,1500455
601899.SH,2026-06-23,29.15,29.2,26.84,26.95,4947402
688981.SH,2026-06-23,143.58,148.3,139.6,141.7,91820109
000651.SZ,2026-06-24,35.0,35.28,34.7,35.11,347526
000858.SZ,2026-06-24,71.962,72.872,70.702,70.722,300078
002594.SZ,2026-06-24,84.142,84.342,82.422,82.942,455735
300750.SZ,2026-06-24,390.598,397.868,385.258,393.958,344271
510300.SH,2026-06-24,4.929,4.978,4.916,4.967,25906734
600036.SH,2026-06-24,36.487,36.577,35.747,35.757,1236166
600276.SH,2026-06-24,48.98,51.36,48.93,50.25,1358812
600519.SH,2026-06-24,1194.626,1213.846,1179.486,1179.656,45335
600900.SH,2026-06-24,26.08,26.21,25.77,25.81,1134561
601318.SH,2026-06-24,49.71,49.9,48.05,48.14,1094158
601857.SH,2026-06-24,9.16,9.28,9.06,9.16,1373454
601899.SH,2026-06-24,26.61,27.17,26.53,26.85,2846096
688981.SH,2026-06-24,141.5,156.35,141.32,151.53,141162383
000651.SZ,2026-06-25,35.06,35.65,34.97,35.16,572196
000858.SZ,2026-06-25,70.472,73.102,70.322,72.422,491432
002594.SZ,2026-06-25,82.442,83.452,80.982,81.842,556432
300750.SZ,2026-06-25,398.478,401.148,391.178,400.498,324046
510300.SH,2026-06-25,4.973,5.055,4.966,5.048,26406087
600036.SH,2026-06-25,35.727,35.987,35.197,35.227,1181162
600276.SH,2026-06-25,49.86,50.8,48.66,50.04,1051386
600519.SH,2026-06-25,1178.976,1198.976,1171.976,1184.076,48446
600900.SH,2026-06-25,25.71,25.79,25.41,25.43,1321876
601318.SH,2026-06-25,47.77,49.48,47.58,48.32,1214523
601857.SH,2026-06-25,9.0,9.05,8.77,8.81,1890052
601899.SH,2026-06-25,25.71,25.96,24.93,25.12,5760700
688981.SH,2026-06-25,152.0,158.66,151.0,156.86,118610237
000651.SZ,2026-06-26,35.17,35.34,34.8,35.02,448351
000858.SZ,2026-06-26,72.322,73.142,70.552,70.592,323521
002594.SZ,2026-06-26,81.152,81.442,77.842,77.842,663208
300750.SZ,2026-06-26,399.598,408.408,379.598,379.598,465253
510300.SH,2026-06-26,5.008,5.015,4.88,4.907,9582429
600036.SH,2026-06-26,35.377,35.467,34.877,34.997,1055410
600276.SH,2026-06-26,50.46,50.73,48.62,48.67,749617
600519.SH,2026-06-26,1199.0,1199.0,1168.1,1168.63,50066
600900.SH,2026-06-26,25.46,25.93,25.36,25.86,1282652
601318.SH,2026-06-26,48.31,48.51,46.22,46.25,1426441
601857.SH,2026-06-26,8.96,9.0,8.76,8.93,1971272
601899.SH,2026-06-26,25.48,25.48,24.44,24.68,3528208
688981.SH,2026-06-26,153.7,156.22,146.5,148.76,107615543
000651.SZ,2026-06-29,35.45,36.19,35.05,35.92,697858
000858.SZ,2026-06-29,70.452,72.722,69.172,71.422,427122
002594.SZ,2026-06-29,77.842,80.592,77.242,79.282,523707
300750.SZ,2026-06-29,385.558,394.598,376.798,390.958,425259
510300.SH,2026-06-29,4.897,4.966,4.866,4.959,14848057
600036.SH,2026-06-29,34.897,35.717,34.397,35.417,1080735
600276.SH,2026-06-29,49.01,53.31,48.43,52.93,1727562
600519.SH,2026-06-29,1169.0,1215.0,1151.01,1194.96,66878
600900.SH,2026-06-29,25.76,26.11,25.47,26.05,1232579
601318.SH,2026-06-29,46.32,47.89,45.92,47.62,1089609
601857.SH,2026-06-29,8.93,9.05,8.74,8.92,1648705
601899.SH,2026-06-29,24.93,25.54,24.56,25.37,3232927
688981.SH,2026-06-29,147.8,152.99,141.0,151.0,102740101
000651.SZ,2026-06-30,36.0,36.4,35.27,35.5,575456
000858.SZ,2026-06-30,70.922,72.342,69.862,71.422,362653
002594.SZ,2026-06-30,79.222,80.192,78.222,79.342,382043
300750.SZ,2026-06-30,391.088,400.958,388.598,391.608,270383
510300.SH,2026-06-30,4.947,5.022,4.942,5.019,20297213
600036.SH,2026-06-30,35.367,35.387,34.347,34.497,1099038
600276.SH,2026-06-30,52.97,53.45,51.7,52.04,1146413
600519.SH,2026-06-30,1187.0,1195.67,1176.0,1185.49,39608
600900.SH,2026-06-30,25.92,26.05,25.59,25.68,1022777
601318.SH,2026-06-30,47.32,47.96,46.37,46.76,949813
601857.SH,2026-06-30,8.89,8.92,8.65,8.68,1738388
601899.SH,2026-06-30,24.63,24.84,24.28,24.72,3107057
688981.SH,2026-06-30,152.05,160.66,150.0,158.82,106679541
000651.SZ,2026-07-01,35.54,35.77,34.83,35.46,597155
000858.SZ,2026-07-01,71.292,72.302,70.002,71.942,380761
002594.SZ,2026-07-01,79.542,81.292,78.192,80.302,503177
300750.SZ,2026-07-01,388.598,389.598,368.598,382.438,440886
510300.SH,2026-07-01,5.009,5.054,4.957,4.998,9626190
600036.SH,2026-07-01,34.517,35.117,34.277,34.907,891221
600276.SH,2026-07-01,51.61,54.08,50.22,53.78,1569308
600519.SH,2026-07-01,1180.1,1196.8,1166.33,1193.01,42474
600900.SH,2026-07-01,25.65,25.93,25.57,25.85,909398
601318.SH,2026-07-01,46.62,49.11,46.21,48.55,1386217
601857.SH,2026-07-01,8.68,8.85,8.64,8.73,1246599
601899.SH,2026-07-01,24.43,25.13,24.0,24.69,3389084
688981.SH,2026-07-01,160.19,166.88,152.31,154.48,114677718
000651.SZ,2026-07-02,35.5,36.25,35.5,36.0,646581
000858.SZ,2026-07-02,72.362,72.862,70.762,70.922,350206
002594.SZ,2026-07-02,81.542,85.312,81.542,83.212,825046
300750.SZ,2026-07-02,386.278,389.588,378.988,380.948,340754
510300.SH,2026-07-02,4.955,4.96,4.835,4.85,13691536
600036.SH,2026-07-02,35.277,35.797,35.127,35.597,944614
600276.SH,2026-07-02,53.8,55.45,53.09,53.49,1320238
600519.SH,2026-07-02,1193.01,1215.52,1190.51,1203.0,50870
600900.SH,2026-07-02,26.0,26.3,25.76,26.16,1400553
601318.SH,2026-07-02,48.37,49.22,47.82,47.94,920130
601857.SH,2026-07-02,8.6,8.89,8.59,8.82,1629198
601899.SH,2026-07-02,25.19,26.54,25.1,25.88,5067417
688981.SH,2026-07-02,146.5,151.69,141.26,144.1,94902364
000651.SZ,2026-07-03,36.21,36.87,35.93,36.33,589543
000858.SZ,2026-07-03,71.062,72.132,70.022,70.632,338250
002594.SZ,2026-07-03,83.372,88.522,83.242,88.112,838982
300750.SZ,2026-07-03,380.558,386.548,377.598,378.598,258849
510300.SH,2026-07-03,4.83,4.927,4.828,4.876,19983308
600036.SH,2026-07-03,35.667,36.057,35.347,35.827,853124
600276.SH,2026-07-03,54.55,55.15,53.28,54.45,1098671
600519.SH,2026-07-03,1205.24,1210.14,1185.0,1194.45,34268
600900.SH,2026-07-03,26.17,26.44,26.02,26.26,1028243
601318.SH,2026-07-03,48.52,48.8,47.33,48.11,803331
601857.SH,2026-07-03,8.87,9.01,8.82,8.97,1463951
601899.SH,2026-07-03,27.08,27.88,26.99,27.4,5386520
688981.SH,2026-07-03,144.89,146.45,140.2,140.31,77041178
000651.SZ,2026-07-06,36.33,37.1,36.06,37.0,619011
000858.SZ,2026-07-06,70.332,71.992,70.062,71.182,345843
002594.SZ,2026-07-06,88.162,88.592,86.252,87.182,485828
300750.SZ,2026-07-06,377.828,380.488,372.648,373.108,216480
510300.SH,2026-07-06,4.9,4.914,4.831,4.877,6179918
600036.SH,2026-07-06,35.697,36.757,35.517,36.727,971544
600276.SH,2026-07-06,54.4,57.77,53.77,56.77,1796982
600519.SH,2026-07-06,1186.0,1215.0,1180.0,1206.91,40970
600900.SH,2026-07-06,26.12,26.41,25.99,26.4,924577
601318.SH,2026-07-06,48.07,49.22,47.83,49.12,944956
601857.SH,2026-07-06,8.9,9.14,8.85,9.09,1376047
601899.SH,2026-07-06,27.22,28.77,27.2,27.86,3700913
688981.SH,2026-07-06,143.4,147.86,135.26,143.99,89663055
000651.SZ,2026-07-07,36.82,36.94,36.3,36.4,401209
000858.SZ,2026-07-07,71.012,71.022,69.102,69.142,356731
002594.SZ,2026-07-07,87.302,88.452,85.512,85.902,389470
300750.SZ,2026-07-07,374.598,377.478,369.358,371.088,208486
510300.SH,2026-07-07,4.858,4.877,4.796,4.826,6986968
600036.SH,2026-07-07,36.717,36.857,36.297,36.547,652587
600276.SH,2026-07-07,56.4,56.5,54.88,55.36,1077221
600519.SH,2026-07-07,1200.0,1202.0,1188.11,1188.8,27365
600900.SH,2026-07-07,26.4,26.67,26.26,26.62,1268220
601318.SH,2026-07-07,48.95,49.24,48.19,48.31,697675
601857.SH,2026-07-07,9.08,9.15,8.93,9.13,1432820
601899.SH,2026-07-07,27.38,27.69,27.01,27.2,2235422
688981.SH,2026-07-07,142.0,149.51,140.16,145.42,68911732
000651.SZ,2026-07-08,36.3,36.7,36.08,36.54,306971
000858.SZ,2026-07-08,69.122,69.692,68.642,68.902,232078
002594.SZ,2026-07-08,85.652,87.982,84.922,87.442,403809
300750.SZ,2026-07-08,372.598,375.278,359.598,359.598,270519
510300.SH,2026-07-08,4.836,4.872,4.793,4.798,4846848
600036.SH,2026-07-08,36.357,36.967,36.147,36.937,767135
600276.SH,2026-07-08,55.57,56.76,53.99,54.01,957827
600519.SH,2026-07-08,1188.77,1200.98,1177.0,1199.3,25776
600900.SH,2026-07-08,26.59,27.36,26.46,27.04,1648440
601318.SH,2026-07-08,48.38,48.82,47.98,48.56,540995
601857.SH,2026-07-08,9.18,9.53,9.15,9.26,2172820
601899.SH,2026-07-08,26.7,27.61,26.38,26.94,1969818
688981.SH,2026-07-08,148.0,156.98,142.6,152.1,100025303
000651.SZ,2026-07-09,36.4,36.41,36.05,36.24,292163
000858.SZ,2026-07-09,68.422,68.922,67.942,68.322,241921
002594.SZ,2026-07-09,86.142,87.412,85.442,86.512,377393
300750.SZ,2026-07-09,359.598,375.258,358.668,374.098,377942
510300.SH,2026-07-09,4.813,4.925,4.777,4.916,9558592
600036.SH,2026-07-09,36.697,36.807,36.367,36.547,765646
600276.SH,2026-07-09,53.2,55.77,52.85,55.61,1108322
600519.SH,2026-07-09,1191.0,1191.99,1178.0,1182.19,34096
600900.SH,2026-07-09,26.91,27.06,26.74,26.98,1160399
601318.SH,2026-07-09,48.28,48.63,47.93,48.51,662369
601857.SH,2026-07-09,9.35,9.54,9.28,9.4,2169887
601899.SH,2026-07-09,26.4,27.28,26.13,27.2,2514997
688981.SH,2026-07-09,153.68,174.51,152.1,173.0,144629617
000651.SZ,2026-07-10,36.18,36.48,35.75,36.25,386632
000858.SZ,2026-07-10,68.532,71.732,68.112,71.112,559655
002594.SZ,2026-07-10,86.482,90.472,84.522,89.642,709332
300750.SZ,2026-07-10,373.598,373.798,344.758,347.358,556014
510300.SH,2026-07-10,4.918,4.949,4.827,4.829,8242800
600036.SH,2026-07-10,36.61,36.92,36.33,36.88,793772
600276.SH,2026-07-10,54.6,57.48,54.55,55.75,1336189
600519.SH,2026-07-10,1182.2,1204.98,1170.28,1204.98,52213
600900.SH,2026-07-10,26.96,27.33,26.81,27.24,1470743
601318.SH,2026-07-10,48.49,48.99,47.99,48.5,764946
601857.SH,2026-07-10,9.29,9.3,9.12,9.27,1635201
601899.SH,2026-07-10,27.58,28.03,26.66,27.3,2657100
688981.SH,2026-07-10,173.0,176.34,162.58,163.02,112708895
000651.SZ,2026-07-13,36.2,36.86,36.12,36.71,495073
000858.SZ,2026-07-13,70.482,70.872,69.572,70.242,306023
002594.SZ,2026-07-13,88.642,88.642,86.422,86.622,424585
300750.SZ,2026-07-13,347.598,360.598,346.598,357.658,462907
510300.SH,2026-07-13,4.802,4.821,4.719,4.744,16190530
600036.SH,2026-07-13,36.81,37.4,36.71,37.25,933085
600276.SH,2026-07-13,55.11,56.22,54.78,55.75,930293
600519.SH,2026-07-13,1197.12,1215.0,1190.19,1210.99,41983
600900.SH,2026-07-13,27.14,27.69,27.01,27.63,2008092
601318.SH,2026-07-13,48.38,48.75,48.13,48.55,716524
601857.SH,2026-07-13,9.35,9.66,9.3,9.66,2630562
601899.SH,2026-07-13,26.81,27.21,26.32,26.94,2130238
688981.SH,2026-07-13,160.01,172.44,160.01,163.58,108133330
000651.SZ,2026-07-14,36.63,37.19,36.63,37.18,498962
000858.SZ,2026-07-14,69.932,70.912,69.802,70.822,283568
002594.SZ,2026-07-14,86.532,90.322,86.142,89.822,547075
300750.SZ,2026-07-14,351.198,363.228,351.088,362.608,436316
510300.SH,2026-07-14,4.744,4.838,4.696,4.837,18084400
600036.SH,2026-07-14,37.1,37.24,36.82,37.18,804154
600276.SH,2026-07-14,55.75,55.98,54.27,54.82,966292
600519.SH,2026-07-14,1208.99,1226.87,1205.0,1214.88,43527
600900.SH,2026-07-14,27.61,27.94,27.42,27.76,1592410
601318.SH,2026-07-14,48.52,48.78,47.52,48.62,979873
601857.SH,2026-07-14,9.8,10.03,9.72,10.0,3276065
601899.SH,2026-07-14,26.46,28.87,26.33,28.64,3803205
688981.SH,2026-07-14,165.66,166.88,150.2,160.99,116279416
000651.SZ,2026-07-15,37.04,37.88,37.0,37.83,579601
000858.SZ,2026-07-15,69.862,73.892,69.432,73.822,637349
002594.SZ,2026-07-15,89.292,93.122,89.092,91.402,514154
300750.SZ,2026-07-15,366.608,378.588,361.678,371.598,358493
510300.SH,2026-07-15,4.829,4.87,4.819,4.838,7220327
600036.SH,2026-07-15,37.0,37.96,36.75,37.76,1154626
600276.SH,2026-07-15,54.26,58.0,54.26,57.5,1941697
600519.SH,2026-07-15,1203.66,1256.6,1198.66,1251.06,71944
600900.SH,2026-07-15,27.61,27.98,27.46,27.89,1193609
601318.SH,2026-07-15,48.6,50.22,48.47,49.97,1286694
601857.SH,2026-07-15,9.83,10.05,9.78,10.02,1599257
601899.SH,2026-07-15,28.64,28.92,28.14,28.41,2683491
688981.SH,2026-07-15,160.0,162.78,150.25,153.64,83488259
000651.SZ,2026-07-16,37.78,38.07,37.61,37.83,408548
000858.SZ,2026-07-16,73.33,74.59,72.6,73.9,488921
002594.SZ,2026-07-16,91.382,94.402,90.792,93.782,607204
300750.SZ,2026-07-16,368.078,373.618,363.098,364.798,251869
510300.SH,2026-07-16,4.775,4.825,4.724,4.753,16578228
600036.SH,2026-07-16,37.7,38.12,37.5,37.67,766899
600276.SH,2026-07-16,56.81,57.4,55.51,55.99,1220084
600519.SH,2026-07-16,1252.0,1267.97,1245.05,1258.99,47611
600900.SH,2026-07-16,27.86,27.97,27.34,27.45,1461135
601318.SH,2026-07-16,49.72,50.31,49.26,49.69,812799
601857.SH,2026-07-16,10.04,10.15,9.86,9.99,1791047
601899.SH,2026-07-16,28.4,29.17,28.37,28.83,2654390
688981.SH,2026-07-16,146.0,160.47,145.99,151.8,84258615
000651.SZ,2026-07-17,37.83,38.31,37.68,37.95,683106
000858.SZ,2026-07-17,74.6,75.06,72.35,72.76,427399
002594.SZ,2026-07-17,93.782,95.592,91.542,93.112,687346
300750.SZ,2026-07-17,370.898,373.838,358.598,358.598,512453
510300.SH,2026-07-17,4.72,4.73,4.546,4.589,31647757
600036.SH,2026-07-17,37.76,38.2,37.68,38.02,1158584
600276.SH,2026-07-17,56.0,56.17,53.02,53.19,1161817
600519.SH,2026-07-17,1269.01,1269.33,1238.98,1253.0,58417
600900.SH,2026-07-17,27.61,28.19,27.35,27.99,2428601
601318.SH,2026-07-17,49.68,50.47,49.6,49.72,1072327
601857.SH,2026-07-17,10.0,10.33,9.96,10.29,2650040
601899.SH,2026-07-17,28.23,28.4,27.5,27.94,2904169
688981.SH,2026-07-17,150.01,155.51,139.02,139.88,102952043
000651.SZ,2026-07-20,37.8,38.8,37.73,38.58,763952
000858.SZ,2026-07-20,72.8,76.3,72.8,76.24,647586
002594.SZ,2026-07-20,93.132,94.922,92.412,93.562,439890
300750.SZ,2026-07-20,352.598,376.198,352.398,375.028,447908
510300.SH,2026-07-20,4.63,4.685,4.577,4.65,40104538
600036.SH,2026-07-20,37.95,38.91,37.89,38.91,1433610
600276.SH,2026-07-20,52.97,55.78,52.9,55.57,1133069
600519.SH,2026-07-20,1270.0,1329.0,1266.0,1327.5,106151
600900.SH,2026-07-20,27.75,28.98,27.75,28.98,2292669
601318.SH,2026-07-20,49.74,52.29,49.73,52.25,1754451
601857.SH,2026-07-20,10.37,11.11,10.36,11.01,3800310
601899.SH,2026-07-20,27.94,29.03,27.87,28.93,2757683
688981.SH,2026-07-20,145.0,147.47,138.11,144.0,93942500
000651.SZ,2026-07-21,38.55,39.09,38.11,38.59,777215
000858.SZ,2026-07-21,76.0,76.76,74.14,74.38,633783
002594.SZ,2026-07-21,93.572,96.442,92.992,93.942,671593
300750.SZ,2026-07-21,371.268,389.598,371.098,380.798,440360
510300.SH,2026-07-21,4.677,4.789,4.617,4.787,27388321
600036.SH,2026-07-21,39.18,39.4,37.9,37.99,1560127
600276.SH,2026-07-21,55.99,55.99,53.76,54.93,964390
600519.SH,2026-07-21,1338.98,1344.7,1296.87,1308.0,77148
600900.SH,2026-07-21,29.0,29.54,28.51,28.73,2550056
601318.SH,2026-07-21,52.7,53.67,51.53,51.91,1599795
601857.SH,2026-07-21,10.85,10.89,10.54,10.67,3002658
601899.SH,2026-07-21,29.53,29.91,28.71,29.79,3426670
688981.SH,2026-07-21,148.0,161.4,140.58,160.0,113980756
000651.SZ,2026-07-22,38.45,38.92,38.11,38.86,519754
000858.SZ,2026-07-22,73.62,74.8,73.13,74.75,407823
002594.SZ,2026-07-22,92.272,92.642,90.152,91.212,603550
300750.SZ,2026-07-22,381.448,383.598,368.468,370.858,311938
510300.SH,2026-07-22,4.75,4.823,4.75,4.765,12650379
600036.SH,2026-07-22,37.85,38.71,37.63,38.71,1084546
600276.SH,2026-07-22,54.35,56.49,54.27,55.39,859798
600519.SH,2026-07-22,1300.0,1308.0,1283.24,1305.0,65181
600900.SH,2026-07-22,28.53,29.09,28.34,29.09,1682826
601318.SH,2026-07-22,51.46,53.0,51.03,52.97,1074273
601857.SH,2026-07-22,10.78,10.92,10.65,10.92,1810247
601899.SH,2026-07-22,30.39,32.37,30.39,31.78,5261658
688981.SH,2026-07-22,156.0,160.4,153.38,155.59,79970452
000651.SZ,2026-07-23,38.65,38.95,38.48,38.57,398837
000858.SZ,2026-07-23,74.0,74.95,73.32,74.84,370321
002594.SZ,2026-07-23,90.412,92.512,89.652,92.292,338014
300750.SZ,2026-07-23,371.598,384.598,364.608,384.588,359409
510300.SH,2026-07-23,4.774,4.795,4.755,4.787,5811786
600036.SH,2026-07-23,38.68,38.99,38.45,38.91,794938
600276.SH,2026-07-23,55.39,55.75,53.9,54.91,799989
600519.SH,2026-07-23,1299.8,1303.0,1285.43,1292.01,33918
600900.SH,2026-07-23,29.09,29.17,28.66,28.94,1081553
601318.SH,2026-07-23,52.82,53.61,52.47,53.32,739547
601857.SH,2026-07-23,10.74,11.02,10.73,10.88,1552475
601899.SH,2026-07-23,32.1,33.26,31.5,32.64,4394476
688981.SH,2026-07-23,157.0,157.49,143.56,145.09,74815163
000651.SZ,2026-07-24,38.59,38.9,38.46,38.46,394941
000858.SZ,2026-07-24,74.6,75.3,73.47,73.57,311399
002594.SZ,2026-07-24,91.172,92.722,90.952,91.532,243034
300750.SZ,2026-07-24,381.778,389.458,381.248,381.608,254542
510300.SH,2026-07-24,4.75,4.759,4.699,4.701,10247632
600036.SH,2026-07-24,39.18,39.25,38.9,39.2,982960
600276.SH,2026-07-24,55.0,55.08,53.0,53.45,704837
600519.SH,2026-07-24,1305.0,1309.21,1286.2,1297.41,35699
600900.SH,2026-07-24,29.2,29.3,28.75,28.9,1021758
601318.SH,2026-07-24,53.6,53.62,52.62,53.04,852622
601857.SH,2026-07-24,11.0,11.18,10.77,11.03,2476911
601899.SH,2026-07-24,31.32,31.67,30.55,31.09,4010393
688981.SH,2026-07-24,145.31,148.6,142.56,143.73,47743275
000651.SZ,2026-07-27,38.43,38.68,38.22,38.39,359255
000858.SZ,2026-07-27,73.66,74.46,73.51,73.9,203331
002594.SZ,2026-07-27,91.962,92.842,91.172,92.042,265332
300750.SZ,2026-07-27,396.608,402.398,392.598,398.598,473272
510300.SH,2026-07-27,4.702,4.758,4.674,4.753,9715927
600036.SH,2026-07-27,39.12,39.24,38.69,39.0,715846
600276.SH,2026-07-27,53.9,54.56,52.88,53.6,552452
600519.SH,2026-07-27,1308.0,1308.0,1279.58,1289.5,31990
600900.SH,2026-07-27,29.15,29.15,28.3,28.35,1387193
601318.SH,2026-07-27,53.29,53.29,52.05,52.43,651424
601857.SH,2026-07-27,10.51,10.99,10.42,10.9,2333625
601899.SH,2026-07-27,32.03,32.03,30.71,31.35,2316589
688981.SH,2026-07-27,145.69,146.05,136.81,143.77,53637772
000651.SZ,2026-07-28,38.39,38.84,38.3,38.8,388250
000858.SZ,2026-07-28,73.9,75.16,73.42,74.8,314815
002594.SZ,2026-07-28,91.662,94.252,91.662,92.992,364015
300750.SZ,2026-07-28,394.858,398.588,389.458,389.458,371911
510300.SH,2026-07-28,4.69,4.7,4.609,4.627,16853987
600036.SH,2026-07-28,39.17,39.59,38.95,39.59,1050187
600276.SH,2026-07-28,53.45,53.88,52.53,53.29,479795
600519.SH,2026-07-28,1299.0,1320.0,1289.52,1320.0,53135
600900.SH,2026-07-28,28.45,29.07,28.31,29.07,1613028
601318.SH,2026-07-28,52.62,53.22,52.12,53.22,660820
601857.SH,2026-07-28,10.81,11.1,10.71,11.1,1807000
601899.SH,2026-07-28,30.78,31.38,30.61,31.27,1870630
688981.SH,2026-07-28,141.68,146.5,134.58,136.7,65806591
000651.SZ,2026-07-29,38.79,39.9,38.79,39.65,744511
000858.SZ,2026-07-29,74.92,75.86,74.69,75.17,407417
002594.SZ,2026-07-29,93.192,95.912,92.742,94.492,514457
300750.SZ,2026-07-29,388.598,400.458,379.978,395.438,404359
510300.SH,2026-07-29,4.624,4.686,4.574,4.657,15092027
600036.SH,2026-07-29,39.98,40.07,39.49,39.66,1148712
600276.SH,2026-07-29,54.0,54.44,52.72,53.89,684657
600519.SH,2026-07-29,1333.83,1343.48,1312.06,1321.0,62330
600900.SH,2026-07-29,29.5,29.57,28.7,28.93,1314441
601318.SH,2026-07-29,53.49,53.72,52.73,53.32,871119
601857.SH,2026-07-29,11.1,11.1,10.84,10.89,1683810
601899.SH,2026-07-29,31.52,31.87,30.76,31.73,2156163
688981.SH,2026-07-29,138.31,138.88,128.0,130.9,68385635
000651.SZ,2026-07-30,39.6,40.48,39.4,40.47,670717
000858.SZ,2026-07-30,75.1,78.84,75.01,78.56,729039
002594.SZ,2026-07-30,94.562,96.302,94.392,95.842,480361
300750.SZ,2026-07-30,388.598,402.398,388.398,400.478,452390
510300.SH,2026-07-30,4.63,4.655,4.536,4.605,15120389
600036.SH,2026-07-30,39.66,40.55,39.55,40.55,1374580
600276.SH,2026-07-30,54.05,54.69,53.3,54.65,735879
600519.SH,2026-07-30,1323.0,1362.0,1322.0,1361.76,71873
600900.SH,2026-07-30,28.85,29.53,28.81,29.49,1930634
601318.SH,2026-07-30,53.08,54.82,53.08,54.82,1058458
601857.SH,2026-07-30,10.94,11.27,10.94,11.27,2052531
601899.SH,2026-07-30,32.21,32.76,31.59,32.28,2842980
688981.SH,2026-07-30,128.68,130.79,121.82,122.99,79984573
000651.SZ,2026-07-31,39.99,40.3,39.43,40.3,738180
000858.SZ,2026-07-31,76.99,78.68,76.59,78.0,497860
002594.SZ,2026-07-31,93.72,95.86,93.13,95.77,436131
300750.SZ,2026-07-31,394.148,398.798,387.598,393.898,394149
510300.SH,2026-07-31,4.68,4.703,4.644,4.653,15016263
600036.SH,2026-07-31,39.85,40.17,39.04,39.62,1491550
600276.SH,2026-07-31,53.7,54.45,53.5,54.08,578082
600519.SH,2026-07-31,1330.03,1355.72,1325.77,1350.6,55128
600900.SH,2026-07-31,28.99,29.09,28.47,29.09,1723395
601318.SH,2026-07-31,53.93,54.05,53.22,53.92,1055130
601857.SH,2026-07-31,10.96,11.14,10.91,11.08,1630265
601899.SH,2026-07-31,31.96,33.06,31.85,32.53,2842479
688981.SH,2026-07-31,134.0,134.99,123.69,123.99,77312980
000651.SZ,2026-08-03,40.18,40.28,38.91,38.96,805995
000858.SZ,2026-08-03,78.0,78.66,77.5,78.06,279082
002594.SZ,2026-08-03,96.03,96.59,94.1,94.45,363897
300750.SZ,2026-08-03,391.198,394.478,388.198,392.998,215223
510300.SH,2026-08-03,4.624,4.638,4.591,4.599,9263921
600036.SH,2026-08-03,39.88,40.42,39.8,40.36,1217493
600276.SH,2026-08-03,53.87,54.32,52.86,53.0,616099
600519.SH,2026-08-03,1350.6,1363.35,1346.0,1358.98,36147
600900.SH,2026-08-03,28.99,29.2,28.75,29.05,1018010
601318.SH,2026-08-03,53.82,54.6,53.72,54.57,754694
601857.SH,2026-08-03,10.95,11.11,10.9,11.05,1237321
601899.SH,2026-08-03,32.28,32.52,31.27,32.13,2195419
688981.SH,2026-08-03,123.0,123.41,116.0,116.5,65437562
000651.SZ,2026-08-04,38.93,38.96,38.21,38.52,687914
000858.SZ,2026-08-04,78.06,78.1,76.67,76.88,352887
002594.SZ,2026-08-04,94.45,94.49,90.8,91.15,667715
300750.SZ,2026-08-04,393.598,396.458,389.818,393.698,261654
510300.SH,2026-08-04,4.618,4.672,4.615,4.651,11730429
600036.SH,2026-08-04,40.16,40.16,39.21,39.28,1104999
600276.SH,2026-08-04,53.28,54.35,53.05,53.42,730069
600519.SH,2026-08-04,1350.06,1350.94,1328.36,1328.36,37450
600900.SH,2026-08-04,28.89,29.02,28.18,28.3,1508985
601318.SH,2026-08-04,54.37,54.41,52.9,52.95,915895
601857.SH,2026-08-04,10.98,11.02,10.83,10.86,1295415
601899.SH,2026-08-04,32.03,32.43,31.43,31.7,2066598
688981.SH,2026-08-04,116.7,122.5,115.21,121.1,64430734
000651.SZ,2026-08-05,38.52,38.65,37.82,38.27,510622
000858.SZ,2026-08-05,76.89,76.96,75.2,75.5,433273
002594.SZ,2026-08-05,91.08,91.18,89.15,90.82,515598
300750.SZ,2026-08-05,398.618,406.498,396.598,403.798,300112
510300.SH,2026-08-05,4.62,4.737,4.613,4.714,14245658
600036.SH,2026-08-05,39.18,39.48,38.72,38.94,960454
600276.SH,2026-08-05,53.43,53.79,52.88,53.54,670925
600519.SH,2026-08-05,1328.36,1333.8,1303.5,1306.45,42689
600900.SH,2026-08-05,28.28,28.3,27.65,27.76,1620118
601318.SH,2026-08-05,52.96,53.26,52.17,53.04,733965
601857.SH,2026-08-05,10.74,10.78,10.54,10.63,1635203
601899.SH,2026-08-05,31.97,33.8,31.96,33.68,4306669
688981.SH,2026-08-05,121.0,127.55,120.36,125.45,66332857
000651.SZ,2026-08-06,38.22,38.51,38.02,38.25,367555
000858.SZ,2026-08-06,75.51,75.78,74.28,74.48,406081
002594.SZ,2026-08-06,90.5,91.15,89.23,89.45,367372
300750.SZ,2026-08-06,408.598,408.598,382.758,386.598,453201
510300.SH,2026-08-06,4.688,4.731,4.668,4.709,8783560
600036.SH,2026-08-06,39.0,39.15,38.47,38.97,853755
600276.SH,2026-08-06,53.65,53.81,52.0,52.11,898631
600519.SH,2026-08-06,1310.0,1314.4,1300.01,1308.55,25463
600900.SH,2026-08-06,27.77,27.83,27.57,27.75,1070927
601318.SH,2026-08-06,53.02,53.23,52.18,52.52,661675
601857.SH,2026-08-06,10.67,10.75,10.56,10.68,1254013
601899.SH,2026-08-06,34.96,35.38,33.73,34.08,4026674
688981.SH,2026-08-06,122.0,126.99,121.88,124.15,51888149
000651.SZ,2026-08-07,38.29,38.36,37.8,38.1,389207
000858.SZ,2026-08-07,75.0,75.2,74.01,75.11,360575
002594.SZ,2026-08-07,89.77,90.28,88.55,90.04,407016
300750.SZ,2026-08-07,386.588,387.478,382.618,386.668,255193
510300.SH,2026-08-07,4.706,4.764,4.706,4.751,9435356
600036.SH,2026-08-07,38.9,39.1,38.48,38.8,779647
600276.SH,2026-08-07,52.0,54.62,51.82,54.62,1419315
600519.SH,2026-08-07,1308.66,1315.28,1301.0,1309.22,24976
600900.SH,2026-08-07,27.76,27.84,27.51,27.75,1034383
601318.SH,2026-08-07,52.51,52.7,52.19,52.4,498638
601857.SH,2026-08-07,10.78,10.88,10.74,10.77,1173961
601899.SH,2026-08-07,33.67,34.92,33.64,34.73,2747124
688981.SH,2026-08-07,123.36,128.5,123.13,128.5,60190846
000651.SZ,2026-08-10,38.08,38.7,37.87,38.67,417269
000858.SZ,2026-08-10,75.32,76.7,75.27,76.19,450511
002594.SZ,2026-08-10,90.04,91.8,89.4,91.15,385737
300750.SZ,2026-08-10,385.61,394.62,384.63,393.87,231609
510300.SH,2026-08-10,4.755,4.772,4.72,4.759,5610852
600036.SH,2026-08-10,38.79,39.27,38.7,38.91,651758
600276.SH,2026-08-10,55.0,55.88,53.63,54.18,1183657
600519.SH,2026-08-10,1325.0,1359.97,1318.08,1348.86,62686
600900.SH,2026-08-10,27.68,28.21,27.57,28.05,1187473
601318.SH,2026-08-10,52.3,52.68,52.22,52.34,595323
601857.SH,2026-08-10,10.73,11.02,10.72,10.85,1087101
601899.SH,2026-08-10,34.76,35.18,34.29,35.03,2736505
688981.SH,2026-08-10,128.49,128.66,124.11,126.25,42765367
000651.SZ,2026-08-11,38.63,38.8,38.37,38.54,319291
000858.SZ,2026-08-11,76.16,76.16,74.99,75.0,336615
002594.SZ,2026-08-11,91.18,91.66,89.93,90.12,242228
300750.SZ,2026-08-11,395.0,395.28,389.52,390.4,162992
510300.SH,2026-08-11,4.75,4.775,4.722,4.728,5353219
600036.SH,2026-08-11,39.0,39.2,38.77,38.95,500770
600276.SH,2026-08-11,53.79,55.8,53.76,54.97,1207617
600519.SH,2026-08-11,1348.0,1352.65,1338.0,1346.5,27073
600900.SH,2026-08-11,28.09,28.4,27.96,28.31,1091507
601318.SH,2026-08-11,52.32,52.46,51.52,51.57,646895
601857.SH,2026-08-11,10.99,11.22,10.95,11.06,1363308
601899.SH,2026-08-11,35.24,35.35,32.69,32.76,4475415
688981.SH,2026-08-11,124.85,128.43,124.5,125.41,37175996
000651.SZ,2026-08-12,38.5,38.54,38.0,38.23,281714
000858.SZ,2026-08-12,74.76,75.9,74.5,75.28,312877
002594.SZ,2026-08-12,90.0,91.14,89.4,90.41,208188
300750.SZ,2026-08-12,388.43,395.91,387.52,393.93,202364
510300.SH,2026-08-12,4.727,4.759,4.72,4.748,9010137
600036.SH,2026-08-12,38.95,38.97,38.56,38.7,557489
600276.SH,2026-08-12,54.63,55.36,54.1,54.36,748812
600519.SH,2026-08-12,1346.5,1356.88,1332.51,1343.0,35060
600900.SH,2026-08-12,28.21,28.3,27.96,28.02,688604
601318.SH,2026-08-12,51.52,51.94,51.23,51.62,532104
601857.SH,2026-08-12,11.0,11.0,10.66,10.66,1483915
601899.SH,2026-08-12,32.77,33.66,32.76,33.16,2044842
688981.SH,2026-08-12,126.0,128.5,124.51,127.96,43837992
000651.SZ,2026-08-13,38.13,38.45,38.05,38.24,264332
000858.SZ,2026-08-13,75.0,76.13,74.89,75.12,325120
002594.SZ,2026-08-13,90.37,90.7,89.7,89.71,226654
300750.SZ,2026-08-13,393.04,399.39,391.04,396.3,244293
510300.SH,2026-08-13,4.77,4.786,4.725,4.729,9155827
600036.SH,2026-08-13,38.59,38.81,38.5,38.77,501985
600276.SH,2026-08-13,54.05,55.28,53.67,53.76,975900
600519.SH,2026-08-13,1338.0,1359.6,1337.0,1355.29,32353
600900.SH,2026-08-13,27.9,28.24,27.8,28.24,766080
601318.SH,2026-08-13,51.51,52.0,51.33,51.82,524006
601857.SH,2026-08-13,10.59,10.62,10.42,10.56,1175883
601899.SH,2026-08-13,33.16,33.42,31.69,31.79,3309070
688981.SH,2026-08-13,129.0,134.5,129.0,129.44,66629356
000651.SZ,2026-08-14,38.15,38.2,37.9,37.9,331245
000858.SZ,2026-08-14,75.01,75.03,73.7,73.75,360233
002594.SZ,2026-08-14,89.3,89.68,88.69,88.9,205856
300750.SZ,2026-08-14,395.0,400.99,393.68,393.93,159302
510300.SH,2026-08-14,4.737,4.742,4.701,4.726,6859530
600036.SH,2026-08-14,38.65,38.75,38.46,38.46,486802
600276.SH,2026-08-14,53.68,53.75,52.2,52.62,873251
600519.SH,2026-08-14,1355.0,1359.0,1338.14,1341.99,29853
600900.SH,2026-08-14,28.11,28.21,27.93,28.1,735433
601318.SH,2026-08-14,51.69,51.79,50.77,50.77,642788
601857.SH,2026-08-14,10.48,10.72,10.43,10.66,947600
601899.SH,2026-08-14,31.38,32.24,31.33,32.11,1943765
688981.SH,2026-08-14,133.99,135.36,129.67,132.87,77449709
000651.SZ,2026-08-17,38.0,38.09,37.61,37.89,325670
000858.SZ,2026-08-17,72.39,72.8,71.87,72.55,332149
002594.SZ,2026-08-17,88.9,90.44,88.61,89.88,246255
300750.SZ,2026-08-17,393.93,400.5,390.5,399.98,203998
510300.SH,2026-08-17,4.73,4.802,4.725,4.801,8356561
600036.SH,2026-08-17,38.35,38.46,38.06,38.2,656744
600276.SH,2026-08-17,52.49,53.63,51.85,52.87,668530
600519.SH,2026-08-17,1295.0,1301.0,1280.34,1293.09,78430
600900.SH,2026-08-17,28.08,28.15,27.91,27.96,753980
601318.SH,2026-08-17,50.77,51.01,50.53,50.82,502143
601857.SH,2026-08-17,10.66,10.77,10.64,10.67,910497
601899.SH,2026-08-17,32.91,33.23,32.59,32.94,1971968
688981.SH,2026-08-17,132.0,137.42,130.8,136.76,68011300
000651.SZ,2026-08-18,37.88,38.26,37.72,38.06,295120
000858.SZ,2026-08-18,72.41,72.78,72.14,72.56,192681
002594.SZ,2026-08-18,89.88,90.38,89.23,89.53,206369
300750.SZ,2026-08-18,399.0,400.75,394.5,396.26,169332
510300.SH,2026-08-18,4.794,4.803,4.751,4.787,6576444
600036.SH,2026-08-18,38.15,38.36,38.03,38.29,601361
600276.SH,2026-08-18,52.72,53.03,52.07,52.37,598404
600519.SH,2026-08-18,1291.0,1302.9,1285.17,1297.99,38723
600900.SH,2026-08-18,27.92,28.15,27.91,28.12,715086
601318.SH,2026-08-18,50.82,50.86,50.19,50.34,579000
601857.SH,2026-08-18,10.75,10.96,10.73,10.92,1138673
601899.SH,2026-08-18,32.94,33.16,32.45,33.14,1845214
688981.SH,2026-08-18,136.0,137.48,132.47,134.98,57424091
000651.SZ,2026-08-19,38.38,39.49,38.29,39.32,757196
000858.SZ,2026-08-19,72.56,72.78,71.81,71.89,237201
002594.SZ,2026-08-19,89.53,89.53,88.44,88.66,219606
300750.SZ,2026-08-19,394.0,396.99,388.33,389.0,211572
510300.SH,2026-08-19,4.748,4.749,4.627,4.654,15327229
600036.SH,2026-08-19,38.55,39.15,38.4,39.15,1248939
600276.SH,2026-08-19,52.67,52.68,52.02,52.66,637992
600519.SH,2026-08-19,1300.0,1308.88,1290.5,1307.88,37548
600900.SH,2026-08-19,28.24,28.43,28.07,28.42,1280362
601318.SH,2026-08-19,50.68,51.1,50.3,51.1,789826
601857.SH,2026-08-19,11.05,11.22,10.98,11.21,2062671
601899.SH,2026-08-19,32.08,32.86,31.93,32.34,1898576
688981.SH,2026-08-19,130.87,131.56,126.01,128.01,66595440
000651.SZ,2026-08-20,39.25,39.57,39.0,39.42,385718
000858.SZ,2026-08-20,71.91,72.47,71.91,72.09,160334
002594.SZ,2026-08-20,89.05,91.0,88.89,90.48,358074
300750.SZ,2026-08-20,391.51,392.09,384.0,385.0,179096
510300.SH,2026-08-20,4.67,4.689,4.632,4.653,7488663
600036.SH,2026-08-20,38.8,39.07,38.47,38.86,747857
600276.SH,2026-08-20,51.0,51.53,48.16,49.5,2387416
600519.SH,2026-08-20,1299.8,1306.88,1291.0,1291.5,25332
600900.SH,2026-08-20,28.21,28.35,28.02,28.16,821624
601318.SH,2026-08-20,50.87,51.17,50.62,51.16,495295
601857.SH,2026-08-20,11.1,11.25,10.89,10.99,1447842
601899.SH,2026-08-20,33.58,34.66,33.45,33.83,4115787
688981.SH,2026-08-20,128.8,129.28,124.79,125.5,40127002
000651.SZ,2026-08-21,39.43,39.73,39.24,39.24,434807
000858.SZ,2026-08-21,71.96,72.0,71.11,71.19,197098
002594.SZ,2026-08-21,90.35,91.08,89.72,90.47,178862
300750.SZ,2026-08-21,386.0,397.83,383.05,391.15,204496
510300.SH,2026-08-21,4.648,4.693,4.641,4.68,7273846
600036.SH,2026-08-21,38.8,39.1,38.76,38.9,514219
600276.SH,2026-08-21,48.51,48.8,47.55,47.74,1274153
600519.SH,2026-08-21,1291.5,1291.5,1272.01,1272.83,33472
600900.SH,2026-08-21,28.15,28.23,27.93,27.96,635147
601318.SH,2026-08-21,52.03,52.61,51.82,52.37,1115990
601857.SH,2026-08-21,11.05,11.39,11.05,11.2,1373368
601899.SH,2026-08-21,34.25,34.87,33.6,34.74,3007017
688981.SH,2026-08-21,124.32,126.86,124.2,124.8,30566366
000651.SZ,2026-08-24,39.26,39.69,39.04,39.45,555473
000858.SZ,2026-08-24,71.2,71.74,70.88,71.48,212574
002594.SZ,2026-08-24,90.01,91.49,89.4,90.66,273647
300750.SZ,2026-08-24,391.15,394.4,386.68,387.89,139730
510300.SH,2026-08-24,4.678,4.692,4.593,4.627,9229738
600036.SH,2026-08-24,38.87,39.7,38.77,39.58,1045783
600276.SH,2026-08-24,47.54,48.08,46.47,46.76,860023
600519.SH,2026-08-24,1271.01,1313.8,1270.33,1304.66,48440
600900.SH,2026-08-24,27.93,28.25,27.86,28.15,935573
601318.SH,2026-08-24,52.36,54.24,52.32,53.94,1307614
601857.SH,2026-08-24,11.07,11.26,11.05,11.17,1005536
601899.SH,2026-08-24,35.4,35.47,34.16,34.54,3376482
688981.SH,2026-08-24,124.5,124.78,118.3,120.58,47671749
000651.SZ,2026-08-25,39.46,39.98,39.41,39.62,485757
000858.SZ,2026-08-25,71.5,71.8,71.19,71.52,180303
002594.SZ,2026-08-25,90.49,91.5,89.91,91.36,274502
300750.SZ,2026-08-25,391.0,391.15,376.06,376.73,260646
510300.SH,2026-08-25,4.601,4.639,4.587,4.616,7452568
600036.SH,2026-08-25,39.7,39.92,39.42,39.5,634183
600276.SH,2026-08-25,46.53,46.88,46.22,46.49,770143
600519.SH,2026-08-25,1311.89,1317.0,1301.11,1304.0,21111
600900.SH,2026-08-25,28.16,28.39,28.12,28.21,901486
601318.SH,2026-08-25,54.08,54.44,53.67,54.03,739290
601857.SH,2026-08-25,11.21,11.3,11.14,11.19,785547
601899.SH,2026-08-25,34.7,34.7,33.4,33.68,2515654
688981.SH,2026-08-25,118.58,121.64,117.88,120.0,31064342
000651.SZ,2026-08-26,39.66,39.95,39.45,39.58,538508
000858.SZ,2026-08-26,70.98,72.05,70.93,71.9,196907
002594.SZ,2026-08-26,91.2,93.23,91.06,92.09,282823
300750.SZ,2026-08-26,379.9,385.5,373.71,379.0,207162
510300.SH,2026-08-26,4.615,4.68,4.611,4.652,8463209
600036.SH,2026-08-26,39.41,39.98,39.38,39.8,646455
600276.SH,2026-08-26,46.49,47.48,46.49,46.74,782954
600519.SH,2026-08-26,1300.0,1314.45,1295.0,1302.8,21731
600900.SH,2026-08-26,28.2,28.49,28.12,28.24,761063
601318.SH,2026-08-26,53.89,55.4,53.68,55.15,1053437
601857.SH,2026-08-26,10.9,11.14,10.82,11.01,1096981
601899.SH,2026-08-26,33.7,35.35,33.7,34.47,3142352
688981.SH,2026-08-26,120.5,124.6,120.22,124.15,40108093
000651.SZ,2026-08-27,38.91,39.57,38.28,39.27,779464
000858.SZ,2026-08-27,71.81,71.82,70.96,71.12,320800
002594.SZ,2026-08-27,91.7,92.18,91.17,91.49,177014
300750.SZ,2026-08-27,376.5,378.66,370.05,373.0,233738
510300.SH,2026-08-27,4.659,4.694,4.649,4.691,6419297
600036.SH,2026-08-27,39.63,39.94,39.32,39.58,614592
600276.SH,2026-08-27,46.78,47.62,46.5,47.61,778495
600519.SH,2026-08-27,1304.0,1305.0,1288.0,1292.3,24767
600900.SH,2026-08-27,28.19,28.28,27.9,28.1,947754
601318.SH,2026-08-27,54.9,55.15,54.47,54.89,646568
601857.SH,2026-08-27,11.03,11.15,10.94,11.08,1221026
601899.SH,2026-08-27,33.8,34.86,33.79,34.57,2314388
688981.SH,2026-08-27,124.05,126.78,123.51,126.33,34377690
000651.SZ,2026-08-28,39.1,39.17,38.58,39.0,494873
000858.SZ,2026-08-28,71.12,71.69,70.93,71.51,230365
002594.SZ,2026-08-28,91.38,92.48,90.9,92.32,250318
300750.SZ,2026-08-28,368.0,371.25,364.13,368.5,263770
510300.SH,2026-08-28,4.684,4.706,4.675,4.679,6046933
600036.SH,2026-08-28,39.46,39.55,39.23,39.35,481033
600276.SH,2026-08-28,47.58,47.67,47.1,47.32,532397
600519.SH,2026-08-28,1289.0,1297.89,1288.0,1297.4,16126
600900.SH,2026-08-28,28.01,28.07,27.87,28.05,674544
601318.SH,2026-08-28,54.78,54.98,54.28,54.87,497474
601857.SH,2026-08-28,11.12,11.27,11.08,11.23,992830
601899.SH,2026-08-28,34.5,34.67,33.7,34.65,1997115
688981.SH,2026-08-28,126.33,128.47,125.5,125.88,29669337
000651.SZ,2026-08-31,38.9,39.21,38.73,38.95,378658
000858.SZ,2026-08-31,71.42,71.59,70.9,71.27,252421
002594.SZ,2026-08-31,91.56,92.54,88.1,88.2,640400
300750.SZ,2026-08-31,366.6,367.33,357.3,363.55,262424
510300.SH,2026-08-31,4.64,4.692,4.618,4.685,6731265
600036.SH,2026-08-31,39.51,40.28,39.5,40.12,1136251
600276.SH,2026-08-31,47.17,47.17,45.88,46.07,892759
600519.SH,2026-08-31,1297.99,1305.0,1286.0,1299.52,23248
600900.SH,2026-08-31,28.01,28.14,27.8,28.09,982067
601318.SH,2026-08-31,54.94,55.19,54.7,54.84,545928
601857.SH,2026-08-31,11.39,11.51,11.32,11.42,1419124
601899.SH,2026-08-31,33.0,33.75,32.6,33.67,2966399
688981.SH,2026-08-31,123.0,129.89,122.75,128.7,37277959
000651.SZ,2026-09-01,38.95,39.12,38.55,38.55,445687
000858.SZ,2026-09-01,71.18,72.44,71.04,71.83,301307
002594.SZ,2026-09-01,88.4,89.86,88.25,88.71,288589
300750.SZ,2026-09-01,362.49,363.56,358.03,358.1,198087
510300.SH,2026-09-01,4.683,4.705,4.666,4.684,8467983
600036.SH,2026-09-01,40.04,40.88,39.9,40.86,1147661
600276.SH,2026-09-01,46.05,46.4,45.9,46.23,464740
600519.SH,2026-09-01,1295.0,1307.99,1286.1,1299.56,32664
600900.SH,2026-09-01,28.02,28.46,27.9,28.4,1240473
601318.SH,2026-09-01,54.8,56.46,54.43,56.25,1080897
601857.SH,2026-09-01,11.46,11.56,11.39,11.43,1136538
601899.SH,2026-09-01,33.67,34.19,33.49,33.73,1591142
688981.SH,2026-09-01,128.0,128.12,125.46,126.11,23578097
000651.SZ,2026-09-02,38.63,38.76,38.45,38.48,306207
000858.SZ,2026-09-02,71.61,71.76,70.81,70.82,262205
002594.SZ,2026-09-02,88.48,89.0,86.6,86.8,346800
300750.SZ,2026-09-02,355.98,356.5,347.55,348.29,278067
510300.SH,2026-09-02,4.65,4.654,4.601,4.62,6364598
600036.SH,2026-09-02,40.9,41.0,40.63,40.87,648611
600276.SH,2026-09-02,46.23,46.32,45.49,45.57,548288
600519.SH,2026-09-02,1302.8,1303.0,1291.2,1297.5,20308
600900.SH,2026-09-02,28.49,28.85,28.35,28.72,1249553
601318.SH,2026-09-02,56.13,56.5,55.49,55.65,600534
601857.SH,2026-09-02,11.58,11.63,11.23,11.26,1430457
601899.SH,2026-09-02,32.89,33.23,32.19,32.95,2372155
688981.SH,2026-09-02,124.58,124.58,122.0,122.55,28545334
000651.SZ,2026-09-03,38.48,39.09,38.39,38.74,321542
000858.SZ,2026-09-03,70.82,71.11,70.55,70.68,180061
002594.SZ,2026-09-03,86.96,87.86,86.96,87.31,203734
300750.SZ,2026-09-03,349.99,354.8,348.1,349.5,262864
510300.SH,2026-09-03,4.631,4.65,4.605,4.621,4981830
600036.SH,2026-09-03,40.76,41.36,40.52,41.07,768716
600276.SH,2026-09-03,45.6,46.09,45.36,45.96,502917
600519.SH,2026-09-03,1297.5,1305.0,1293.02,1298.88,17748
600900.SH,2026-09-03,28.62,28.82,28.41,28.44,738115
601318.SH,2026-09-03,55.62,57.6,55.52,57.02,1087120
601857.SH,2026-09-03,11.2,11.4,11.16,11.21,938164
601899.SH,2026-09-03,33.25,33.66,32.95,33.31,1695898
688981.SH,2026-09-03,123.77,124.86,122.9,123.87,22153826
000651.SZ,2026-09-04,38.8,39.15,38.6,38.98,332311
000858.SZ,2026-09-04,70.68,72.45,70.6,71.98,451072
002594.SZ,2026-09-04,87.38,88.55,87.26,87.4,203431
300750.SZ,2026-09-04,351.4,354.66,349.56,351.0,227381
510300.SH,2026-09-04,4.637,4.672,4.599,4.616,8414655
600036.SH,2026-09-04,41.05,41.78,40.95,41.69,845229
600276.SH,2026-09-04,45.97,46.41,45.9,46.02,489803
600519.SH,2026-09-04,1295.88,1338.86,1295.6,1330.0,45416
600900.SH,2026-09-04,28.38,28.59,28.34,28.42,682603
601318.SH,2026-09-04,56.9,58.01,56.9,57.26,783552
601857.SH,2026-09-04,11.2,11.35,11.13,11.17,914625
601899.SH,2026-09-04,33.85,34.05,33.07,33.35,1769341
688981.SH,2026-09-04,124.98,125.75,120.55,121.14,31271765
000651.SZ,2026-09-07,38.98,39.28,38.78,38.9,314117
000858.SZ,2026-09-07,71.81,72.09,70.93,71.46,262191
002594.SZ,2026-09-07,86.89,87.34,86.2,86.51,219265
300750.SZ,2026-09-07,351.05,351.8,345.5,348.2,246788
510300.SH,2026-09-07,4.635,4.649,4.612,4.634,9930783
600036.SH,2026-09-07,41.65,41.76,41.03,41.07,738683
600276.SH,2026-09-07,46.02,46.33,45.71,46.26,394197
600519.SH,2026-09-07,1324.0,1333.6,1312.66,1316.01,25250
600900.SH,2026-09-07,28.4,28.47,27.78,27.85,1597660
601318.SH,2026-09-07,57.26,57.47,55.2,55.38,1117289
601857.SH,2026-09-07,11.2,11.28,10.89,11.02,1322650
601899.SH,2026-09-07,32.7,33.22,32.61,32.87,1495597
688981.SH,2026-09-07,122.5,125.3,122.22,124.12,31314788
000651.SZ,2026-09-08,38.9,38.94,38.29,38.29,453526
000858.SZ,2026-09-08,71.43,72.06,71.24,71.65,197159
002594.SZ,2026-09-08,86.39,86.7,85.43,86.57,197267
300750.SZ,2026-09-08,345.67,346.6,326.0,335.49,519551
510300.SH,2026-09-08,4.638,4.657,4.61,4.624,6125122
600036.SH,2026-09-08,41.01,41.38,40.81,40.9,493102
600276.SH,2026-09-08,46.2,46.2,45.56,45.71,589143
600519.SH,2026-09-08,1318.0,1323.0,1309.05,1309.3,17534
600900.SH,2026-09-08,27.84,27.89,27.63,27.87,918491
601318.SH,2026-09-08,55.02,55.82,54.7,54.72,700768
601857.SH,2026-09-08,11.01,11.3,10.99,11.3,1282732
601899.SH,2026-09-08,33.44,34.14,33.24,33.86,2502415
688981.SH,2026-09-08,124.25,124.44,121.5,121.52,27764164
000651.SZ,2026-09-09,38.35,39.03,38.24,38.87,352183
000858.SZ,2026-09-09,71.64,71.64,70.95,71.16,178677
002594.SZ,2026-09-09,86.57,86.58,85.5,85.88,181858
300750.SZ,2026-09-09,332.48,337.66,327.1,336.84,390240
510300.SH,2026-09-09,4.638,4.648,4.613,4.637,5732887
600036.SH,2026-09-09,40.85,41.22,40.75,41.0,432074
600276.SH,2026-09-09,45.6,45.6,44.64,44.71,716944
600519.SH,2026-09-09,1305.01,1309.3,1286.68,1290.88,32226
600900.SH,2026-09-09,27.81,28.07,27.7,28.05,700314
601318.SH,2026-09-09,54.72,55.59,54.59,55.28,524222
601857.SH,2026-09-09,11.33,11.48,11.18,11.32,1192027
601899.SH,2026-09-09,33.87,34.53,33.49,34.4,1990935
688981.SH,2026-09-09,122.12,122.96,120.06,120.51,21857641
000651.SZ,2026-09-10,38.95,39.17,38.78,38.95,214961
000858.SZ,2026-09-10,71.08,71.19,70.4,70.48,223065
002594.SZ,2026-09-10,85.11,85.19,83.48,83.52,330732
300750.SZ,2026-09-10,335.9,340.8,330.5,338.06,291184
510300.SH,2026-09-10,4.617,4.64,4.599,4.617,4388541
600036.SH,2026-09-10,41.0,41.67,40.8,41.57,660003
600276.SH,2026-09-10,44.45,44.46,42.82,42.93,1037814
600519.SH,2026-09-10,1291.0,1294.99,1282.0,1285.13,18900
600900.SH,2026-09-10,28.05,28.18,27.93,28.09,615518
601318.SH,2026-09-10,55.5,55.74,55.05,55.52,444353
601857.SH,2026-09-10,11.4,11.51,11.24,11.27,1168436
601899.SH,2026-09-10,34.08,34.39,33.97,34.11,998200
688981.SH,2026-09-10,120.0,120.37,118.9,119.18,19151935
000651.SZ,2026-09-11,38.88,38.99,38.62,38.74,298007
000858.SZ,2026-09-11,70.3,70.42,69.6,69.75,231311
002594.SZ,2026-09-11,83.17,84.48,82.66,84.0,272935
300750.SZ,2026-09-11,333.06,335.66,328.3,330.51,276600
510300.SH,2026-09-11,4.592,4.592,4.532,4.579,9666652
600036.SH,2026-09-11,41.75,41.75,41.05,41.35,737983
600276.SH,2026-09-11,42.65,42.76,41.89,42.67,802551
600519.SH,2026-09-11,1285.15,1286.15,1263.01,1275.16,34801
600900.SH,2026-09-11,28.1,28.57,27.95,28.45,1598357
601318.SH,2026-09-11,55.4,55.47,54.35,54.83,602246
601857.SH,2026-09-11,11.41,11.46,11.18,11.24,1975895
601899.SH,2026-09-11,32.5,32.68,31.45,32.26,3799017
688981.SH,2026-09-11,118.0,118.4,115.8,117.41,35165053
000651.SZ,2026-09-14,38.76,39.07,38.66,38.71,219099
000858.SZ,2026-09-14,69.76,70.0,69.6,69.85,117340
002594.SZ,2026-09-14,84.01,85.95,83.75,85.43,289599
300750.SZ,2026-09-14,334.51,341.81,334.0,337.11,261849
510300.SH,2026-09-14,4.551,4.574,4.538,4.552,6291774
600036.SH,2026-09-14,41.34,41.83,41.16,41.83,746067
600276.SH,2026-09-14,42.35,43.19,42.01,43.15,526232
600519.SH,2026-09-14,1277.27,1285.53,1270.36,1277.96,16571
600900.SH,2026-09-14,28.42,28.84,28.38,28.63,919719
601318.SH,2026-09-14,54.78,55.35,54.29,54.73,486235
601857.SH,2026-09-14,11.31,11.42,11.0,11.04,1393457
601899.SH,2026-09-14,31.78,32.49,31.7,32.25,1548053
688981.SH,2026-09-14,116.8,116.8,113.96,114.07,27714707
688981.SH,2026-09-15,113.61,117.37,113.6,115.26,18115099
